,CTDT_hydrophobicity_PRAM900101.Tr1221,CTDT_hydrophobicity_PRAM900101.Tr1331,CTDT_hydrophobicity_PRAM900101.Tr2332,CTDT_hydrophobicity_ARGP820101.Tr1221,CTDT_hydrophobicity_ARGP820101.Tr1331,CTDT_hydrophobicity_ARGP820101.Tr2332,CTDT_hydrophobicity_ZIMJ680101.Tr1221,CTDT_hydrophobicity_ZIMJ680101.Tr1331,CTDT_hydrophobicity_ZIMJ680101.Tr2332,CTDT_hydrophobicity_PONP930101.Tr1221,CTDT_hydrophobicity_PONP930101.Tr1331,CTDT_hydrophobicity_PONP930101.Tr2332,CTDT_hydrophobicity_CASG920101.Tr1221,CTDT_hydrophobicity_CASG920101.Tr1331,CTDT_hydrophobicity_CASG920101.Tr2332,CTDT_hydrophobicity_ENGD860101.Tr1221,CTDT_hydrophobicity_ENGD860101.Tr1331,CTDT_hydrophobicity_ENGD860101.Tr2332,CTDT_hydrophobicity_FASG890101.Tr1221,CTDT_hydrophobicity_FASG890101.Tr1331,CTDT_hydrophobicity_FASG890101.Tr2332,CTDT_normwaalsvolume.Tr1221,CTDT_normwaalsvolume.Tr1331,CTDT_normwaalsvolume.Tr2332,CTDT_polarity.Tr1221,CTDT_polarity.Tr1331,CTDT_polarity.Tr2332,CTDT_polarizability.Tr1221,CTDT_polarizability.Tr1331,CTDT_polarizability.Tr2332,CTDT_charge.Tr1221,CTDT_charge.Tr1331,CTDT_charge.Tr2332,CTDT_secondarystruct.Tr1221,CTDT_secondarystruct.Tr1331,CTDT_secondarystruct.Tr2332,CTDT_solventaccess.Tr1221,CTDT_solventaccess.Tr1331,CTDT_solventaccess.Tr2332
P-0001,0.5,0.0,0.0,0.0,1.0,0.0,0.0,1.0,0.0,0.0,0.5,0.5,1.0,0.0,0.0,0.5,0.0,0.0,0.0,0.5,0.5,0.0,0.5,0.5,0.5,0.5,0.0,0.0,0.5,0.5,0.0,0.0,0.5,0.5,0.0,0.5,0.0,0.5,0.5
P-0004,0.0,0.0,0.0,0.0,0.0,0.0,0.0,0.0,0.0,0.0,0.0,0.0,0.0,0.0,0.0,0.0,0.0,0.0,0.3333333333333333,0.0,0.0,0.0,0.0,0.0,0.0,0.0,0.0,0.0,0.0,0.0,0.0,0.0,0.0,0.0,0.3333333333333333,0.0,0.0,0.0,0.0
P-0006,0.0,0.0,0.5,0.0,0.25,0.25,0.0,0.5,0.0,0.0,0.25,0.25,0.25,0.0,0.5,0.0,0.0,0.5,0.0,0.25,0.0,0.5,0.0,0.0,0.5,0.0,0.0,0.5,0.0,0.0,0.0,0.0,0.0,0.5,0.25,0.0,0.0,0.25,0.0
P-0007,0.5,0.0,0.0,0.0,0.25,0.25,0.0,0.5,0.0,0.75,0.0,0.0,0.25,0.0,0.0,1.0,0.0,0.0,0.5,0.0,0.25,0.5,0.0,0.0,0.0,0.0,0.5,1.0,0.0,0.0,0.0,0.0,0.5,0.25,0.5,0.0,0.25,0.5,0.25
P-0008,0.0,0.75,0.0,0.25,0.5,0.25,0.25,0.5,0.25,0.0,0.75,0.0,0.0,0.75,0.0,0.0,0.75,0.0,0.25,0.5,0.25,0.0,0.25,0.5,0.0,0.75,0.0,0.0,0.25,0.5,0.5,0.0,0.25,0.25,0.25,0.5,0.75,0.0,0.0
P-0009,0.25,0.0,0.25,0.0,0.25,0.0,0.0,0.25,0.0,0.0,0.25,0.0,0.25,0.0,0.75,0.0,0.25,0.0,0.0,0.25,0.0,0.0,0.25,0.5,0.0,0.25,0.0,0.0,0.25,0.5,0.0,0.0,0.25,0.5,0.0,0.25,0.0,0.25,0.25
P-0010,0.0,0.0,0.5,0.25,0.25,0.25,0.0,0.5,0.0,0.0,0.0,0.5,0.25,0.25,0.5,0.0,0.0,0.5,0.0,0.0,0.5,0.25,0.25,0.0,0.5,0.0,0.0,0.25,0.25,0.0,0.0,0.0,0.0,0.5,0.25,0.25,0.0,0.0,0.0
P-0011,0.0,0.0,0.25,0.25,0.0,0.25,0.25,0.0,0.25,0.25,0.0,0.25,0.25,0.0,0.25,0.25,0.25,0.0,0.0,0.25,0.0,0.0,0.25,0.5,0.0,0.25,0.25,0.0,0.25,0.5,0.0,0.0,0.0,0.75,0.25,0.0,0.0,0.25,0.0
P-0012,0.0,0.0,0.5,0.25,0.0,0.5,0.25,0.25,0.25,0.0,0.0,0.5,0.25,0.0,0.5,0.0,0.0,0.5,0.0,0.0,0.25,0.5,0.0,0.0,0.5,0.0,0.0,0.5,0.0,0.0,0.0,0.0,0.0,0.25,0.0,0.25,0.0,0.0,0.0
P-0013,0.0,0.25,0.0,0.0,0.0,0.75,0.0,0.0,0.75,0.0,0.25,0.0,0.25,0.0,0.25,0.0,0.25,0.0,0.0,0.25,0.0,0.0,0.0,0.5,0.0,0.25,0.0,0.0,0.0,0.5,0.25,0.0,0.0,0.25,0.0,0.0,0.25,0.0,0.0
P-0014,0.0,0.75,0.0,0.25,0.25,0.0,0.5,0.25,0.0,0.0,0.5,0.25,0.75,0.0,0.0,0.0,0.75,0.0,0.0,0.75,0.0,0.0,0.0,0.25,0.0,0.75,0.0,0.0,0.0,0.25,0.25,0.0,0.0,0.5,0.0,0.0,0.75,0.0,0.0
P-0015,0.0,0.0,0.25,0.0,0.0,0.75,0.0,0.25,0.5,0.0,0.0,0.25,0.0,0.0,0.5,0.0,0.0,0.25,0.0,0.0,0.0,0.0,0.25,0.25,0.25,0.0,0.0,0.0,0.25,0.25,0.0,0.0,0.0,0.5,0.0,0.0,0.0,0.0,0.0
P-0016,0.0,0.25,0.5,0.25,0.5,0.0,0.25,0.5,0.0,0.25,0.5,0.25,0.25,0.5,0.0,0.0,0.25,0.5,0.25,0.25,0.5,0.25,0.25,0.25,0.5,0.25,0.0,0.25,0.25,0.25,0.0,0.0,0.0,0.0,0.0,0.75,0.25,0.5,0.0
P-0018,0.0,0.25,0.25,0.25,0.25,0.25,0.25,0.25,0.25,0.0,0.25,0.25,0.25,0.25,0.25,0.0,0.25,0.25,0.0,0.25,0.25,0.25,0.0,0.0,0.25,0.25,0.0,0.25,0.0,0.0,0.0,0.0,0.0,0.5,0.25,0.0,0.25,0.0,0.0
P-0020,0.25,0.0,0.0,0.5,0.0,0.0,0.0,0.0,0.0,0.5,0.0,0.0,0.25,0.0,0.0,0.25,0.0,0.0,0.5,0.25,0.0,0.5,0.25,0.0,0.0,0.0,0.25,0.5,0.25,0.0,0.0,0.25,0.25,0.0,0.5,0.0,0.0,0.25,0.25
P-0021,0.25,0.25,0.5,0.25,0.5,0.0,0.25,0.5,0.0,0.0,0.75,0.0,0.25,0.5,0.0,0.25,0.25,0.5,0.0,0.75,0.0,0.5,0.25,0.25,0.5,0.25,0.25,0.5,0.25,0.25,0.0,0.0,0.5,0.25,0.25,0.5,0.25,0.5,0.25
P-0022,0.4,0.0,0.0,0.4,0.0,0.0,0.0,0.0,0.0,0.4,0.0,0.0,0.4,0.0,0.0,0.4,0.0,0.0,0.0,0.4,0.0,0.4,0.0,0.0,0.0,0.0,0.4,0.4,0.0,0.0,0.0,0.0,0.0,0.0,0.0,0.0,0.4,0.0,0.0
P-0024,0.0,0.4,0.2,0.0,0.4,0.2,0.0,0.6,0.0,0.0,0.4,0.2,0.0,0.4,0.2,0.2,0.2,0.4,0.0,0.4,0.0,0.4,0.2,0.0,0.2,0.4,0.0,0.4,0.2,0.0,0.0,0.0,0.4,0.2,0.0,0.4,0.4,0.0,0.0
P-0025,0.0,0.0,0.8,0.0,0.6,0.2,0.0,0.4,0.0,0.0,0.0,0.8,0.0,0.6,0.2,0.0,0.0,0.4,0.0,0.0,0.6,0.4,0.4,0.0,0.8,0.0,0.0,0.4,0.4,0.0,0.0,0.0,0.0,0.2,0.0,0.6,0.0,0.0,0.0
P-0026,0.2,0.0,0.4,0.0,0.2,0.2,0.0,0.4,0.0,0.2,0.0,0.4,0.0,0.2,0.2,0.2,0.0,0.4,0.2,0.0,0.2,0.6,0.0,0.0,0.4,0.0,0.2,0.6,0.0,0.0,0.0,0.0,0.0,0.2,0.2,0.2,0.2,0.0,0.0
P-0027,0.2,0.2,0.2,0.0,0.2,0.2,0.0,0.4,0.0,0.0,0.2,0.2,0.2,0.0,0.0,0.2,0.2,0.2,0.0,0.2,0.0,0.4,0.0,0.0,0.2,0.2,0.2,0.4,0.0,0.0,0.0,0.0,0.0,0.0,0.2,0.0,0.2,0.0,0.2
P-0028,0.6,0.0,0.0,0.0,0.0,0.8,0.0,0.2,0.6,0.2,0.0,0.0,0.2,0.0,0.0,0.2,0.0,0.0,0.6,0.0,0.2,0.0,0.6,0.0,0.0,0.0,0.6,0.2,0.0,0.6,0.6,0.0,0.0,0.0,0.8,0.0,0.0,0.2,0.6
P-0029,0.4,0.0,0.2,0.4,0.0,0.2,0.0,0.2,0.0,0.4,0.0,0.2,0.4,0.0,0.0,0.4,0.0,0.2,0.0,0.4,0.0,0.6,0.0,0.0,0.2,0.0,0.4,0.6,0.0,0.0,0.0,0.0,0.0,0.0,0.0,0.0,0.4,0.0,0.0
P-0031,0.0,0.0,0.6,0.4,0.0,0.4,0.2,0.0,0.4,0.2,0.2,0.0,0.4,0.0,0.0,0.0,0.4,0.2,0.0,0.0,0.4,0.2,0.0,0.4,0.2,0.0,0.0,0.2,0.0,0.4,0.0,0.0,0.0,0.2,0.0,0.0,0.0,0.8,0.0
P-0032,0.2,0.2,0.2,0.2,0.0,0.0,0.4,0.0,0.0,0.0,0.2,0.2,0.2,0.0,0.0,0.2,0.2,0.2,0.2,0.2,0.0,0.8,0.0,0.0,0.2,0.2,0.2,0.8,0.0,0.0,0.0,0.0,0.4,0.4,0.2,0.2,0.2,0.0,0.2
P-0033,0.0,0.0,0.8,0.4,0.2,0.2,0.6,0.2,0.2,0.0,0.0,0.8,0.2,0.4,0.4,0.0,0.0,0.8,0.0,0.0,0.6,0.4,0.0,0.0,0.8,0.0,0.0,0.8,0.0,0.0,0.0,0.0,0.0,0.2,0.0,0.6,0.0,0.0,0.0
P-0034,0.6,0.2,0.2,0.6,0.0,0.0,0.4,0.0,0.0,0.6,0.2,0.2,0.6,0.0,0.0,0.6,0.2,0.2,0.4,0.4,0.2,0.8,0.0,0.0,0.2,0.2,0.6,0.8,0.0,0.0,0.0,0.0,0.4,0.0,0.6,0.4,0.8,0.0,0.0
P-0035,0.2,0.4,0.4,0.6,0.4,0.0,0.4,0.4,0.0,0.2,0.8,0.0,0.6,0.4,0.0,0.2,0.4,0.4,0.0,1.0,0.0,0.6,0.0,0.0,0.4,0.4,0.2,0.6,0.0,0.0,0.0,0.0,0.6,0.2,0.2,0.6,0.6,0.4,0.0
P-0038,0.8,0.0,0.0,0.6,0.0,0.0,0.4,0.0,0.0,0.6,0.0,0.0,0.2,0.0,0.0,0.8,0.0,0.0,0.4,0.2,0.0,0.4,0.4,0.0,0.0,0.0,0.8,0.4,0.4,0.0,0.4,0.0,0.4,0.0,0.6,0.0,0.6,0.0,0.2
P-0039,0.6,0.0,0.0,0.4,0.0,0.0,0.2,0.0,0.0,0.2,0.0,0.0,0.2,0.0,0.0,0.6,0.0,0.0,0.0,0.2,0.0,0.4,0.2,0.0,0.0,0.0,0.6,0.4,0.2,0.0,0.0,0.2,0.6,0.0,0.4,0.0,0.2,0.0,0.4
P-0040,0.8,0.0,0.0,0.6,0.2,0.0,0.4,0.2,0.0,0.2,0.0,0.0,0.2,0.0,0.0,0.6,0.0,0.0,0.6,0.2,0.0,0.6,0.2,0.2,0.0,0.0,0.8,0.4,0.2,0.2,0.2,0.2,0.6,0.4,0.2,0.0,0.2,0.0,0.6
P-0042,0.2,0.2,0.2,0.4,0.2,0.2,0.2,0.2,0.2,0.2,0.4,0.0,0.4,0.2,0.2,0.2,0.2,0.2,0.0,0.4,0.2,0.2,0.2,0.2,0.2,0.2,0.2,0.2,0.2,0.2,0.0,0.0,0.4,0.2,0.0,0.0,0.4,0.2,0.0
P-0043,0.2,0.2,0.6,0.0,0.8,0.2,0.0,1.0,0.0,0.0,0.6,0.2,0.0,0.6,0.2,0.0,0.2,0.6,0.0,0.4,0.2,0.4,0.4,0.0,0.6,0.2,0.2,0.2,0.4,0.0,0.0,0.0,0.0,0.2,0.0,0.6,0.2,0.4,0.2
P-0044,0.4,0.2,0.2,0.2,0.8,0.0,0.0,0.8,0.0,0.0,0.2,0.2,0.2,0.4,0.0,0.0,0.2,0.2,0.4,0.2,0.4,0.4,0.2,0.2,0.2,0.2,0.4,0.0,0.2,0.2,0.0,0.0,0.0,0.2,0.6,0.2,0.2,0.0,0.4
P-0045,0.2,0.0,0.0,0.2,0.4,0.0,0.0,0.4,0.0,0.0,0.2,0.2,0.6,0.0,0.0,0.2,0.0,0.0,0.0,0.2,0.4,0.0,0.2,0.2,0.2,0.2,0.0,0.0,0.2,0.2,0.0,0.0,0.0,0.2,0.2,0.2,0.0,0.2,0.2
P-0046,0.0,0.0,0.0,0.2,0.0,0.0,0.0,0.0,0.0,0.8,0.0,0.0,0.2,0.0,0.0,0.0,0.0,0.0,0.8,0.0,0.2,0.0,0.0,0.0,0.0,0.0,0.0,0.0,0.0,0.0,0.0,0.0,0.0,0.0,0.2,0.0,0.0,0.8,0.0
P-0047,0.2,0.2,0.4,0.6,0.2,0.0,0.4,0.2,0.0,0.0,0.4,0.2,0.8,0.0,0.2,0.0,0.4,0.2,0.0,0.0,0.8,0.2,0.0,0.2,0.2,0.4,0.0,0.2,0.0,0.2,0.0,0.0,0.0,0.0,0.2,0.6,0.2,0.2,0.2
P-0048,0.2,0.0,0.0,0.2,0.4,0.0,0.0,0.4,0.0,0.0,0.2,0.2,0.6,0.0,0.0,0.2,0.0,0.0,0.0,0.2,0.4,0.0,0.2,0.2,0.2,0.2,0.0,0.0,0.2,0.2,0.0,0.0,0.0,0.2,0.2,0.2,0.0,0.2,0.2
P-0049,0.0,0.6,0.2,0.0,0.6,0.2,0.0,0.8,0.0,0.0,0.6,0.2,0.0,0.6,0.2,0.2,0.4,0.4,0.0,0.6,0.0,0.4,0.4,0.0,0.2,0.6,0.0,0.4,0.4,0.0,0.0,0.0,0.6,0.2,0.0,0.6,0.6,0.0,0.0
P-0050,0.0,0.0,0.8,0.0,0.6,0.2,0.0,0.4,0.0,0.2,0.0,0.8,0.0,0.6,0.2,0.0,0.0,0.4,0.2,0.0,0.6,0.4,0.4,0.0,0.8,0.0,0.0,0.4,0.4,0.0,0.0,0.0,0.0,0.2,0.0,0.6,0.0,0.2,0.0
P-0051,0.0,0.0,0.6,0.0,0.4,0.4,0.0,0.6,0.2,0.0,0.0,0.6,0.2,0.2,0.2,0.0,0.0,0.6,0.0,0.0,0.4,0.6,0.0,0.2,0.6,0.0,0.0,0.6,0.0,0.2,0.0,0.0,0.0,0.2,0.2,0.2,0.0,0.2,0.0
P-0052,0.0,0.0,0.4,0.0,0.2,0.2,0.0,0.4,0.0,0.0,0.2,0.2,0.2,0.0,0.4,0.0,0.0,0.4,0.2,0.2,0.0,0.4,0.0,0.0,0.4,0.0,0.0,0.4,0.0,0.0,0.0,0.0,0.0,0.4,0.2,0.2,0.0,0.2,0.0
P-0054,0.2,0.0,0.4,0.0,0.2,0.2,0.0,0.4,0.0,0.0,0.2,0.2,0.0,0.2,0.2,0.2,0.0,0.4,0.2,0.2,0.0,0.6,0.0,0.0,0.4,0.0,0.2,0.6,0.0,0.0,0.0,0.0,0.0,0.2,0.0,0.2,0.0,0.2,0.2
P-0058,0.2,0.2,0.6,0.0,0.2,0.6,0.0,0.8,0.0,0.0,0.2,0.6,0.2,0.0,0.0,0.2,0.2,0.6,0.2,0.2,0.0,0.8,0.0,0.0,0.6,0.2,0.2,0.8,0.0,0.0,0.0,0.0,0.0,0.2,0.0,0.0,0.2,0.0,0.2
P-0059,0.2,0.2,0.2,0.0,0.6,0.2,0.0,0.8,0.0,0.0,0.6,0.2,0.6,0.0,0.0,0.2,0.2,0.2,0.0,0.4,0.2,0.2,0.2,0.2,0.4,0.4,0.0,0.2,0.2,0.2,0.0,0.0,0.4,0.2,0.0,0.0,0.2,0.0,0.2
P-0060,0.2,0.2,0.4,0.0,0.4,0.2,0.0,0.4,0.0,0.0,0.4,0.2,0.2,0.2,0.0,0.2,0.2,0.2,0.0,0.4,0.0,0.4,0.2,0.0,0.4,0.2,0.2,0.4,0.2,0.0,0.0,0.0,0.0,0.0,0.2,0.2,0.2,0.2,0.2
P-0061,0.6,0.2,0.2,0.2,0.2,0.2,0.0,0.4,0.0,0.2,0.2,0.2,0.4,0.0,0.0,0.6,0.2,0.2,0.4,0.4,0.0,0.4,0.0,0.0,0.2,0.2,0.6,0.4,0.0,0.0,0.0,0.0,0.4,0.2,0.2,0.2,0.4,0.0,0.4
P-0062,0.0,0.0,0.4,0.0,0.0,0.0,0.4,0.0,0.0,0.0,0.0,0.4,0.0,0.0,0.0,0.0,0.0,0.4,0.0,0.0,0.0,0.0,0.4,0.0,0.4,0.0,0.0,0.0,0.4,0.0,0.0,0.0,0.0,0.0,0.0,0.0,0.0,0.4,0.0
P-0063,0.2,0.4,0.4,0.2,0.4,0.0,0.4,0.4,0.0,0.0,0.6,0.2,0.2,0.4,0.0,0.2,0.4,0.4,0.0,0.0,0.6,0.4,0.2,0.2,0.4,0.4,0.2,0.4,0.2,0.2,0.0,0.0,0.0,0.0,0.2,0.4,0.2,0.4,0.4
P-0064,0.6,0.0,0.0,0.8,0.0,0.0,0.2,0.0,0.0,0.6,0.0,0.0,0.6,0.0,0.0,0.6,0.0,0.0,0.2,0.0,0.6,0.4,0.2,0.0,0.0,0.0,0.6,0.4,0.2,0.0,0.2,0.0,0.0,0.4,0.4,0.0,0.4,0.2,0.2
P-0065,0.2,0.2,0.2,0.2,0.2,0.2,0.0,0.2,0.2,0.2,0.2,0.2,0.2,0.2,0.2,0.2,0.4,0.0,0.0,0.0,0.4,0.2,0.0,0.6,0.0,0.4,0.2,0.2,0.0,0.6,0.0,0.0,0.0,0.6,0.2,0.2,0.4,0.2,0.0
P-0066,0.6,0.0,0.0,0.2,0.0,0.0,0.0,0.0,0.0,0.2,0.0,0.0,0.2,0.0,0.0,0.6,0.0,0.0,0.4,0.0,0.2,0.6,0.0,0.0,0.0,0.0,0.6,0.6,0.0,0.0,0.0,0.0,0.0,0.0,0.2,0.0,0.2,0.0,0.4
P-0067,0.4,0.0,0.0,0.2,0.4,0.0,0.0,0.4,0.0,0.2,0.4,0.0,0.6,0.0,0.0,0.4,0.0,0.0,0.0,0.2,0.4,0.2,0.2,0.2,0.2,0.2,0.2,0.2,0.2,0.2,0.0,0.0,0.0,0.0,0.2,0.4,0.2,0.0,0.2
P-0068,0.6,0.0,0.0,0.0,0.0,0.8,0.0,0.2,0.6,0.2,0.0,0.0,0.2,0.0,0.0,0.2,0.0,0.0,0.6,0.0,0.2,0.0,0.6,0.0,0.0,0.0,0.6,0.2,0.0,0.6,0.6,0.0,0.0,0.0,0.8,0.0,0.0,0.2,0.6
P-0069,0.4,0.2,0.2,0.4,0.2,0.2,0.0,0.4,0.0,0.4,0.2,0.2,0.6,0.0,0.0,0.4,0.2,0.2,0.0,0.6,0.0,0.6,0.0,0.0,0.2,0.2,0.4,0.6,0.0,0.0,0.0,0.0,0.0,0.0,0.0,0.0,0.6,0.0,0.0
P-0070,0.8,0.0,0.0,0.6,0.2,0.2,0.0,0.4,0.0,0.8,0.0,0.0,0.8,0.0,0.0,0.8,0.0,0.0,0.2,0.6,0.2,0.8,0.0,0.0,0.0,0.0,0.8,0.8,0.0,0.0,0.0,0.0,0.0,0.0,0.4,0.0,0.6,0.2,0.2
P-0071,0.2,0.2,0.2,0.2,0.4,0.0,0.0,0.4,0.0,0.2,0.4,0.0,0.2,0.4,0.0,0.2,0.2,0.2,0.0,0.6,0.0,0.4,0.0,0.4,0.2,0.2,0.2,0.4,0.0,0.4,0.0,0.0,0.0,0.2,0.0,0.2,0.4,0.2,0.0
P-0072,0.4,0.2,0.2,0.2,0.2,0.6,0.0,0.2,0.6,0.2,0.4,0.0,0.4,0.2,0.2,0.2,0.4,0.0,0.0,0.6,0.0,0.2,0.0,0.2,0.0,0.4,0.2,0.2,0.0,0.2,0.2,0.0,0.0,0.4,0.0,0.0,0.4,0.2,0.2
P-0073,0.4,0.0,0.0,0.4,0.2,0.2,0.0,0.4,0.0,0.4,0.0,0.0,0.6,0.0,0.0,0.4,0.0,0.0,0.2,0.2,0.4,0.4,0.0,0.0,0.0,0.0,0.4,0.4,0.0,0.0,0.0,0.0,0.0,0.0,0.6,0.0,0.2,0.2,0.2
P-0074,0.4,0.0,0.0,0.6,0.0,0.0,0.0,0.0,0.0,0.6,0.0,0.0,0.6,0.0,0.0,0.4,0.0,0.0,0.4,0.2,0.4,0.4,0.0,0.0,0.0,0.0,0.4,0.4,0.0,0.0,0.0,0.0,0.0,0.0,0.6,0.0,0.2,0.4,0.2
P-0075,0.2,0.0,0.0,0.2,0.0,0.0,0.0,0.0,0.0,0.2,0.0,0.0,0.2,0.0,0.0,0.2,0.0,0.0,0.4,0.2,0.0,0.2,0.0,0.0,0.0,0.0,0.2,0.2,0.0,0.0,0.0,0.0,0.0,0.0,0.8,0.0,0.0,0.2,0.2
P-0076,0.2,0.0,0.0,0.6,0.0,0.0,0.0,0.0,0.0,0.6,0.0,0.0,0.2,0.0,0.0,0.2,0.0,0.0,0.4,0.2,0.0,0.0,0.2,0.2,0.0,0.0,0.2,0.0,0.2,0.2,0.4,0.0,0.0,0.0,0.8,0.0,0.0,0.2,0.2
P-0077,0.4,0.0,0.0,0.2,0.2,0.0,0.0,0.2,0.0,0.2,0.2,0.0,0.4,0.0,0.0,0.2,0.0,0.0,0.2,0.2,0.2,0.2,0.0,0.2,0.0,0.2,0.2,0.2,0.0,0.2,0.0,0.0,0.0,0.0,0.2,0.2,0.0,0.2,0.4
P-0078,0.4,0.0,0.0,0.6,0.2,0.0,0.4,0.2,0.0,0.6,0.2,0.0,0.8,0.0,0.0,0.2,0.0,0.0,0.0,0.4,0.4,0.0,0.2,0.4,0.0,0.2,0.2,0.0,0.2,0.4,0.0,0.0,0.0,0.6,0.0,0.0,0.0,0.6,0.4
P-0080,0.0,0.4,0.2,0.2,0.6,0.0,0.0,0.4,0.0,0.2,0.6,0.0,0.6,0.2,0.0,0.2,0.2,0.2,0.0,0.4,0.4,0.6,0.0,0.2,0.2,0.4,0.0,0.6,0.0,0.2,0.0,0.0,0.4,0.6,0.4,0.0,0.4,0.4,0.0
P-0081,0.4,0.0,0.2,0.8,0.0,0.0,0.2,0.0,0.0,0.6,0.2,0.0,0.4,0.0,0.0,0.4,0.0,0.2,0.4,0.0,0.4,0.2,0.4,0.0,0.2,0.0,0.4,0.2,0.4,0.0,0.4,0.0,0.0,0.6,0.0,0.0,0.0,0.4,0.4
P-0083,0.2,0.2,0.4,0.8,0.0,0.2,0.4,0.2,0.0,0.4,0.4,0.2,0.8,0.0,0.2,0.2,0.2,0.4,0.0,0.4,0.4,0.4,0.2,0.0,0.4,0.2,0.2,0.4,0.2,0.0,0.0,0.0,0.0,0.6,0.0,0.0,0.4,0.4,0.0
P-0084,0.0,0.2,0.6,0.6,0.4,0.0,0.4,0.4,0.0,0.2,0.8,0.0,0.6,0.4,0.0,0.0,0.2,0.6,0.0,0.6,0.4,0.4,0.4,0.0,0.6,0.2,0.0,0.4,0.4,0.0,0.0,0.0,0.2,0.2,0.0,0.6,0.2,0.8,0.0
P-0085,0.2,0.2,0.2,0.4,0.0,0.0,0.4,0.0,0.0,0.2,0.2,0.2,0.4,0.0,0.0,0.2,0.2,0.2,0.2,0.2,0.2,0.8,0.0,0.0,0.2,0.2,0.2,0.8,0.0,0.0,0.0,0.0,0.4,0.6,0.2,0.2,0.2,0.2,0.2
P-0087,0.0,0.0,0.6,0.4,0.0,0.0,0.6,0.0,0.0,0.2,0.2,0.4,0.4,0.0,0.0,0.0,0.0,0.6,0.0,0.0,0.4,0.6,0.0,0.0,0.6,0.0,0.0,0.6,0.0,0.0,0.0,0.0,0.0,0.2,0.0,0.4,0.0,0.4,0.0
P-0088,0.8,0.0,0.0,0.6,0.2,0.2,0.0,0.4,0.0,0.6,0.2,0.2,0.8,0.0,0.0,0.8,0.0,0.0,0.0,0.4,0.4,0.6,0.2,0.2,0.2,0.2,0.6,0.6,0.2,0.2,0.0,0.0,0.0,0.2,0.2,0.2,0.6,0.2,0.2
P-0089,0.0,0.0,0.8,0.4,0.0,0.4,0.4,0.0,0.4,0.2,0.2,0.2,0.4,0.0,0.2,0.0,0.4,0.4,0.0,0.0,0.4,0.2,0.0,0.4,0.4,0.0,0.0,0.4,0.0,0.4,0.0,0.0,0.0,0.4,0.0,0.0,0.0,0.8,0.0
P-0090,0.0,0.0,0.8,0.4,0.4,0.2,0.4,0.4,0.2,0.0,0.0,0.8,0.2,0.6,0.2,0.0,0.0,0.8,0.0,0.0,0.8,0.6,0.0,0.0,0.8,0.0,0.0,0.8,0.0,0.0,0.0,0.0,0.0,0.0,0.0,0.8,0.0,0.0,0.0
P-0092,0.2,0.0,0.2,0.0,0.2,0.2,0.0,0.2,0.2,0.4,0.2,0.0,0.0,0.2,0.0,0.4,0.2,0.0,0.4,0.0,0.2,0.2,0.0,0.0,0.2,0.0,0.2,0.4,0.0,0.0,0.0,0.0,0.0,0.0,0.0,0.2,0.2,0.4,0.0
P-0093,0.2,0.4,0.2,0.2,0.2,0.6,0.2,0.2,0.6,0.0,0.6,0.0,0.2,0.4,0.2,0.0,0.6,0.0,0.0,0.6,0.0,0.2,0.0,0.2,0.0,0.6,0.0,0.0,0.0,0.2,0.2,0.0,0.0,0.6,0.0,0.0,0.4,0.2,0.2
P-0094,0.0,0.8,0.2,0.6,0.4,0.0,0.6,0.4,0.0,0.0,0.8,0.2,0.4,0.6,0.0,0.0,0.8,0.2,0.0,0.4,0.6,0.4,0.0,0.0,0.2,0.8,0.0,0.2,0.0,0.0,0.0,0.0,0.0,0.4,0.0,0.6,0.8,0.0,0.0
P-0100,0.4,0.0,0.0,0.4,0.4,0.0,0.0,0.4,0.0,0.2,0.2,0.2,0.8,0.0,0.0,0.4,0.0,0.0,0.0,0.4,0.4,0.0,0.2,0.2,0.2,0.2,0.2,0.0,0.2,0.2,0.0,0.0,0.2,0.2,0.4,0.2,0.2,0.2,0.2
P-0101,0.2,0.0,0.6,0.6,0.0,0.4,0.2,0.0,0.4,0.4,0.2,0.0,0.6,0.0,0.0,0.2,0.4,0.2,0.0,0.2,0.4,0.2,0.0,0.4,0.2,0.0,0.2,0.2,0.0,0.4,0.0,0.0,0.2,0.2,0.2,0.0,0.2,0.8,0.0
P-0102,0.2,0.4,0.4,0.2,0.2,0.2,0.2,0.2,0.2,0.2,0.6,0.2,0.4,0.4,0.0,0.2,0.4,0.4,0.0,0.8,0.0,0.4,0.0,0.4,0.4,0.4,0.2,0.4,0.0,0.4,0.4,0.0,0.2,0.6,0.2,0.2,0.6,0.2,0.0
P-0103,0.0,0.6,0.2,0.4,0.4,0.0,0.4,0.4,0.0,0.0,0.8,0.0,0.2,0.6,0.2,0.0,0.6,0.2,0.0,0.2,0.6,0.4,0.0,0.0,0.2,0.6,0.0,0.4,0.0,0.0,0.0,0.0,0.2,0.0,0.0,0.6,0.6,0.2,0.0
P-0106,0.2,0.0,0.2,0.0,0.2,0.0,0.0,0.2,0.0,0.0,0.2,0.0,0.0,0.2,0.0,0.2,0.0,0.2,0.2,0.0,0.2,0.4,0.2,0.0,0.2,0.0,0.2,0.4,0.2,0.0,0.0,0.0,0.2,0.0,0.4,0.2,0.0,0.2,0.2
P-0107,0.2,0.0,0.2,0.2,0.0,0.4,0.2,0.0,0.4,0.0,0.2,0.0,0.2,0.0,0.4,0.2,0.0,0.2,0.2,0.0,0.2,0.6,0.0,0.0,0.2,0.0,0.2,0.6,0.0,0.0,0.0,0.0,0.2,0.2,0.2,0.0,0.0,0.2,0.2
P-0108,0.0,0.6,0.2,0.2,0.4,0.4,0.2,0.4,0.4,0.0,0.6,0.2,0.0,0.6,0.2,0.0,0.8,0.0,0.2,0.4,0.2,0.0,0.2,0.4,0.0,0.8,0.0,0.0,0.2,0.4,0.4,0.0,0.2,0.4,0.2,0.4,0.6,0.2,0.0
P-0110,0.2,0.0,0.4,0.2,0.2,0.2,0.2,0.2,0.2,0.2,0.0,0.4,0.2,0.2,0.2,0.0,0.2,0.2,0.0,0.2,0.2,0.4,0.4,0.0,0.2,0.2,0.0,0.2,0.2,0.2,0.0,0.0,0.2,0.2,0.2,0.2,0.0,0.2,0.2
P-0111,0.2,0.0,0.2,0.2,0.0,0.2,0.2,0.2,0.2,0.2,0.0,0.2,0.2,0.0,0.2,0.0,0.2,0.2,0.0,0.2,0.0,0.2,0.4,0.2,0.0,0.2,0.0,0.0,0.2,0.4,0.0,0.0,0.2,0.2,0.2,0.0,0.0,0.2,0.2
P-0112,0.0,0.6,0.4,0.0,0.6,0.4,0.0,0.6,0.4,0.0,0.6,0.4,0.2,0.4,0.0,0.0,1.0,0.0,0.0,0.6,0.0,0.6,0.0,0.4,0.0,1.0,0.0,0.6,0.0,0.4,0.0,0.0,0.6,0.0,0.2,0.4,0.6,0.4,0.0
P-0113,0.0,1.0,0.0,0.4,0.6,0.0,0.4,0.6,0.0,0.0,1.0,0.0,0.6,0.4,0.0,0.0,1.0,0.0,0.0,1.0,0.0,0.6,0.0,0.0,0.0,1.0,0.0,0.6,0.0,0.0,0.0,0.0,1.0,0.4,0.2,0.4,1.0,0.0,0.0
P-0115,0.0,0.0,0.0,0.4,0.0,0.0,0.4,0.0,0.0,0.0,0.0,0.0,0.0,0.0,0.0,0.0,0.0,0.0,0.0,0.0,0.0,0.0,0.2,0.2,0.0,0.0,0.0,0.0,0.2,0.2,0.0,0.4,0.0,0.0,0.2,0.0,0.0,0.0,0.0
P-0116,0.2,0.4,0.0,0.2,0.2,0.2,0.2,0.2,0.2,0.2,0.4,0.0,0.4,0.0,0.0,0.2,0.4,0.0,0.2,0.4,0.0,0.4,0.0,0.4,0.0,0.4,0.2,0.4,0.0,0.4,0.4,0.0,0.2,0.0,0.4,0.0,0.6,0.0,0.0
P-0117,0.2,0.2,0.6,0.0,0.8,0.0,0.0,0.8,0.0,0.0,0.8,0.0,0.4,0.4,0.0,0.2,0.2,0.6,0.2,0.2,0.6,1.0,0.0,0.0,0.6,0.2,0.2,1.0,0.0,0.0,0.0,0.0,0.2,0.4,0.2,0.0,0.2,0.6,0.2
P-0118,0.4,0.2,0.2,0.4,0.4,0.0,0.0,0.4,0.0,0.2,0.4,0.0,0.4,0.0,0.0,0.4,0.2,0.2,0.4,0.2,0.2,0.6,0.2,0.2,0.2,0.2,0.4,0.6,0.2,0.2,0.4,0.0,0.2,0.4,0.4,0.0,0.4,0.2,0.2
P-0119,0.2,0.0,0.2,0.0,0.2,0.0,0.0,0.2,0.0,0.0,0.2,0.0,0.0,0.2,0.0,0.2,0.0,0.2,0.2,0.0,0.2,0.6,0.0,0.2,0.2,0.0,0.2,0.6,0.0,0.2,0.0,0.0,0.2,0.0,0.0,0.2,0.0,0.2,0.2
P-0120,0.2,0.2,0.2,0.0,0.2,0.6,0.0,0.2,0.6,0.0,0.4,0.0,0.2,0.2,0.2,0.0,0.4,0.0,0.0,0.4,0.0,0.2,0.0,0.2,0.0,0.4,0.0,0.2,0.0,0.2,0.2,0.0,0.2,0.4,0.2,0.0,0.2,0.2,0.2
P-0121,0.4,0.0,0.0,0.4,0.0,0.0,0.0,0.0,0.0,0.4,0.0,0.0,0.4,0.0,0.0,0.4,0.0,0.0,0.4,0.2,0.2,0.6,0.0,0.0,0.0,0.0,0.4,0.6,0.0,0.0,0.0,0.0,0.2,0.4,0.4,0.0,0.0,0.4,0.4
P-0122,0.4,0.4,0.0,0.2,0.4,0.0,0.2,0.0,0.0,0.4,0.4,0.0,0.0,0.4,0.0,0.8,0.0,0.0,0.2,0.2,0.2,0.4,0.2,0.4,0.0,0.4,0.4,0.4,0.2,0.4,0.2,0.0,0.2,0.2,0.4,0.2,0.8,0.0,0.0
P-0123,0.8,0.0,0.0,0.0,0.0,0.0,0.0,0.0,0.0,0.4,0.0,0.0,0.0,0.0,0.0,0.8,0.0,0.0,0.6,0.0,0.0,0.6,0.0,0.0,0.0,0.0,0.8,0.6,0.0,0.0,0.0,0.0,0.2,0.0,0.4,0.0,0.4,0.0,0.4
P-0124,0.2,0.0,0.6,0.2,0.4,0.2,0.2,0.4,0.2,0.0,0.6,0.0,0.4,0.2,0.2,0.2,0.0,0.6,0.0,0.6,0.0,0.6,0.0,0.0,0.6,0.0,0.2,0.6,0.0,0.0,0.0,0.0,0.2,0.0,0.2,0.4,0.0,0.6,0.2
P-0125,0.8,0.0,0.0,0.4,0.0,0.4,0.2,0.2,0.2,0.4,0.0,0.0,0.4,0.0,0.0,0.8,0.0,0.0,0.6,0.2,0.2,0.2,0.4,0.0,0.0,0.0,0.8,0.4,0.2,0.2,0.4,0.0,0.4,0.2,0.4,0.2,0.2,0.2,0.6
P-0127,0.4,0.2,0.2,0.4,0.0,0.0,0.4,0.0,0.0,0.6,0.2,0.2,0.4,0.0,0.0,0.4,0.2,0.2,0.6,0.2,0.2,0.8,0.0,0.0,0.2,0.2,0.4,0.8,0.0,0.0,0.0,0.0,0.2,0.0,0.4,0.4,0.6,0.2,0.0
P-0128,0.2,0.4,0.0,0.8,0.0,0.0,0.4,0.0,0.0,0.6,0.4,0.0,0.4,0.0,0.0,0.2,0.4,0.0,0.4,0.2,0.2,0.4,0.0,0.4,0.0,0.4,0.2,0.4,0.0,0.4,0.4,0.0,0.2,0.0,0.4,0.4,0.6,0.0,0.0
P-0129,0.0,0.4,0.4,0.4,0.4,0.0,0.4,0.4,0.0,0.0,0.8,0.0,0.4,0.4,0.0,0.0,0.4,0.4,0.0,0.8,0.0,0.8,0.0,0.0,0.4,0.4,0.0,0.8,0.0,0.0,0.0,0.0,0.4,0.2,0.2,0.6,0.4,0.4,0.0
P-0130,0.2,0.0,0.6,0.2,0.0,0.4,0.0,0.2,0.2,0.2,0.0,0.2,0.2,0.0,0.0,0.2,0.4,0.2,0.0,0.2,0.0,0.4,0.0,0.4,0.2,0.0,0.2,0.4,0.0,0.4,0.0,0.0,0.2,0.6,0.0,0.0,0.2,0.4,0.0
P-0131,0.2,0.0,0.6,0.8,0.2,0.0,0.4,0.2,0.0,0.4,0.6,0.0,0.8,0.2,0.0,0.2,0.0,0.6,0.0,0.6,0.4,0.6,0.2,0.0,0.6,0.0,0.2,0.6,0.2,0.0,0.0,0.0,0.2,0.2,0.0,0.4,0.2,0.8,0.0
P-0132,0.2,0.0,0.6,0.6,0.0,0.4,0.2,0.0,0.4,0.4,0.2,0.0,0.6,0.0,0.0,0.2,0.4,0.2,0.0,0.2,0.4,0.4,0.0,0.4,0.2,0.0,0.2,0.4,0.0,0.4,0.0,0.0,0.2,0.2,0.0,0.0,0.2,0.8,0.0
P-0134,0.2,0.0,0.4,0.2,0.2,0.2,0.2,0.2,0.2,0.0,0.4,0.0,0.2,0.2,0.2,0.2,0.0,0.4,0.0,0.4,0.0,0.6,0.0,0.0,0.4,0.0,0.2,0.6,0.0,0.0,0.0,0.0,0.2,0.0,0.2,0.4,0.0,0.4,0.2
P-0136,0.2,0.0,0.0,0.6,0.0,0.0,0.4,0.0,0.0,0.2,0.0,0.0,0.2,0.0,0.0,0.2,0.0,0.0,0.0,0.2,0.0,0.0,0.2,0.2,0.0,0.0,0.2,0.0,0.2,0.2,0.2,0.2,0.0,0.0,0.4,0.0,0.0,0.2,0.2
P-0137,0.0,0.0,0.0,0.4,0.0,0.0,0.4,0.0,0.0,0.0,0.0,0.0,0.0,0.0,0.0,0.0,0.0,0.0,0.0,0.0,0.0,0.0,0.0,0.4,0.0,0.0,0.0,0.0,0.0,0.4,0.0,0.4,0.0,0.0,0.0,0.0,0.0,0.0,0.0
P-0138,0.2,0.2,0.2,0.4,0.0,0.4,0.4,0.0,0.4,0.0,0.4,0.0,0.4,0.0,0.0,0.0,0.4,0.0,0.2,0.2,0.2,0.2,0.2,0.2,0.2,0.2,0.2,0.0,0.0,0.4,0.2,0.2,0.0,0.2,0.2,0.2,0.2,0.2,0.2
P-0139,0.4,0.0,0.0,0.8,0.0,0.0,0.4,0.0,0.0,0.4,0.0,0.0,0.4,0.0,0.0,0.4,0.0,0.0,0.0,0.4,0.0,0.2,0.2,0.2,0.0,0.0,0.4,0.2,0.2,0.2,0.2,0.2,0.2,0.0,0.4,0.0,0.2,0.2,0.2
P-0140,0.4,0.2,0.0,0.4,0.2,0.0,0.4,0.2,0.0,0.0,0.2,0.0,0.2,0.0,0.0,0.4,0.2,0.0,0.0,0.2,0.0,0.2,0.2,0.2,0.0,0.2,0.4,0.2,0.2,0.2,0.2,0.2,0.4,0.0,0.4,0.0,0.2,0.0,0.4
P-0141,0.2,0.2,0.2,0.0,0.2,0.2,0.0,0.2,0.2,0.0,0.4,0.0,0.4,0.0,0.0,0.0,0.4,0.0,0.2,0.2,0.2,0.4,0.0,0.2,0.2,0.2,0.2,0.0,0.0,0.2,0.2,0.0,0.2,0.2,0.2,0.2,0.2,0.2,0.2
P-0142,0.2,0.0,0.6,0.2,0.0,0.4,0.2,0.0,0.4,0.2,0.0,0.2,0.2,0.0,0.0,0.2,0.4,0.2,0.2,0.0,0.2,0.4,0.0,0.4,0.2,0.0,0.2,0.4,0.0,0.4,0.0,0.0,0.2,0.4,0.2,0.2,0.2,0.4,0.0
P-0143,0.4,0.2,0.2,0.4,0.4,0.0,0.4,0.4,0.0,0.4,0.4,0.0,0.8,0.0,0.0,0.4,0.2,0.2,0.0,0.8,0.0,0.4,0.2,0.2,0.2,0.2,0.4,0.4,0.2,0.2,0.0,0.0,0.6,0.0,0.6,0.0,0.2,0.2,0.4
P-0144,0.0,0.2,0.4,0.4,0.2,0.2,0.2,0.4,0.0,0.2,0.4,0.2,0.6,0.4,0.0,0.2,0.4,0.2,0.0,0.2,0.8,0.4,0.0,0.0,0.4,0.2,0.0,0.4,0.0,0.0,0.0,0.0,0.2,0.2,0.4,0.4,0.2,0.4,0.0
P-0145,0.2,0.0,0.0,0.4,0.2,0.2,0.4,0.4,0.0,0.0,0.2,0.2,0.2,0.0,0.0,0.2,0.0,0.0,0.0,0.2,0.0,0.2,0.4,0.4,0.2,0.2,0.0,0.2,0.4,0.4,0.0,0.4,0.2,0.4,0.4,0.0,0.0,0.2,0.2
P-0146,0.0,0.0,0.0,0.6,0.0,0.0,0.6,0.0,0.0,0.0,0.0,0.0,0.0,0.0,0.0,0.0,0.0,0.0,0.0,0.0,0.0,0.0,0.0,0.6,0.0,0.0,0.0,0.0,0.0,0.6,0.0,0.6,0.0,0.0,0.0,0.0,0.0,0.0,0.0
P-0148,0.4,0.2,0.2,0.4,0.0,0.4,0.4,0.0,0.4,0.0,0.4,0.0,0.4,0.0,0.0,0.2,0.4,0.0,0.4,0.2,0.2,0.4,0.2,0.2,0.2,0.2,0.4,0.2,0.0,0.4,0.2,0.2,0.0,0.4,0.2,0.2,0.2,0.2,0.4
P-0149,0.6,0.0,0.0,0.8,0.0,0.0,0.4,0.0,0.0,0.4,0.0,0.0,0.4,0.0,0.0,0.6,0.0,0.0,0.2,0.4,0.0,0.4,0.2,0.2,0.0,0.0,0.6,0.4,0.2,0.2,0.2,0.2,0.4,0.2,0.4,0.0,0.2,0.2,0.4
P-0150,0.4,0.2,0.2,0.4,0.2,0.0,0.4,0.2,0.0,0.0,0.4,0.0,0.4,0.0,0.0,0.4,0.4,0.0,0.0,0.2,0.2,0.4,0.2,0.2,0.2,0.2,0.4,0.2,0.2,0.2,0.2,0.2,0.4,0.0,0.6,0.0,0.2,0.2,0.4
P-0151,0.2,0.6,0.2,0.0,0.8,0.0,0.0,0.8,0.0,0.0,0.8,0.0,0.6,0.2,0.2,0.0,0.8,0.0,0.0,0.4,0.4,0.0,0.0,0.4,0.0,0.8,0.0,0.0,0.0,0.4,0.0,0.0,0.2,0.2,0.2,0.2,0.6,0.2,0.2
P-0152,0.2,0.6,0.2,0.2,0.2,0.2,0.2,0.2,0.2,0.0,0.8,0.0,0.8,0.0,0.0,0.0,0.8,0.0,0.2,0.6,0.2,0.2,0.2,0.2,0.2,0.6,0.2,0.0,0.0,0.4,0.4,0.0,0.4,0.4,0.4,0.0,0.6,0.2,0.2
P-0153,0.0,0.4,0.4,0.8,0.0,0.0,0.8,0.0,0.0,0.0,0.8,0.0,0.8,0.0,0.0,0.0,0.4,0.4,0.0,0.4,0.4,0.2,0.2,0.6,0.4,0.4,0.0,0.2,0.2,0.6,0.4,0.0,0.2,0.4,0.0,0.0,0.2,0.2,0.2
P-0154,0.4,0.4,0.0,0.4,0.4,0.0,0.4,0.4,0.0,0.0,0.4,0.0,0.4,0.0,0.0,0.4,0.4,0.0,0.4,0.4,0.0,0.2,0.2,0.2,0.0,0.4,0.4,0.2,0.2,0.2,0.4,0.0,0.4,0.6,0.2,0.2,0.4,0.0,0.4
P-0155,0.6,0.0,0.0,0.4,0.6,0.0,0.0,0.6,0.0,0.4,0.0,0.0,0.0,0.0,0.0,0.4,0.0,0.0,0.6,0.0,0.0,0.4,0.2,0.2,0.0,0.0,0.6,0.2,0.2,0.2,0.2,0.2,0.4,0.2,0.4,0.2,0.0,0.0,0.6
P-0156,0.2,0.2,0.2,0.2,0.2,0.2,0.2,0.2,0.2,0.0,0.4,0.0,0.4,0.0,0.0,0.0,0.4,0.0,0.2,0.2,0.2,0.4,0.0,0.4,0.2,0.2,0.2,0.0,0.0,0.4,0.2,0.2,0.2,0.2,0.2,0.2,0.2,0.2,0.2
P-0157,0.2,0.2,0.2,0.0,0.2,0.6,0.0,0.2,0.6,0.0,0.4,0.0,0.2,0.2,0.2,0.0,0.4,0.0,0.0,0.4,0.0,0.0,0.0,0.2,0.0,0.4,0.0,0.0,0.0,0.2,0.2,0.0,0.2,0.4,0.0,0.0,0.2,0.2,0.2
P-0158,0.2,0.0,0.4,0.4,0.2,0.0,0.0,0.2,0.0,0.2,0.0,0.2,0.0,0.2,0.2,0.2,0.2,0.2,0.2,0.0,0.2,0.0,0.4,0.2,0.2,0.0,0.2,0.0,0.4,0.2,0.2,0.2,0.0,0.0,0.2,0.2,0.2,0.2,0.0
P-0159,0.0,0.6,0.0,0.4,0.2,0.2,0.2,0.4,0.0,0.2,0.4,0.2,0.2,0.4,0.0,0.0,0.6,0.0,0.0,0.6,0.0,0.0,0.0,0.8,0.0,0.6,0.0,0.0,0.0,0.8,0.4,0.4,0.2,0.6,0.0,0.0,0.6,0.0,0.0
P-0160,0.4,0.0,0.0,0.4,0.0,0.0,0.4,0.0,0.0,0.0,0.0,0.0,0.0,0.0,0.0,0.4,0.0,0.0,0.0,0.0,0.0,0.2,0.2,0.2,0.0,0.0,0.4,0.2,0.2,0.2,0.0,0.4,0.4,0.0,0.4,0.0,0.0,0.0,0.4
P-0161,0.8,0.0,0.0,0.0,0.0,0.0,0.0,0.0,0.0,0.0,0.0,0.0,0.0,0.0,0.0,0.8,0.0,0.0,0.2,0.0,0.0,0.8,0.0,0.0,0.0,0.0,0.8,0.8,0.0,0.0,0.0,0.0,0.2,0.0,0.2,0.4,0.0,0.0,0.8
P-0162,0.6,0.0,0.0,0.4,0.4,0.0,0.4,0.4,0.0,0.0,0.0,0.0,0.0,0.0,0.0,0.6,0.0,0.0,0.6,0.0,0.0,0.4,0.2,0.2,0.0,0.0,0.6,0.4,0.2,0.2,0.2,0.2,0.4,0.4,0.2,0.2,0.0,0.0,0.6
P-0164,0.2,0.0,0.2,0.2,0.0,0.6,0.2,0.0,0.6,0.0,0.2,0.0,0.2,0.0,0.6,0.2,0.0,0.2,0.2,0.0,0.2,0.4,0.0,0.0,0.2,0.0,0.2,0.4,0.0,0.0,0.0,0.0,0.2,0.2,0.0,0.0,0.0,0.2,0.2
P-0166,0.2,0.0,0.4,0.2,0.2,0.2,0.2,0.2,0.2,0.0,0.4,0.0,0.4,0.0,0.0,0.4,0.2,0.2,0.2,0.0,0.4,0.4,0.2,0.2,0.4,0.0,0.2,0.4,0.2,0.2,0.0,0.0,0.2,0.2,0.0,0.0,0.0,0.4,0.2
P-0167,0.0,0.8,0.0,0.4,0.2,0.2,0.4,0.2,0.2,0.0,0.8,0.0,0.8,0.0,0.0,0.0,0.8,0.0,0.0,0.8,0.0,0.4,0.0,0.2,0.0,0.8,0.0,0.4,0.0,0.2,0.2,0.0,0.6,0.2,0.2,0.2,0.8,0.0,0.0
P-0168,0.0,0.2,0.4,0.6,0.0,0.0,0.6,0.0,0.0,0.2,0.4,0.2,0.6,0.0,0.0,0.0,0.2,0.4,0.0,0.2,0.4,0.4,0.0,0.0,0.4,0.2,0.0,0.4,0.0,0.0,0.0,0.0,0.2,0.2,0.0,0.4,0.2,0.4,0.0
P-0170,0.4,0.2,0.2,0.0,0.8,0.0,0.0,0.8,0.0,0.0,0.8,0.0,0.4,0.4,0.0,0.4,0.2,0.2,0.2,0.6,0.2,0.2,0.4,0.4,0.4,0.4,0.2,0.2,0.4,0.4,0.0,0.0,0.2,0.2,0.0,0.6,0.2,0.2,0.4
P-0172,0.0,0.0,0.8,0.4,0.0,0.6,0.2,0.2,0.4,0.2,0.2,0.2,0.4,0.0,0.2,0.0,0.4,0.4,0.0,0.0,0.4,0.2,0.2,0.4,0.4,0.0,0.0,0.2,0.2,0.4,0.0,0.0,0.0,0.4,0.0,0.0,0.0,0.8,0.0
P-0173,0.2,0.2,0.0,0.4,0.2,0.0,0.0,0.2,0.0,0.4,0.2,0.0,0.4,0.2,0.0,0.2,0.2,0.0,0.4,0.4,0.2,0.0,0.2,0.0,0.0,0.2,0.2,0.0,0.2,0.0,0.0,0.0,0.4,0.2,0.2,0.6,0.2,0.4,0.2
P-0175,0.4,0.6,0.0,0.0,0.6,0.0,0.0,0.6,0.0,0.0,0.6,0.0,0.0,0.6,0.0,0.4,0.6,0.0,0.2,0.2,0.4,0.4,0.0,0.6,0.0,0.6,0.4,0.4,0.0,0.6,0.0,0.0,0.4,0.2,0.2,0.4,0.6,0.0,0.4
P-0176,0.0,0.6,0.0,0.0,0.6,0.0,0.0,0.6,0.0,0.0,0.6,0.0,0.4,0.2,0.0,0.0,0.6,0.0,0.0,0.0,0.6,0.0,0.0,0.2,0.0,0.6,0.0,0.0,0.0,0.2,0.0,0.0,0.0,0.0,0.4,0.2,0.6,0.0,0.0
P-0178,0.2,0.0,0.2,0.0,0.4,0.2,0.0,0.4,0.2,0.0,0.2,0.0,0.2,0.0,0.2,0.4,0.2,0.0,0.2,0.0,0.2,0.0,0.4,0.0,0.2,0.0,0.2,0.2,0.2,0.2,0.2,0.0,0.0,0.0,0.2,0.2,0.0,0.2,0.2
P-0179,0.0,0.0,0.8,0.2,0.6,0.2,0.0,0.8,0.0,0.0,0.4,0.4,0.2,0.6,0.2,0.0,0.0,0.8,0.0,0.4,0.4,0.2,0.6,0.0,0.8,0.0,0.0,0.2,0.6,0.0,0.0,0.0,0.0,0.2,0.2,0.6,0.0,0.4,0.0
P-0181,0.4,0.0,0.2,0.0,0.2,0.0,0.0,0.2,0.0,0.4,0.0,0.2,0.0,0.2,0.0,0.4,0.0,0.2,0.0,0.0,0.2,0.4,0.2,0.0,0.2,0.0,0.4,0.4,0.2,0.0,0.0,0.0,0.0,0.0,0.0,0.2,0.4,0.0,0.0
P-0182,0.4,0.0,0.2,0.4,0.2,0.0,0.0,0.2,0.0,0.6,0.0,0.2,0.4,0.2,0.0,0.4,0.0,0.2,0.0,0.0,0.6,0.4,0.2,0.0,0.2,0.0,0.4,0.4,0.2,0.0,0.0,0.0,0.0,0.2,0.2,0.2,0.4,0.2,0.0
P-0183,0.4,0.0,0.2,0.0,0.2,0.0,0.0,0.2,0.0,0.4,0.0,0.2,0.0,0.2,0.0,0.4,0.0,0.2,0.4,0.0,0.2,0.4,0.2,0.0,0.2,0.0,0.4,0.4,0.2,0.0,0.0,0.0,0.0,0.0,0.4,0.2,0.2,0.2,0.2
P-0184,0.4,0.0,0.2,0.4,0.2,0.0,0.0,0.2,0.0,0.6,0.0,0.2,0.4,0.2,0.0,0.4,0.0,0.2,0.2,0.2,0.4,0.4,0.2,0.0,0.2,0.0,0.4,0.4,0.2,0.0,0.0,0.0,0.0,0.2,0.2,0.2,0.2,0.4,0.2
P-0185,0.8,0.0,0.2,0.4,0.2,0.0,0.0,0.2,0.0,0.4,0.0,0.2,0.0,0.2,0.0,0.8,0.0,0.2,0.4,0.0,0.2,0.4,0.6,0.0,0.2,0.0,0.8,0.4,0.6,0.0,0.4,0.0,0.0,0.0,0.4,0.2,0.4,0.0,0.4
P-0186,0.0,0.0,0.8,0.0,0.8,0.0,0.0,0.8,0.0,0.2,0.6,0.2,0.0,0.8,0.0,0.0,0.0,0.8,0.0,0.4,0.4,0.2,0.6,0.0,0.8,0.0,0.0,0.2,0.6,0.0,0.0,0.0,0.0,0.0,0.0,0.8,0.0,0.8,0.0
P-0187,0.2,0.2,0.2,0.0,0.4,0.4,0.0,0.4,0.4,0.2,0.2,0.2,0.2,0.2,0.2,0.4,0.4,0.0,0.2,0.2,0.2,0.2,0.2,0.0,0.0,0.4,0.4,0.4,0.0,0.2,0.0,0.0,0.4,0.2,0.2,0.2,0.2,0.2,0.2
P-0188,0.4,0.2,0.0,0.0,0.6,0.0,0.0,0.6,0.0,0.0,0.6,0.0,0.4,0.2,0.0,0.4,0.2,0.0,0.0,0.0,0.6,0.2,0.2,0.4,0.2,0.4,0.2,0.2,0.2,0.4,0.0,0.0,0.0,0.0,0.0,0.6,0.2,0.0,0.4
P-0190,0.0,0.4,0.4,0.2,0.6,0.2,0.2,0.6,0.2,0.0,0.4,0.4,0.0,0.8,0.0,0.0,0.4,0.4,0.0,0.4,0.4,0.4,0.0,0.2,0.4,0.4,0.0,0.4,0.0,0.2,0.4,0.0,0.0,0.4,0.0,0.4,0.4,0.0,0.0
P-0192,0.0,0.0,0.2,0.2,0.0,0.2,0.2,0.0,0.2,0.2,0.0,0.2,0.2,0.0,0.2,0.2,0.2,0.0,0.0,0.2,0.0,0.0,0.2,0.4,0.0,0.2,0.2,0.0,0.2,0.4,0.0,0.0,0.0,0.6,0.2,0.0,0.0,0.2,0.0
P-0194,0.0,0.4,0.0,0.0,0.4,0.4,0.0,0.4,0.4,0.0,0.4,0.0,0.2,0.2,0.4,0.0,0.4,0.0,0.2,0.2,0.2,0.4,0.0,0.2,0.0,0.4,0.0,0.4,0.0,0.2,0.0,0.0,0.4,0.4,0.2,0.2,0.4,0.4,0.0
P-0195,0.2,0.2,0.2,0.2,0.2,0.2,0.2,0.2,0.2,0.0,0.4,0.0,0.4,0.0,0.2,0.2,0.2,0.2,0.4,0.4,0.0,0.6,0.2,0.0,0.2,0.2,0.2,0.6,0.2,0.0,0.0,0.0,0.4,0.2,0.4,0.0,0.2,0.2,0.2
P-0196,0.0,0.4,0.2,0.2,0.4,0.2,0.2,0.4,0.2,0.0,0.4,0.2,0.0,0.6,0.0,0.0,0.4,0.2,0.2,0.2,0.4,0.0,0.2,0.4,0.2,0.4,0.0,0.0,0.2,0.4,0.4,0.0,0.0,0.2,0.2,0.4,0.4,0.0,0.0
P-0197,0.6,0.2,0.0,0.0,0.6,0.0,0.0,0.6,0.0,0.2,0.2,0.0,0.0,0.2,0.0,0.2,0.2,0.0,0.4,0.0,0.2,0.6,0.0,0.2,0.0,0.2,0.6,0.2,0.0,0.2,0.0,0.0,0.0,0.0,0.4,0.2,0.4,0.0,0.4
P-0198,0.4,0.2,0.0,0.0,0.6,0.0,0.0,0.6,0.0,0.0,0.6,0.0,0.4,0.2,0.0,0.0,0.2,0.0,0.0,0.0,0.6,0.0,0.0,0.6,0.0,0.6,0.0,0.0,0.0,0.6,0.0,0.0,0.0,0.0,0.0,0.6,0.2,0.0,0.4
P-0199,0.2,0.4,0.2,0.0,0.4,0.6,0.0,0.4,0.6,0.0,0.6,0.0,0.2,0.4,0.2,0.0,0.6,0.0,0.0,0.6,0.0,0.0,0.0,0.4,0.0,0.6,0.0,0.0,0.0,0.4,0.2,0.0,0.0,0.6,0.0,0.0,0.4,0.2,0.2
P-0200,0.0,0.2,0.0,0.6,0.2,0.0,0.6,0.2,0.0,0.0,0.2,0.0,0.0,0.2,0.0,0.0,0.2,0.0,0.0,0.2,0.0,0.0,0.0,0.8,0.0,0.2,0.0,0.0,0.0,0.8,0.6,0.0,0.0,0.2,0.0,0.0,0.2,0.0,0.0
P-0201,0.8,0.2,0.0,0.0,0.6,0.0,0.0,0.6,0.0,0.0,0.2,0.0,0.0,0.2,0.0,0.4,0.2,0.0,0.4,0.2,0.0,0.8,0.0,0.2,0.0,0.2,0.8,0.4,0.0,0.2,0.0,0.0,0.0,0.2,0.8,0.0,0.2,0.0,0.8
P-0202,0.2,0.2,0.4,0.0,0.8,0.2,0.0,1.0,0.0,0.2,0.6,0.0,0.2,0.6,0.0,0.2,0.2,0.4,0.0,0.4,0.4,0.4,0.2,0.0,0.4,0.2,0.2,0.4,0.2,0.0,0.0,0.0,0.0,0.0,0.2,0.6,0.2,0.6,0.2
P-0203,0.2,0.2,0.4,0.4,0.6,0.0,0.4,0.2,0.0,0.0,0.6,0.0,0.0,0.6,0.0,0.4,0.0,0.2,0.0,0.6,0.0,0.0,1.0,0.0,0.4,0.2,0.2,0.0,1.0,0.0,0.2,0.2,0.2,0.0,0.4,0.6,0.2,0.4,0.2
P-0204,0.6,0.0,0.2,0.4,0.2,0.0,0.0,0.2,0.0,0.4,0.2,0.0,0.4,0.2,0.0,0.6,0.0,0.2,0.2,0.2,0.4,0.6,0.2,0.0,0.2,0.0,0.6,0.6,0.2,0.0,0.0,0.0,0.0,0.2,0.2,0.4,0.2,0.4,0.4
P-0205,0.0,0.4,0.4,0.0,0.8,0.0,0.0,0.8,0.0,0.0,0.8,0.0,0.0,0.8,0.0,0.0,0.4,0.4,0.0,0.4,0.4,0.0,0.4,0.4,0.4,0.4,0.0,0.0,0.4,0.4,0.0,0.0,0.0,0.4,0.0,0.0,0.4,0.4,0.0
P-0206,0.2,0.0,0.2,0.2,0.6,0.0,0.2,0.6,0.0,0.0,0.2,0.0,0.0,0.2,0.0,0.6,0.0,0.2,0.2,0.0,0.2,0.2,0.2,0.2,0.2,0.0,0.2,0.6,0.2,0.2,0.0,0.2,0.2,0.2,0.0,0.4,0.0,0.2,0.2
P-0209,0.2,0.2,0.2,0.4,0.0,0.4,0.4,0.0,0.4,0.2,0.2,0.2,0.4,0.0,0.2,0.0,0.4,0.0,0.2,0.2,0.2,0.0,0.0,0.6,0.0,0.4,0.0,0.0,0.0,0.6,0.0,0.0,0.0,0.0,0.2,0.2,0.2,0.2,0.2
P-0210,0.0,0.0,0.6,0.0,0.0,0.0,0.0,0.0,0.0,0.0,0.0,0.0,0.0,0.0,0.2,0.0,0.6,0.0,0.0,0.0,0.0,0.0,0.0,0.4,0.0,0.0,0.0,0.0,0.0,0.4,0.0,0.0,0.0,0.4,0.0,0.0,0.0,0.6,0.0
P-0211,0.4,0.0,0.2,0.2,0.4,0.2,0.2,0.4,0.2,0.0,0.2,0.0,0.2,0.0,0.2,0.6,0.2,0.0,0.4,0.0,0.2,0.0,0.6,0.0,0.2,0.0,0.4,0.2,0.4,0.2,0.4,0.0,0.0,0.2,0.2,0.2,0.0,0.2,0.4
P-0212,0.0,0.0,0.6,0.2,0.4,0.2,0.0,0.4,0.0,0.0,0.0,0.6,0.2,0.4,0.2,0.0,0.0,0.4,0.0,0.0,0.6,0.4,0.2,0.0,0.6,0.0,0.0,0.4,0.2,0.0,0.0,0.0,0.0,0.2,0.2,0.4,0.0,0.0,0.0
P-0213,0.0,0.2,0.2,0.4,0.0,0.0,0.4,0.0,0.0,0.0,0.2,0.2,0.4,0.0,0.0,0.0,0.2,0.2,0.0,0.2,0.2,0.6,0.0,0.0,0.2,0.2,0.0,0.6,0.0,0.0,0.0,0.0,0.4,0.2,0.4,0.2,0.2,0.0,0.0
P-0214,0.4,0.2,0.2,0.8,0.0,0.0,0.4,0.0,0.0,0.4,0.2,0.2,0.8,0.0,0.0,0.4,0.2,0.2,0.2,0.4,0.4,0.6,0.0,0.0,0.2,0.2,0.4,0.6,0.0,0.0,0.0,0.0,0.4,0.0,0.6,0.4,0.6,0.0,0.0
P-0215,0.0,0.2,0.6,0.2,0.6,0.2,0.0,0.8,0.0,0.0,0.6,0.2,0.2,0.6,0.2,0.0,0.2,0.6,0.0,0.4,0.4,0.2,0.4,0.0,0.6,0.2,0.0,0.2,0.4,0.0,0.0,0.0,0.0,0.2,0.2,0.6,0.2,0.4,0.0
P-0216,0.0,0.0,0.6,0.2,0.4,0.2,0.0,0.6,0.0,0.0,0.0,0.6,0.4,0.2,0.2,0.0,0.0,0.6,0.0,0.0,0.6,0.6,0.0,0.0,0.6,0.0,0.0,0.6,0.0,0.0,0.0,0.0,0.0,0.2,0.4,0.2,0.0,0.0,0.0
P-0217,0.0,0.0,0.4,0.2,0.2,0.2,0.0,0.4,0.0,0.0,0.2,0.2,0.4,0.0,0.4,0.0,0.0,0.4,0.0,0.2,0.2,0.4,0.0,0.0,0.4,0.0,0.0,0.4,0.0,0.0,0.0,0.0,0.0,0.4,0.4,0.0,0.0,0.2,0.0
P-0219,0.0,0.0,0.6,0.6,0.0,0.4,0.2,0.0,0.4,0.2,0.2,0.0,0.6,0.0,0.0,0.0,0.4,0.2,0.0,0.0,0.6,0.2,0.0,0.4,0.2,0.0,0.0,0.2,0.0,0.4,0.0,0.0,0.0,0.2,0.2,0.0,0.0,0.8,0.0
P-0220,0.2,0.2,0.0,0.2,0.0,0.2,0.2,0.0,0.2,0.2,0.2,0.0,0.0,0.2,0.2,0.2,0.2,0.0,0.2,0.2,0.0,0.0,0.2,0.2,0.0,0.2,0.2,0.2,0.0,0.4,0.0,0.0,0.4,0.2,0.0,0.2,0.4,0.0,0.0
P-0221,0.4,0.0,0.2,0.2,0.0,0.2,0.2,0.0,0.2,0.4,0.0,0.2,0.2,0.0,0.2,0.2,0.2,0.0,0.2,0.2,0.0,0.2,0.4,0.0,0.0,0.2,0.2,0.0,0.2,0.2,0.0,0.0,0.4,0.2,0.2,0.0,0.2,0.2,0.2
P-0223,0.2,0.6,0.0,0.2,0.4,0.2,0.2,0.2,0.2,0.2,0.6,0.0,0.2,0.4,0.2,0.4,0.4,0.0,0.2,0.6,0.0,0.2,0.0,0.2,0.0,0.6,0.2,0.2,0.0,0.2,0.0,0.0,0.8,0.4,0.0,0.2,0.8,0.0,0.0
P-0224,0.4,0.0,0.4,0.8,0.0,0.0,0.4,0.0,0.0,0.6,0.4,0.0,0.8,0.0,0.0,0.4,0.0,0.4,0.2,0.4,0.4,0.8,0.0,0.0,0.4,0.0,0.4,0.8,0.0,0.0,0.0,0.0,0.4,0.2,0.2,0.2,0.4,0.6,0.0
P-0226,0.4,0.0,0.2,0.4,0.2,0.0,0.0,0.2,0.0,0.4,0.0,0.2,0.0,0.2,0.0,0.4,0.0,0.2,0.4,0.0,0.2,0.2,0.4,0.2,0.2,0.0,0.4,0.2,0.4,0.2,0.2,0.2,0.2,0.0,0.4,0.2,0.4,0.0,0.0
P-0227,0.4,0.2,0.2,0.0,0.8,0.0,0.0,0.4,0.0,0.2,0.8,0.0,0.4,0.4,0.0,0.6,0.0,0.0,0.2,0.4,0.4,0.2,0.6,0.2,0.4,0.4,0.2,0.2,0.6,0.2,0.0,0.0,0.6,0.2,0.2,0.2,0.4,0.2,0.2
P-0229,0.0,0.2,0.2,0.0,0.4,0.0,0.0,0.4,0.0,0.0,0.2,0.2,0.0,0.4,0.0,0.0,0.2,0.2,0.0,0.2,0.2,0.0,0.2,0.2,0.2,0.2,0.0,0.0,0.2,0.2,0.0,0.0,0.0,0.2,0.0,0.2,0.2,0.0,0.0
P-0230,0.0,0.0,0.4,0.0,0.6,0.0,0.0,0.6,0.0,0.0,0.2,0.2,0.2,0.2,0.2,0.4,0.2,0.2,0.0,0.0,0.4,0.0,0.4,0.0,0.4,0.0,0.0,0.2,0.4,0.0,0.0,0.0,0.0,0.0,0.0,0.4,0.0,0.2,0.0
P-0231,0.4,0.0,0.4,0.2,0.4,0.0,0.0,0.4,0.0,0.4,0.0,0.4,0.2,0.4,0.0,0.4,0.0,0.4,0.0,0.0,0.6,0.4,0.4,0.0,0.4,0.0,0.4,0.4,0.4,0.0,0.0,0.0,0.0,0.0,0.2,0.4,0.4,0.0,0.0
P-0232,0.4,0.0,0.4,0.0,0.4,0.0,0.0,0.4,0.0,0.2,0.0,0.4,0.0,0.4,0.0,0.4,0.0,0.4,0.2,0.0,0.4,0.4,0.4,0.0,0.4,0.0,0.4,0.4,0.4,0.0,0.0,0.0,0.0,0.0,0.4,0.4,0.2,0.0,0.2
P-0233,0.4,0.0,0.4,0.2,0.4,0.0,0.0,0.4,0.0,0.4,0.0,0.4,0.2,0.4,0.0,0.4,0.0,0.4,0.2,0.2,0.4,0.4,0.4,0.0,0.4,0.0,0.4,0.4,0.4,0.0,0.0,0.0,0.0,0.0,0.2,0.4,0.2,0.2,0.2
P-0234,0.6,0.0,0.4,0.2,0.4,0.0,0.0,0.4,0.0,0.4,0.0,0.4,0.0,0.4,0.0,0.6,0.0,0.4,0.2,0.0,0.4,0.4,0.6,0.0,0.4,0.0,0.6,0.4,0.6,0.0,0.2,0.0,0.0,0.0,0.2,0.4,0.2,0.0,0.4
P-0235,0.0,0.4,0.4,0.2,0.6,0.2,0.2,0.6,0.2,0.0,0.4,0.4,0.0,0.8,0.0,0.0,0.4,0.4,0.2,0.2,0.6,0.0,0.4,0.4,0.4,0.4,0.0,0.0,0.4,0.4,0.4,0.0,0.0,0.2,0.2,0.6,0.4,0.0,0.0
P-0236,0.2,0.2,0.2,0.2,0.4,0.0,0.0,0.4,0.0,0.2,0.2,0.2,0.2,0.4,0.0,0.2,0.2,0.2,0.2,0.2,0.4,0.2,0.2,0.2,0.2,0.2,0.2,0.2,0.2,0.2,0.0,0.0,0.0,0.0,0.2,0.4,0.2,0.2,0.2
P-0237,0.2,0.2,0.2,0.0,0.6,0.0,0.0,0.6,0.0,0.0,0.2,0.2,0.0,0.4,0.0,0.4,0.2,0.2,0.0,0.0,0.4,0.2,0.2,0.2,0.2,0.2,0.2,0.4,0.2,0.2,0.0,0.0,0.0,0.0,0.0,0.8,0.2,0.0,0.2
P-0238,0.0,0.0,0.6,0.0,0.6,0.0,0.0,0.6,0.0,0.4,0.4,0.2,0.0,0.6,0.0,0.2,0.2,0.4,0.2,0.2,0.4,0.0,0.6,0.0,0.6,0.0,0.0,0.2,0.4,0.2,0.0,0.0,0.0,0.0,0.0,0.6,0.0,0.8,0.0
P-0239,0.6,0.2,0.2,0.0,0.8,0.0,0.0,0.8,0.0,0.0,0.2,0.2,0.0,0.4,0.0,0.2,0.2,0.2,0.4,0.2,0.2,0.6,0.2,0.2,0.2,0.2,0.6,0.2,0.2,0.2,0.0,0.0,0.0,0.2,0.6,0.2,0.2,0.0,0.6
P-0240,0.0,0.0,0.6,0.0,0.6,0.0,0.0,0.6,0.0,0.4,0.4,0.2,0.0,0.6,0.0,0.0,0.0,0.6,0.4,0.4,0.2,0.0,0.6,0.0,0.6,0.0,0.0,0.0,0.6,0.0,0.0,0.0,0.0,0.0,0.0,0.6,0.0,0.8,0.0
P-0241,0.2,0.0,0.4,0.0,0.4,0.0,0.0,0.4,0.0,0.0,0.2,0.2,0.0,0.4,0.0,0.2,0.0,0.4,0.2,0.2,0.2,0.2,0.4,0.0,0.4,0.0,0.2,0.2,0.4,0.0,0.0,0.0,0.0,0.0,0.0,0.4,0.0,0.2,0.2
P-0242,0.2,0.0,0.4,0.0,0.4,0.0,0.0,0.4,0.0,0.2,0.0,0.4,0.0,0.4,0.0,0.2,0.0,0.4,0.2,0.0,0.4,0.2,0.4,0.0,0.4,0.0,0.2,0.2,0.4,0.0,0.0,0.0,0.0,0.0,0.2,0.4,0.2,0.0,0.0
P-0243,0.0,0.4,0.2,0.2,0.4,0.2,0.2,0.4,0.2,0.0,0.4,0.2,0.0,0.6,0.0,0.0,0.4,0.2,0.2,0.2,0.4,0.0,0.2,0.4,0.2,0.4,0.0,0.0,0.2,0.4,0.4,0.0,0.0,0.2,0.2,0.4,0.4,0.0,0.0
P-0244,0.4,0.0,0.0,0.2,0.0,0.0,0.2,0.0,0.0,0.4,0.0,0.0,0.2,0.0,0.0,0.2,0.0,0.0,0.0,0.0,0.2,0.2,0.0,0.2,0.0,0.0,0.2,0.2,0.0,0.2,0.0,0.0,0.0,0.0,0.2,0.0,0.2,0.0,0.2
P-0245,0.2,0.0,0.0,0.0,0.0,0.0,0.0,0.0,0.0,0.2,0.0,0.0,0.0,0.0,0.0,0.2,0.0,0.0,0.0,0.0,0.0,0.2,0.0,0.0,0.0,0.0,0.2,0.2,0.0,0.0,0.0,0.0,0.0,0.0,0.0,0.0,0.2,0.0,0.0
P-0246,0.0,0.4,0.2,0.4,0.2,0.0,0.4,0.2,0.0,0.0,0.4,0.2,0.4,0.2,0.0,0.0,0.4,0.2,0.0,0.0,0.6,0.0,0.2,0.4,0.2,0.4,0.0,0.0,0.2,0.4,0.0,0.0,0.0,0.0,0.4,0.2,0.2,0.2,0.2
P-0247,0.4,0.0,0.0,0.2,0.0,0.0,0.0,0.0,0.0,0.4,0.0,0.0,0.2,0.0,0.0,0.4,0.0,0.0,0.0,0.0,0.2,0.4,0.0,0.0,0.0,0.0,0.4,0.4,0.0,0.0,0.0,0.0,0.0,0.0,0.2,0.0,0.4,0.0,0.0
P-0248,0.4,0.0,0.0,0.4,0.0,0.0,0.4,0.0,0.0,0.4,0.0,0.0,0.4,0.0,0.0,0.4,0.0,0.0,0.0,0.0,0.4,0.2,0.2,0.2,0.0,0.0,0.4,0.2,0.2,0.2,0.0,0.0,0.0,0.0,0.4,0.0,0.2,0.2,0.2
P-0249,0.4,0.0,0.0,0.0,0.0,0.0,0.0,0.0,0.0,0.2,0.0,0.0,0.0,0.0,0.0,0.4,0.0,0.0,0.2,0.0,0.0,0.4,0.0,0.0,0.0,0.0,0.4,0.4,0.0,0.0,0.0,0.0,0.0,0.0,0.0,0.0,0.2,0.0,0.2
P-0250,0.4,0.0,0.0,0.2,0.0,0.0,0.0,0.0,0.0,0.4,0.0,0.0,0.2,0.0,0.0,0.4,0.0,0.0,0.2,0.2,0.0,0.4,0.0,0.0,0.0,0.0,0.4,0.4,0.0,0.0,0.0,0.0,0.0,0.0,0.2,0.0,0.2,0.2,0.2
P-0251,0.0,0.4,0.4,0.4,0.4,0.0,0.4,0.4,0.0,0.0,0.4,0.4,0.4,0.4,0.0,0.0,0.4,0.4,0.0,0.0,0.8,0.0,0.4,0.4,0.4,0.4,0.0,0.0,0.4,0.4,0.0,0.0,0.0,0.0,0.4,0.4,0.2,0.2,0.2
P-0252,0.4,0.0,0.0,0.2,0.0,0.0,0.0,0.0,0.0,0.4,0.0,0.0,0.2,0.0,0.0,0.4,0.0,0.0,0.0,0.0,0.2,0.4,0.0,0.0,0.0,0.0,0.4,0.4,0.0,0.0,0.0,0.0,0.0,0.0,0.2,0.0,0.4,0.0,0.0
P-0253,0.6,0.0,0.0,0.4,0.0,0.0,0.0,0.0,0.0,0.6,0.0,0.0,0.4,0.0,0.0,0.6,0.0,0.0,0.0,0.2,0.2,0.4,0.0,0.0,0.0,0.0,0.6,0.4,0.0,0.0,0.0,0.0,0.2,0.0,0.4,0.0,0.6,0.0,0.0
P-0254,0.4,0.0,0.0,0.4,0.0,0.0,0.4,0.0,0.0,0.4,0.0,0.0,0.4,0.0,0.0,0.4,0.0,0.0,0.0,0.0,0.4,0.2,0.2,0.2,0.0,0.0,0.4,0.2,0.2,0.2,0.0,0.0,0.0,0.0,0.4,0.0,0.2,0.2,0.2
P-0255,0.4,0.0,0.0,0.0,0.0,0.0,0.0,0.0,0.0,0.4,0.0,0.0,0.0,0.0,0.0,0.4,0.0,0.0,0.4,0.0,0.0,0.4,0.0,0.0,0.0,0.0,0.4,0.4,0.0,0.0,0.0,0.0,0.0,0.0,0.0,0.0,0.2,0.2,0.2
P-0256,0.4,0.0,0.2,0.2,0.0,0.2,0.0,0.2,0.0,0.4,0.0,0.2,0.2,0.0,0.0,0.4,0.0,0.2,0.2,0.2,0.0,0.6,0.0,0.0,0.2,0.0,0.4,0.6,0.0,0.0,0.0,0.0,0.0,0.0,0.2,0.0,0.2,0.2,0.2
P-0257,0.4,0.0,0.0,0.0,0.0,0.0,0.0,0.0,0.0,0.2,0.0,0.0,0.0,0.0,0.0,0.4,0.0,0.0,0.2,0.0,0.0,0.4,0.0,0.0,0.0,0.0,0.4,0.4,0.0,0.0,0.0,0.0,0.0,0.0,0.4,0.0,0.2,0.0,0.2
P-0258,0.8,0.0,0.0,0.4,0.2,0.0,0.0,0.2,0.0,0.2,0.2,0.0,0.2,0.0,0.0,0.6,0.0,0.0,0.4,0.0,0.2,0.2,0.4,0.2,0.0,0.2,0.6,0.2,0.4,0.2,0.4,0.0,0.0,0.0,0.4,0.2,0.6,0.0,0.2
P-0260,0.0,0.0,0.4,0.2,0.0,0.4,0.2,0.2,0.2,0.0,0.0,0.4,0.2,0.0,0.4,0.0,0.0,0.4,0.0,0.0,0.2,0.4,0.0,0.0,0.4,0.0,0.0,0.4,0.0,0.0,0.0,0.0,0.0,0.2,0.0,0.2,0.0,0.0,0.0
P-0261,0.0,0.0,0.4,0.0,0.4,0.0,0.0,0.4,0.0,0.0,0.0,0.4,0.4,0.0,0.0,0.2,0.2,0.2,0.0,0.0,0.4,0.2,0.2,0.2,0.4,0.0,0.0,0.2,0.2,0.2,0.0,0.0,0.0,0.2,0.2,0.2,0.0,0.4,0.0
P-0262,0.0,0.0,0.4,0.0,0.4,0.4,0.0,0.4,0.4,0.0,0.0,0.4,0.4,0.0,0.0,0.2,0.2,0.2,0.0,0.0,0.4,0.2,0.2,0.2,0.4,0.0,0.0,0.2,0.2,0.2,0.0,0.0,0.0,0.2,0.2,0.2,0.0,0.4,0.0
P-0263,0.2,0.0,0.0,0.0,0.4,0.0,0.0,0.4,0.0,0.0,0.2,0.2,0.4,0.0,0.0,0.2,0.0,0.0,0.0,0.2,0.2,0.0,0.2,0.2,0.2,0.2,0.0,0.0,0.2,0.2,0.0,0.0,0.0,0.2,0.0,0.2,0.0,0.2,0.2
P-0264,0.4,0.0,0.0,0.0,0.6,0.0,0.0,0.6,0.0,0.0,0.4,0.2,0.6,0.0,0.0,0.2,0.0,0.0,0.0,0.4,0.2,0.0,0.2,0.4,0.2,0.4,0.0,0.0,0.2,0.4,0.0,0.0,0.0,0.4,0.0,0.2,0.0,0.2,0.4
P-0265,0.0,0.0,0.4,0.0,0.4,0.4,0.0,0.4,0.4,0.0,0.0,0.4,0.4,0.0,0.0,0.2,0.2,0.2,0.0,0.0,0.4,0.2,0.2,0.2,0.4,0.0,0.0,0.2,0.2,0.2,0.0,0.0,0.0,0.2,0.2,0.2,0.0,0.4,0.0
P-0266,0.2,0.0,0.0,0.0,0.4,0.0,0.0,0.4,0.0,0.0,0.2,0.2,0.4,0.0,0.0,0.2,0.0,0.0,0.2,0.2,0.2,0.0,0.2,0.2,0.2,0.2,0.0,0.0,0.2,0.2,0.0,0.0,0.0,0.2,0.2,0.2,0.0,0.2,0.2
P-0268,0.4,0.2,0.2,0.2,0.2,0.2,0.2,0.2,0.2,0.0,0.2,0.2,0.0,0.4,0.0,0.4,0.2,0.2,0.2,0.2,0.2,0.4,0.2,0.2,0.2,0.2,0.4,0.4,0.2,0.2,0.4,0.0,0.0,0.4,0.0,0.4,0.2,0.0,0.4
P-0269,0.2,0.4,0.4,0.2,0.2,0.6,0.0,0.4,0.4,0.2,0.4,0.4,0.4,0.4,0.0,0.2,0.4,0.4,0.0,0.4,0.4,0.6,0.0,0.4,0.4,0.4,0.2,0.6,0.0,0.4,0.4,0.0,0.0,0.2,0.2,0.2,0.6,0.0,0.0
P-0270,0.0,0.0,0.4,0.0,0.2,0.6,0.2,0.2,0.6,0.0,0.0,0.4,0.0,0.2,0.6,0.0,0.0,0.4,0.0,0.0,0.2,0.4,0.0,0.0,0.4,0.0,0.0,0.4,0.0,0.0,0.0,0.0,0.0,0.2,0.0,0.2,0.0,0.0,0.0
P-0271,0.6,0.0,0.0,0.6,0.2,0.2,0.4,0.4,0.0,0.4,0.2,0.2,0.4,0.0,0.0,0.6,0.0,0.0,0.2,0.4,0.0,0.2,0.4,0.4,0.2,0.2,0.4,0.2,0.4,0.4,0.4,0.0,0.0,0.4,0.2,0.0,0.4,0.2,0.2
P-0272,0.6,0.0,0.0,0.4,0.4,0.0,0.4,0.4,0.0,0.4,0.2,0.2,0.4,0.0,0.0,0.6,0.0,0.0,0.4,0.2,0.2,0.2,0.4,0.4,0.2,0.2,0.4,0.2,0.4,0.4,0.4,0.0,0.0,0.2,0.4,0.2,0.4,0.2,0.2
P-0274,0.0,0.4,0.2,0.2,0.4,0.0,0.2,0.4,0.0,0.0,0.4,0.2,0.4,0.2,0.2,0.0,0.4,0.2,0.0,0.0,0.6,0.2,0.0,0.6,0.2,0.4,0.0,0.2,0.0,0.6,0.0,0.0,0.0,0.2,0.4,0.2,0.2,0.0,0.2
P-0278,0.2,0.0,0.4,0.4,0.0,0.4,0.2,0.2,0.2,0.2,0.0,0.4,0.4,0.0,0.0,0.2,0.0,0.4,0.0,0.2,0.2,0.4,0.2,0.2,0.4,0.0,0.2,0.4,0.2,0.2,0.0,0.0,0.0,0.0,0.6,0.0,0.0,0.6,0.2
P-0279,0.2,0.0,0.4,0.6,0.0,0.4,0.2,0.2,0.2,0.4,0.0,0.4,0.4,0.0,0.0,0.2,0.0,0.4,0.0,0.2,0.2,0.2,0.4,0.2,0.4,0.0,0.2,0.2,0.4,0.2,0.2,0.0,0.0,0.0,0.6,0.0,0.0,0.6,0.2
P-0280,0.0,0.0,0.6,0.6,0.0,0.2,0.6,0.0,0.2,0.0,0.0,0.6,0.6,0.0,0.0,0.0,0.0,0.6,0.0,0.0,0.6,0.0,0.6,0.2,0.6,0.0,0.0,0.0,0.6,0.2,0.0,0.0,0.0,0.0,0.6,0.0,0.0,0.8,0.0
P-0281,0.0,0.4,0.4,0.6,0.4,0.0,0.4,0.4,0.0,0.0,0.4,0.4,0.6,0.4,0.0,0.0,0.4,0.4,0.0,0.0,1.0,0.0,0.4,0.4,0.4,0.4,0.0,0.0,0.4,0.4,0.0,0.0,0.0,0.0,0.6,0.4,0.2,0.2,0.2
P-0282,0.0,0.4,0.4,0.4,0.4,0.0,0.4,0.4,0.0,0.2,0.4,0.4,0.4,0.4,0.0,0.0,0.4,0.4,0.0,0.0,0.8,0.0,0.4,0.4,0.4,0.4,0.0,0.0,0.4,0.4,0.0,0.0,0.0,0.0,0.4,0.6,0.2,0.4,0.2
P-0283,0.0,0.2,0.6,0.4,0.4,0.0,0.4,0.4,0.0,0.0,0.6,0.2,0.8,0.0,0.0,0.0,0.2,0.6,0.2,0.4,0.4,0.4,0.4,0.0,0.6,0.2,0.0,0.4,0.4,0.0,0.0,0.0,0.2,0.0,0.8,0.0,0.2,0.4,0.0
P-0284,0.2,0.2,0.0,0.2,0.0,0.2,0.2,0.0,0.2,0.2,0.2,0.0,0.0,0.2,0.2,0.2,0.2,0.0,0.0,0.0,0.2,0.4,0.2,0.2,0.0,0.2,0.2,0.2,0.0,0.4,0.0,0.0,0.0,0.2,0.0,0.2,0.4,0.0,0.0
P-0285,0.2,0.6,0.0,0.0,0.6,0.0,0.0,0.6,0.0,0.2,0.6,0.0,0.2,0.4,0.0,0.2,0.6,0.0,0.0,0.0,0.6,0.2,0.0,0.4,0.0,0.6,0.2,0.2,0.0,0.4,0.0,0.0,0.0,0.0,0.2,0.4,0.8,0.0,0.0
P-0286,0.4,0.0,0.2,0.2,0.0,0.0,0.2,0.0,0.0,0.4,0.0,0.2,0.2,0.0,0.0,0.4,0.0,0.2,0.0,0.0,0.2,0.6,0.0,0.0,0.2,0.0,0.4,0.6,0.0,0.0,0.0,0.0,0.0,0.2,0.2,0.0,0.4,0.0,0.0
P-0287,0.6,0.2,0.0,0.6,0.0,0.0,0.2,0.0,0.0,0.6,0.2,0.0,0.6,0.0,0.0,0.6,0.2,0.0,0.0,0.4,0.2,0.6,0.0,0.0,0.0,0.2,0.6,0.6,0.0,0.0,0.0,0.0,0.4,0.0,0.4,0.2,0.8,0.0,0.0
P-0288,0.4,0.0,0.0,0.4,0.0,0.0,0.4,0.0,0.0,0.4,0.0,0.0,0.4,0.0,0.0,0.4,0.0,0.0,0.0,0.0,0.4,0.2,0.2,0.2,0.0,0.0,0.4,0.2,0.2,0.2,0.0,0.0,0.0,0.0,0.4,0.0,0.2,0.2,0.2
P-0289,0.4,0.0,0.0,0.6,0.0,0.0,0.0,0.0,0.0,0.8,0.0,0.0,0.6,0.0,0.0,0.4,0.0,0.0,0.0,0.0,0.6,0.4,0.0,0.0,0.0,0.0,0.4,0.4,0.0,0.0,0.0,0.0,0.0,0.4,0.2,0.0,0.4,0.4,0.0
P-0290,0.2,0.0,0.0,0.0,0.0,0.0,0.0,0.0,0.0,0.2,0.0,0.0,0.0,0.0,0.0,0.2,0.0,0.0,0.4,0.0,0.0,0.2,0.0,0.0,0.0,0.0,0.2,0.2,0.0,0.0,0.0,0.0,0.0,0.0,0.4,0.0,0.2,0.0,0.0
P-0291,0.6,0.0,0.0,0.2,0.2,0.2,0.0,0.4,0.0,0.4,0.2,0.2,0.4,0.0,0.0,0.2,0.0,0.0,0.2,0.4,0.0,0.2,0.0,0.4,0.0,0.4,0.2,0.2,0.0,0.4,0.4,0.0,0.0,0.4,0.2,0.0,0.2,0.0,0.4
P-0292,0.4,0.0,0.0,0.0,0.2,0.0,0.0,0.2,0.0,0.6,0.0,0.0,0.0,0.0,0.0,0.6,0.0,0.0,0.4,0.0,0.0,0.4,0.0,0.0,0.0,0.0,0.4,0.6,0.0,0.0,0.0,0.0,0.0,0.0,0.0,0.0,0.2,0.4,0.2
P-0293,0.4,0.0,0.0,0.0,0.4,0.0,0.0,0.4,0.0,0.2,0.4,0.0,0.4,0.0,0.0,0.8,0.0,0.0,0.2,0.4,0.0,0.4,0.4,0.0,0.4,0.0,0.4,0.4,0.4,0.0,0.0,0.0,0.0,0.0,0.0,0.4,0.2,0.0,0.2
P-0295,0.4,0.0,0.2,0.0,0.2,0.0,0.0,0.2,0.0,0.4,0.0,0.2,0.0,0.2,0.0,0.4,0.0,0.2,0.4,0.0,0.2,0.4,0.2,0.0,0.2,0.0,0.4,0.4,0.2,0.0,0.0,0.0,0.0,0.0,0.4,0.2,0.2,0.2,0.2
P-0296,0.4,0.0,0.4,0.2,0.0,0.4,0.0,0.4,0.0,0.4,0.0,0.4,0.2,0.0,0.0,0.4,0.0,0.4,0.2,0.2,0.0,0.8,0.0,0.0,0.4,0.0,0.4,0.8,0.0,0.0,0.0,0.0,0.0,0.0,0.2,0.0,0.2,0.2,0.2
P-0297,0.4,0.0,0.2,0.4,0.2,0.0,0.0,0.2,0.0,0.6,0.2,0.0,0.6,0.0,0.0,0.4,0.0,0.2,0.2,0.2,0.4,0.6,0.0,0.0,0.2,0.0,0.4,0.6,0.0,0.0,0.0,0.0,0.0,0.4,0.2,0.0,0.2,0.6,0.2
P-0298,0.4,0.2,0.2,0.4,0.0,0.0,0.4,0.0,0.0,0.2,0.4,0.0,0.2,0.2,0.2,0.4,0.2,0.2,0.0,0.0,0.4,0.6,0.0,0.0,0.2,0.2,0.4,0.6,0.0,0.0,0.0,0.0,0.0,0.0,0.0,0.4,0.4,0.2,0.2
P-0300,0.2,0.4,0.0,0.2,0.2,0.2,0.2,0.2,0.2,0.2,0.4,0.0,0.2,0.2,0.2,0.2,0.4,0.0,0.0,0.0,0.4,0.6,0.0,0.0,0.0,0.4,0.2,0.2,0.0,0.0,0.0,0.0,0.0,0.0,0.0,0.4,0.6,0.0,0.0
P-0301,0.6,0.2,0.0,0.2,0.4,0.2,0.2,0.4,0.2,0.2,0.6,0.0,0.4,0.2,0.0,0.2,0.2,0.0,0.2,0.2,0.4,0.2,0.0,0.6,0.0,0.6,0.2,0.2,0.0,0.6,0.4,0.0,0.0,0.2,0.2,0.4,0.4,0.0,0.4
P-0302,0.6,0.0,0.0,0.0,0.0,0.0,0.0,0.0,0.0,0.6,0.0,0.0,0.0,0.0,0.0,0.6,0.0,0.0,0.6,0.0,0.0,0.4,0.0,0.0,0.0,0.0,0.6,0.4,0.0,0.0,0.0,0.0,0.2,0.0,0.4,0.0,0.4,0.2,0.2
P-0303,0.4,0.2,0.2,0.0,0.2,0.6,0.0,0.2,0.6,0.2,0.4,0.0,0.2,0.2,0.2,0.2,0.4,0.0,0.2,0.4,0.0,0.2,0.0,0.2,0.0,0.4,0.2,0.2,0.0,0.2,0.2,0.0,0.0,0.4,0.2,0.0,0.4,0.2,0.2
P-0304,0.6,0.0,0.0,0.0,0.0,0.0,0.0,0.0,0.0,0.2,0.0,0.0,0.0,0.0,0.0,0.6,0.0,0.0,0.6,0.0,0.0,0.6,0.0,0.0,0.0,0.0,0.6,0.6,0.0,0.0,0.0,0.0,0.0,0.2,0.4,0.2,0.2,0.0,0.4
P-0305,0.4,0.0,0.0,0.0,0.2,0.0,0.0,0.2,0.0,0.2,0.2,0.0,0.2,0.0,0.0,0.2,0.0,0.0,0.6,0.2,0.0,0.2,0.0,0.2,0.0,0.2,0.2,0.2,0.0,0.2,0.0,0.0,0.0,0.2,0.6,0.0,0.2,0.0,0.2
P-0306,0.4,0.0,0.0,0.0,0.2,0.0,0.0,0.2,0.0,0.2,0.2,0.0,0.2,0.0,0.0,0.6,0.0,0.0,0.2,0.2,0.0,0.4,0.2,0.0,0.2,0.0,0.4,0.4,0.2,0.0,0.0,0.0,0.0,0.0,0.4,0.2,0.2,0.0,0.2
P-0307,0.4,0.0,0.0,0.0,0.4,0.0,0.0,0.4,0.0,0.2,0.4,0.0,0.4,0.0,0.0,0.8,0.0,0.0,0.2,0.4,0.0,0.4,0.4,0.0,0.4,0.0,0.4,0.4,0.4,0.0,0.0,0.0,0.0,0.0,0.4,0.4,0.2,0.0,0.2
P-0308,0.4,0.0,0.0,0.0,0.4,0.0,0.0,0.4,0.0,0.2,0.4,0.0,0.4,0.0,0.0,0.8,0.0,0.0,0.2,0.4,0.0,0.4,0.4,0.0,0.4,0.0,0.4,0.4,0.4,0.0,0.0,0.0,0.0,0.0,0.4,0.4,0.2,0.0,0.2
P-0310,0.2,0.2,0.6,0.2,0.4,0.4,0.0,0.8,0.0,0.0,0.0,0.8,0.0,0.6,0.2,0.2,0.2,0.6,0.2,0.2,0.4,0.6,0.2,0.2,0.6,0.2,0.2,0.6,0.2,0.2,0.4,0.0,0.0,0.4,0.2,0.4,0.4,0.0,0.0
P-0311,0.4,0.0,0.0,0.6,0.0,0.0,0.0,0.0,0.0,0.8,0.0,0.0,0.6,0.0,0.0,0.4,0.0,0.0,0.4,0.4,0.2,0.4,0.0,0.0,0.0,0.0,0.4,0.4,0.0,0.0,0.0,0.0,0.0,0.0,0.6,0.0,0.2,0.6,0.2
P-0312,0.2,0.2,0.2,0.0,0.4,0.0,0.0,0.4,0.0,0.6,0.2,0.2,0.0,0.4,0.0,0.2,0.2,0.2,0.4,0.0,0.4,0.2,0.2,0.2,0.2,0.2,0.2,0.2,0.2,0.2,0.0,0.0,0.0,0.0,0.0,0.4,0.4,0.4,0.0
P-0313,0.0,0.0,0.2,0.0,0.2,0.0,0.0,0.2,0.0,0.8,0.0,0.2,0.0,0.2,0.0,0.0,0.0,0.2,0.8,0.0,0.2,0.0,0.2,0.0,0.2,0.0,0.0,0.0,0.2,0.0,0.0,0.0,0.0,0.0,0.0,0.2,0.0,0.8,0.0
P-0314,0.0,0.2,0.2,0.4,0.0,0.4,0.4,0.0,0.4,0.4,0.2,0.2,0.4,0.0,0.0,0.2,0.4,0.0,0.2,0.4,0.0,0.0,0.2,0.2,0.0,0.4,0.2,0.0,0.2,0.2,0.0,0.0,0.2,0.4,0.2,0.0,0.2,0.4,0.0
P-0315,0.0,0.0,0.3333333333333333,0.16666666666666666,0.16666666666666666,0.16666666666666666,0.0,0.3333333333333333,0.0,0.3333333333333333,0.16666666666666666,0.16666666666666666,0.16666666666666666,0.16666666666666666,0.16666666666666666,0.0,0.0,0.3333333333333333,0.16666666666666666,0.16666666666666666,0.16666666666666666,0.3333333333333333,0.0,0.0,0.3333333333333333,0.0,0.0,0.3333333333333333,0.0,0.0,0.0,0.0,0.0,0.3333333333333333,0.0,0.16666666666666666,0.0,0.5,0.0
P-0316,0.4,0.0,0.2,0.0,0.2,0.0,0.0,0.2,0.0,0.2,0.2,0.0,0.0,0.2,0.0,0.4,0.0,0.2,0.4,0.0,0.2,0.4,0.2,0.0,0.2,0.0,0.4,0.4,0.2,0.0,0.0,0.0,0.0,0.0,0.0,0.2,0.0,0.4,0.4
P-0317,0.4,0.0,0.0,0.2,0.0,0.0,0.0,0.0,0.0,0.4,0.0,0.0,0.2,0.0,0.0,0.4,0.0,0.0,0.8,0.0,0.2,0.4,0.0,0.0,0.0,0.0,0.4,0.4,0.0,0.0,0.0,0.0,0.0,0.0,0.2,0.0,0.0,0.4,0.4
P-0318,0.0,0.2,0.2,0.0,0.4,0.0,0.0,0.4,0.0,0.2,0.4,0.0,0.0,0.4,0.0,0.0,0.2,0.2,0.0,0.0,0.4,0.0,0.2,0.2,0.2,0.2,0.0,0.0,0.2,0.2,0.0,0.0,0.0,0.0,0.0,0.4,0.2,0.4,0.0
P-0319,0.0,0.0,0.4,0.0,0.4,0.0,0.0,0.4,0.0,0.2,0.4,0.0,0.0,0.4,0.0,0.0,0.0,0.4,0.0,0.0,0.4,0.2,0.2,0.2,0.4,0.0,0.0,0.2,0.2,0.2,0.0,0.0,0.0,0.0,0.0,0.2,0.0,0.6,0.0
P-0320,0.0,0.2,0.2,0.0,0.4,0.0,0.0,0.4,0.0,0.2,0.4,0.0,0.0,0.4,0.0,0.0,0.2,0.2,0.0,0.2,0.2,0.0,0.2,0.2,0.2,0.2,0.0,0.0,0.2,0.2,0.0,0.0,0.2,0.2,0.0,0.2,0.2,0.4,0.0
P-0322,0.0,0.2,0.6,0.0,0.8,0.0,0.0,0.8,0.0,0.2,0.8,0.0,0.0,0.8,0.0,0.0,0.2,0.6,0.0,0.4,0.4,0.2,0.4,0.0,0.6,0.2,0.0,0.2,0.4,0.0,0.0,0.0,0.0,0.0,0.0,0.8,0.2,0.8,0.0
P-0326,0.0,0.0,0.2,0.2,0.0,0.4,0.2,0.0,0.4,0.2,0.2,0.0,0.2,0.0,0.4,0.0,0.0,0.2,0.0,0.0,0.2,0.2,0.0,0.2,0.2,0.0,0.0,0.2,0.0,0.2,0.0,0.0,0.0,0.6,0.0,0.2,0.0,0.6,0.0
P-0328,0.0,0.0,0.8,0.6,0.0,0.0,0.8,0.0,0.0,0.2,0.2,0.6,0.6,0.0,0.0,0.0,0.0,0.8,0.0,0.0,0.6,0.8,0.0,0.0,0.8,0.0,0.0,0.8,0.0,0.0,0.0,0.0,0.0,0.6,0.0,0.2,0.0,0.4,0.0
P-0329,0.0,0.2,0.2,0.2,0.2,0.2,0.2,0.2,0.2,0.0,0.2,0.2,0.2,0.2,0.2,0.0,0.2,0.2,0.2,0.0,0.4,0.2,0.0,0.4,0.2,0.2,0.0,0.2,0.0,0.4,0.0,0.0,0.0,0.0,0.2,0.4,0.2,0.0,0.0
P-0330,0.0,0.0,0.8,0.2,0.4,0.4,0.2,0.6,0.2,0.0,0.0,0.8,0.2,0.4,0.4,0.0,0.0,0.8,0.0,0.0,0.6,0.8,0.0,0.0,0.8,0.0,0.0,0.8,0.0,0.0,0.0,0.0,0.0,0.2,0.0,0.6,0.0,0.0,0.0
P-0331,0.0,0.0,0.4,0.2,0.0,0.4,0.2,0.6,0.2,0.0,0.0,0.4,0.2,0.0,0.4,0.0,0.0,0.8,0.0,0.0,0.2,0.4,0.0,0.4,0.4,0.0,0.0,0.4,0.0,0.4,0.0,0.0,0.0,0.2,0.0,0.2,0.0,0.0,0.0
P-0332,0.0,0.2,0.2,0.4,0.0,0.0,0.4,0.0,0.0,0.0,0.2,0.2,0.4,0.0,0.0,0.0,0.2,0.2,0.0,0.0,0.4,0.2,0.0,0.0,0.2,0.2,0.0,0.2,0.0,0.0,0.0,0.0,0.0,0.0,0.0,0.4,0.2,0.0,0.0
P-0333,0.2,0.2,0.4,0.4,0.2,0.0,0.4,0.2,0.0,0.0,0.4,0.2,0.6,0.0,0.4,0.0,0.4,0.2,0.0,0.0,0.6,0.2,0.0,0.4,0.2,0.4,0.0,0.2,0.0,0.4,0.0,0.0,0.0,0.2,0.0,0.6,0.2,0.2,0.2
P-0334,0.0,0.0,0.8,0.2,0.4,0.4,0.2,0.6,0.2,0.2,0.2,0.6,0.4,0.2,0.2,0.2,0.2,0.6,0.0,0.0,0.6,0.8,0.0,0.0,0.8,0.0,0.0,0.8,0.0,0.0,0.0,0.0,0.0,0.2,0.0,0.6,0.0,0.4,0.0
P-0335,0.2,0.4,0.4,0.8,0.0,0.0,0.8,0.0,0.0,0.2,0.4,0.4,0.8,0.0,0.0,0.2,0.4,0.4,0.2,0.4,0.4,0.4,0.0,0.0,0.4,0.4,0.2,0.4,0.0,0.0,0.0,0.0,0.2,0.4,0.0,0.4,0.6,0.0,0.0
P-0336,0.0,0.0,0.8,0.4,0.4,0.0,0.4,0.4,0.0,0.0,0.6,0.2,0.4,0.4,0.0,0.0,0.0,0.8,0.0,0.0,0.8,0.8,0.0,0.0,0.8,0.0,0.0,0.8,0.0,0.0,0.0,0.0,0.0,0.0,0.0,0.2,0.0,0.6,0.0
P-0337,0.4,0.0,0.4,0.2,0.4,0.2,0.2,0.4,0.2,0.0,0.4,0.2,0.6,0.0,0.0,0.0,0.2,0.2,0.2,0.2,0.4,0.6,0.0,0.2,0.4,0.2,0.2,0.2,0.0,0.2,0.0,0.0,0.0,0.2,0.2,0.4,0.0,0.2,0.4
P-0339,0.0,0.0,0.4,0.4,0.0,0.0,0.4,0.0,0.0,0.0,0.2,0.2,0.4,0.0,0.0,0.0,0.0,0.4,0.0,0.0,0.4,0.4,0.0,0.0,0.4,0.0,0.0,0.4,0.0,0.0,0.0,0.0,0.0,0.0,0.0,0.2,0.0,0.2,0.0
P-0341,0.0,0.0,0.4,0.4,0.4,0.0,0.0,0.0,0.0,0.6,0.0,0.4,0.4,0.4,0.0,0.0,0.0,0.0,0.2,0.4,0.4,0.0,0.4,0.0,0.4,0.0,0.0,0.0,0.4,0.0,0.0,0.0,0.0,0.0,0.4,0.4,0.0,0.6,0.0
P-0342,0.0,0.0,0.2,0.0,0.2,0.4,0.0,0.2,0.4,0.0,0.0,0.2,0.2,0.0,0.4,0.2,0.2,0.0,0.0,0.0,0.2,0.0,0.6,0.2,0.2,0.0,0.0,0.0,0.2,0.6,0.0,0.0,0.0,0.2,0.0,0.2,0.0,0.4,0.0
P-0343,0.0,0.2,0.2,0.0,0.4,0.0,0.0,0.4,0.0,0.0,0.2,0.2,0.4,0.0,0.4,0.2,0.4,0.0,0.0,0.2,0.2,0.0,0.2,0.2,0.2,0.2,0.0,0.0,0.2,0.2,0.0,0.0,0.0,0.2,0.0,0.2,0.2,0.4,0.0
P-0344,0.0,0.4,0.2,0.0,0.6,0.0,0.0,0.6,0.0,0.0,0.4,0.2,0.4,0.2,0.4,0.2,0.6,0.0,0.0,0.0,0.6,0.0,0.2,0.4,0.2,0.4,0.0,0.0,0.2,0.4,0.0,0.0,0.0,0.2,0.2,0.4,0.4,0.4,0.0
P-0345,0.0,0.4,0.2,0.2,0.4,0.0,0.2,0.4,0.0,0.0,0.4,0.2,0.6,0.0,0.4,0.2,0.6,0.0,0.0,0.0,0.6,0.0,0.2,0.4,0.2,0.4,0.0,0.0,0.2,0.4,0.0,0.0,0.0,0.2,0.4,0.2,0.2,0.4,0.2
P-0346,0.4,0.0,0.0,0.0,0.4,0.0,0.0,0.4,0.0,0.2,0.0,0.4,0.4,0.0,0.0,0.8,0.0,0.0,0.2,0.0,0.4,0.4,0.4,0.0,0.4,0.0,0.4,0.4,0.4,0.0,0.0,0.0,0.0,0.0,0.4,0.4,0.2,0.4,0.2
P-0347,0.0,0.0,0.4,0.0,0.4,0.4,0.0,0.4,0.4,0.2,0.0,0.4,0.4,0.0,0.0,0.2,0.2,0.2,0.2,0.0,0.4,0.2,0.2,0.2,0.4,0.0,0.0,0.2,0.2,0.2,0.0,0.0,0.0,0.2,0.2,0.2,0.0,0.6,0.0
P-0348,0.4,0.0,0.2,0.4,0.6,0.0,0.0,0.6,0.0,0.2,0.2,0.4,0.8,0.2,0.0,0.4,0.0,0.2,0.0,0.4,0.6,0.2,0.4,0.2,0.4,0.2,0.2,0.2,0.4,0.2,0.0,0.0,0.0,0.2,0.2,0.4,0.2,0.2,0.2
P-0349,0.6,0.0,0.0,0.2,0.6,0.2,0.0,0.8,0.0,0.2,0.4,0.4,0.8,0.0,0.0,0.6,0.0,0.0,0.0,0.4,0.4,0.2,0.4,0.4,0.4,0.4,0.2,0.2,0.4,0.4,0.0,0.0,0.0,0.4,0.0,0.4,0.2,0.4,0.4
P-0350,0.4,0.0,0.0,0.0,0.4,0.0,0.0,0.4,0.0,0.2,0.2,0.2,0.4,0.0,0.0,0.4,0.0,0.0,0.2,0.2,0.2,0.2,0.2,0.2,0.2,0.2,0.2,0.2,0.2,0.2,0.0,0.0,0.0,0.2,0.2,0.2,0.2,0.2,0.2
P-0351,0.2,0.2,0.0,0.0,0.6,0.0,0.0,0.6,0.0,0.0,0.4,0.2,0.4,0.2,0.0,0.2,0.2,0.0,0.0,0.4,0.2,0.0,0.2,0.4,0.2,0.4,0.0,0.0,0.2,0.4,0.0,0.0,0.0,0.4,0.0,0.2,0.2,0.2,0.2
P-0352,0.4,0.0,0.0,0.0,0.6,0.0,0.0,0.6,0.0,0.0,0.4,0.2,0.6,0.0,0.0,0.2,0.0,0.0,0.0,0.4,0.2,0.0,0.2,0.4,0.2,0.4,0.0,0.0,0.2,0.4,0.0,0.0,0.0,0.4,0.0,0.2,0.0,0.2,0.4
P-0354,0.2,0.0,0.0,0.0,0.8,0.0,0.0,0.8,0.0,0.2,0.4,0.4,0.8,0.0,0.0,0.6,0.0,0.0,0.2,0.4,0.4,0.0,0.6,0.2,0.6,0.2,0.0,0.0,0.6,0.2,0.0,0.0,0.0,0.2,0.0,0.6,0.0,0.6,0.2
P-0355,0.0,0.2,0.2,0.0,0.2,0.6,0.0,0.2,0.6,0.0,0.2,0.2,0.2,0.2,0.2,0.2,0.4,0.0,0.0,0.2,0.2,0.0,0.2,0.4,0.2,0.2,0.0,0.0,0.2,0.4,0.2,0.0,0.0,0.2,0.0,0.2,0.2,0.4,0.0
P-0357,0.4,0.0,0.0,0.0,0.6,0.0,0.0,0.6,0.0,0.0,0.4,0.2,0.6,0.0,0.0,0.2,0.0,0.0,0.2,0.2,0.4,0.0,0.2,0.4,0.2,0.4,0.0,0.0,0.2,0.4,0.0,0.0,0.0,0.2,0.2,0.4,0.0,0.2,0.4
P-0359,0.0,0.0,0.6,0.4,0.0,0.4,0.4,0.0,0.4,0.2,0.2,0.0,0.4,0.0,0.0,0.2,0.4,0.2,0.0,0.0,0.4,0.2,0.2,0.4,0.2,0.0,0.2,0.2,0.2,0.4,0.0,0.0,0.0,0.2,0.0,0.0,0.0,1.0,0.0
P-0360,0.0,0.0,0.4,0.0,0.0,0.8,0.2,0.4,0.4,0.0,0.0,0.4,0.0,0.0,0.8,0.0,0.2,0.6,0.0,0.0,0.0,0.2,0.0,0.6,0.2,0.2,0.0,0.2,0.0,0.6,0.0,0.0,0.0,0.4,0.0,0.0,0.0,0.2,0.0
P-0361,0.0,0.2,0.2,0.2,0.4,0.0,0.2,0.4,0.0,0.0,0.2,0.2,0.2,0.4,0.0,0.2,0.2,0.2,0.2,0.0,0.6,0.0,0.4,0.2,0.2,0.2,0.2,0.0,0.4,0.2,0.0,0.0,0.0,0.0,0.4,0.4,0.2,0.2,0.0
P-0362,0.2,0.0,0.0,0.2,0.0,0.0,0.2,0.0,0.0,0.2,0.0,0.0,0.2,0.0,0.0,0.4,0.0,0.0,0.0,0.0,0.2,0.2,0.2,0.0,0.0,0.0,0.4,0.2,0.2,0.0,0.0,0.0,0.0,0.0,0.2,0.0,0.2,0.2,0.0
P-0363,0.4,0.0,0.0,0.2,0.0,0.0,0.2,0.0,0.0,0.4,0.0,0.0,0.2,0.0,0.0,0.6,0.0,0.0,0.0,0.0,0.2,0.4,0.2,0.0,0.0,0.0,0.6,0.4,0.2,0.0,0.0,0.0,0.0,0.0,0.2,0.0,0.4,0.2,0.0
P-0364,0.0,0.0,0.2,0.2,0.2,0.2,0.2,0.2,0.2,0.0,0.0,0.2,0.2,0.2,0.6,0.2,0.0,0.2,0.0,0.0,0.4,0.0,0.4,0.4,0.2,0.0,0.2,0.0,0.4,0.4,0.0,0.0,0.0,0.6,0.2,0.2,0.0,0.4,0.0
P-0369,0.0,0.4,0.4,0.0,0.6,0.2,0.0,0.6,0.2,0.0,0.6,0.2,0.4,0.2,0.2,0.0,0.6,0.2,0.0,0.0,0.6,0.2,0.0,0.6,0.2,0.6,0.0,0.2,0.0,0.6,0.0,0.0,0.0,0.4,0.2,0.2,0.4,0.4,0.0
P-0370,0.2,0.2,0.4,0.4,0.0,0.6,0.2,0.2,0.4,0.2,0.2,0.4,0.4,0.0,0.0,0.2,0.4,0.2,0.0,0.4,0.0,0.4,0.0,0.2,0.2,0.4,0.2,0.4,0.0,0.2,0.0,0.0,0.4,0.4,0.0,0.0,0.4,0.2,0.0
P-0371,0.0,0.0,0.6,0.0,0.0,0.8,0.0,0.0,0.8,0.0,0.0,0.2,0.0,0.0,0.4,0.0,0.6,0.0,0.0,0.0,0.0,0.0,0.0,0.8,0.0,0.2,0.0,0.0,0.0,0.8,0.0,0.0,0.0,0.4,0.0,0.0,0.0,0.8,0.0
P-0372,0.2,0.0,0.0,0.2,0.0,0.0,0.2,0.0,0.0,0.2,0.0,0.0,0.2,0.0,0.0,0.0,0.0,0.0,0.0,0.0,0.2,0.0,0.0,0.2,0.0,0.0,0.0,0.0,0.0,0.2,0.0,0.0,0.0,0.0,0.2,0.0,0.0,0.0,0.2
P-0373,0.6,0.0,0.0,0.2,0.0,0.0,0.2,0.0,0.0,0.2,0.0,0.0,0.2,0.0,0.0,0.4,0.0,0.0,0.2,0.0,0.2,0.4,0.0,0.2,0.0,0.0,0.4,0.4,0.0,0.2,0.0,0.0,0.0,0.0,0.4,0.0,0.0,0.0,0.6
P-0374,0.4,0.4,0.2,0.6,0.2,0.0,0.6,0.2,0.0,0.2,0.6,0.0,0.6,0.2,0.0,0.2,0.4,0.2,0.2,0.2,0.6,0.4,0.0,0.4,0.2,0.4,0.2,0.4,0.0,0.4,0.0,0.0,0.0,0.0,0.2,0.6,0.4,0.2,0.4
P-0375,0.8,0.0,0.0,0.4,0.0,0.0,0.2,0.0,0.0,0.4,0.0,0.0,0.4,0.0,0.0,0.6,0.0,0.0,0.0,0.0,0.4,0.6,0.0,0.2,0.0,0.0,0.6,0.6,0.0,0.2,0.0,0.0,0.0,0.0,0.4,0.4,0.2,0.0,0.6
P-0376,0.4,0.0,0.0,0.2,0.0,0.4,0.0,0.2,0.2,0.8,0.0,0.0,0.6,0.0,0.0,0.6,0.0,0.0,0.2,0.2,0.4,0.4,0.2,0.0,0.0,0.0,0.6,0.6,0.0,0.2,0.0,0.0,0.4,0.0,0.6,0.0,0.4,0.2,0.0
P-0377,0.2,0.8,0.0,0.2,0.8,0.0,0.2,0.8,0.0,0.2,0.8,0.0,0.6,0.4,0.0,0.0,0.8,0.0,0.0,0.4,0.6,0.0,0.0,0.6,0.0,0.8,0.0,0.0,0.0,0.6,0.0,0.0,0.0,0.2,0.4,0.2,0.8,0.0,0.2
P-0378,0.4,0.2,0.2,0.2,0.2,0.6,0.2,0.2,0.6,0.2,0.4,0.0,0.4,0.2,0.2,0.0,0.4,0.0,0.0,0.6,0.0,0.0,0.0,0.4,0.0,0.4,0.0,0.0,0.0,0.4,0.2,0.0,0.0,0.4,0.0,0.0,0.2,0.2,0.4
P-0381,0.0,0.0,0.4,0.6,0.0,0.0,0.6,0.0,0.0,0.4,0.2,0.2,0.6,0.0,0.0,0.2,0.0,0.4,0.0,0.0,0.6,0.4,0.2,0.0,0.4,0.0,0.2,0.4,0.2,0.0,0.0,0.0,0.0,0.6,0.0,0.0,0.0,0.4,0.0
P-0382,0.0,0.4,0.2,0.2,0.6,0.0,0.2,0.6,0.0,0.2,0.6,0.0,0.4,0.4,0.0,0.2,0.4,0.2,0.0,0.0,0.8,0.0,0.4,0.2,0.2,0.4,0.2,0.0,0.4,0.2,0.0,0.0,0.0,0.2,0.2,0.2,0.4,0.2,0.0
P-0384,0.0,0.4,0.4,0.0,0.4,0.4,0.2,0.4,0.0,0.0,0.4,0.4,0.0,0.4,0.4,0.4,0.2,0.2,0.2,0.2,0.2,0.0,0.2,0.4,0.2,0.6,0.0,0.0,0.2,0.4,0.0,0.0,0.0,0.6,0.2,0.2,0.4,0.2,0.0
P-0385,0.0,0.4,0.4,0.2,0.2,0.6,0.2,0.4,0.0,0.2,0.2,0.6,0.0,0.4,0.4,0.4,0.2,0.2,0.2,0.2,0.2,0.0,0.2,0.4,0.2,0.6,0.0,0.0,0.2,0.4,0.4,0.0,0.0,0.6,0.2,0.2,0.4,0.2,0.0
P-0386,0.0,0.4,0.2,0.0,0.4,0.2,0.0,0.4,0.2,0.0,0.4,0.2,0.0,0.4,0.2,0.0,0.6,0.0,0.0,0.0,0.4,0.0,0.0,0.4,0.0,0.6,0.0,0.0,0.0,0.4,0.0,0.0,0.0,0.2,0.0,0.4,0.4,0.2,0.0
P-0387,0.0,0.0,0.8,0.4,0.0,0.6,0.2,0.2,0.4,0.2,0.2,0.2,0.4,0.0,0.2,0.0,0.4,0.4,0.0,0.0,0.4,0.4,0.0,0.4,0.4,0.0,0.0,0.4,0.0,0.4,0.0,0.0,0.0,0.4,0.0,0.0,0.0,0.8,0.0
P-0389,0.2,0.4,0.2,0.2,0.6,0.0,0.0,0.6,0.0,0.2,0.6,0.0,0.4,0.2,0.0,0.2,0.4,0.2,0.2,0.4,0.2,0.8,0.0,0.2,0.2,0.4,0.2,0.8,0.0,0.2,0.2,0.0,0.4,0.4,0.2,0.2,0.4,0.2,0.2
P-0390,0.2,0.2,0.2,0.2,0.2,0.2,0.2,0.2,0.2,0.0,0.4,0.0,0.2,0.2,0.2,0.2,0.2,0.2,0.0,0.4,0.0,0.4,0.0,0.0,0.2,0.2,0.2,0.4,0.0,0.0,0.0,0.0,0.4,0.2,0.2,0.2,0.2,0.2,0.2
P-0391,0.2,0.6,0.0,0.6,0.2,0.0,0.6,0.2,0.0,0.2,0.6,0.0,0.6,0.2,0.0,0.0,0.6,0.0,0.0,0.8,0.0,0.0,0.0,0.6,0.0,0.6,0.0,0.0,0.0,0.6,0.2,0.2,0.6,0.6,0.0,0.0,0.6,0.0,0.2
P-0394,0.4,0.2,0.0,0.0,0.6,0.0,0.0,0.6,0.0,0.0,0.6,0.0,0.4,0.2,0.0,0.0,0.2,0.0,0.0,0.0,0.6,0.0,0.0,0.8,0.0,0.6,0.0,0.0,0.0,0.8,0.0,0.0,0.0,0.0,0.0,0.6,0.2,0.0,0.4
P-0395,0.2,0.6,0.0,0.0,0.6,0.0,0.0,0.6,0.0,0.0,0.6,0.0,0.0,0.6,0.0,0.2,0.6,0.0,0.2,0.4,0.2,0.2,0.0,0.4,0.0,0.6,0.2,0.2,0.0,0.4,0.0,0.0,0.0,0.4,0.0,0.2,0.6,0.0,0.2
P-0396,0.2,0.2,0.4,0.2,0.4,0.2,0.2,0.4,0.2,0.0,0.2,0.4,0.0,0.6,0.0,0.2,0.2,0.4,0.2,0.2,0.4,0.4,0.2,0.2,0.4,0.2,0.2,0.4,0.2,0.2,0.4,0.0,0.0,0.4,0.0,0.4,0.2,0.0,0.2
P-0397,0.4,0.0,0.4,0.0,0.4,0.0,0.0,0.4,0.0,0.2,0.2,0.2,0.0,0.4,0.0,0.4,0.0,0.4,0.2,0.2,0.2,0.8,0.0,0.0,0.4,0.0,0.4,0.8,0.0,0.0,0.0,0.0,0.0,0.0,0.0,0.4,0.2,0.2,0.2
P-0399,0.4,0.0,0.4,0.4,0.4,0.0,0.0,0.6,0.0,0.2,0.2,0.2,0.2,0.2,0.2,0.4,0.0,0.6,0.4,0.0,0.4,0.4,0.4,0.2,0.4,0.0,0.4,0.4,0.4,0.2,0.4,0.0,0.0,0.6,0.2,0.2,0.2,0.2,0.2
P-0400,0.0,0.0,0.6,0.2,0.6,0.0,0.0,0.2,0.0,0.4,0.0,0.6,0.2,0.6,0.0,0.0,0.0,0.2,0.2,0.2,0.6,0.2,0.4,0.0,0.6,0.0,0.0,0.2,0.4,0.0,0.0,0.0,0.0,0.0,0.2,0.6,0.0,0.4,0.0
P-0402,0.0,0.0,0.4,0.0,0.4,0.2,0.0,0.4,0.2,0.0,0.0,0.4,0.2,0.2,0.0,0.0,0.0,0.4,0.0,0.0,0.4,0.4,0.0,0.4,0.4,0.0,0.0,0.4,0.0,0.4,0.0,0.0,0.0,0.2,0.2,0.2,0.0,0.4,0.0
P-0403,0.0,0.0,0.6,0.0,0.2,0.4,0.0,0.2,0.4,0.2,0.0,0.6,0.0,0.2,0.4,0.0,0.4,0.2,0.2,0.0,0.2,0.0,0.2,0.2,0.2,0.4,0.0,0.0,0.2,0.2,0.0,0.0,0.0,0.4,0.0,0.2,0.0,0.6,0.0
P-0404,0.0,0.6,0.0,0.0,0.6,0.0,0.0,0.6,0.0,0.0,0.6,0.0,0.0,0.6,0.0,0.0,0.6,0.0,0.0,0.2,0.4,0.0,0.0,0.4,0.0,0.6,0.0,0.0,0.0,0.4,0.0,0.0,0.4,0.2,0.0,0.4,0.6,0.0,0.0
P-0406,0.0,0.2,0.4,0.0,0.2,0.0,0.0,0.2,0.0,0.0,0.6,0.0,0.0,0.6,0.0,0.0,0.6,0.0,0.0,0.2,0.4,0.2,0.2,0.2,0.4,0.2,0.0,0.0,0.0,0.4,0.0,0.0,0.4,0.2,0.0,0.4,0.2,0.4,0.0
P-0407,0.2,0.0,0.6,0.4,0.2,0.0,0.4,0.2,0.0,0.0,0.6,0.0,0.4,0.2,0.0,0.2,0.0,0.6,0.0,0.0,0.6,0.8,0.0,0.0,0.6,0.0,0.2,0.8,0.0,0.0,0.0,0.0,0.0,0.0,0.0,0.2,0.0,0.6,0.2
P-0409,0.4,0.4,0.2,0.4,0.0,0.6,0.0,0.2,0.4,0.4,0.4,0.2,0.6,0.2,0.0,0.4,0.4,0.2,0.0,0.4,0.4,0.6,0.0,0.4,0.2,0.4,0.4,0.6,0.0,0.4,0.4,0.0,0.0,0.2,0.4,0.0,0.8,0.0,0.0
P-0411,0.2,0.0,0.2,0.0,0.2,0.0,0.0,0.2,0.0,0.2,0.0,0.2,0.2,0.0,0.2,0.2,0.0,0.2,0.4,0.0,0.2,0.4,0.0,0.0,0.2,0.0,0.2,0.4,0.0,0.0,0.0,0.0,0.0,0.2,0.2,0.0,0.0,0.2,0.2
P-0412,0.2,0.6,0.0,0.0,0.6,0.0,0.0,0.6,0.0,0.0,0.6,0.0,0.2,0.4,0.2,0.2,0.6,0.0,0.2,0.4,0.2,0.2,0.0,0.0,0.0,0.6,0.2,0.2,0.0,0.0,0.0,0.0,0.0,0.4,0.0,0.2,0.6,0.0,0.2
P-0415,0.2,0.4,0.2,0.0,0.6,0.0,0.0,0.6,0.0,0.0,0.6,0.0,0.4,0.2,0.0,0.4,0.6,0.0,0.2,0.0,0.6,0.0,0.2,0.2,0.2,0.4,0.2,0.0,0.2,0.2,0.0,0.0,0.2,0.2,0.2,0.4,0.4,0.2,0.2
P-0416,0.2,0.4,0.2,0.4,0.2,0.0,0.4,0.2,0.0,0.0,0.6,0.0,0.4,0.2,0.0,0.2,0.4,0.2,0.0,0.0,0.6,0.2,0.2,0.2,0.2,0.4,0.2,0.2,0.2,0.2,0.0,0.0,0.0,0.2,0.2,0.4,0.2,0.0,0.4
P-0417,0.2,0.4,0.2,0.4,0.2,0.0,0.4,0.2,0.0,0.0,0.6,0.0,0.4,0.2,0.0,0.2,0.4,0.2,0.2,0.2,0.4,0.4,0.0,0.0,0.2,0.4,0.2,0.4,0.0,0.0,0.0,0.0,0.0,0.0,0.0,0.6,0.4,0.2,0.2
P-0418,0.2,0.2,0.2,0.0,0.4,0.2,0.2,0.6,0.0,0.2,0.2,0.2,0.2,0.2,0.0,0.2,0.2,0.2,0.0,0.0,0.4,0.2,0.2,0.0,0.2,0.2,0.2,0.2,0.2,0.0,0.0,0.0,0.0,0.0,0.2,0.2,0.2,0.4,0.2
P-0420,0.2,0.4,0.2,0.0,0.4,0.6,0.0,0.4,0.6,0.0,0.6,0.0,0.2,0.4,0.2,0.0,0.6,0.0,0.0,0.6,0.0,0.0,0.0,0.2,0.0,0.6,0.0,0.0,0.0,0.2,0.2,0.0,0.0,0.6,0.0,0.0,0.4,0.2,0.2
P-0421,0.4,0.2,0.0,0.0,0.2,0.0,0.0,0.2,0.0,0.0,0.2,0.0,0.0,0.2,0.0,0.4,0.2,0.0,0.6,0.2,0.0,0.4,0.0,0.0,0.0,0.2,0.4,0.4,0.0,0.0,0.0,0.0,0.0,0.2,0.2,0.0,0.2,0.0,0.4
P-0422,0.4,0.2,0.0,0.4,0.4,0.2,0.0,0.4,0.2,0.4,0.2,0.0,0.0,0.2,0.0,0.4,0.2,0.0,0.4,0.2,0.0,0.0,0.4,0.2,0.0,0.2,0.4,0.2,0.2,0.4,0.6,0.0,0.0,0.4,0.2,0.2,0.2,0.0,0.4
P-0423,0.2,0.4,0.2,0.4,0.4,0.2,0.2,0.4,0.2,0.2,0.6,0.0,0.4,0.2,0.0,0.4,0.6,0.0,0.0,0.6,0.0,0.0,0.4,0.2,0.2,0.4,0.2,0.0,0.4,0.2,0.2,0.0,0.0,0.4,0.2,0.2,0.4,0.2,0.2
P-0424,0.0,0.0,0.4,0.0,0.4,0.0,0.0,0.4,0.0,0.0,0.4,0.0,0.0,0.4,0.4,0.0,0.0,0.4,0.0,0.4,0.0,0.2,0.2,0.4,0.4,0.0,0.0,0.2,0.2,0.4,0.0,0.0,0.0,0.4,0.0,0.4,0.0,0.4,0.0
P-0425,0.2,0.0,0.6,0.0,0.6,0.0,0.0,0.6,0.0,0.4,0.6,0.0,0.4,0.2,0.0,0.2,0.0,0.6,0.4,0.6,0.0,0.6,0.0,0.0,0.6,0.0,0.2,0.6,0.0,0.0,0.0,0.0,0.2,0.0,0.4,0.2,0.2,0.8,0.0
P-0428,0.4,0.0,0.2,0.4,0.2,0.0,0.4,0.2,0.0,0.2,0.2,0.0,0.4,0.2,0.0,0.4,0.0,0.2,0.2,0.2,0.4,0.4,0.2,0.2,0.2,0.0,0.4,0.4,0.2,0.2,0.0,0.0,0.0,0.2,0.2,0.0,0.0,0.4,0.4
P-0431,0.2,0.0,0.2,0.4,0.0,0.2,0.2,0.0,0.2,0.4,0.0,0.2,0.2,0.0,0.2,0.2,0.0,0.2,0.2,0.0,0.2,0.2,0.2,0.0,0.2,0.0,0.2,0.2,0.2,0.0,0.2,0.0,0.0,0.6,0.0,0.0,0.0,0.2,0.2
P-0432,0.2,0.2,0.0,0.2,0.2,0.6,0.0,0.4,0.4,0.2,0.0,0.2,0.0,0.2,0.4,0.4,0.2,0.0,0.2,0.2,0.0,0.0,0.2,0.2,0.0,0.2,0.2,0.2,0.2,0.2,0.4,0.0,0.0,0.4,0.0,0.2,0.2,0.0,0.2
P-0433,0.0,0.0,0.2,0.2,0.0,0.6,0.2,0.0,0.6,0.2,0.0,0.2,0.2,0.0,0.6,0.0,0.0,0.2,0.0,0.0,0.2,0.2,0.0,0.0,0.2,0.0,0.0,0.2,0.0,0.0,0.0,0.0,0.0,0.4,0.0,0.0,0.0,0.2,0.0
P-0434,0.0,0.2,0.4,0.4,0.2,0.4,0.4,0.2,0.4,0.0,0.6,0.0,0.2,0.4,0.2,0.2,0.4,0.2,0.0,0.6,0.0,0.2,0.2,0.2,0.4,0.2,0.0,0.2,0.2,0.2,0.0,0.0,0.2,0.2,0.0,0.4,0.2,0.4,0.0
P-0435,0.0,0.2,0.4,0.0,0.6,0.4,0.0,0.2,0.4,0.0,0.6,0.0,0.2,0.4,0.2,0.4,0.2,0.0,0.0,0.6,0.0,0.0,0.4,0.4,0.4,0.2,0.0,0.0,0.4,0.4,0.0,0.0,0.2,0.2,0.0,0.4,0.2,0.4,0.0
P-0436,0.0,0.6,0.4,0.4,0.2,0.0,0.4,0.2,0.0,0.0,0.6,0.0,0.4,0.2,0.4,0.0,1.0,0.0,0.0,0.2,0.4,0.0,0.0,0.4,0.0,0.6,0.0,0.0,0.0,0.4,0.0,0.0,0.0,0.2,0.0,0.4,0.6,0.4,0.0
P-0437,0.4,0.0,0.2,0.0,0.6,0.0,0.0,0.6,0.0,0.0,0.4,0.2,0.6,0.0,0.2,0.2,0.2,0.0,0.0,0.4,0.2,0.0,0.2,0.6,0.2,0.4,0.0,0.0,0.2,0.6,0.0,0.0,0.0,0.4,0.0,0.2,0.0,0.4,0.4
P-0438,0.2,0.4,0.2,0.0,0.4,0.2,0.2,0.4,0.0,0.2,0.4,0.2,0.2,0.4,0.2,0.4,0.2,0.2,0.0,0.6,0.0,0.4,0.4,0.0,0.2,0.4,0.2,0.4,0.4,0.0,0.2,0.0,0.4,0.2,0.0,0.4,0.6,0.0,0.0
P-0441,0.6,0.0,0.2,0.4,0.0,0.0,0.8,0.0,0.0,0.6,0.0,0.2,0.6,0.0,0.0,0.6,0.0,0.2,0.2,0.4,0.2,0.4,0.4,0.2,0.2,0.0,0.6,0.4,0.4,0.2,0.4,0.2,0.2,0.0,0.2,0.2,0.6,0.0,0.0
P-0442,0.2,0.0,0.6,0.4,0.0,0.4,0.4,0.0,0.4,0.4,0.2,0.0,0.6,0.0,0.0,0.2,0.4,0.2,0.0,0.2,0.4,0.2,0.2,0.4,0.2,0.0,0.2,0.2,0.2,0.4,0.2,0.0,0.0,0.2,0.0,0.0,0.2,0.8,0.0
P-0445,0.0,0.2,0.6,0.2,0.6,0.0,0.2,0.2,0.0,0.0,0.6,0.0,0.0,0.6,0.2,0.2,0.2,0.2,0.0,0.6,0.0,0.0,0.8,0.0,0.4,0.2,0.0,0.0,0.8,0.0,0.0,0.2,0.2,0.0,0.2,0.6,0.2,0.6,0.0
P-0447,0.2,0.0,0.0,0.6,0.0,0.0,0.6,0.0,0.0,0.0,0.0,0.0,0.0,0.0,0.0,0.2,0.0,0.0,0.0,0.0,0.0,0.0,0.2,0.4,0.0,0.0,0.2,0.0,0.2,0.4,0.2,0.4,0.0,0.0,0.2,0.0,0.0,0.0,0.2
P-0448,0.2,0.0,0.2,0.4,0.0,0.4,0.4,0.0,0.4,0.0,0.2,0.0,0.2,0.0,0.0,0.0,0.2,0.0,0.2,0.0,0.2,0.2,0.2,0.4,0.2,0.0,0.2,0.0,0.0,0.6,0.2,0.4,0.0,0.0,0.2,0.2,0.0,0.2,0.2
P-0449,0.4,0.0,0.0,0.6,0.0,0.0,0.6,0.0,0.0,0.0,0.0,0.0,0.0,0.0,0.0,0.4,0.0,0.0,0.0,0.0,0.0,0.2,0.2,0.4,0.0,0.0,0.4,0.2,0.2,0.4,0.2,0.4,0.2,0.0,0.4,0.0,0.0,0.0,0.4
P-0451,0.4,0.0,0.0,0.6,0.4,0.0,0.2,0.4,0.0,0.4,0.0,0.0,0.0,0.0,0.0,0.4,0.0,0.0,0.4,0.0,0.0,0.2,0.2,0.4,0.0,0.0,0.4,0.2,0.2,0.4,0.2,0.4,0.2,0.2,0.2,0.2,0.0,0.0,0.4
P-0452,0.4,0.2,0.2,0.2,0.4,0.0,0.2,0.4,0.0,0.4,0.4,0.0,0.0,0.4,0.0,0.4,0.2,0.2,0.6,0.0,0.4,0.2,0.4,0.2,0.2,0.2,0.4,0.2,0.4,0.2,0.2,0.0,0.4,0.0,0.6,0.2,0.6,0.2,0.0
P-0453,0.2,0.0,0.4,0.0,0.0,0.4,0.2,0.0,0.4,0.2,0.0,0.4,0.2,0.0,0.4,0.0,0.2,0.2,0.0,0.2,0.0,0.2,0.0,0.2,0.2,0.2,0.0,0.2,0.0,0.2,0.2,0.0,0.0,0.4,0.0,0.0,0.0,0.2,0.2
P-0454,0.0,0.8,0.0,0.0,0.2,0.6,0.2,0.0,0.4,0.0,0.8,0.0,0.2,0.6,0.2,0.4,0.4,0.0,0.0,0.8,0.0,0.0,0.2,0.4,0.0,0.8,0.0,0.0,0.2,0.4,0.6,0.0,0.2,0.6,0.0,0.2,0.8,0.0,0.0
P-0455,0.0,0.0,0.0,0.4,0.0,0.0,0.4,0.0,0.0,0.0,0.0,0.0,0.0,0.0,0.0,0.0,0.0,0.0,0.0,0.0,0.0,0.0,0.0,0.4,0.0,0.0,0.0,0.0,0.0,0.4,0.0,0.4,0.0,0.0,0.0,0.0,0.0,0.0,0.0
P-0456,0.2,0.0,0.0,0.4,0.0,0.2,0.4,0.0,0.2,0.0,0.0,0.0,0.0,0.0,0.0,0.0,0.0,0.0,0.2,0.0,0.0,0.0,0.2,0.4,0.0,0.0,0.2,0.0,0.0,0.6,0.2,0.4,0.0,0.0,0.2,0.0,0.0,0.0,0.2
P-0457,0.2,0.0,0.0,0.6,0.0,0.0,0.6,0.0,0.0,0.0,0.0,0.0,0.0,0.0,0.0,0.2,0.0,0.0,0.0,0.0,0.0,0.0,0.2,0.4,0.0,0.0,0.2,0.0,0.2,0.4,0.2,0.4,0.0,0.0,0.2,0.0,0.0,0.0,0.2
P-0458,0.2,0.4,0.2,0.2,0.2,0.4,0.2,0.2,0.4,0.0,0.6,0.0,0.6,0.0,0.0,0.2,0.4,0.2,0.2,0.4,0.2,0.2,0.2,0.4,0.2,0.4,0.2,0.2,0.2,0.4,0.6,0.0,0.0,0.4,0.0,0.0,0.4,0.2,0.2
P-0459,0.4,0.4,0.0,0.4,0.0,0.0,0.4,0.0,0.0,0.0,0.4,0.0,0.4,0.0,0.0,0.4,0.4,0.0,0.4,0.4,0.0,0.2,0.2,0.2,0.0,0.4,0.4,0.2,0.2,0.2,0.4,0.0,0.4,0.4,0.0,0.4,0.4,0.0,0.4
P-0460,0.4,0.2,0.2,0.6,0.0,0.4,0.0,0.2,0.2,0.6,0.2,0.2,0.8,0.0,0.0,0.4,0.2,0.2,0.0,0.2,0.6,0.6,0.0,0.2,0.2,0.2,0.4,0.6,0.0,0.2,0.2,0.0,0.0,0.2,0.4,0.0,0.6,0.2,0.0
P-0461,0.0,0.4,0.0,0.0,0.2,0.2,0.0,0.2,0.2,0.0,0.4,0.0,0.2,0.2,0.2,0.0,0.4,0.0,0.0,0.4,0.0,0.0,0.0,0.6,0.0,0.4,0.0,0.0,0.0,0.6,0.2,0.0,0.0,0.4,0.0,0.0,0.4,0.0,0.0
P-0462,0.0,0.6,0.0,0.0,0.4,0.2,0.0,0.4,0.2,0.0,0.6,0.0,0.2,0.4,0.2,0.0,0.6,0.0,0.0,0.6,0.0,0.0,0.0,0.8,0.0,0.6,0.0,0.0,0.0,0.8,0.2,0.0,0.0,0.6,0.0,0.0,0.6,0.0,0.0
P-0465,0.0,0.2,0.2,0.0,0.0,0.8,0.0,0.2,0.6,0.0,0.2,0.2,0.2,0.0,0.4,0.0,0.2,0.2,0.0,0.2,0.0,0.0,0.2,0.4,0.2,0.2,0.0,0.0,0.2,0.4,0.2,0.0,0.0,0.4,0.0,0.0,0.2,0.0,0.0
P-0466,0.0,0.2,0.2,0.2,0.0,0.4,0.2,0.0,0.4,0.0,0.4,0.0,0.4,0.0,0.0,0.0,0.2,0.2,0.0,0.4,0.0,0.2,0.0,0.2,0.2,0.2,0.0,0.2,0.0,0.2,0.2,0.0,0.0,0.2,0.0,0.2,0.2,0.2,0.0
P-0468,0.2,0.0,0.0,0.4,0.0,0.0,0.2,0.0,0.0,0.2,0.0,0.0,0.2,0.0,0.0,0.2,0.0,0.0,0.6,0.0,0.2,0.2,0.0,0.2,0.0,0.0,0.2,0.2,0.0,0.2,0.2,0.0,0.4,0.0,0.8,0.0,0.2,0.0,0.0
P-0469,0.8,0.0,0.0,0.2,0.0,0.4,0.0,0.2,0.2,0.4,0.0,0.0,0.4,0.0,0.0,0.8,0.0,0.0,0.2,0.2,0.2,0.4,0.2,0.0,0.0,0.0,0.8,0.6,0.0,0.2,0.2,0.0,0.6,0.0,0.6,0.0,0.2,0.2,0.6
P-0470,0.6,0.0,0.2,0.2,0.2,0.4,0.2,0.2,0.4,0.0,0.2,0.0,0.2,0.0,0.0,0.2,0.0,0.2,0.6,0.0,0.2,0.2,0.6,0.0,0.2,0.0,0.6,0.2,0.2,0.4,0.6,0.0,0.0,0.4,0.4,0.0,0.0,0.2,0.6
P-0471,0.6,0.2,0.2,0.2,0.0,0.4,0.2,0.0,0.4,0.0,0.4,0.0,0.4,0.0,0.0,0.4,0.4,0.0,0.6,0.2,0.2,0.6,0.2,0.0,0.2,0.2,0.6,0.4,0.0,0.2,0.2,0.0,0.2,0.6,0.2,0.2,0.2,0.2,0.6
P-0472,0.4,0.0,0.0,0.4,0.0,0.4,0.2,0.2,0.2,0.4,0.0,0.0,0.4,0.0,0.0,0.4,0.0,0.0,0.2,0.2,0.2,0.2,0.2,0.2,0.0,0.0,0.4,0.4,0.0,0.4,0.4,0.0,0.0,0.0,0.4,0.0,0.2,0.2,0.2
P-0473,0.0,0.2,0.2,0.2,0.4,0.0,0.2,0.4,0.0,0.0,0.2,0.2,0.0,0.4,0.0,0.0,0.2,0.2,0.0,0.2,0.2,0.0,0.2,0.4,0.2,0.2,0.0,0.0,0.2,0.4,0.2,0.0,0.0,0.2,0.0,0.2,0.2,0.0,0.0
P-0474,0.0,0.2,0.4,0.2,0.6,0.0,0.2,0.6,0.0,0.0,0.2,0.4,0.0,0.6,0.0,0.0,0.2,0.4,0.0,0.2,0.4,0.4,0.0,0.2,0.4,0.2,0.0,0.4,0.0,0.2,0.2,0.0,0.0,0.2,0.0,0.4,0.2,0.0,0.0
P-0475,0.2,0.2,0.2,0.2,0.2,0.6,0.2,0.2,0.6,0.0,0.4,0.0,0.2,0.2,0.2,0.0,0.4,0.0,0.0,0.4,0.0,0.0,0.0,0.4,0.0,0.4,0.0,0.0,0.0,0.4,0.4,0.0,0.0,0.4,0.0,0.0,0.2,0.2,0.2
P-0476,0.2,0.0,0.0,0.8,0.0,0.0,0.6,0.0,0.0,0.2,0.0,0.0,0.2,0.0,0.0,0.2,0.0,0.0,0.0,0.2,0.0,0.2,0.0,0.6,0.0,0.0,0.2,0.2,0.0,0.6,0.6,0.0,0.0,0.0,0.0,0.0,0.2,0.0,0.0
P-0477,0.8,0.0,0.0,0.8,0.0,0.0,0.4,0.0,0.0,0.4,0.0,0.0,0.4,0.0,0.0,0.8,0.0,0.0,0.4,0.4,0.0,0.4,0.4,0.0,0.0,0.0,0.8,0.4,0.4,0.0,0.4,0.0,0.4,0.4,0.4,0.0,0.2,0.2,0.6
P-0478,0.6,0.2,0.2,0.2,0.2,0.2,0.2,0.2,0.2,0.0,0.4,0.0,0.4,0.0,0.0,0.4,0.4,0.0,0.2,0.2,0.2,0.4,0.4,0.0,0.2,0.2,0.6,0.2,0.2,0.2,0.4,0.0,0.4,0.0,0.8,0.0,0.2,0.2,0.6
P-0479,0.6,0.0,0.0,0.4,0.2,0.2,0.4,0.2,0.2,0.4,0.0,0.0,0.4,0.0,0.0,0.6,0.0,0.0,0.4,0.2,0.2,0.4,0.6,0.0,0.0,0.0,1.0,0.2,0.4,0.2,0.2,0.0,0.4,0.2,0.8,0.0,0.0,0.0,0.6
P-0480,0.4,0.4,0.0,0.2,0.4,0.0,0.2,0.4,0.0,0.0,0.4,0.0,0.2,0.2,0.2,0.4,0.4,0.0,0.2,0.0,0.4,0.2,0.2,0.4,0.0,0.4,0.4,0.2,0.2,0.4,0.2,0.0,0.0,0.2,0.4,0.2,0.4,0.0,0.4
P-0481,0.6,0.0,0.2,0.8,0.0,0.0,0.8,0.0,0.0,0.2,0.0,0.2,0.2,0.0,0.0,0.6,0.0,0.2,0.6,0.0,0.2,0.4,0.4,0.2,0.2,0.0,0.6,0.4,0.4,0.2,0.4,0.2,0.2,0.4,0.2,0.2,0.2,0.0,0.4
P-0482,0.4,0.2,0.0,0.8,0.0,0.0,0.8,0.0,0.0,0.0,0.2,0.0,0.2,0.0,0.0,0.4,0.2,0.0,0.4,0.2,0.0,0.0,0.4,0.2,0.0,0.2,0.4,0.0,0.4,0.2,0.4,0.2,0.2,0.6,0.0,0.0,0.2,0.0,0.4
P-0483,0.6,0.0,0.2,0.8,0.0,0.0,0.8,0.0,0.0,0.2,0.0,0.2,0.2,0.0,0.0,0.6,0.0,0.2,0.6,0.0,0.2,0.4,0.4,0.2,0.2,0.0,0.6,0.4,0.4,0.2,0.6,0.0,0.0,0.4,0.2,0.2,0.2,0.0,0.4
P-0484,0.2,0.4,0.2,0.2,0.2,0.6,0.2,0.2,0.6,0.0,0.6,0.0,0.6,0.0,0.0,0.2,0.4,0.2,0.2,0.4,0.2,0.2,0.2,0.4,0.2,0.4,0.2,0.2,0.2,0.4,0.6,0.0,0.0,0.6,0.0,0.0,0.4,0.2,0.2
P-0485,0.4,0.2,0.2,0.8,0.0,0.0,0.6,0.0,0.0,0.2,0.4,0.0,0.6,0.0,0.0,0.4,0.2,0.2,0.4,0.2,0.4,0.4,0.2,0.0,0.2,0.2,0.4,0.4,0.2,0.0,0.2,0.0,0.4,0.4,0.4,0.0,0.4,0.2,0.2
P-0491,0.6,0.4,0.0,0.4,0.0,0.2,0.4,0.0,0.2,0.0,0.4,0.0,0.4,0.0,0.0,0.4,0.4,0.0,0.6,0.4,0.0,0.2,0.4,0.2,0.0,0.4,0.6,0.2,0.2,0.4,0.6,0.0,0.4,0.4,0.2,0.4,0.4,0.0,0.6
P-0492,0.0,0.8,0.0,0.2,0.2,0.2,0.2,0.2,0.2,0.0,0.8,0.0,0.8,0.0,0.0,0.0,0.8,0.0,0.0,0.8,0.0,0.4,0.0,0.4,0.0,0.8,0.0,0.4,0.0,0.4,0.4,0.0,0.4,0.4,0.4,0.0,0.8,0.0,0.0
P-0493,0.2,0.4,0.2,0.2,0.2,0.2,0.2,0.2,0.2,0.0,0.6,0.0,0.6,0.0,0.0,0.0,0.6,0.0,0.2,0.4,0.2,0.4,0.0,0.2,0.2,0.4,0.2,0.0,0.0,0.2,0.2,0.0,0.4,0.4,0.2,0.2,0.4,0.2,0.2
P-0494,0.4,0.4,0.0,0.6,0.0,0.0,0.6,0.0,0.0,0.4,0.4,0.0,0.8,0.0,0.0,0.4,0.4,0.0,0.0,0.8,0.0,0.0,0.2,0.4,0.0,0.4,0.4,0.0,0.2,0.4,0.2,0.0,0.6,0.4,0.2,0.0,0.4,0.0,0.4
P-0495,0.0,0.6,0.2,0.0,0.2,0.2,0.0,0.2,0.2,0.0,0.6,0.2,0.8,0.0,0.0,0.0,0.6,0.2,0.0,0.6,0.2,0.2,0.0,0.6,0.2,0.6,0.0,0.2,0.0,0.6,0.6,0.0,0.0,0.8,0.2,0.0,0.6,0.0,0.0
P-0496,0.0,0.8,0.0,0.2,0.4,0.0,0.2,0.4,0.0,0.0,0.8,0.0,0.4,0.4,0.0,0.0,0.8,0.0,0.0,0.6,0.2,0.0,0.0,0.2,0.0,0.8,0.0,0.0,0.0,0.2,0.2,0.0,0.0,0.6,0.0,0.2,0.8,0.0,0.0
P-0497,0.0,0.6,0.0,0.6,0.2,0.2,0.4,0.0,0.0,0.4,0.6,0.0,0.2,0.4,0.0,0.4,0.2,0.0,0.0,0.6,0.0,0.0,0.8,0.0,0.0,0.6,0.0,0.0,0.8,0.0,0.2,0.4,0.4,0.2,0.6,0.2,0.4,0.0,0.2
P-0499,0.6,0.0,0.0,0.0,0.2,0.2,0.0,0.2,0.2,0.2,0.4,0.0,0.4,0.0,0.0,0.2,0.0,0.0,0.0,0.2,0.2,0.2,0.0,0.2,0.0,0.4,0.2,0.2,0.0,0.2,0.2,0.0,0.0,0.2,0.0,0.6,0.0,0.2,0.6
P-0500,0.0,0.0,0.8,0.0,0.0,0.6,0.2,0.2,0.4,0.0,0.0,0.4,0.0,0.0,0.0,0.0,0.4,0.4,0.0,0.0,0.0,0.4,0.0,0.4,0.4,0.0,0.0,0.4,0.0,0.4,0.0,0.0,0.0,0.2,0.0,0.0,0.0,0.4,0.0
P-0501,0.0,0.0,0.8,0.0,0.0,0.6,0.2,0.2,0.4,0.0,0.0,0.4,0.0,0.0,0.4,0.0,0.4,0.4,0.0,0.0,0.0,0.4,0.0,0.4,0.4,0.0,0.0,0.4,0.0,0.4,0.0,0.0,0.0,0.2,0.0,0.0,0.0,0.4,0.0
P-0502,0.2,0.2,0.6,0.4,0.0,0.6,0.2,0.2,0.4,0.2,0.2,0.2,0.4,0.0,0.0,0.2,0.6,0.2,0.0,0.4,0.0,0.4,0.0,0.4,0.2,0.2,0.2,0.4,0.0,0.4,0.0,0.0,0.4,0.0,0.2,0.2,0.4,0.4,0.0
P-0504,0.2,0.2,0.6,0.4,0.0,0.6,0.2,0.2,0.4,0.2,0.2,0.2,0.4,0.0,0.0,0.2,0.6,0.2,0.0,0.4,0.0,0.4,0.0,0.4,0.2,0.2,0.2,0.4,0.0,0.4,0.0,0.0,0.4,0.2,0.0,0.0,0.4,0.4,0.0
P-0505,0.0,0.0,0.8,0.0,0.0,1.0,0.0,0.4,0.6,0.0,0.0,0.4,0.0,0.0,0.4,0.0,0.4,0.4,0.0,0.0,0.0,0.2,0.2,0.6,0.4,0.0,0.0,0.2,0.2,0.6,0.0,0.0,0.0,0.2,0.0,0.0,0.0,0.4,0.0
P-0506,0.0,0.0,0.8,0.4,0.0,0.6,0.2,0.2,0.4,0.0,0.0,0.4,0.4,0.0,0.0,0.0,0.4,0.4,0.0,0.0,0.4,0.4,0.0,0.4,0.4,0.0,0.0,0.4,0.0,0.4,0.0,0.0,0.0,0.0,0.2,0.2,0.0,0.4,0.0
P-0507,0.0,0.0,0.8,0.0,0.0,0.6,0.2,0.2,0.4,0.0,0.0,0.4,0.0,0.0,0.0,0.2,0.6,0.2,0.0,0.0,0.0,0.2,0.2,0.6,0.2,0.2,0.2,0.2,0.2,0.6,0.0,0.0,0.0,0.2,0.0,0.0,0.0,0.8,0.0
P-0508,0.0,0.0,0.8,0.0,0.0,1.0,0.0,0.4,0.6,0.0,0.0,0.4,0.0,0.0,0.4,0.0,0.4,0.4,0.0,0.0,0.0,0.4,0.0,0.4,0.4,0.0,0.0,0.4,0.0,0.4,0.0,0.0,0.0,0.2,0.0,0.0,0.0,0.4,0.0
P-0509,0.2,0.2,0.6,0.0,0.0,0.6,0.2,0.2,0.4,0.2,0.2,0.2,0.4,0.0,0.0,0.2,0.6,0.2,0.0,0.4,0.0,0.2,0.2,0.6,0.2,0.2,0.2,0.2,0.2,0.6,0.4,0.0,0.0,0.2,0.0,0.0,0.4,0.4,0.0
P-0510,0.4,0.2,0.4,0.0,0.2,0.4,0.0,0.6,0.0,0.0,0.2,0.4,0.2,0.0,0.0,0.4,0.2,0.4,0.4,0.2,0.0,0.6,0.0,0.0,0.4,0.2,0.4,0.6,0.0,0.0,0.0,0.0,0.2,0.2,0.0,0.2,0.2,0.0,0.4
P-0511,0.0,0.0,0.8,0.0,0.0,1.0,0.0,0.4,0.6,0.0,0.0,0.4,0.0,0.0,0.0,0.0,0.4,0.4,0.0,0.0,0.0,0.4,0.0,0.4,0.4,0.0,0.0,0.4,0.0,0.4,0.0,0.0,0.0,0.2,0.0,0.0,0.0,0.4,0.0
P-0512,0.0,0.0,0.8,0.0,0.0,0.6,0.2,0.2,0.4,0.0,0.0,0.4,0.0,0.0,0.0,0.0,0.4,0.4,0.0,0.0,0.0,0.2,0.2,0.6,0.4,0.0,0.0,0.2,0.2,0.6,0.0,0.0,0.0,0.2,0.0,0.0,0.0,0.8,0.0
P-0513,0.6,0.0,0.2,0.8,0.0,0.2,0.2,0.2,0.0,0.6,0.0,0.2,0.6,0.0,0.0,0.6,0.0,0.2,0.2,0.0,0.6,0.6,0.2,0.0,0.2,0.0,0.6,0.6,0.2,0.0,0.2,0.0,0.0,0.4,0.4,0.0,0.4,0.2,0.2
P-0515,0.2,0.2,0.6,0.4,0.0,0.6,0.2,0.2,0.4,0.2,0.2,0.2,0.4,0.0,0.0,0.2,0.6,0.2,0.0,0.0,0.4,0.4,0.0,0.4,0.2,0.2,0.2,0.4,0.0,0.4,0.0,0.0,0.0,0.0,0.2,0.2,0.4,0.4,0.0
P-0516,0.0,0.0,0.8,0.0,0.0,1.0,0.0,0.4,0.6,0.2,0.2,0.2,0.4,0.0,0.0,0.2,0.6,0.2,0.0,0.0,0.4,0.4,0.0,0.4,0.4,0.0,0.0,0.4,0.0,0.4,0.0,0.0,0.0,0.0,0.2,0.2,0.0,0.8,0.0
P-0517,0.2,0.2,0.6,0.4,0.0,0.6,0.2,0.2,0.4,0.2,0.2,0.2,0.4,0.0,0.0,0.2,0.6,0.2,0.0,0.4,0.0,0.4,0.0,0.4,0.2,0.2,0.2,0.4,0.0,0.4,0.0,0.0,0.0,0.2,0.0,0.0,0.4,0.4,0.0
P-0518,0.2,0.2,0.6,0.0,0.0,0.6,0.2,0.2,0.4,0.0,0.0,0.4,0.4,0.0,0.0,0.2,0.6,0.2,0.0,0.4,0.0,0.2,0.2,0.6,0.2,0.2,0.2,0.2,0.2,0.6,0.4,0.0,0.0,0.2,0.0,0.0,0.4,0.4,0.0
P-0519,0.2,0.0,0.2,0.2,0.0,0.2,0.0,0.2,0.0,0.2,0.0,0.2,0.2,0.0,0.0,0.2,0.0,0.2,0.2,0.2,0.0,0.4,0.0,0.0,0.2,0.0,0.2,0.4,0.0,0.0,0.0,0.0,0.0,0.0,0.6,0.0,0.0,0.2,0.2
P-0520,0.2,0.0,0.2,0.6,0.0,0.2,0.0,0.2,0.0,0.6,0.0,0.2,0.2,0.0,0.0,0.2,0.0,0.2,0.2,0.2,0.0,0.2,0.2,0.2,0.2,0.0,0.2,0.2,0.2,0.2,0.4,0.0,0.0,0.0,0.6,0.0,0.0,0.2,0.2
P-0521,0.0,0.0,0.8,0.4,0.0,0.6,0.2,0.2,0.4,0.2,0.2,0.2,0.4,0.0,0.0,0.0,0.4,0.4,0.0,0.4,0.0,0.4,0.0,0.4,0.4,0.0,0.0,0.4,0.0,0.4,0.0,0.0,0.0,0.0,0.2,0.2,0.0,0.8,0.0
P-0522,0.0,0.0,0.4,0.4,0.0,0.6,0.0,0.4,0.2,0.4,0.0,0.4,0.4,0.0,0.0,0.2,0.2,0.2,0.0,0.0,0.4,0.2,0.2,0.2,0.4,0.0,0.0,0.2,0.2,0.2,0.0,0.0,0.0,0.6,0.0,0.0,0.0,0.8,0.0
P-0523,0.0,0.0,0.8,0.4,0.0,0.6,0.2,0.2,0.4,0.2,0.2,0.2,0.2,0.2,0.2,0.0,0.4,0.4,0.0,0.0,0.4,0.2,0.2,0.2,0.4,0.0,0.0,0.4,0.0,0.4,0.0,0.0,0.0,0.2,0.0,0.0,0.0,0.8,0.0
P-0524,0.4,0.0,0.4,0.2,0.2,0.4,0.0,0.4,0.2,0.2,0.2,0.2,0.4,0.0,0.0,0.2,0.2,0.2,0.2,0.2,0.2,0.2,0.2,0.2,0.2,0.2,0.2,0.2,0.2,0.2,0.0,0.0,0.4,0.2,0.0,0.4,0.0,0.4,0.4
P-0525,0.4,0.0,0.4,0.2,0.2,0.4,0.0,0.4,0.2,0.2,0.2,0.2,0.4,0.0,0.0,0.2,0.2,0.2,0.2,0.2,0.2,0.4,0.0,0.4,0.2,0.2,0.2,0.4,0.0,0.4,0.0,0.0,0.4,0.6,0.0,0.0,0.0,0.4,0.4
P-0526,0.0,0.0,0.8,0.2,0.2,0.4,0.0,0.4,0.2,0.2,0.2,0.2,0.2,0.2,0.2,0.0,0.4,0.4,0.0,0.0,0.4,0.2,0.2,0.2,0.4,0.0,0.0,0.2,0.2,0.2,0.0,0.0,0.0,0.2,0.0,0.0,0.0,0.8,0.0
P-0527,0.0,0.0,0.4,0.2,0.2,0.4,0.0,0.4,0.2,0.4,0.0,0.4,0.4,0.0,0.0,0.2,0.2,0.2,0.0,0.0,0.4,0.2,0.2,0.2,0.4,0.0,0.0,0.2,0.2,0.2,0.0,0.0,0.0,0.2,0.0,0.4,0.0,0.8,0.0
P-0528,0.0,0.0,0.4,0.4,0.0,0.6,0.2,0.2,0.4,0.4,0.0,0.4,0.4,0.0,0.0,0.2,0.2,0.2,0.0,0.0,0.4,0.2,0.2,0.2,0.2,0.2,0.2,0.2,0.2,0.2,0.0,0.0,0.0,0.6,0.0,0.0,0.0,0.4,0.0
P-0529,0.0,0.0,0.8,0.2,0.2,0.4,0.0,0.4,0.2,0.2,0.2,0.2,0.2,0.2,0.2,0.0,0.4,0.4,0.0,0.0,0.4,0.4,0.0,0.4,0.4,0.0,0.0,0.4,0.0,0.4,0.0,0.0,0.0,0.2,0.0,0.0,0.0,0.8,0.0
P-0530,0.4,0.0,0.4,0.4,0.0,0.6,0.2,0.2,0.4,0.2,0.2,0.2,0.4,0.0,0.0,0.2,0.2,0.2,0.2,0.2,0.2,0.2,0.2,0.2,0.2,0.2,0.2,0.2,0.2,0.2,0.4,0.0,0.0,0.6,0.0,0.0,0.0,0.4,0.4
P-0531,0.0,0.0,0.8,0.2,0.2,0.4,0.0,0.4,0.2,0.2,0.2,0.2,0.4,0.0,0.0,0.0,0.4,0.4,0.0,0.0,0.4,0.4,0.0,0.4,0.4,0.0,0.0,0.4,0.0,0.4,0.0,0.0,0.0,0.6,0.0,0.0,0.0,0.8,0.0
P-0532,0.0,0.0,0.8,0.4,0.0,0.6,0.2,0.2,0.4,0.2,0.2,0.2,0.4,0.0,0.0,0.0,0.4,0.4,0.0,0.0,0.4,0.2,0.2,0.2,0.4,0.0,0.0,0.2,0.2,0.2,0.0,0.0,0.0,0.6,0.0,0.0,0.0,0.4,0.0
P-0533,0.4,0.0,0.4,0.2,0.2,0.4,0.0,0.4,0.2,0.2,0.2,0.2,0.4,0.0,0.0,0.2,0.2,0.2,0.0,0.0,0.4,0.4,0.0,0.4,0.2,0.2,0.2,0.4,0.0,0.4,0.0,0.0,0.0,0.2,0.0,0.4,0.0,0.4,0.4
P-0534,0.0,0.0,0.4,0.2,0.2,0.4,0.0,0.4,0.2,0.2,0.2,0.2,0.4,0.0,0.0,0.2,0.2,0.2,0.0,0.0,0.4,0.2,0.2,0.2,0.4,0.0,0.0,0.4,0.0,0.4,0.0,0.0,0.0,0.2,0.0,0.4,0.0,0.4,0.0
P-0535,0.4,0.0,0.4,0.2,0.2,0.4,0.0,0.4,0.2,0.2,0.2,0.2,0.4,0.0,0.0,0.2,0.2,0.2,0.2,0.2,0.2,0.4,0.0,0.4,0.2,0.2,0.2,0.4,0.0,0.4,0.0,0.0,0.0,0.6,0.0,0.0,0.0,0.4,0.4
P-0536,0.4,0.0,0.4,0.4,0.0,0.6,0.0,0.4,0.2,0.4,0.0,0.4,0.4,0.0,0.0,0.2,0.2,0.2,0.2,0.2,0.2,0.2,0.2,0.2,0.2,0.2,0.2,0.2,0.2,0.2,0.4,0.0,0.0,0.6,0.0,0.0,0.0,0.4,0.4
P-0537,0.0,0.0,0.4,0.2,0.2,0.4,0.0,0.4,0.2,0.2,0.2,0.2,0.4,0.0,0.0,0.2,0.2,0.2,0.2,0.2,0.2,0.2,0.2,0.2,0.4,0.0,0.0,0.2,0.2,0.2,0.0,0.0,0.0,0.2,0.0,0.4,0.0,0.4,0.0
P-0538,0.0,0.0,0.4,0.2,0.2,0.4,0.0,0.4,0.2,0.2,0.2,0.2,0.4,0.0,0.0,0.2,0.2,0.2,0.0,0.0,0.4,0.2,0.2,0.2,0.4,0.0,0.0,0.2,0.2,0.2,0.0,0.0,0.0,0.2,0.0,0.0,0.0,0.4,0.0
P-0539,0.0,0.0,0.8,0.4,0.0,0.2,0.6,0.2,0.0,0.2,0.2,0.6,0.4,0.0,0.0,0.0,0.0,0.8,0.0,0.0,0.4,0.8,0.0,0.0,0.8,0.0,0.0,0.8,0.0,0.0,0.0,0.0,0.0,0.6,0.0,0.0,0.0,0.4,0.0
P-0540,0.0,0.0,0.4,0.4,0.0,0.2,0.2,0.2,0.0,0.2,0.2,0.2,0.4,0.0,0.4,0.0,0.0,0.4,0.0,0.0,0.4,0.8,0.0,0.0,0.4,0.0,0.0,0.4,0.0,0.0,0.0,0.0,0.0,0.2,0.0,0.0,0.0,0.4,0.0
P-0541,0.0,0.4,0.4,0.8,0.0,0.2,0.6,0.2,0.0,0.2,0.6,0.2,0.8,0.0,0.0,0.0,0.4,0.4,0.0,0.4,0.4,0.8,0.0,0.0,0.4,0.4,0.0,0.8,0.0,0.0,0.0,0.0,0.4,0.2,0.0,0.4,0.4,0.4,0.0
P-0542,0.0,0.4,0.4,0.8,0.0,0.2,0.6,0.2,0.0,0.2,0.6,0.2,0.8,0.0,0.0,0.0,0.4,0.4,0.0,0.4,0.4,0.4,0.0,0.0,0.4,0.4,0.0,0.4,0.0,0.0,0.0,0.0,0.4,0.6,0.0,0.0,0.4,0.4,0.0
P-0543,0.0,0.0,0.4,0.4,0.0,0.6,0.2,0.2,0.4,0.2,0.2,0.2,0.4,0.0,0.4,0.0,0.0,0.4,0.0,0.0,0.4,0.4,0.0,0.4,0.4,0.0,0.0,0.4,0.0,0.4,0.0,0.0,0.0,0.2,0.0,0.0,0.0,0.4,0.0
P-0544,0.0,0.0,0.8,0.8,0.0,0.2,0.6,0.2,0.0,0.2,0.2,0.6,0.8,0.0,0.0,0.0,0.0,0.8,0.0,0.0,0.8,0.8,0.0,0.0,0.8,0.0,0.0,0.8,0.0,0.0,0.0,0.0,0.0,0.2,0.0,0.4,0.0,0.4,0.0
P-0545,0.0,0.0,0.8,0.4,0.0,0.2,0.2,0.2,0.0,0.2,0.2,0.6,0.4,0.0,0.0,0.0,0.4,0.4,0.0,0.0,0.4,0.4,0.0,0.4,0.4,0.4,0.0,0.4,0.0,0.4,0.0,0.0,0.0,0.6,0.0,0.0,0.0,0.8,0.0
P-0546,0.0,0.0,0.4,0.4,0.0,0.6,0.2,0.2,0.4,0.2,0.2,0.2,0.4,0.0,0.4,0.0,0.0,0.4,0.0,0.0,0.4,0.4,0.0,0.0,0.4,0.0,0.0,0.4,0.0,0.0,0.0,0.0,0.0,0.2,0.0,0.0,0.0,0.4,0.0
P-0547,0.0,0.4,0.4,0.4,0.0,0.2,0.2,0.2,0.0,0.2,0.6,0.2,0.8,0.0,0.0,0.0,0.4,0.4,0.0,0.4,0.4,0.4,0.0,0.4,0.4,0.4,0.0,0.4,0.0,0.4,0.4,0.0,0.0,0.6,0.0,0.0,0.4,0.4,0.0
P-0548,0.0,0.0,0.4,0.4,0.0,0.6,0.2,0.2,0.4,0.2,0.2,0.2,0.4,0.0,0.0,0.0,0.0,0.4,0.0,0.0,0.4,0.4,0.0,0.0,0.4,0.0,0.0,0.4,0.0,0.0,0.0,0.0,0.0,0.6,0.0,0.0,0.0,0.4,0.0
P-0549,0.0,0.0,0.4,0.4,0.0,0.2,0.2,0.2,0.0,0.2,0.2,0.2,0.4,0.0,0.0,0.0,0.0,0.4,0.0,0.0,0.4,0.4,0.0,0.4,0.4,0.0,0.0,0.4,0.0,0.4,0.0,0.0,0.0,0.6,0.0,0.0,0.0,0.8,0.0
P-0550,0.0,0.4,0.4,0.8,0.0,0.2,0.6,0.2,0.0,0.2,0.6,0.2,0.8,0.0,0.0,0.0,0.4,0.4,0.0,0.0,0.8,0.4,0.0,0.0,0.4,0.4,0.0,0.4,0.0,0.0,0.0,0.0,0.0,0.2,0.0,0.4,0.4,0.4,0.0
P-0551,0.0,0.0,0.8,0.4,0.0,0.6,0.2,0.2,0.4,0.2,0.6,0.2,0.8,0.0,0.0,0.0,0.4,0.4,0.0,0.0,0.8,0.8,0.0,0.0,0.8,0.0,0.0,0.4,0.0,0.0,0.0,0.0,0.0,0.2,0.0,0.4,0.0,0.8,0.0
P-0552,0.0,0.4,0.4,0.8,0.0,0.2,0.6,0.2,0.0,0.2,0.6,0.2,0.8,0.0,0.0,0.0,0.4,0.4,0.0,0.4,0.4,0.4,0.0,0.0,0.4,0.4,0.0,0.4,0.0,0.0,0.0,0.0,0.0,0.6,0.0,0.0,0.4,0.4,0.0
P-0553,0.0,0.4,0.4,0.4,0.0,0.2,0.6,0.2,0.0,0.2,0.2,0.6,0.8,0.0,0.0,0.0,0.4,0.4,0.0,0.4,0.4,0.4,0.0,0.4,0.4,0.4,0.0,0.4,0.0,0.4,0.4,0.0,0.0,0.6,0.0,0.0,0.4,0.4,0.0
P-0554,0.0,0.0,0.8,0.8,0.0,0.2,0.6,0.2,0.0,0.2,0.6,0.2,0.8,0.0,0.0,0.0,0.0,0.8,0.0,0.4,0.4,0.8,0.0,0.0,0.8,0.0,0.0,0.8,0.0,0.0,0.0,0.0,0.0,0.2,0.0,0.4,0.0,0.8,0.0
P-0555,0.0,0.0,0.8,0.8,0.0,0.2,0.6,0.2,0.0,0.2,0.6,0.2,0.8,0.0,0.0,0.0,0.0,0.8,0.0,0.0,0.8,0.8,0.0,0.0,0.8,0.0,0.0,0.8,0.0,0.0,0.0,0.0,0.0,0.2,0.0,0.0,0.0,0.8,0.0
P-0556,0.0,0.0,0.4,0.4,0.0,0.2,0.2,0.2,0.0,0.2,0.2,0.2,0.4,0.0,0.0,0.0,0.0,0.4,0.0,0.0,0.4,0.4,0.0,0.0,0.4,0.0,0.0,0.4,0.0,0.0,0.0,0.0,0.0,0.2,0.0,0.0,0.0,0.4,0.0
P-0557,0.0,0.0,0.4,0.4,0.0,0.6,0.6,0.2,0.0,0.2,0.2,0.2,0.4,0.0,0.4,0.0,0.0,0.8,0.0,0.0,0.4,0.4,0.0,0.4,0.4,0.0,0.0,0.4,0.0,0.4,0.0,0.0,0.0,0.2,0.0,0.0,0.0,0.4,0.0
P-0558,0.0,0.0,0.6,0.4,0.0,0.6,0.2,0.4,0.2,0.2,0.2,0.4,0.4,0.0,0.0,0.2,0.2,0.4,0.0,0.0,0.4,0.4,0.2,0.2,0.6,0.0,0.0,0.4,0.2,0.2,0.0,0.0,0.0,0.4,0.0,0.0,0.0,0.8,0.0
P-0559,0.0,0.0,0.8,0.4,0.0,0.6,0.2,0.2,0.4,0.2,0.2,0.2,0.4,0.0,0.2,0.0,0.4,0.4,0.0,0.0,0.4,0.4,0.2,0.2,0.4,0.0,0.0,0.4,0.0,0.4,0.0,0.0,0.0,0.2,0.0,0.0,0.0,0.8,0.0
P-0560,0.2,0.0,0.6,0.4,0.2,0.4,0.2,0.4,0.2,0.2,0.4,0.2,0.6,0.0,0.0,0.0,0.2,0.4,0.0,0.2,0.4,0.4,0.2,0.2,0.4,0.2,0.0,0.4,0.2,0.2,0.0,0.0,0.2,0.2,0.0,0.2,0.0,0.6,0.2
P-0561,0.2,0.0,0.6,0.4,0.2,0.4,0.2,0.4,0.2,0.2,0.4,0.2,0.6,0.0,0.0,0.0,0.2,0.4,0.0,0.2,0.4,0.4,0.0,0.4,0.4,0.2,0.0,0.4,0.0,0.4,0.0,0.0,0.2,0.4,0.0,0.0,0.0,0.6,0.2
P-0562,0.0,0.0,0.8,0.4,0.0,0.4,0.2,0.2,0.2,0.2,0.2,0.2,0.4,0.0,0.2,0.0,0.4,0.4,0.0,0.0,0.4,0.4,0.0,0.2,0.4,0.0,0.0,0.4,0.0,0.2,0.0,0.0,0.0,0.2,0.0,0.0,0.0,0.8,0.0
P-0563,0.0,0.0,0.6,0.4,0.2,0.4,0.2,0.4,0.2,0.2,0.2,0.4,0.6,0.0,0.0,0.2,0.2,0.4,0.0,0.0,0.6,0.4,0.2,0.2,0.6,0.0,0.0,0.4,0.2,0.2,0.0,0.0,0.0,0.2,0.0,0.2,0.0,0.8,0.0
P-0564,0.0,0.0,0.6,0.4,0.0,0.6,0.2,0.2,0.4,0.2,0.2,0.4,0.4,0.0,0.0,0.0,0.2,0.4,0.0,0.0,0.4,0.4,0.0,0.2,0.4,0.2,0.0,0.4,0.0,0.2,0.0,0.0,0.0,0.4,0.0,0.0,0.0,0.6,0.0
P-0565,0.0,0.0,0.8,0.4,0.0,0.4,0.2,0.2,0.2,0.2,0.2,0.2,0.4,0.0,0.2,0.0,0.4,0.4,0.0,0.0,0.4,0.4,0.0,0.4,0.4,0.0,0.0,0.4,0.0,0.4,0.0,0.0,0.0,0.2,0.0,0.0,0.0,0.8,0.0
P-0566,0.2,0.0,0.6,0.4,0.0,0.6,0.2,0.2,0.4,0.2,0.4,0.2,0.6,0.0,0.0,0.0,0.2,0.4,0.0,0.2,0.4,0.4,0.0,0.2,0.4,0.2,0.0,0.4,0.0,0.2,0.2,0.0,0.0,0.4,0.0,0.0,0.0,0.6,0.2
P-0567,0.0,0.0,0.8,0.4,0.0,0.4,0.2,0.2,0.2,0.2,0.2,0.2,0.4,0.0,0.0,0.0,0.4,0.4,0.0,0.0,0.4,0.4,0.0,0.4,0.4,0.0,0.0,0.4,0.0,0.4,0.0,0.0,0.0,0.4,0.0,0.0,0.0,0.8,0.0
P-0568,0.0,0.0,0.8,0.4,0.0,0.6,0.2,0.2,0.4,0.2,0.2,0.2,0.4,0.0,0.0,0.0,0.4,0.4,0.0,0.0,0.4,0.4,0.0,0.2,0.4,0.0,0.0,0.4,0.0,0.2,0.0,0.0,0.0,0.4,0.0,0.0,0.0,0.6,0.0
P-0569,0.2,0.0,0.6,0.4,0.2,0.4,0.2,0.4,0.2,0.2,0.4,0.2,0.6,0.0,0.0,0.0,0.2,0.4,0.0,0.0,0.6,0.4,0.0,0.4,0.4,0.2,0.0,0.4,0.0,0.4,0.0,0.0,0.0,0.2,0.0,0.2,0.0,0.6,0.2
P-0570,0.0,0.0,0.6,0.4,0.0,0.4,0.2,0.2,0.2,0.2,0.4,0.2,0.6,0.0,0.0,0.0,0.2,0.4,0.0,0.0,0.6,0.4,0.2,0.2,0.6,0.0,0.0,0.4,0.0,0.4,0.0,0.0,0.0,0.2,0.0,0.2,0.0,0.6,0.0
P-0571,0.2,0.0,0.6,0.4,0.2,0.4,0.2,0.4,0.2,0.2,0.4,0.2,0.6,0.0,0.0,0.0,0.2,0.4,0.0,0.2,0.4,0.4,0.0,0.4,0.4,0.2,0.0,0.4,0.0,0.4,0.0,0.0,0.0,0.4,0.0,0.0,0.0,0.6,0.2
P-0572,0.2,0.0,0.6,0.4,0.0,0.6,0.2,0.4,0.2,0.2,0.2,0.4,0.6,0.0,0.0,0.0,0.2,0.4,0.0,0.2,0.4,0.4,0.0,0.2,0.4,0.2,0.0,0.4,0.0,0.2,0.2,0.0,0.0,0.4,0.0,0.0,0.0,0.6,0.2
P-0573,0.0,0.0,0.6,0.4,0.2,0.4,0.2,0.4,0.2,0.2,0.4,0.2,0.6,0.0,0.0,0.2,0.2,0.4,0.0,0.2,0.4,0.4,0.2,0.2,0.6,0.0,0.0,0.4,0.2,0.2,0.0,0.0,0.0,0.2,0.0,0.2,0.0,0.6,0.0
P-0574,0.0,0.0,0.6,0.4,0.2,0.4,0.2,0.4,0.2,0.2,0.4,0.2,0.6,0.0,0.0,0.2,0.2,0.4,0.0,0.0,0.6,0.4,0.2,0.2,0.6,0.0,0.0,0.4,0.2,0.2,0.0,0.0,0.0,0.2,0.0,0.0,0.0,0.6,0.0
P-0575,0.0,0.0,0.8,0.4,0.0,0.6,0.2,0.2,0.4,0.2,0.2,0.2,0.4,0.0,0.0,0.0,0.4,0.4,0.0,0.0,0.4,0.4,0.0,0.4,0.4,0.0,0.0,0.4,0.0,0.4,0.0,0.0,0.0,0.2,0.0,0.0,0.0,0.8,0.0
P-0576,0.0,0.0,0.8,0.4,0.0,0.4,0.2,0.4,0.2,0.2,0.2,0.2,0.4,0.0,0.2,0.2,0.2,0.4,0.0,0.0,0.4,0.4,0.0,0.2,0.4,0.0,0.0,0.4,0.0,0.2,0.0,0.0,0.0,0.2,0.0,0.0,0.0,0.8,0.0
P-0577,0.0,0.0,0.6,0.4,0.0,0.4,0.2,0.2,0.2,0.2,0.2,0.2,0.4,0.0,0.0,0.0,0.2,0.4,0.0,0.0,0.4,0.4,0.0,0.2,0.4,0.0,0.0,0.4,0.0,0.2,0.0,0.0,0.0,0.2,0.0,0.0,0.0,0.6,0.0
P-0578,0.0,0.0,0.8,0.2,0.2,0.4,0.0,0.4,0.2,0.2,0.2,0.2,0.2,0.2,0.2,0.2,0.2,0.2,0.0,0.0,0.4,0.2,0.2,0.2,0.4,0.0,0.0,0.2,0.2,0.2,0.0,0.0,0.0,0.2,0.0,0.0,0.0,0.8,0.0
P-0579,0.0,0.0,0.4,0.2,0.2,0.4,0.0,0.4,0.2,0.2,0.2,0.2,0.4,0.0,0.0,0.2,0.2,0.2,0.0,0.0,0.4,0.2,0.2,0.2,0.4,0.0,0.0,0.2,0.2,0.2,0.0,0.0,0.0,0.2,0.0,0.0,0.0,0.4,0.0
P-0581,0.0,0.0,0.4,0.0,0.0,0.4,0.2,0.2,0.2,0.0,0.0,0.4,0.0,0.0,0.4,0.0,0.0,0.4,0.0,0.0,0.0,0.4,0.0,0.4,0.4,0.0,0.0,0.4,0.0,0.4,0.0,0.0,0.0,0.8,0.0,0.0,0.0,0.0,0.0
P-0582,0.0,0.0,0.8,0.0,0.0,0.6,0.2,0.2,0.4,0.0,0.0,0.4,0.0,0.0,0.0,0.0,0.4,0.4,0.0,0.0,0.0,0.4,0.0,0.4,0.4,0.0,0.0,0.4,0.0,0.4,0.0,0.0,0.0,0.2,0.0,0.0,0.0,0.4,0.0
P-0583,0.0,0.0,0.8,0.0,0.0,1.0,0.2,0.2,0.4,0.0,0.0,0.4,0.0,0.0,0.4,0.0,0.4,0.4,0.0,0.0,0.0,0.2,0.2,0.6,0.4,0.0,0.0,0.2,0.2,0.6,0.0,0.0,0.0,0.2,0.0,0.0,0.0,0.4,0.0
P-0584,0.0,0.0,0.8,0.0,0.0,1.0,0.0,0.4,0.6,0.0,0.0,0.4,0.0,0.0,0.0,0.2,0.6,0.2,0.0,0.0,0.0,0.2,0.2,0.6,0.4,0.0,0.0,0.2,0.2,0.6,0.0,0.0,0.0,0.2,0.0,0.0,0.0,0.8,0.0
P-0585,0.0,0.0,0.8,0.4,0.0,0.6,0.4,0.0,0.6,0.0,0.4,0.0,0.2,0.2,0.2,0.0,0.4,0.4,0.0,0.0,0.4,0.4,0.0,0.4,0.4,0.0,0.0,0.4,0.0,0.4,0.0,0.0,0.0,0.2,0.0,0.0,0.0,0.8,0.0
P-0588,0.2,0.6,0.0,0.0,0.6,0.0,0.0,0.2,0.0,0.2,0.6,0.0,0.2,0.4,0.0,0.6,0.2,0.0,0.0,0.4,0.2,0.6,0.0,0.4,0.0,0.6,0.2,0.6,0.0,0.4,0.0,0.0,0.4,0.2,0.4,0.2,0.8,0.0,0.0
P-0589,0.2,0.2,0.6,0.2,0.2,0.4,0.2,0.2,0.4,0.0,0.4,0.0,0.4,0.0,0.0,0.2,0.6,0.2,0.2,0.2,0.2,0.4,0.0,0.4,0.2,0.2,0.2,0.4,0.0,0.4,0.0,0.0,0.4,0.0,0.2,0.2,0.2,0.6,0.2
P-0590,0.0,0.6,0.0,0.0,0.6,0.0,0.0,1.0,0.0,0.0,0.6,0.0,0.4,0.2,0.2,0.0,0.6,0.4,0.0,0.6,0.0,0.0,0.0,0.4,0.0,0.6,0.0,0.0,0.0,0.4,0.0,0.0,0.4,0.4,0.0,0.0,0.6,0.0,0.0
P-0591,0.2,0.2,0.6,0.2,0.2,0.4,0.2,0.2,0.4,0.0,0.4,0.0,0.4,0.0,0.0,0.2,0.6,0.2,0.2,0.2,0.2,0.4,0.0,0.4,0.2,0.2,0.2,0.4,0.0,0.4,0.0,0.0,0.4,0.2,0.0,0.0,0.2,0.6,0.2
P-0592,0.0,0.2,0.0,0.0,0.2,0.4,0.0,0.2,0.4,0.0,0.2,0.0,0.0,0.2,0.6,0.0,0.2,0.0,0.2,0.0,0.2,0.2,0.0,0.4,0.0,0.2,0.0,0.2,0.0,0.4,0.0,0.0,0.2,0.6,0.0,0.2,0.2,0.4,0.0
P-0593,0.2,0.0,0.2,0.2,0.0,0.2,0.2,0.0,0.2,0.0,0.2,0.0,0.2,0.0,0.4,0.2,0.0,0.2,0.4,0.2,0.0,0.4,0.2,0.2,0.2,0.0,0.2,0.4,0.2,0.2,0.0,0.0,0.2,0.4,0.2,0.0,0.0,0.2,0.2
P-0594,0.2,0.2,0.0,0.0,0.2,0.0,0.0,0.2,0.0,0.0,0.2,0.0,0.0,0.2,0.2,0.2,0.2,0.0,0.4,0.0,0.2,0.2,0.0,0.4,0.0,0.2,0.2,0.2,0.0,0.4,0.0,0.0,0.0,0.2,0.0,0.4,0.2,0.0,0.2
P-0595,0.0,0.0,0.8,0.2,0.2,0.4,0.2,0.2,0.4,0.0,0.4,0.0,0.2,0.2,0.2,0.0,0.4,0.4,0.0,0.0,0.4,0.2,0.2,0.6,0.4,0.0,0.0,0.2,0.2,0.6,0.0,0.0,0.0,0.2,0.0,0.0,0.0,0.8,0.0
P-0596,0.6,0.0,0.2,0.0,0.2,0.0,0.0,0.2,0.0,0.2,0.0,0.2,0.2,0.0,0.0,0.6,0.0,0.2,0.4,0.0,0.2,0.8,0.0,0.0,0.2,0.0,0.6,0.8,0.0,0.0,0.0,0.0,0.0,0.0,0.2,0.0,0.2,0.0,0.4
P-0597,0.0,0.0,0.8,0.2,0.2,0.4,0.2,0.2,0.4,0.2,0.2,0.2,0.4,0.0,0.0,0.0,0.4,0.4,0.0,0.0,0.4,0.4,0.0,0.4,0.4,0.0,0.0,0.4,0.0,0.4,0.0,0.0,0.0,0.0,0.2,0.2,0.0,0.8,0.0
P-0598,0.0,0.0,0.8,0.4,0.0,0.6,0.4,0.0,0.6,0.2,0.2,0.2,0.4,0.0,0.0,0.2,0.6,0.2,0.0,0.0,0.4,0.2,0.2,0.6,0.2,0.2,0.2,0.2,0.2,0.6,0.0,0.0,0.0,0.2,0.0,0.0,0.0,0.8,0.0
P-0600,0.0,0.0,0.0,0.0,0.0,0.2,0.0,0.0,0.2,0.0,0.0,0.0,0.0,0.0,0.8,0.0,0.0,0.0,0.0,0.0,0.0,0.0,0.0,0.4,0.0,0.0,0.0,0.0,0.0,0.4,0.0,0.0,0.0,0.6,0.0,0.0,0.0,0.0,0.0
P-0601,0.2,0.2,0.2,0.2,0.2,0.0,0.2,0.2,0.0,0.0,0.4,0.0,0.2,0.2,0.2,0.2,0.2,0.2,0.2,0.2,0.2,0.4,0.0,0.0,0.2,0.2,0.2,0.4,0.0,0.0,0.0,0.0,0.0,0.2,0.0,0.4,0.2,0.2,0.2
P-0602,0.0,0.0,0.8,0.2,0.2,0.4,0.2,0.2,0.4,0.0,0.4,0.0,0.2,0.2,0.2,0.0,0.4,0.4,0.0,0.0,0.4,0.4,0.0,0.4,0.4,0.0,0.0,0.4,0.0,0.4,0.0,0.0,0.0,0.2,0.0,0.0,0.0,0.8,0.0
P-0609,0.0,0.4,0.2,0.2,0.0,0.6,0.2,0.0,0.6,0.0,0.6,0.0,0.6,0.0,0.0,0.0,0.4,0.2,0.0,0.6,0.0,0.2,0.0,0.4,0.2,0.4,0.0,0.2,0.0,0.4,0.4,0.0,0.0,0.2,0.0,0.2,0.4,0.2,0.0
P-0610,0.4,0.2,0.0,0.4,0.0,0.2,0.2,0.0,0.2,0.6,0.2,0.0,0.2,0.0,0.0,0.4,0.2,0.0,0.4,0.2,0.0,0.4,0.0,0.6,0.0,0.2,0.4,0.4,0.0,0.6,0.4,0.2,0.2,0.0,0.4,0.0,0.6,0.0,0.0
P-0611,0.2,0.2,0.6,0.4,0.0,0.6,0.4,0.0,0.6,0.0,0.4,0.0,0.4,0.0,0.0,0.2,0.6,0.2,0.2,0.2,0.2,0.2,0.2,0.6,0.2,0.2,0.2,0.2,0.2,0.6,0.4,0.0,0.0,0.2,0.0,0.0,0.2,0.6,0.2
P-0612,0.0,0.8,0.0,0.0,0.0,0.4,0.0,0.0,0.4,0.0,0.8,0.0,0.8,0.0,0.0,0.0,0.8,0.0,0.0,0.8,0.0,0.0,0.0,0.8,0.0,0.8,0.0,0.0,0.0,0.8,0.8,0.0,0.0,0.8,0.0,0.0,0.8,0.0,0.0
P-0613,0.0,0.0,0.6,0.0,0.0,0.2,0.4,0.2,0.0,0.0,0.0,0.6,0.0,0.0,0.0,0.0,0.0,0.6,0.0,0.0,0.0,0.6,0.0,0.0,0.6,0.0,0.0,0.6,0.0,0.0,0.0,0.0,0.0,0.4,0.0,0.0,0.0,0.0,0.0
P-0614,0.0,0.0,0.4,0.0,0.0,0.4,0.0,0.0,0.4,0.0,0.0,0.4,0.0,0.0,0.6,0.0,0.4,0.0,0.0,0.0,0.0,0.0,0.4,0.4,0.0,0.4,0.0,0.0,0.0,0.8,0.0,0.0,0.0,0.6,0.0,0.0,0.0,0.4,0.0
P-0615,0.0,0.0,0.4,0.0,0.0,0.4,0.0,0.0,0.4,0.0,0.0,0.4,0.0,0.0,0.6,0.0,0.4,0.0,0.0,0.0,0.0,0.0,0.0,0.4,0.0,0.4,0.0,0.0,0.0,0.4,0.0,0.0,0.0,0.6,0.0,0.0,0.0,0.4,0.0
P-0616,0.0,0.0,0.4,0.0,0.8,0.0,0.0,0.8,0.0,0.2,0.2,0.2,0.2,0.2,0.0,0.4,0.0,0.4,0.0,0.0,0.4,0.4,0.0,0.0,0.4,0.0,0.0,0.8,0.0,0.0,0.0,0.0,0.0,0.0,0.2,0.2,0.0,0.4,0.0
P-0617,0.4,0.2,0.0,0.4,0.2,0.0,0.4,0.2,0.0,0.0,0.2,0.0,0.2,0.0,0.0,0.4,0.2,0.0,0.4,0.0,0.2,0.2,0.2,0.2,0.0,0.2,0.4,0.2,0.2,0.2,0.4,0.0,0.0,0.2,0.4,0.2,0.2,0.0,0.4
P-0618,0.0,0.0,0.8,0.2,0.2,0.4,0.2,0.2,0.4,0.0,0.4,0.0,0.4,0.0,0.0,0.0,0.4,0.4,0.0,0.0,0.4,0.4,0.0,0.4,0.4,0.0,0.0,0.4,0.0,0.4,0.0,0.0,0.0,0.2,0.0,0.0,0.0,0.8,0.0
P-0619,0.0,0.0,0.4,0.0,0.4,0.4,0.0,0.4,0.4,0.0,0.4,0.0,0.2,0.2,0.0,0.2,0.2,0.2,0.0,0.0,0.4,0.4,0.0,0.0,0.4,0.0,0.0,0.4,0.0,0.0,0.0,0.0,0.0,0.2,0.0,0.4,0.0,0.4,0.0
P-0620,0.2,0.0,0.2,0.0,0.2,0.0,0.0,0.2,0.0,0.0,0.2,0.0,0.2,0.0,0.0,0.4,0.2,0.0,0.2,0.0,0.2,0.2,0.2,0.2,0.2,0.0,0.2,0.2,0.2,0.2,0.0,0.0,0.2,0.4,0.0,0.0,0.0,0.2,0.2
P-0621,0.4,0.2,0.0,0.2,0.0,0.2,0.2,0.0,0.2,0.0,0.2,0.0,0.2,0.0,0.0,0.4,0.2,0.0,0.0,0.0,0.2,0.4,0.0,0.4,0.0,0.2,0.4,0.4,0.0,0.4,0.0,0.0,0.0,0.0,0.2,0.4,0.0,0.2,0.6
P-0623,0.0,0.0,0.8,0.4,0.0,0.6,0.4,0.0,0.6,0.0,0.4,0.0,0.4,0.0,0.0,0.0,0.4,0.4,0.0,0.0,0.4,0.2,0.2,0.6,0.4,0.0,0.0,0.2,0.2,0.6,0.0,0.0,0.0,0.2,0.0,0.0,0.0,0.8,0.0
P-0624,0.0,0.6,0.0,0.2,0.6,0.0,0.2,0.6,0.0,0.0,0.6,0.0,0.2,0.4,0.0,0.0,0.6,0.0,0.2,0.4,0.2,0.2,0.2,0.4,0.0,0.6,0.0,0.2,0.2,0.4,0.2,0.0,0.4,0.2,0.2,0.2,0.6,0.0,0.0
P-0625,0.4,0.4,0.2,0.0,0.8,0.0,0.0,0.8,0.0,0.0,0.8,0.0,0.6,0.2,0.2,0.0,0.6,0.0,0.0,0.4,0.4,0.0,0.0,0.6,0.0,0.8,0.0,0.0,0.0,0.6,0.0,0.0,0.0,0.4,0.2,0.2,0.4,0.2,0.4
P-0626,0.0,0.4,0.2,0.2,0.6,0.0,0.0,0.6,0.0,0.2,0.6,0.0,0.4,0.4,0.0,0.0,0.4,0.2,0.0,0.0,0.8,0.2,0.0,0.0,0.2,0.4,0.0,0.2,0.0,0.0,0.0,0.0,0.0,0.2,0.2,0.2,0.4,0.4,0.0
P-0627,0.2,0.2,0.6,0.2,0.2,0.4,0.2,0.2,0.4,0.0,0.4,0.0,0.4,0.0,0.0,0.2,0.6,0.2,0.0,0.0,0.4,0.4,0.0,0.4,0.2,0.2,0.2,0.4,0.0,0.4,0.0,0.0,0.0,0.0,0.2,0.2,0.2,0.6,0.2
P-0628,0.2,0.4,0.2,0.2,0.0,0.2,0.2,0.0,0.2,0.0,0.6,0.0,0.6,0.0,0.0,0.0,0.6,0.0,0.2,0.4,0.2,0.4,0.2,0.2,0.2,0.4,0.2,0.2,0.0,0.4,0.4,0.0,0.2,0.4,0.6,0.0,0.4,0.2,0.2
P-0629,0.0,0.0,0.8,0.2,0.2,0.4,0.2,0.2,0.4,0.0,0.4,0.0,0.4,0.0,0.0,0.2,0.6,0.2,0.0,0.0,0.4,0.4,0.0,0.4,0.4,0.0,0.0,0.4,0.0,0.4,0.0,0.0,0.0,0.0,0.2,0.2,0.0,0.8,0.0
P-0630,0.6,0.2,0.0,0.2,0.6,0.0,0.0,0.6,0.0,0.4,0.4,0.2,0.8,0.0,0.0,0.6,0.2,0.0,0.2,0.6,0.2,0.4,0.2,0.2,0.2,0.4,0.4,0.4,0.2,0.2,0.0,0.0,0.0,0.2,0.2,0.2,0.6,0.2,0.2
P-0631,0.2,0.4,0.2,0.0,0.4,0.6,0.0,0.4,0.6,0.0,0.6,0.0,0.4,0.2,0.2,0.0,0.6,0.0,0.0,0.6,0.0,0.0,0.0,0.2,0.0,0.6,0.0,0.0,0.0,0.2,0.2,0.0,0.0,0.4,0.0,0.0,0.4,0.2,0.2
P-0632,0.2,0.4,0.2,0.4,0.2,0.0,0.4,0.2,0.0,0.0,0.6,0.0,0.6,0.0,0.0,0.2,0.4,0.2,0.4,0.4,0.2,0.4,0.0,0.0,0.2,0.4,0.2,0.4,0.0,0.0,0.0,0.0,0.0,0.0,0.2,0.4,0.4,0.2,0.2
P-0633,0.2,0.2,0.4,0.0,0.6,0.0,0.0,0.2,0.0,0.0,0.4,0.2,0.2,0.4,0.0,0.2,0.2,0.0,0.0,0.4,0.2,0.2,0.4,0.0,0.4,0.2,0.2,0.2,0.4,0.0,0.0,0.0,0.0,0.0,0.2,0.4,0.2,0.2,0.2
P-0634,0.8,0.2,0.0,0.2,0.2,0.0,0.0,0.2,0.0,0.2,0.2,0.0,0.6,0.0,0.0,0.8,0.2,0.0,0.4,0.6,0.0,0.2,0.2,0.0,0.0,0.2,0.8,0.2,0.2,0.0,0.2,0.0,0.4,0.2,0.2,0.2,0.6,0.0,0.4
P-0635,0.2,0.2,0.6,0.2,0.2,0.4,0.2,0.2,0.4,0.0,0.4,0.0,0.4,0.0,0.0,0.2,0.6,0.2,0.2,0.2,0.2,0.4,0.0,0.4,0.2,0.2,0.2,0.4,0.0,0.4,0.0,0.0,0.0,0.2,0.0,0.0,0.2,0.6,0.2
P-0636,0.2,0.2,0.6,0.4,0.0,0.6,0.2,0.2,0.4,0.2,0.2,0.2,0.4,0.0,0.0,0.2,0.6,0.2,0.2,0.2,0.2,0.2,0.2,0.6,0.2,0.2,0.2,0.2,0.2,0.6,0.4,0.0,0.0,0.2,0.0,0.0,0.2,0.6,0.2
P-0637,0.2,0.0,0.6,0.4,0.6,0.0,0.4,0.6,0.0,0.0,0.6,0.0,0.2,0.4,0.0,0.2,0.0,0.6,0.0,0.6,0.0,0.2,0.8,0.0,0.6,0.0,0.2,0.2,0.8,0.0,0.2,0.2,0.0,0.0,0.6,0.4,0.0,0.6,0.2
P-0638,0.4,0.0,0.4,0.2,0.2,0.0,0.2,0.2,0.0,0.6,0.2,0.2,0.4,0.0,0.2,0.2,0.2,0.2,0.4,0.4,0.0,0.2,0.4,0.0,0.2,0.2,0.2,0.2,0.2,0.2,0.0,0.0,0.4,0.2,0.4,0.0,0.2,0.6,0.2
P-0639,0.6,0.2,0.2,0.0,0.4,0.4,0.0,0.4,0.4,0.0,0.4,0.0,0.2,0.2,0.0,0.2,0.2,0.2,0.4,0.4,0.0,0.6,0.2,0.2,0.2,0.2,0.6,0.4,0.0,0.4,0.4,0.0,0.0,0.2,0.8,0.0,0.2,0.2,0.6
P-0640,0.0,0.0,0.8,0.2,0.2,0.4,0.2,0.2,0.4,0.0,0.4,0.0,0.4,0.0,0.0,0.0,0.4,0.4,0.2,0.2,0.2,0.4,0.0,0.4,0.4,0.0,0.0,0.4,0.0,0.4,0.0,0.0,0.0,0.0,0.2,0.2,0.0,0.8,0.0
P-0641,0.0,0.4,0.4,0.2,0.6,0.0,0.2,0.6,0.0,0.0,0.8,0.0,0.4,0.4,0.0,0.0,0.4,0.4,0.0,0.4,0.4,0.2,0.2,0.2,0.4,0.4,0.0,0.2,0.2,0.2,0.0,0.0,0.0,0.6,0.0,0.0,0.4,0.4,0.0
P-0642,0.4,0.0,0.6,0.2,0.6,0.0,0.2,0.6,0.0,0.2,0.6,0.0,0.4,0.4,0.0,0.2,0.0,0.6,0.2,0.2,0.6,0.8,0.0,0.2,0.6,0.0,0.2,0.8,0.0,0.2,0.0,0.0,0.0,0.4,0.0,0.0,0.0,0.6,0.4
P-0643,0.4,0.0,0.4,0.4,0.4,0.0,0.0,0.4,0.0,0.2,0.2,0.2,0.2,0.2,0.0,0.4,0.0,0.4,0.4,0.0,0.4,0.4,0.4,0.2,0.4,0.0,0.4,0.4,0.4,0.2,0.4,0.0,0.0,0.4,0.2,0.2,0.2,0.2,0.2
P-0644,0.0,0.0,0.8,0.2,0.2,0.4,0.2,0.2,0.4,0.0,0.4,0.0,0.4,0.0,0.0,0.0,0.4,0.4,0.0,0.0,0.4,0.4,0.0,0.4,0.4,0.0,0.0,0.4,0.0,0.4,0.0,0.0,0.0,0.2,0.0,0.0,0.0,0.8,0.0
P-0646,0.2,0.2,0.4,0.4,0.0,0.4,0.2,0.2,0.2,0.2,0.2,0.2,0.4,0.0,0.0,0.2,0.4,0.2,0.0,0.4,0.0,0.4,0.0,0.2,0.2,0.2,0.2,0.4,0.0,0.2,0.0,0.0,0.4,0.6,0.0,0.0,0.4,0.2,0.0
P-0648,0.2,0.0,0.2,0.2,0.0,0.2,0.2,0.0,0.2,0.2,0.0,0.2,0.2,0.0,0.0,0.4,0.2,0.0,0.2,0.2,0.0,0.2,0.2,0.2,0.0,0.2,0.4,0.2,0.2,0.2,0.0,0.0,0.0,0.4,0.2,0.0,0.0,0.2,0.2
P-0649,0.0,0.0,0.2,0.2,0.0,0.2,0.2,0.0,0.2,0.2,0.2,0.0,0.2,0.0,0.0,0.0,0.0,0.2,0.2,0.2,0.0,0.2,0.0,0.0,0.2,0.0,0.0,0.2,0.0,0.0,0.0,0.0,0.0,0.2,0.0,0.2,0.0,0.4,0.0
P-0650,0.0,0.0,0.8,0.4,0.0,0.6,0.4,0.0,0.6,0.0,0.4,0.0,0.4,0.0,0.0,0.0,0.4,0.4,0.0,0.0,0.4,0.4,0.0,0.4,0.4,0.0,0.0,0.4,0.0,0.4,0.0,0.0,0.0,0.2,0.0,0.0,0.0,0.8,0.0
P-0651,0.0,0.0,0.8,0.2,0.2,0.4,0.2,0.2,0.4,0.0,0.4,0.0,0.2,0.2,0.2,0.0,0.4,0.4,0.0,0.0,0.4,0.2,0.2,0.6,0.4,0.0,0.0,0.2,0.2,0.6,0.0,0.0,0.0,0.2,0.0,0.0,0.0,0.8,0.0
P-0652,0.2,0.4,0.2,0.0,0.6,0.0,0.0,0.6,0.0,0.0,0.6,0.0,0.6,0.0,0.0,0.0,0.6,0.0,0.2,0.6,0.0,0.0,0.0,0.4,0.0,0.6,0.0,0.0,0.0,0.4,0.0,0.0,0.4,0.4,0.2,0.0,0.4,0.2,0.2
P-0653,0.0,0.0,0.8,0.2,0.2,0.4,0.2,0.2,0.4,0.0,0.4,0.0,0.4,0.0,0.0,0.2,0.6,0.2,0.0,0.0,0.4,0.2,0.2,0.6,0.4,0.0,0.0,0.2,0.2,0.6,0.0,0.0,0.0,0.2,0.0,0.0,0.0,0.8,0.0
P-0655,0.4,0.0,0.2,0.4,0.0,0.0,0.2,0.0,0.0,0.4,0.0,0.2,0.4,0.0,0.0,0.4,0.0,0.2,0.0,0.4,0.0,0.4,0.2,0.0,0.2,0.0,0.4,0.4,0.2,0.0,0.0,0.0,0.0,0.0,0.0,0.0,0.4,0.2,0.0
P-0656,0.0,0.0,0.8,0.4,0.0,0.4,0.4,0.0,0.4,0.2,0.2,0.2,0.4,0.0,0.0,0.0,0.4,0.4,0.0,0.0,0.4,0.2,0.2,0.4,0.4,0.0,0.0,0.2,0.2,0.4,0.0,0.0,0.0,0.2,0.0,0.0,0.0,1.0,0.0
P-0660,0.0,0.2,0.4,0.6,0.0,0.0,0.6,0.0,0.0,0.0,0.2,0.4,0.6,0.0,0.0,0.0,0.2,0.4,0.0,0.0,0.6,0.0,0.4,0.2,0.4,0.2,0.0,0.0,0.4,0.2,0.0,0.0,0.0,0.0,0.6,0.0,0.0,0.4,0.2
P-0661,0.0,0.0,0.6,0.6,0.0,0.4,0.4,0.2,0.2,0.2,0.0,0.6,0.6,0.0,0.0,0.0,0.0,0.6,0.0,0.2,0.4,0.2,0.4,0.2,0.6,0.0,0.0,0.2,0.4,0.2,0.0,0.0,0.0,0.0,0.6,0.0,0.0,0.8,0.0
P-0662,0.4,0.0,0.4,0.4,0.0,0.0,0.4,0.0,0.0,0.2,0.2,0.2,0.4,0.0,0.0,0.4,0.0,0.4,0.0,0.0,0.4,0.6,0.2,0.0,0.4,0.0,0.4,0.6,0.2,0.0,0.0,0.0,0.0,0.0,0.2,0.2,0.2,0.4,0.2
P-0666,0.2,0.0,0.6,0.0,0.2,0.6,0.0,0.2,0.6,0.2,0.0,0.6,0.0,0.2,0.6,0.2,0.4,0.2,0.0,0.0,0.2,0.2,0.2,0.4,0.2,0.4,0.2,0.2,0.2,0.4,0.0,0.0,0.0,0.6,0.0,0.2,0.2,0.6,0.0
P-0667,0.0,0.4,0.2,0.0,0.6,0.2,0.0,0.6,0.2,0.0,0.6,0.0,0.4,0.2,0.2,0.2,0.6,0.0,0.0,0.0,0.6,0.0,0.2,0.4,0.2,0.4,0.0,0.0,0.2,0.4,0.0,0.0,0.0,0.4,0.2,0.2,0.4,0.4,0.0
P-0668,0.2,0.0,0.2,0.2,0.0,0.4,0.0,0.2,0.2,0.2,0.0,0.2,0.2,0.0,0.0,0.2,0.0,0.2,0.0,0.2,0.0,0.4,0.0,0.2,0.2,0.0,0.2,0.4,0.0,0.2,0.0,0.0,0.0,0.0,0.4,0.0,0.0,0.4,0.2
P-0669,0.2,0.0,0.2,0.6,0.0,0.4,0.0,0.2,0.2,0.6,0.0,0.2,0.2,0.0,0.0,0.2,0.0,0.2,0.0,0.2,0.0,0.2,0.2,0.4,0.2,0.0,0.2,0.2,0.2,0.4,0.4,0.0,0.0,0.0,0.4,0.0,0.0,0.4,0.2
P-0670,0.0,0.0,0.0,0.0,0.0,0.8,0.0,0.0,0.8,0.0,0.0,0.0,0.0,0.0,0.4,0.0,0.0,0.0,0.0,0.0,0.0,0.0,0.0,0.6,0.0,0.0,0.0,0.0,0.0,0.6,0.0,0.0,0.0,0.6,0.0,0.0,0.0,0.2,0.0
P-0671,0.2,0.0,0.2,0.2,0.0,0.0,0.2,0.0,0.0,0.2,0.0,0.2,0.2,0.0,0.0,0.2,0.0,0.2,0.0,0.2,0.0,0.2,0.2,0.0,0.2,0.0,0.2,0.2,0.2,0.0,0.0,0.0,0.0,0.0,0.0,0.0,0.2,0.2,0.0
P-0672,0.0,0.0,0.6,0.4,0.0,0.4,0.4,0.2,0.2,0.0,0.0,0.6,0.4,0.0,0.0,0.0,0.0,0.6,0.0,0.0,0.4,0.2,0.4,0.2,0.6,0.0,0.0,0.2,0.4,0.2,0.0,0.0,0.0,0.0,0.4,0.0,0.0,0.6,0.0
P-0673,0.2,0.0,0.6,0.0,0.2,0.2,0.0,0.2,0.2,0.2,0.0,0.6,0.0,0.2,0.2,0.2,0.4,0.2,0.0,0.0,0.2,0.2,0.2,0.0,0.2,0.4,0.2,0.2,0.2,0.0,0.0,0.0,0.0,0.2,0.0,0.2,0.2,0.2,0.0
P-0674,0.0,0.4,0.4,0.4,0.4,0.2,0.2,0.6,0.0,0.0,0.4,0.4,0.4,0.4,0.2,0.0,0.4,0.4,0.0,0.0,0.8,0.0,0.4,0.4,0.4,0.4,0.0,0.0,0.4,0.4,0.0,0.0,0.0,0.2,0.4,0.4,0.2,0.0,0.2
P-0675,0.0,0.4,0.4,0.2,0.6,0.0,0.2,0.6,0.0,0.2,0.6,0.2,0.2,0.6,0.0,0.0,0.4,0.4,0.0,0.0,0.8,0.0,0.4,0.4,0.4,0.4,0.0,0.0,0.4,0.4,0.0,0.0,0.0,0.0,0.2,0.6,0.2,0.4,0.2
P-0676,0.2,0.4,0.2,0.2,0.2,0.6,0.2,0.2,0.6,0.0,0.6,0.0,0.4,0.2,0.2,0.0,0.6,0.0,0.0,0.6,0.0,0.0,0.0,0.4,0.0,0.6,0.0,0.0,0.0,0.4,0.2,0.0,0.0,0.4,0.0,0.0,0.2,0.2,0.4
P-0677,0.6,0.0,0.2,0.2,0.0,0.0,0.2,0.0,0.0,0.0,0.2,0.0,0.2,0.0,0.0,0.6,0.0,0.2,0.4,0.2,0.0,0.2,0.2,0.0,0.2,0.0,0.6,0.2,0.2,0.0,0.0,0.0,0.4,0.0,0.4,0.0,0.0,0.0,0.6
P-0678,0.0,0.4,0.4,0.2,0.6,0.0,0.2,0.6,0.0,0.0,0.8,0.0,0.6,0.2,0.0,0.0,0.4,0.4,0.2,0.6,0.2,0.4,0.4,0.0,0.4,0.4,0.0,0.4,0.4,0.0,0.0,0.0,0.4,0.0,0.6,0.2,0.4,0.2,0.0
P-0679,0.0,0.2,0.4,0.2,0.4,0.0,0.2,0.4,0.0,0.0,0.6,0.0,0.2,0.4,0.0,0.0,0.2,0.4,0.2,0.2,0.4,0.0,0.4,0.2,0.4,0.2,0.0,0.0,0.4,0.2,0.0,0.0,0.0,0.4,0.2,0.0,0.2,0.2,0.0
P-0681,0.0,0.4,0.4,0.6,0.2,0.0,0.6,0.2,0.0,0.0,0.8,0.0,0.6,0.2,0.0,0.0,0.4,0.4,0.0,0.4,0.4,0.2,0.2,0.6,0.4,0.4,0.0,0.2,0.2,0.6,0.4,0.0,0.0,0.6,0.0,0.0,0.4,0.2,0.0
P-0682,0.0,0.0,0.4,0.4,0.0,0.0,0.4,0.0,0.0,0.0,0.0,0.4,0.4,0.0,0.0,0.0,0.0,0.4,0.0,0.0,0.4,0.4,0.0,0.2,0.4,0.0,0.0,0.4,0.0,0.2,0.0,0.0,0.0,0.2,0.0,0.4,0.0,0.2,0.0
P-0685,0.2,0.0,0.0,0.4,0.0,0.0,0.0,0.0,0.0,0.8,0.0,0.0,0.4,0.0,0.0,0.2,0.0,0.0,0.6,0.0,0.4,0.2,0.0,0.0,0.0,0.0,0.2,0.2,0.0,0.0,0.0,0.0,0.0,0.0,0.4,0.0,0.2,0.6,0.0
P-0686,0.6,0.0,0.0,0.8,0.0,0.0,0.0,0.0,0.0,0.8,0.0,0.0,0.8,0.0,0.0,0.6,0.0,0.0,0.0,0.2,0.6,0.6,0.0,0.0,0.0,0.0,0.6,0.6,0.0,0.0,0.0,0.0,0.0,0.0,0.8,0.0,0.6,0.2,0.0
P-0687,0.8,0.0,0.0,0.4,0.0,0.0,0.0,0.0,0.0,0.4,0.0,0.0,0.4,0.0,0.0,0.8,0.0,0.0,0.4,0.0,0.4,0.8,0.0,0.0,0.0,0.0,0.8,0.8,0.0,0.0,0.0,0.0,0.0,0.0,0.4,0.4,0.4,0.0,0.4
P-0688,1.0,0.0,0.0,0.8,0.2,0.0,0.0,0.2,0.0,0.8,0.0,0.0,0.8,0.0,0.0,0.8,0.0,0.0,0.2,0.6,0.2,1.0,0.0,0.0,0.0,0.0,1.0,0.8,0.0,0.0,0.0,0.0,0.0,0.0,0.4,0.0,0.8,0.0,0.2
P-0689,0.4,0.0,0.0,0.8,0.0,0.0,0.4,0.0,0.0,0.8,0.0,0.0,0.8,0.0,0.0,0.4,0.0,0.0,0.0,0.2,0.6,0.2,0.2,0.2,0.0,0.0,0.4,0.2,0.2,0.2,0.0,0.0,0.0,0.4,0.2,0.0,0.2,0.6,0.2
P-0690,0.4,0.2,0.0,0.6,0.0,0.0,0.2,0.0,0.0,0.4,0.2,0.0,0.6,0.0,0.0,0.4,0.2,0.0,0.2,0.2,0.4,0.2,0.2,0.2,0.0,0.2,0.4,0.2,0.2,0.2,0.4,0.0,0.0,0.6,0.2,0.0,0.4,0.2,0.2
P-0691,0.2,0.0,0.6,0.6,0.0,0.4,0.2,0.0,0.4,0.4,0.2,0.0,0.6,0.0,0.0,0.2,0.4,0.2,0.0,0.0,0.6,0.4,0.0,0.4,0.2,0.0,0.2,0.4,0.0,0.4,0.0,0.0,0.0,0.2,0.2,0.0,0.2,0.8,0.0
P-0692,0.0,0.4,0.0,0.4,0.4,0.0,0.4,0.4,0.0,0.0,0.4,0.0,0.0,0.4,0.0,0.0,0.4,0.0,0.2,0.4,0.0,0.2,0.2,0.6,0.0,0.4,0.0,0.2,0.2,0.6,0.4,0.0,0.4,0.2,0.0,0.2,0.4,0.0,0.0
P-0693,0.0,0.0,0.0,0.0,0.0,0.0,0.0,0.0,0.0,0.0,0.0,0.0,0.0,0.0,0.0,0.0,0.0,0.0,0.4,0.0,0.0,0.4,0.0,0.0,0.0,0.0,0.0,0.4,0.0,0.0,0.0,0.0,0.4,0.0,0.0,0.0,0.0,0.0,0.0
P-0694,0.4,0.0,0.0,0.0,0.0,0.0,0.0,0.0,0.0,0.0,0.0,0.0,0.0,0.0,0.0,0.4,0.0,0.0,0.8,0.0,0.0,0.8,0.0,0.0,0.0,0.0,0.4,0.8,0.0,0.0,0.0,0.0,0.4,0.0,0.0,0.0,0.0,0.0,0.4
P-0696,0.6,0.0,0.0,0.2,0.0,0.0,0.0,0.0,0.0,0.6,0.0,0.0,0.2,0.0,0.0,0.6,0.0,0.0,0.4,0.0,0.2,0.6,0.0,0.0,0.0,0.0,0.6,0.6,0.0,0.0,0.0,0.0,0.4,0.0,0.6,0.0,0.6,0.0,0.0
P-0697,0.2,0.4,0.0,0.0,0.4,0.0,0.0,0.4,0.0,0.0,0.4,0.0,0.0,0.4,0.0,0.2,0.4,0.0,0.0,0.2,0.2,0.2,0.0,0.4,0.0,0.4,0.2,0.2,0.0,0.4,0.0,0.0,0.0,0.2,0.2,0.2,0.4,0.0,0.2
P-0698,0.0,0.2,0.0,0.0,0.2,0.0,0.0,0.6,0.0,0.0,0.2,0.0,0.0,0.2,0.2,0.0,0.2,0.4,0.0,0.0,0.2,0.0,0.0,0.4,0.0,0.2,0.0,0.0,0.0,0.4,0.0,0.0,0.0,0.2,0.0,0.2,0.2,0.0,0.0
P-0699,0.0,0.2,0.6,0.2,0.6,0.2,0.0,0.8,0.0,0.0,0.4,0.4,0.2,0.6,0.2,0.0,0.2,0.6,0.0,0.2,0.6,0.0,0.6,0.2,0.6,0.2,0.0,0.0,0.6,0.2,0.0,0.0,0.0,0.2,0.2,0.6,0.2,0.2,0.0
P-0700,0.0,0.2,0.4,0.2,0.4,0.2,0.0,0.6,0.0,0.0,0.2,0.4,0.2,0.4,0.4,0.0,0.2,0.4,0.0,0.0,0.6,0.2,0.2,0.2,0.4,0.2,0.0,0.2,0.2,0.2,0.0,0.0,0.0,0.4,0.2,0.4,0.2,0.0,0.0
P-0701,0.2,0.4,0.4,0.0,0.8,0.0,0.0,0.8,0.0,0.2,0.6,0.2,0.0,0.8,0.0,0.2,0.4,0.4,0.2,0.4,0.4,0.2,0.4,0.4,0.4,0.4,0.2,0.2,0.4,0.4,0.0,0.0,0.4,0.2,0.2,0.6,0.6,0.2,0.0
P-0703,0.0,0.2,0.6,0.0,0.8,0.0,0.0,0.8,0.0,0.2,0.6,0.2,0.0,0.8,0.0,0.0,0.2,0.6,0.0,0.2,0.6,0.0,0.6,0.2,0.6,0.2,0.0,0.0,0.6,0.2,0.0,0.0,0.0,0.0,0.0,0.8,0.2,0.6,0.0
P-0704,0.0,0.2,0.2,0.2,0.2,0.2,0.2,0.2,0.2,0.2,0.2,0.2,0.2,0.2,0.2,0.2,0.4,0.0,0.0,0.2,0.2,0.0,0.2,0.6,0.0,0.4,0.2,0.0,0.2,0.6,0.0,0.0,0.0,0.6,0.2,0.2,0.2,0.2,0.0
P-0705,0.4,0.4,0.0,0.0,0.4,0.0,0.0,0.4,0.0,0.4,0.4,0.0,0.0,0.4,0.0,0.4,0.4,0.0,0.0,0.0,0.4,0.4,0.0,0.4,0.0,0.4,0.4,0.4,0.0,0.4,0.0,0.0,0.0,0.0,0.0,0.4,0.8,0.0,0.0
P-0706,0.4,0.4,0.0,0.0,0.8,0.0,0.0,0.8,0.0,0.0,0.8,0.0,0.4,0.4,0.0,0.0,0.4,0.0,0.0,0.0,0.8,0.0,0.0,0.8,0.0,0.8,0.0,0.0,0.0,0.8,0.0,0.0,0.0,0.0,0.0,0.8,0.4,0.0,0.4
P-0708,0.2,0.2,0.2,0.4,0.0,0.0,0.4,0.0,0.0,0.2,0.2,0.2,0.4,0.0,0.0,0.2,0.2,0.2,0.0,0.2,0.2,0.6,0.0,0.0,0.2,0.2,0.2,0.6,0.0,0.0,0.0,0.0,0.2,0.2,0.2,0.2,0.4,0.0,0.0
P-0709,0.4,0.2,0.2,0.8,0.0,0.0,0.4,0.0,0.0,0.4,0.2,0.2,0.8,0.0,0.0,0.4,0.2,0.2,0.0,0.4,0.4,0.6,0.0,0.0,0.2,0.2,0.4,0.6,0.0,0.0,0.0,0.0,0.4,0.0,0.4,0.4,0.6,0.0,0.0
P-0710,0.4,0.4,0.0,0.2,0.2,0.2,0.0,0.4,0.0,0.6,0.2,0.2,0.0,0.4,0.0,0.4,0.4,0.0,0.2,0.4,0.0,0.4,0.0,0.4,0.0,0.4,0.4,0.4,0.0,0.4,0.2,0.2,0.4,0.4,0.2,0.0,0.8,0.0,0.0
P-0711,0.2,0.0,0.2,0.0,0.2,0.6,0.0,0.2,0.6,0.2,0.0,0.2,0.0,0.2,0.6,0.2,0.0,0.2,0.0,0.0,0.2,0.4,0.0,0.0,0.2,0.0,0.2,0.4,0.0,0.0,0.0,0.0,0.0,0.0,0.0,0.2,0.2,0.0,0.0
P-0712,0.8,0.2,0.0,0.4,0.2,0.0,0.4,0.2,0.0,0.4,0.2,0.0,0.0,0.2,0.0,0.8,0.2,0.0,0.4,0.0,0.2,0.4,0.4,0.2,0.0,0.2,0.8,0.4,0.4,0.2,0.4,0.0,0.0,0.0,0.4,0.2,0.6,0.0,0.4
P-0713,0.6,0.2,0.2,0.0,0.4,0.0,0.0,0.4,0.0,0.4,0.4,0.0,0.4,0.0,0.0,0.6,0.2,0.2,0.2,0.2,0.2,0.8,0.0,0.0,0.2,0.2,0.6,0.8,0.0,0.0,0.0,0.0,0.0,0.0,0.4,0.0,0.6,0.2,0.2
P-0714,0.4,0.2,0.2,0.0,0.4,0.0,0.0,0.4,0.0,0.4,0.4,0.0,0.4,0.0,0.0,0.4,0.2,0.2,0.2,0.0,0.4,0.6,0.0,0.0,0.2,0.2,0.4,0.6,0.0,0.0,0.0,0.0,0.0,0.2,0.2,0.2,0.6,0.2,0.0
P-0715,0.8,0.0,0.0,0.0,0.0,0.0,0.0,0.0,0.0,0.4,0.0,0.0,0.0,0.0,0.0,0.8,0.0,0.0,0.4,0.0,0.0,0.8,0.0,0.0,0.0,0.0,0.8,0.8,0.0,0.0,0.0,0.0,0.0,0.0,0.0,0.0,0.4,0.0,0.4
P-0716,0.4,0.0,0.0,0.2,0.0,0.0,0.0,0.0,0.0,0.6,0.0,0.0,0.0,0.0,0.0,0.4,0.0,0.0,0.6,0.0,0.0,0.4,0.0,0.2,0.0,0.0,0.4,0.4,0.0,0.2,0.2,0.0,0.0,0.0,0.6,0.0,0.4,0.0,0.0
P-0717,0.4,0.0,0.0,0.0,0.0,0.0,0.0,0.0,0.0,0.4,0.0,0.0,0.0,0.0,0.0,0.4,0.0,0.0,0.2,0.0,0.0,0.4,0.0,0.0,0.0,0.0,0.4,0.4,0.0,0.0,0.0,0.0,0.0,0.0,0.2,0.0,0.4,0.0,0.0
P-0719,0.2,0.0,0.0,0.4,0.0,0.0,0.4,0.0,0.0,0.2,0.0,0.0,0.4,0.0,0.0,0.2,0.0,0.0,0.0,0.0,0.4,0.0,0.2,0.2,0.0,0.0,0.2,0.0,0.2,0.2,0.0,0.0,0.0,0.0,0.4,0.0,0.0,0.2,0.2
P-0720,0.2,0.0,0.8,0.4,0.4,0.0,0.4,0.4,0.0,0.2,0.6,0.2,0.8,0.0,0.0,0.0,0.2,0.6,0.0,0.2,0.6,0.6,0.0,0.4,0.6,0.2,0.0,0.6,0.0,0.4,0.0,0.0,0.0,0.4,0.4,0.0,0.0,0.8,0.2
P-0721,0.2,0.4,0.2,0.0,0.6,0.0,0.0,0.6,0.0,0.0,0.6,0.0,0.0,0.6,0.0,0.2,0.4,0.2,0.0,0.4,0.2,0.6,0.2,0.0,0.2,0.4,0.2,0.6,0.2,0.0,0.0,0.0,0.4,0.0,0.4,0.6,0.4,0.2,0.2
P-0724,0.0,0.4,0.0,0.2,0.2,0.2,0.4,0.4,0.0,0.0,0.4,0.0,0.2,0.2,0.2,0.0,0.4,0.4,0.0,0.2,0.2,0.0,0.0,0.4,0.0,0.4,0.0,0.0,0.0,0.4,0.0,0.0,0.0,0.2,0.0,0.2,0.4,0.0,0.0
P-0725,0.4,0.2,0.2,0.0,0.4,0.0,0.0,0.4,0.0,0.2,0.2,0.2,0.0,0.4,0.0,0.4,0.2,0.2,0.2,0.0,0.4,0.6,0.0,0.0,0.2,0.2,0.4,0.6,0.0,0.0,0.0,0.0,0.0,0.0,0.0,0.4,0.4,0.0,0.2
P-0726,0.4,0.2,0.4,0.0,0.6,0.0,0.0,0.6,0.0,0.2,0.4,0.2,0.0,0.6,0.0,0.4,0.2,0.4,0.2,0.2,0.4,0.6,0.2,0.0,0.4,0.2,0.4,0.6,0.2,0.0,0.0,0.0,0.0,0.0,0.4,0.6,0.4,0.2,0.2
P-0729,0.0,1.0,0.0,0.2,0.8,0.0,0.2,0.8,0.0,0.0,1.0,0.0,0.2,0.8,0.0,0.0,1.0,0.0,0.0,0.0,1.0,0.0,0.0,0.0,0.0,1.0,0.0,0.0,0.0,0.0,0.0,0.0,0.0,0.0,0.0,1.0,1.0,0.0,0.0
P-0730,0.4,0.4,0.0,0.4,0.4,0.0,0.4,0.4,0.0,0.0,0.4,0.0,0.0,0.4,0.0,0.4,0.4,0.0,0.4,0.0,0.4,0.2,0.2,0.2,0.0,0.4,0.4,0.2,0.2,0.2,0.4,0.0,0.0,0.0,0.4,0.4,0.4,0.0,0.4
P-0731,0.0,0.4,0.0,0.0,0.4,0.0,0.0,0.4,0.0,0.0,0.4,0.0,0.0,0.4,0.0,0.0,0.4,0.0,0.0,0.0,0.4,0.0,0.0,0.0,0.0,0.4,0.0,0.0,0.0,0.0,0.0,0.0,0.0,0.0,0.0,0.4,0.4,0.0,0.0
P-0732,0.2,0.4,0.2,0.0,0.6,0.0,0.0,0.6,0.0,0.0,0.6,0.0,0.0,0.6,0.0,0.2,0.4,0.2,0.2,0.2,0.4,0.4,0.0,0.0,0.2,0.4,0.2,0.4,0.0,0.0,0.0,0.0,0.0,0.0,0.0,0.6,0.4,0.2,0.2
P-0733,0.2,0.4,0.0,0.0,0.4,0.0,0.0,0.4,0.0,0.0,0.4,0.0,0.0,0.4,0.0,0.2,0.4,0.0,0.4,0.0,0.4,0.2,0.0,0.0,0.0,0.4,0.2,0.2,0.0,0.0,0.0,0.0,0.0,0.0,0.0,0.6,0.4,0.0,0.2
P-0735,0.2,0.2,0.2,0.0,0.4,0.0,0.0,0.4,0.0,0.0,0.4,0.0,0.0,0.4,0.0,0.2,0.2,0.2,0.2,0.2,0.2,0.4,0.0,0.0,0.2,0.2,0.2,0.4,0.0,0.0,0.0,0.0,0.0,0.0,0.0,0.4,0.2,0.2,0.2
P-0737,0.4,0.2,0.2,0.0,0.8,0.0,0.0,0.8,0.0,0.0,0.6,0.2,0.6,0.2,0.2,0.2,0.4,0.0,0.0,0.4,0.4,0.0,0.2,0.6,0.2,0.6,0.0,0.0,0.2,0.6,0.0,0.0,0.0,0.4,0.0,0.4,0.2,0.4,0.4
P-0738,0.0,0.2,0.2,0.2,0.4,0.2,0.2,0.4,0.2,0.2,0.2,0.2,0.0,0.4,0.0,0.2,0.2,0.2,0.2,0.2,0.2,0.0,0.2,0.2,0.2,0.2,0.0,0.2,0.2,0.2,0.4,0.0,0.0,0.2,0.2,0.2,0.2,0.2,0.0
P-0739,0.2,0.0,0.2,0.6,0.0,0.2,0.4,0.2,0.0,0.2,0.0,0.2,0.2,0.0,0.2,0.2,0.0,0.2,0.4,0.0,0.2,0.2,0.2,0.2,0.2,0.0,0.2,0.2,0.2,0.2,0.4,0.0,0.0,0.2,0.6,0.0,0.2,0.0,0.0
P-0741,0.2,0.4,0.2,0.0,0.6,0.0,0.0,0.6,0.0,0.0,0.6,0.0,0.6,0.0,0.4,0.0,0.6,0.0,0.0,0.4,0.2,0.0,0.0,0.4,0.0,0.6,0.0,0.0,0.0,0.4,0.0,0.0,0.0,0.4,0.2,0.0,0.4,0.2,0.2
P-0743,0.4,0.4,0.0,0.0,0.8,0.0,0.0,0.8,0.0,0.2,0.6,0.2,0.8,0.0,0.0,0.4,0.4,0.0,0.2,0.4,0.4,0.2,0.2,0.2,0.2,0.6,0.2,0.2,0.2,0.2,0.0,0.0,0.0,0.2,0.4,0.2,0.6,0.2,0.2
P-0744,0.2,0.2,0.2,0.2,0.4,0.0,0.0,0.4,0.0,0.2,0.4,0.0,0.4,0.0,0.0,0.4,0.4,0.0,0.2,0.0,0.4,0.0,0.4,0.2,0.2,0.2,0.2,0.0,0.4,0.2,0.0,0.2,0.2,0.2,0.4,0.2,0.2,0.2,0.2
P-0745,0.0,0.2,0.4,0.6,0.0,0.0,0.6,0.0,0.0,0.0,0.2,0.4,0.6,0.0,0.0,0.0,0.2,0.4,0.0,0.0,0.6,0.0,0.4,0.2,0.4,0.2,0.0,0.0,0.4,0.2,0.0,0.0,0.0,0.0,0.6,0.0,0.0,0.4,0.2
P-0746,0.0,1.0,0.0,0.8,0.2,0.0,0.8,0.2,0.0,0.0,1.0,0.0,1.0,0.0,0.0,0.0,1.0,0.0,0.0,0.0,1.0,0.0,0.0,0.8,0.0,1.0,0.0,0.0,0.0,0.8,0.0,0.0,0.0,0.0,1.0,0.0,0.2,0.0,0.8
P-0747,0.2,0.0,0.0,0.6,0.0,0.0,0.2,0.0,0.0,0.6,0.0,0.0,0.6,0.0,0.0,0.4,0.0,0.0,0.0,0.0,0.6,0.2,0.2,0.0,0.0,0.0,0.4,0.2,0.2,0.0,0.0,0.0,0.0,0.4,0.2,0.0,0.2,0.6,0.0
P-0748,0.4,0.0,0.0,0.0,0.0,0.0,0.0,0.0,0.0,0.4,0.0,0.0,0.0,0.0,0.0,0.4,0.0,0.0,0.0,0.0,0.0,0.4,0.0,0.0,0.0,0.0,0.4,0.4,0.0,0.0,0.0,0.0,0.0,0.0,0.0,0.0,0.4,0.0,0.0
P-0749,0.2,0.4,0.0,0.0,0.6,0.0,0.0,0.6,0.0,0.2,0.4,0.2,0.6,0.0,0.0,0.4,0.4,0.0,0.2,0.2,0.4,0.2,0.2,0.0,0.2,0.4,0.2,0.2,0.2,0.0,0.0,0.0,0.0,0.0,0.4,0.2,0.6,0.2,0.0
P-0750,0.4,0.0,0.0,0.0,0.0,0.0,0.0,0.0,0.0,0.4,0.0,0.0,0.0,0.0,0.0,0.4,0.0,0.0,0.2,0.0,0.0,0.4,0.0,0.0,0.0,0.0,0.4,0.4,0.0,0.0,0.0,0.0,0.0,0.0,0.2,0.0,0.4,0.0,0.0
P-0751,0.2,0.2,0.2,0.0,0.4,0.0,0.0,0.4,0.0,0.0,0.4,0.0,0.0,0.4,0.0,0.2,0.2,0.2,0.2,0.2,0.2,0.4,0.0,0.0,0.2,0.2,0.2,0.4,0.0,0.0,0.0,0.0,0.0,0.0,0.0,0.4,0.2,0.2,0.2
P-0752,0.0,0.2,0.4,0.2,0.4,0.0,0.2,0.4,0.0,0.0,0.6,0.0,0.2,0.4,0.0,0.0,0.2,0.4,0.0,0.4,0.2,0.4,0.0,0.0,0.4,0.2,0.0,0.4,0.0,0.0,0.0,0.0,0.0,0.0,0.0,0.6,0.2,0.4,0.0
P-0753,0.0,0.0,0.0,0.4,0.0,0.0,0.4,0.0,0.0,0.0,0.0,0.0,0.0,0.0,0.0,0.0,0.0,0.0,0.4,0.0,0.0,0.0,0.0,0.4,0.0,0.0,0.0,0.0,0.0,0.4,0.4,0.0,0.0,0.0,0.4,0.0,0.0,0.0,0.0
P-0754,0.2,0.4,0.0,0.0,0.4,0.0,0.0,0.4,0.0,0.2,0.4,0.0,0.4,0.0,0.0,0.2,0.4,0.0,0.2,0.2,0.2,0.2,0.0,0.0,0.0,0.4,0.2,0.2,0.0,0.0,0.0,0.0,0.0,0.0,0.4,0.0,0.6,0.0,0.0
P-0755,0.0,0.0,0.0,0.0,0.0,0.0,0.0,0.0,0.0,0.0,0.0,0.0,0.0,0.0,0.0,0.0,0.0,0.0,0.2,0.0,0.0,0.0,0.0,0.0,0.0,0.0,0.0,0.0,0.0,0.0,0.0,0.0,0.2,0.0,0.2,0.0,0.0,0.0,0.0
P-0756,0.4,0.0,0.0,0.0,0.0,0.0,0.0,0.0,0.0,0.0,0.0,0.0,0.0,0.0,0.0,0.4,0.0,0.0,0.4,0.0,0.0,0.4,0.0,0.0,0.0,0.0,0.4,0.4,0.0,0.0,0.0,0.0,0.0,0.0,0.0,0.0,0.0,0.0,0.4
P-0757,0.4,0.0,0.0,0.0,0.0,0.0,0.0,0.0,0.0,0.0,0.0,0.0,0.0,0.0,0.0,0.4,0.0,0.0,0.0,0.0,0.0,0.4,0.0,0.0,0.0,0.0,0.4,0.4,0.0,0.0,0.0,0.0,0.0,0.0,0.0,0.4,0.0,0.0,0.4
P-0758,0.2,0.0,0.0,0.4,0.0,0.0,0.0,0.0,0.0,0.2,0.0,0.0,0.0,0.0,0.0,0.2,0.0,0.0,0.4,0.0,0.0,0.0,0.2,0.2,0.0,0.0,0.2,0.0,0.2,0.2,0.4,0.0,0.0,0.0,0.4,0.0,0.2,0.0,0.0
P-0759,0.2,0.0,0.0,0.0,0.0,0.0,0.0,0.0,0.0,0.0,0.0,0.0,0.0,0.0,0.0,0.2,0.0,0.0,0.2,0.0,0.0,0.2,0.0,0.0,0.0,0.0,0.2,0.2,0.0,0.0,0.0,0.0,0.0,0.0,0.0,0.0,0.0,0.0,0.2
P-0760,0.0,0.2,0.4,0.0,0.6,0.0,0.0,0.2,0.0,0.0,0.6,0.0,0.2,0.4,0.0,0.2,0.0,0.2,0.0,0.4,0.2,0.2,0.2,0.2,0.4,0.2,0.0,0.2,0.2,0.2,0.0,0.0,0.0,0.0,0.2,0.4,0.2,0.4,0.0
P-0761,0.2,0.0,0.2,0.0,0.2,0.0,0.0,0.2,0.0,0.0,0.2,0.0,0.0,0.2,0.0,0.2,0.0,0.2,0.4,0.0,0.2,0.2,0.2,0.0,0.2,0.0,0.2,0.2,0.2,0.0,0.0,0.0,0.0,0.0,0.4,0.2,0.0,0.2,0.2
P-0762,0.2,0.0,0.0,0.0,0.2,0.0,0.0,0.2,0.0,0.0,0.2,0.0,0.2,0.0,0.0,0.0,0.0,0.0,0.4,0.0,0.2,0.0,0.0,0.2,0.0,0.2,0.0,0.0,0.0,0.2,0.0,0.0,0.0,0.0,0.4,0.2,0.0,0.0,0.2
P-0763,0.6,0.0,0.0,0.2,0.2,0.2,0.0,0.4,0.0,0.4,0.2,0.2,0.4,0.0,0.0,0.2,0.0,0.0,0.4,0.4,0.0,0.2,0.0,0.4,0.0,0.4,0.2,0.2,0.0,0.4,0.4,0.0,0.0,0.4,0.4,0.0,0.2,0.0,0.4
P-0764,0.4,0.0,0.0,0.0,0.4,0.0,0.0,0.4,0.0,0.4,0.0,0.0,0.0,0.0,0.0,0.4,0.0,0.0,0.4,0.0,0.0,0.4,0.0,0.0,0.0,0.0,0.4,0.4,0.0,0.0,0.0,0.0,0.0,0.0,0.0,0.0,0.0,0.4,0.4
P-0765,0.2,0.0,0.0,0.0,0.4,0.0,0.0,0.4,0.0,0.2,0.4,0.0,0.4,0.0,0.0,0.6,0.0,0.0,0.4,0.4,0.0,0.2,0.4,0.0,0.4,0.0,0.2,0.2,0.4,0.0,0.0,0.0,0.0,0.0,0.0,0.4,0.0,0.2,0.2
P-0766,0.2,0.0,0.2,0.0,0.2,0.2,0.0,0.2,0.2,0.0,0.2,0.0,0.0,0.2,0.2,0.2,0.0,0.2,0.0,0.0,0.2,0.4,0.0,0.4,0.2,0.0,0.2,0.4,0.0,0.4,0.0,0.0,0.0,0.0,0.0,0.2,0.0,0.2,0.2
P-0767,0.2,0.0,0.4,0.0,0.2,0.2,0.4,0.4,0.0,0.2,0.0,0.4,0.2,0.0,0.0,0.2,0.0,0.4,0.0,0.0,0.2,0.2,0.4,0.0,0.4,0.0,0.2,0.2,0.4,0.0,0.0,0.0,0.0,0.0,0.2,0.0,0.0,0.6,0.2
P-0768,0.6,0.0,0.0,0.4,0.6,0.0,0.0,0.6,0.0,0.2,0.0,0.2,0.6,0.0,0.0,0.4,0.0,0.0,0.2,0.2,0.4,0.2,0.2,0.0,0.2,0.0,0.6,0.2,0.2,0.0,0.0,0.0,0.4,0.0,0.4,0.2,0.2,0.2,0.4
P-0769,0.8,0.0,0.0,0.2,0.4,0.0,0.0,0.4,0.0,0.2,0.0,0.0,0.0,0.0,0.0,0.4,0.0,0.0,0.6,0.0,0.0,0.6,0.2,0.0,0.0,0.0,0.8,0.2,0.2,0.0,0.2,0.0,0.0,0.0,0.6,0.0,0.4,0.0,0.4
P-0770,0.6,0.0,0.0,0.0,0.6,0.0,0.0,0.6,0.0,0.2,0.0,0.2,0.2,0.0,0.0,0.4,0.0,0.0,0.4,0.0,0.2,0.6,0.2,0.0,0.2,0.0,0.6,0.2,0.2,0.0,0.0,0.0,0.0,0.0,0.4,0.2,0.2,0.2,0.4
P-0771,0.0,0.2,0.2,0.0,0.4,0.0,0.0,0.4,0.0,0.0,0.4,0.0,0.0,0.4,0.0,0.0,0.2,0.2,0.2,0.4,0.0,0.2,0.0,0.4,0.2,0.2,0.0,0.2,0.0,0.4,0.0,0.0,0.0,0.2,0.2,0.2,0.2,0.2,0.0
P-0772,0.0,0.6,0.0,0.0,0.6,0.2,0.0,0.6,0.2,0.0,0.6,0.0,0.2,0.4,0.0,0.0,0.6,0.0,0.2,0.2,0.4,0.0,0.0,0.6,0.0,0.6,0.0,0.0,0.0,0.6,0.0,0.0,0.0,0.2,0.4,0.2,0.6,0.2,0.0
P-0773,0.4,0.0,0.0,0.0,0.0,0.0,0.0,0.0,0.0,0.4,0.0,0.0,0.0,0.0,0.0,0.4,0.0,0.0,0.6,0.0,0.0,0.4,0.0,0.0,0.0,0.0,0.4,0.4,0.0,0.0,0.0,0.0,0.0,0.0,0.6,0.0,0.4,0.0,0.0
P-0774,0.6,0.0,0.0,0.0,0.4,0.0,0.0,0.4,0.0,0.2,0.2,0.2,0.4,0.0,0.0,0.6,0.0,0.0,0.4,0.0,0.4,0.4,0.2,0.2,0.2,0.2,0.4,0.4,0.2,0.2,0.0,0.0,0.0,0.0,0.4,0.6,0.2,0.2,0.4
P-0775,0.2,0.2,0.2,0.0,0.2,0.6,0.0,0.2,0.6,0.0,0.4,0.0,0.2,0.2,0.2,0.0,0.4,0.0,0.2,0.4,0.0,0.0,0.0,0.2,0.0,0.4,0.0,0.0,0.0,0.2,0.2,0.0,0.0,0.4,0.2,0.0,0.2,0.2,0.2
P-0776,0.0,0.4,0.0,0.4,0.0,0.0,0.4,0.0,0.0,0.0,0.4,0.0,0.4,0.0,0.0,0.0,0.4,0.0,0.4,0.0,0.4,0.0,0.0,0.4,0.0,0.4,0.0,0.0,0.0,0.4,0.0,0.0,0.0,0.0,0.8,0.0,0.0,0.0,0.4
P-0777,0.0,0.2,0.0,0.0,0.2,0.2,0.0,0.2,0.2,0.0,0.2,0.0,0.0,0.2,0.2,0.0,0.2,0.0,0.4,0.0,0.2,0.0,0.0,0.4,0.0,0.2,0.0,0.0,0.0,0.4,0.0,0.0,0.0,0.0,0.4,0.2,0.2,0.0,0.0
P-0779,0.4,0.0,0.0,0.0,0.4,0.0,0.0,0.4,0.0,0.0,0.4,0.0,0.4,0.0,0.0,0.0,0.0,0.0,0.4,0.2,0.2,0.0,0.0,0.4,0.0,0.4,0.0,0.0,0.0,0.4,0.0,0.0,0.0,0.2,0.4,0.2,0.0,0.0,0.4
P-0780,0.4,0.0,0.0,0.0,0.0,0.0,0.0,0.0,0.0,0.4,0.0,0.0,0.0,0.0,0.0,0.4,0.0,0.0,0.4,0.0,0.0,0.4,0.0,0.0,0.0,0.0,0.4,0.4,0.0,0.0,0.0,0.0,0.0,0.0,0.4,0.0,0.4,0.0,0.0
P-0781,0.2,0.0,0.4,0.2,0.2,0.2,0.2,0.2,0.2,0.0,0.4,0.0,0.0,0.4,0.0,0.4,0.2,0.2,0.4,0.2,0.2,0.2,0.0,0.0,0.4,0.0,0.2,0.6,0.0,0.0,0.0,0.0,0.0,0.0,0.4,0.4,0.0,0.4,0.2
P-0782,0.2,0.0,0.4,0.0,0.4,0.0,0.0,0.4,0.0,0.2,0.0,0.4,0.0,0.4,0.0,0.2,0.0,0.4,0.4,0.0,0.4,0.2,0.4,0.0,0.4,0.0,0.2,0.2,0.4,0.0,0.0,0.0,0.0,0.0,0.4,0.4,0.0,0.2,0.2
P-0783,0.6,0.0,0.0,0.0,0.4,0.0,0.0,0.4,0.0,0.0,0.4,0.0,0.4,0.0,0.0,0.2,0.0,0.0,0.4,0.2,0.2,0.2,0.0,0.4,0.0,0.4,0.2,0.2,0.0,0.4,0.0,0.0,0.0,0.2,0.2,0.2,0.0,0.0,0.6
P-0784,0.6,0.0,0.0,0.2,0.4,0.2,0.0,0.6,0.0,0.4,0.2,0.4,0.6,0.0,0.0,0.4,0.0,0.0,0.4,0.4,0.2,0.2,0.2,0.4,0.2,0.4,0.2,0.2,0.2,0.4,0.4,0.0,0.0,0.4,0.4,0.2,0.2,0.2,0.4
P-0785,0.2,0.0,0.6,0.2,0.0,0.6,0.0,0.6,0.0,0.2,0.0,0.6,0.2,0.0,0.0,0.2,0.0,0.6,0.2,0.2,0.0,0.8,0.0,0.0,0.6,0.0,0.2,0.8,0.0,0.0,0.0,0.0,0.0,0.0,0.2,0.0,0.0,0.2,0.2
P-0786,0.2,0.2,0.2,0.4,0.4,0.0,0.0,0.4,0.0,0.4,0.4,0.0,0.8,0.0,0.0,0.2,0.2,0.2,0.2,0.4,0.4,0.6,0.0,0.0,0.2,0.2,0.2,0.6,0.0,0.0,0.0,0.0,0.2,0.4,0.4,0.0,0.2,0.6,0.2
P-0787,0.2,0.0,0.2,0.2,0.0,0.2,0.0,0.2,0.0,0.2,0.0,0.2,0.2,0.0,0.2,0.2,0.0,0.2,0.4,0.0,0.2,0.4,0.0,0.0,0.2,0.0,0.2,0.4,0.0,0.0,0.0,0.0,0.0,0.2,0.2,0.0,0.0,0.2,0.2
P-0788,0.4,0.4,0.0,0.0,0.4,0.0,0.0,0.4,0.0,0.0,0.4,0.0,0.0,0.4,0.0,0.4,0.4,0.0,0.6,0.0,0.4,0.4,0.0,0.0,0.0,0.4,0.4,0.4,0.0,0.0,0.0,0.0,0.0,0.0,0.2,0.4,0.4,0.0,0.4
P-0789,0.4,0.2,0.2,0.2,0.4,0.0,0.0,0.4,0.0,0.2,0.4,0.0,0.6,0.0,0.0,0.4,0.2,0.2,0.4,0.0,0.6,0.6,0.0,0.0,0.2,0.2,0.4,0.6,0.0,0.0,0.0,0.0,0.0,0.4,0.2,0.0,0.2,0.4,0.4
P-0790,0.8,0.0,0.0,0.0,0.0,0.0,0.0,0.0,0.0,0.0,0.0,0.0,0.0,0.0,0.0,0.8,0.0,0.0,0.8,0.0,0.0,0.8,0.0,0.0,0.0,0.0,0.8,0.8,0.0,0.0,0.0,0.0,0.0,0.0,0.0,0.0,0.0,0.0,0.8
P-0791,0.8,0.0,0.0,0.0,0.0,0.0,0.0,0.0,0.0,0.0,0.0,0.0,0.0,0.0,0.0,0.8,0.0,0.0,0.8,0.0,0.0,0.8,0.0,0.0,0.0,0.0,0.8,0.8,0.0,0.0,0.0,0.0,0.0,0.0,0.0,0.0,0.0,0.0,0.8
P-0792,1.0,0.0,0.0,0.0,0.0,0.0,0.0,0.0,0.0,0.0,0.0,0.0,0.0,0.0,0.0,1.0,0.0,0.0,0.4,0.0,0.0,1.0,0.0,0.0,0.0,0.0,1.0,1.0,0.0,0.0,0.0,0.0,0.0,0.0,0.0,0.6,0.0,0.0,1.0
P-0793,0.8,0.0,0.0,0.2,0.0,0.0,0.2,0.0,0.0,0.0,0.0,0.0,0.0,0.0,0.0,0.8,0.0,0.0,0.6,0.0,0.0,0.6,0.2,0.0,0.0,0.0,0.8,0.6,0.2,0.0,0.2,0.0,0.0,0.2,0.0,0.2,0.0,0.0,0.8
P-0794,0.8,0.0,0.0,0.0,0.4,0.0,0.0,0.4,0.0,0.0,0.4,0.0,0.4,0.0,0.0,0.8,0.0,0.0,0.6,0.0,0.4,0.6,0.2,0.2,0.2,0.2,0.6,0.6,0.2,0.2,0.0,0.0,0.0,0.2,0.0,0.2,0.0,0.0,0.8
P-0795,0.4,0.2,0.2,0.0,0.4,0.0,0.0,0.4,0.0,0.2,0.4,0.0,0.0,0.4,0.0,0.4,0.2,0.2,0.2,0.2,0.2,0.4,0.2,0.2,0.2,0.2,0.4,0.4,0.2,0.2,0.0,0.0,0.0,0.0,0.0,0.4,0.4,0.2,0.2
P-0796,0.2,0.0,0.0,0.0,0.4,0.0,0.0,0.4,0.0,0.4,0.4,0.0,0.4,0.0,0.0,0.6,0.0,0.0,0.6,0.4,0.0,0.2,0.4,0.0,0.4,0.0,0.2,0.2,0.4,0.0,0.0,0.0,0.0,0.0,0.0,0.4,0.0,0.4,0.2
P-0797,0.2,0.2,0.2,0.2,0.2,0.2,0.2,0.2,0.2,0.0,0.4,0.0,0.2,0.2,0.2,0.2,0.2,0.2,0.0,0.2,0.2,0.4,0.0,0.4,0.2,0.2,0.2,0.4,0.0,0.4,0.0,0.0,0.0,0.2,0.0,0.2,0.2,0.2,0.2
P-0798,0.6,0.0,0.0,0.0,0.0,0.0,0.0,0.0,0.0,0.0,0.0,0.0,0.0,0.0,0.0,0.6,0.0,0.0,0.2,0.0,0.0,0.6,0.0,0.0,0.0,0.0,0.6,0.6,0.0,0.0,0.0,0.0,0.0,0.0,0.0,0.8,0.0,0.0,0.6
P-0800,0.0,0.2,0.8,0.2,0.0,0.0,0.6,0.0,0.0,0.0,0.2,0.8,0.2,0.0,0.0,0.0,0.6,0.4,0.0,0.0,0.2,0.2,0.2,0.2,0.4,0.6,0.0,0.2,0.2,0.2,0.0,0.0,0.0,0.4,0.0,0.2,0.2,0.4,0.0
P-0801,0.0,0.2,0.8,0.2,0.0,0.0,0.6,0.0,0.0,0.0,0.2,0.8,0.2,0.0,0.0,0.0,0.6,0.4,0.0,0.0,0.2,0.4,0.0,0.4,0.4,0.6,0.0,0.4,0.0,0.4,0.0,0.0,0.0,0.8,0.0,0.2,0.2,0.4,0.0
P-0802,0.2,0.6,0.2,0.4,0.4,0.0,0.4,0.4,0.0,0.0,0.8,0.0,0.4,0.4,0.0,0.2,0.6,0.2,0.2,0.2,0.6,0.2,0.2,0.2,0.2,0.6,0.2,0.2,0.2,0.2,0.0,0.0,0.0,0.0,0.0,0.8,0.6,0.2,0.2
P-0803,0.2,0.4,0.4,0.8,0.0,0.0,0.8,0.0,0.0,0.0,0.6,0.2,0.8,0.0,0.0,0.2,0.4,0.4,0.2,0.2,0.6,0.6,0.0,0.0,0.4,0.4,0.2,0.6,0.0,0.0,0.0,0.0,0.0,0.4,0.0,0.4,0.4,0.2,0.2
P-0806,0.4,0.4,0.0,0.2,0.6,0.2,0.2,0.6,0.2,0.0,0.8,0.0,0.4,0.4,0.0,0.0,0.4,0.0,0.2,0.2,0.6,0.0,0.0,0.8,0.0,0.8,0.0,0.0,0.0,0.8,0.4,0.0,0.0,0.2,0.2,0.6,0.4,0.0,0.4
P-0807,0.4,0.2,0.0,0.0,0.6,0.0,0.0,0.6,0.0,0.0,0.6,0.0,0.6,0.0,0.0,0.0,0.2,0.0,0.0,0.0,0.6,0.0,0.0,0.4,0.0,0.6,0.0,0.0,0.0,0.4,0.0,0.0,0.0,0.0,0.2,0.4,0.2,0.0,0.4
P-0808,0.6,0.0,0.0,0.0,0.4,0.0,0.0,0.4,0.0,0.2,0.4,0.0,0.4,0.0,0.0,0.2,0.0,0.0,0.4,0.0,0.4,0.2,0.0,0.4,0.0,0.4,0.2,0.2,0.0,0.4,0.0,0.0,0.0,0.0,0.0,0.4,0.0,0.2,0.6
P-0809,0.6,0.0,0.0,0.0,0.4,0.0,0.0,0.4,0.0,0.0,0.4,0.0,0.4,0.0,0.0,0.2,0.0,0.0,0.2,0.0,0.4,0.2,0.0,0.4,0.0,0.4,0.2,0.2,0.0,0.4,0.0,0.0,0.0,0.0,0.0,0.4,0.0,0.0,0.6
P-0811,0.6,0.0,0.0,0.0,0.8,0.0,0.0,0.8,0.0,0.2,0.6,0.2,0.8,0.0,0.0,0.6,0.0,0.0,0.2,0.4,0.4,0.2,0.4,0.4,0.4,0.4,0.2,0.2,0.4,0.4,0.0,0.0,0.0,0.2,0.2,0.6,0.2,0.2,0.4
P-0812,0.6,0.0,0.0,0.0,0.8,0.0,0.0,0.8,0.0,0.0,0.8,0.0,0.8,0.0,0.0,0.2,0.0,0.0,0.0,0.6,0.2,0.0,0.2,0.6,0.2,0.6,0.0,0.0,0.2,0.6,0.0,0.0,0.0,0.4,0.0,0.4,0.0,0.0,0.6
P-0813,0.2,0.0,0.2,0.0,0.2,0.6,0.2,0.4,0.4,0.0,0.2,0.0,0.2,0.0,0.4,0.0,0.2,0.4,0.0,0.0,0.2,0.0,0.0,0.8,0.0,0.2,0.0,0.0,0.0,0.8,0.0,0.0,0.0,0.0,0.0,0.2,0.0,0.2,0.2
P-0814,0.6,0.0,0.0,0.4,0.0,0.2,0.2,0.2,0.0,0.4,0.0,0.0,0.4,0.0,0.0,0.8,0.0,0.0,0.0,0.2,0.2,0.4,0.2,0.0,0.0,0.0,0.6,0.6,0.2,0.0,0.0,0.2,0.6,0.0,0.6,0.0,0.2,0.2,0.4
P-0815,0.0,0.0,0.0,0.2,0.2,0.2,0.0,0.4,0.0,0.2,0.0,0.2,0.6,0.0,0.0,0.4,0.0,0.0,0.0,0.0,0.6,0.0,0.2,0.0,0.2,0.0,0.0,0.2,0.2,0.0,0.0,0.0,0.0,0.0,0.4,0.2,0.0,0.4,0.0
P-0816,0.0,0.0,0.4,0.0,0.0,0.2,0.4,0.2,0.0,0.2,0.0,0.4,0.2,0.0,0.0,0.2,0.0,0.4,0.0,0.0,0.2,0.0,0.4,0.0,0.4,0.0,0.0,0.2,0.4,0.0,0.0,0.0,0.0,0.0,0.2,0.0,0.0,0.6,0.0
P-0817,0.0,0.0,0.6,0.4,0.0,0.6,0.2,0.2,0.4,0.4,0.2,0.0,0.6,0.0,0.0,0.2,0.4,0.2,0.0,0.0,0.6,0.2,0.0,0.4,0.2,0.0,0.0,0.4,0.0,0.4,0.0,0.0,0.0,0.2,0.2,0.0,0.0,1.0,0.0
P-0818,0.6,0.0,0.0,0.4,0.6,0.0,0.0,0.6,0.0,0.2,0.2,0.2,0.8,0.0,0.0,0.4,0.0,0.0,0.2,0.4,0.4,0.0,0.2,0.2,0.2,0.2,0.4,0.2,0.2,0.2,0.0,0.0,0.4,0.2,0.4,0.2,0.2,0.2,0.4
P-0819,0.2,0.0,0.4,0.0,0.6,0.0,0.0,0.6,0.0,0.4,0.0,0.4,0.0,0.4,0.0,0.4,0.0,0.4,0.0,0.0,0.4,0.2,0.4,0.0,0.4,0.0,0.2,0.4,0.4,0.0,0.0,0.0,0.0,0.0,0.0,0.4,0.2,0.2,0.0
P-0820,0.2,0.6,0.2,0.2,0.2,0.6,0.2,0.2,0.6,0.0,0.6,0.0,0.2,0.4,0.0,0.0,0.8,0.0,0.2,0.6,0.0,0.0,0.2,0.4,0.0,0.6,0.2,0.0,0.0,0.6,0.4,0.0,0.0,0.6,0.2,0.0,0.6,0.2,0.2
P-0821,0.4,0.2,0.2,0.2,0.2,0.4,0.2,0.2,0.4,0.0,0.4,0.0,0.4,0.0,0.0,0.2,0.2,0.2,0.4,0.2,0.2,0.2,0.4,0.2,0.2,0.2,0.4,0.2,0.2,0.4,0.6,0.0,0.0,0.4,0.2,0.0,0.2,0.2,0.4
P-0822,0.8,0.0,0.0,0.2,0.0,0.6,0.2,0.0,0.6,0.0,0.0,0.0,0.0,0.0,0.0,0.2,0.0,0.0,0.8,0.0,0.0,0.0,0.8,0.0,0.0,0.0,0.8,0.0,0.2,0.6,0.8,0.0,0.0,0.2,0.6,0.0,0.0,0.0,0.8
P-0823,0.2,0.6,0.0,0.2,0.2,0.2,0.2,0.2,0.2,0.0,0.6,0.0,0.6,0.0,0.0,0.0,0.6,0.0,0.2,0.6,0.0,0.4,0.2,0.2,0.0,0.6,0.2,0.4,0.0,0.4,0.4,0.0,0.4,0.4,0.6,0.0,0.6,0.0,0.2
P-0824,0.0,0.4,0.4,0.0,0.4,0.4,0.0,0.4,0.4,0.0,0.6,0.0,0.4,0.2,0.2,0.0,0.8,0.0,0.0,0.0,0.6,0.0,0.2,0.4,0.2,0.4,0.0,0.0,0.0,0.6,0.0,0.0,0.0,0.4,0.4,0.2,0.4,0.4,0.0
P-0825,0.4,0.0,0.6,0.0,0.8,0.0,0.0,0.8,0.0,0.2,0.4,0.2,0.2,0.4,0.0,0.2,0.0,0.6,0.0,0.0,0.6,1.0,0.0,0.0,0.6,0.0,0.4,0.8,0.0,0.0,0.0,0.0,0.0,0.2,0.0,0.2,0.2,0.4,0.2
P-0826,0.8,0.0,0.0,0.4,0.2,0.0,0.0,0.2,0.0,0.4,0.0,0.0,0.4,0.0,0.0,0.6,0.0,0.0,0.4,0.2,0.2,0.8,0.0,0.0,0.0,0.0,0.8,0.6,0.0,0.0,0.0,0.0,0.0,0.0,0.4,0.0,0.2,0.2,0.6
P-0827,0.2,0.2,0.4,0.2,0.6,0.2,0.2,0.6,0.2,0.0,0.6,0.0,0.4,0.2,0.2,0.0,0.2,0.4,0.0,0.0,0.6,0.6,0.0,0.0,0.4,0.2,0.2,0.4,0.0,0.0,0.0,0.0,0.0,0.2,0.0,0.2,0.2,0.4,0.2
P-0828,0.8,0.0,0.0,0.4,0.2,0.0,0.0,0.2,0.0,0.2,0.0,0.0,0.0,0.0,0.0,0.6,0.0,0.0,0.8,0.0,0.0,0.4,0.4,0.0,0.0,0.0,0.8,0.2,0.4,0.0,0.4,0.0,0.0,0.0,0.8,0.0,0.6,0.0,0.2
P-0829,0.6,0.0,0.0,0.0,0.6,0.0,0.0,0.6,0.0,0.2,0.2,0.2,0.4,0.0,0.0,0.4,0.0,0.0,0.4,0.2,0.2,0.4,0.2,0.2,0.2,0.2,0.4,0.2,0.2,0.2,0.0,0.0,0.0,0.2,0.4,0.2,0.2,0.2,0.4
P-0830,0.4,0.2,0.2,0.0,0.4,0.6,0.0,0.4,0.6,0.0,0.4,0.0,0.2,0.2,0.2,0.0,0.4,0.0,0.2,0.4,0.0,0.2,0.0,0.2,0.0,0.4,0.2,0.0,0.0,0.2,0.2,0.0,0.0,0.4,0.2,0.0,0.2,0.2,0.4
P-0831,0.8,0.0,0.2,0.2,0.2,0.0,0.2,0.2,0.0,0.2,0.0,0.2,0.2,0.0,0.0,0.6,0.0,0.2,0.4,0.0,0.2,0.8,0.2,0.0,0.2,0.0,0.8,0.6,0.2,0.0,0.0,0.0,0.0,0.0,1.0,0.0,0.2,0.2,0.6
P-0832,0.4,0.0,0.0,0.0,0.6,0.0,0.0,0.6,0.0,0.0,0.2,0.2,0.4,0.0,0.0,0.2,0.0,0.0,0.2,0.2,0.2,0.2,0.2,0.2,0.2,0.2,0.2,0.0,0.2,0.2,0.0,0.0,0.0,0.2,0.2,0.2,0.0,0.2,0.4
P-0833,0.2,0.6,0.0,0.2,0.6,0.0,0.2,0.6,0.0,0.0,0.6,0.0,0.2,0.4,0.0,0.4,0.6,0.0,0.2,0.6,0.0,0.2,0.0,0.0,0.0,0.6,0.2,0.4,0.0,0.0,0.0,0.0,0.8,0.4,0.0,0.2,0.6,0.0,0.2
P-0834,0.2,0.0,0.0,0.0,0.2,0.0,0.0,0.2,0.0,0.4,0.0,0.0,0.0,0.0,0.0,0.4,0.0,0.0,0.6,0.0,0.0,0.2,0.0,0.0,0.0,0.0,0.2,0.4,0.0,0.0,0.0,0.0,0.0,0.0,0.2,0.0,0.2,0.2,0.0
P-0835,0.2,0.0,0.0,0.4,0.2,0.0,0.4,0.2,0.0,0.0,0.0,0.0,0.0,0.0,0.0,0.4,0.0,0.0,0.2,0.0,0.0,0.4,0.2,0.2,0.0,0.0,0.2,0.6,0.2,0.2,0.0,0.4,0.2,0.2,0.4,0.2,0.0,0.0,0.2
P-0836,0.2,0.4,0.0,0.4,0.2,0.0,0.4,0.2,0.0,0.0,0.4,0.0,0.4,0.0,0.0,0.4,0.4,0.0,0.2,0.4,0.0,0.0,0.2,0.2,0.0,0.4,0.2,0.2,0.2,0.2,0.4,0.0,0.2,0.6,0.0,0.2,0.4,0.0,0.2
P-0838,0.4,0.0,0.0,0.4,0.6,0.0,0.0,0.6,0.0,0.4,0.0,0.0,0.0,0.0,0.0,0.6,0.0,0.0,0.4,0.0,0.0,0.2,0.2,0.2,0.0,0.0,0.4,0.4,0.2,0.2,0.2,0.2,0.2,0.2,0.2,0.4,0.0,0.0,0.4
P-0840,0.0,0.2,0.2,0.2,0.0,0.2,0.2,0.0,0.2,0.0,0.4,0.0,0.4,0.0,0.0,0.0,0.4,0.0,0.0,0.2,0.2,0.2,0.0,0.4,0.2,0.2,0.0,0.0,0.0,0.4,0.2,0.2,0.0,0.2,0.0,0.2,0.2,0.2,0.0
P-0841,0.4,0.2,0.2,0.2,0.0,0.2,0.2,0.0,0.2,0.0,0.4,0.0,0.4,0.0,0.0,0.4,0.4,0.0,0.4,0.2,0.2,0.6,0.0,0.0,0.2,0.2,0.4,0.4,0.0,0.0,0.0,0.0,0.2,0.6,0.0,0.2,0.2,0.2,0.4
P-0842,0.4,0.0,0.0,0.0,0.2,0.0,0.0,0.2,0.0,0.2,0.2,0.2,0.4,0.0,0.0,0.6,0.0,0.0,0.2,0.0,0.4,0.4,0.4,0.0,0.4,0.0,0.4,0.4,0.2,0.2,0.0,0.0,0.0,0.0,0.4,0.4,0.2,0.2,0.2
P-0843,0.4,0.2,0.2,0.2,0.2,0.2,0.0,0.4,0.0,0.2,0.2,0.2,0.4,0.0,0.0,0.4,0.2,0.2,0.0,0.4,0.0,0.6,0.0,0.0,0.2,0.2,0.4,0.6,0.0,0.0,0.0,0.0,0.0,0.0,0.2,0.0,0.4,0.0,0.2
P-0844,0.6,0.0,0.0,0.2,0.0,0.6,0.0,0.2,0.4,0.4,0.0,0.0,0.4,0.0,0.0,0.4,0.0,0.0,0.4,0.2,0.2,0.2,0.4,0.0,0.0,0.0,0.6,0.4,0.0,0.4,0.4,0.0,0.0,0.0,0.6,0.0,0.2,0.2,0.4
P-0845,0.4,0.2,0.2,0.4,0.6,0.0,0.0,0.6,0.0,0.2,0.2,0.2,0.4,0.4,0.0,0.2,0.2,0.2,0.2,0.4,0.4,0.4,0.2,0.2,0.2,0.2,0.4,0.2,0.2,0.2,0.0,0.0,0.0,0.2,0.4,0.2,0.4,0.0,0.2
P-0848,0.6,0.0,0.0,0.6,0.2,0.2,0.0,0.4,0.0,0.6,0.0,0.0,0.8,0.0,0.0,0.6,0.0,0.0,0.2,0.4,0.4,0.6,0.0,0.0,0.0,0.0,0.6,0.6,0.0,0.0,0.0,0.0,0.0,0.0,0.6,0.0,0.4,0.2,0.2
P-0849,0.2,0.0,0.6,0.6,0.0,0.4,0.2,0.0,0.4,0.4,0.2,0.0,0.6,0.0,0.0,0.2,0.4,0.2,0.0,0.2,0.4,0.4,0.0,0.4,0.2,0.0,0.2,0.4,0.0,0.4,0.0,0.0,0.0,0.2,0.0,0.0,0.2,0.8,0.0
P-0850,0.8,0.0,0.0,0.6,0.2,0.2,0.0,0.4,0.0,0.6,0.2,0.2,0.8,0.0,0.0,0.8,0.0,0.0,0.0,0.4,0.4,0.6,0.2,0.2,0.2,0.2,0.6,0.6,0.2,0.2,0.0,0.0,0.0,0.2,0.2,0.2,0.6,0.2,0.2
P-0852,0.0,0.6,0.0,0.0,0.6,0.0,0.0,0.6,0.0,0.0,0.6,0.0,0.2,0.4,0.2,0.0,0.6,0.0,0.0,0.6,0.0,0.0,0.0,0.6,0.0,0.6,0.0,0.0,0.0,0.6,0.0,0.0,0.0,0.6,0.0,0.0,0.6,0.0,0.0
P-0853,0.2,0.2,0.2,0.0,0.4,0.0,0.0,0.4,0.0,0.2,0.2,0.2,0.0,0.4,0.0,0.2,0.2,0.2,0.0,0.2,0.2,0.2,0.2,0.2,0.2,0.2,0.2,0.2,0.2,0.2,0.0,0.0,0.0,0.2,0.0,0.2,0.4,0.0,0.0
P-0854,0.6,0.4,0.0,0.0,0.8,0.0,0.0,0.8,0.0,0.2,0.4,0.0,0.0,0.4,0.0,0.2,0.4,0.0,0.4,0.2,0.2,0.6,0.0,0.4,0.0,0.4,0.6,0.2,0.0,0.4,0.0,0.0,0.0,0.2,0.4,0.2,0.6,0.0,0.4
P-0855,0.2,0.2,0.2,0.0,0.4,0.0,0.0,0.4,0.0,0.2,0.2,0.2,0.0,0.4,0.0,0.2,0.2,0.2,0.4,0.0,0.4,0.2,0.2,0.2,0.2,0.2,0.2,0.2,0.2,0.2,0.0,0.0,0.0,0.0,0.4,0.4,0.4,0.0,0.0
P-0856,0.8,0.0,0.0,0.4,0.0,0.0,0.0,0.0,0.0,0.4,0.0,0.0,0.0,0.0,0.0,0.8,0.0,0.0,0.6,0.0,0.0,0.4,0.4,0.0,0.0,0.0,0.8,0.4,0.4,0.0,0.4,0.0,0.0,0.0,0.6,0.0,0.8,0.0,0.0
P-0857,0.4,0.0,0.0,0.0,0.4,0.0,0.0,0.4,0.0,0.2,0.2,0.2,0.4,0.0,0.0,0.4,0.0,0.0,0.2,0.2,0.2,0.2,0.2,0.2,0.2,0.2,0.2,0.2,0.2,0.2,0.0,0.0,0.0,0.2,0.2,0.2,0.2,0.2,0.2
P-0858,0.2,0.2,0.6,0.4,0.4,0.0,0.4,0.4,0.0,0.2,0.6,0.2,0.8,0.0,0.0,0.2,0.2,0.6,0.2,0.4,0.4,0.4,0.4,0.0,0.6,0.2,0.2,0.4,0.4,0.0,0.0,0.0,0.0,0.0,1.0,0.0,0.4,0.4,0.0
P-0859,0.4,0.0,0.0,0.0,0.0,0.0,0.0,0.0,0.0,0.4,0.0,0.0,0.0,0.0,0.0,0.4,0.0,0.0,0.4,0.0,0.0,0.4,0.0,0.0,0.0,0.0,0.4,0.4,0.0,0.0,0.0,0.0,0.0,0.0,0.4,0.0,0.4,0.0,0.0
P-0860,0.6,0.0,0.0,0.2,0.0,0.2,0.0,0.2,0.0,0.6,0.0,0.2,0.2,0.0,0.0,0.4,0.0,0.0,0.4,0.2,0.0,0.4,0.0,0.2,0.0,0.2,0.4,0.4,0.0,0.2,0.4,0.0,0.0,0.2,0.4,0.0,0.4,0.0,0.2
P-0861,0.2,0.2,0.2,0.2,0.0,0.4,0.2,0.2,0.2,0.2,0.0,0.4,0.2,0.2,0.2,0.2,0.2,0.2,0.2,0.2,0.2,0.6,0.2,0.0,0.2,0.2,0.2,0.4,0.0,0.2,0.2,0.0,0.0,0.2,0.2,0.2,0.4,0.0,0.0
P-0862,0.6,0.0,0.0,0.4,0.4,0.0,0.0,0.4,0.0,0.4,0.2,0.2,0.8,0.0,0.0,0.6,0.0,0.0,0.2,0.4,0.4,0.4,0.2,0.2,0.2,0.2,0.4,0.4,0.2,0.2,0.0,0.0,0.0,0.2,0.4,0.2,0.4,0.2,0.2
P-0863,0.6,0.0,0.0,0.2,0.4,0.2,0.0,0.6,0.0,0.4,0.2,0.4,0.6,0.0,0.0,0.8,0.0,0.0,0.2,0.4,0.2,0.4,0.4,0.2,0.4,0.2,0.4,0.4,0.4,0.2,0.0,0.0,0.0,0.4,0.2,0.2,0.4,0.4,0.2
P-0864,0.2,0.0,0.0,0.0,0.6,0.0,0.0,0.6,0.0,0.4,0.2,0.4,0.6,0.0,0.0,0.8,0.0,0.0,0.4,0.2,0.4,0.2,0.6,0.0,0.6,0.0,0.2,0.2,0.6,0.0,0.0,0.0,0.0,0.0,0.2,0.6,0.2,0.6,0.0
P-0865,0.4,0.0,0.0,0.4,0.0,0.0,0.4,0.0,0.0,0.4,0.0,0.0,0.4,0.0,0.0,0.4,0.0,0.0,0.0,0.2,0.2,0.2,0.2,0.2,0.0,0.0,0.4,0.2,0.2,0.2,0.0,0.0,0.0,0.0,0.2,0.0,0.2,0.2,0.2
P-0866,0.0,0.4,0.4,0.0,0.6,0.2,0.0,0.6,0.2,0.0,0.4,0.4,0.0,0.8,0.0,0.0,0.4,0.4,0.0,0.4,0.4,0.4,0.0,0.2,0.4,0.4,0.0,0.4,0.0,0.2,0.2,0.0,0.0,0.4,0.0,0.4,0.4,0.0,0.0
P-0867,0.0,0.2,0.2,0.0,0.4,0.0,0.0,0.4,0.0,0.0,0.4,0.0,0.0,0.4,0.4,0.0,0.2,0.2,0.0,0.4,0.0,0.0,0.2,0.2,0.2,0.2,0.0,0.0,0.2,0.2,0.0,0.0,0.0,0.6,0.0,0.2,0.2,0.2,0.0
P-0868,0.2,0.0,0.0,0.6,0.0,0.2,0.4,0.2,0.0,0.4,0.0,0.0,0.4,0.0,0.0,0.4,0.0,0.0,0.0,0.2,0.2,0.2,0.0,0.4,0.0,0.0,0.2,0.4,0.0,0.4,0.4,0.0,0.0,0.0,0.2,0.0,0.2,0.2,0.0
P-0869,0.0,0.0,0.0,0.8,0.0,0.0,0.8,0.0,0.0,0.0,0.0,0.0,0.0,0.0,0.0,0.0,0.0,0.0,0.0,0.0,0.0,0.0,0.0,0.8,0.0,0.0,0.0,0.0,0.0,0.8,0.8,0.0,0.0,0.0,0.0,0.0,0.0,0.0,0.0
P-0871,0.0,0.6,0.0,0.0,0.6,0.0,0.0,0.6,0.0,0.0,0.6,0.0,0.2,0.4,0.2,0.0,0.6,0.0,0.0,0.2,0.4,0.0,0.0,0.6,0.0,0.6,0.0,0.0,0.0,0.6,0.0,0.0,0.0,0.2,0.0,0.4,0.6,0.0,0.0
P-0872,0.0,0.4,0.0,0.0,0.4,0.0,0.0,0.4,0.0,0.0,0.4,0.0,0.2,0.2,0.2,0.0,0.4,0.0,0.0,0.2,0.2,0.0,0.0,0.4,0.0,0.4,0.0,0.0,0.0,0.4,0.0,0.0,0.0,0.2,0.0,0.2,0.4,0.0,0.0
P-0873,0.0,0.6,0.0,0.0,0.6,0.0,0.0,0.6,0.0,0.0,0.6,0.0,0.4,0.2,0.4,0.0,0.6,0.0,0.0,0.6,0.0,0.0,0.0,0.4,0.0,0.6,0.0,0.0,0.0,0.4,0.0,0.0,0.0,0.6,0.0,0.0,0.6,0.0,0.0
P-0874,0.4,0.0,0.0,0.0,0.0,0.0,0.0,0.0,0.0,0.4,0.0,0.0,0.0,0.0,0.0,0.4,0.0,0.0,0.4,0.0,0.0,0.4,0.0,0.0,0.0,0.0,0.4,0.4,0.0,0.0,0.0,0.0,0.0,0.0,0.4,0.0,0.4,0.0,0.0
P-0875,0.0,0.4,0.0,0.0,0.4,0.0,0.0,0.4,0.0,0.0,0.4,0.0,0.2,0.2,0.2,0.2,0.2,0.2,0.2,0.2,0.2,0.0,0.0,0.4,0.0,0.4,0.0,0.0,0.0,0.4,0.0,0.0,0.0,0.4,0.4,0.0,0.4,0.0,0.0
P-0876,0.2,0.0,0.4,0.2,0.0,0.2,0.2,0.0,0.2,0.0,0.4,0.0,0.0,0.4,0.0,0.2,0.2,0.2,0.4,0.2,0.2,0.2,0.0,0.0,0.4,0.0,0.2,0.4,0.0,0.0,0.0,0.0,0.0,0.0,0.6,0.4,0.0,0.4,0.2
P-0877,0.2,0.0,0.0,0.0,0.2,0.0,0.0,0.2,0.0,0.4,0.0,0.0,0.0,0.0,0.0,0.4,0.0,0.0,0.6,0.0,0.0,0.2,0.0,0.0,0.0,0.0,0.2,0.4,0.0,0.0,0.0,0.0,0.0,0.0,0.6,0.0,0.0,0.4,0.2
P-0878,0.6,0.0,0.0,0.0,0.4,0.0,0.0,0.4,0.0,0.0,0.4,0.0,0.4,0.0,0.0,0.2,0.0,0.0,0.6,0.2,0.2,0.2,0.0,0.4,0.0,0.4,0.2,0.2,0.0,0.4,0.0,0.0,0.0,0.2,0.4,0.2,0.0,0.0,0.6
P-0879,0.2,0.4,0.2,0.2,0.4,0.0,0.2,0.4,0.0,0.0,0.6,0.0,0.6,0.0,0.0,0.2,0.4,0.2,0.4,0.2,0.4,0.4,0.0,0.2,0.2,0.4,0.2,0.4,0.0,0.2,0.0,0.0,0.0,0.0,0.8,0.0,0.2,0.2,0.4
P-0880,0.6,0.0,0.0,0.0,0.6,0.0,0.0,0.6,0.0,0.2,0.4,0.2,0.6,0.0,0.0,0.4,0.0,0.0,0.4,0.2,0.4,0.2,0.2,0.4,0.2,0.4,0.2,0.2,0.2,0.4,0.0,0.0,0.0,0.2,0.4,0.4,0.2,0.2,0.4
P-0881,0.6,0.0,0.0,0.0,0.6,0.0,0.0,0.6,0.0,0.0,0.6,0.0,0.6,0.0,0.0,0.0,0.0,0.0,0.2,0.4,0.2,0.0,0.0,0.6,0.0,0.6,0.0,0.0,0.0,0.6,0.0,0.0,0.0,0.4,0.2,0.2,0.0,0.0,0.6
P-0882,0.2,0.0,0.0,0.2,0.4,0.2,0.0,0.6,0.0,0.2,0.0,0.2,0.6,0.0,0.0,0.4,0.0,0.0,0.2,0.0,0.6,0.2,0.2,0.0,0.2,0.0,0.2,0.2,0.2,0.0,0.0,0.0,0.0,0.0,0.6,0.2,0.0,0.4,0.2
P-0883,0.4,0.4,0.0,0.0,0.2,0.6,0.0,0.2,0.6,0.0,0.4,0.0,0.2,0.2,0.2,0.0,0.4,0.0,0.4,0.4,0.0,0.2,0.2,0.4,0.0,0.4,0.4,0.0,0.0,0.6,0.6,0.0,0.0,0.4,0.4,0.0,0.4,0.0,0.4
P-0884,0.2,0.4,0.2,0.0,0.6,0.4,0.0,0.6,0.4,0.0,0.6,0.0,0.4,0.2,0.2,0.0,0.6,0.0,0.2,0.0,0.6,0.2,0.2,0.2,0.2,0.4,0.2,0.0,0.0,0.4,0.0,0.0,0.0,0.2,0.6,0.2,0.4,0.2,0.2
P-0885,1.0,0.0,0.0,0.0,0.4,0.0,0.0,0.4,0.0,0.2,0.0,0.0,0.0,0.0,0.0,0.6,0.0,0.0,0.6,0.0,0.0,1.0,0.0,0.0,0.0,0.0,1.0,0.6,0.0,0.0,0.0,0.0,0.0,0.0,1.0,0.0,0.2,0.0,0.8
P-0886,0.4,0.4,0.0,0.0,0.8,0.0,0.0,0.8,0.0,0.0,0.4,0.0,0.0,0.4,0.0,0.0,0.4,0.0,0.2,0.2,0.2,0.4,0.0,0.4,0.0,0.4,0.4,0.0,0.0,0.4,0.0,0.0,0.0,0.2,0.2,0.2,0.4,0.0,0.4
P-0887,0.4,0.0,0.0,0.0,0.4,0.0,0.0,0.4,0.0,0.2,0.2,0.2,0.4,0.0,0.0,0.4,0.0,0.0,0.2,0.2,0.2,0.2,0.2,0.2,0.2,0.2,0.2,0.2,0.2,0.2,0.0,0.0,0.0,0.2,0.2,0.2,0.2,0.2,0.2
P-0888,0.4,0.0,0.0,0.2,0.0,0.0,0.0,0.0,0.0,0.6,0.0,0.0,0.0,0.0,0.0,0.4,0.0,0.0,0.4,0.0,0.0,0.4,0.0,0.2,0.0,0.0,0.4,0.4,0.0,0.2,0.2,0.0,0.0,0.0,0.4,0.0,0.4,0.0,0.0
P-0889,0.2,0.2,0.2,0.0,0.2,0.6,0.0,0.2,0.6,0.0,0.4,0.0,0.2,0.2,0.2,0.0,0.4,0.0,0.0,0.4,0.0,0.0,0.0,0.2,0.0,0.4,0.0,0.0,0.0,0.2,0.2,0.0,0.0,0.4,0.0,0.0,0.2,0.2,0.2
P-0890,0.2,0.0,0.0,0.6,0.0,0.0,0.4,0.0,0.0,0.2,0.0,0.0,0.2,0.0,0.0,0.2,0.0,0.0,0.0,0.2,0.0,0.2,0.0,0.4,0.0,0.0,0.2,0.2,0.0,0.4,0.4,0.0,0.0,0.0,0.0,0.0,0.2,0.0,0.0
P-0891,0.2,0.0,0.2,0.2,0.0,0.0,0.2,0.0,0.0,0.0,0.2,0.0,0.0,0.2,0.0,0.2,0.0,0.2,0.4,0.2,0.0,0.2,0.0,0.0,0.2,0.0,0.2,0.4,0.0,0.0,0.0,0.0,0.0,0.0,0.6,0.2,0.0,0.2,0.2
P-0892,0.2,0.0,0.0,0.0,0.0,0.0,0.0,0.0,0.0,0.2,0.0,0.0,0.0,0.0,0.0,0.2,0.0,0.0,0.6,0.0,0.0,0.2,0.0,0.0,0.0,0.0,0.2,0.2,0.0,0.0,0.0,0.0,0.0,0.0,0.6,0.0,0.0,0.2,0.2
P-0893,0.4,0.0,0.0,0.0,0.4,0.0,0.0,0.4,0.0,0.0,0.4,0.0,0.4,0.0,0.0,0.0,0.0,0.0,0.4,0.2,0.2,0.0,0.0,0.4,0.0,0.4,0.0,0.0,0.0,0.4,0.0,0.0,0.0,0.2,0.4,0.2,0.0,0.0,0.4
P-0894,0.2,0.0,0.2,0.0,0.2,0.0,0.0,0.2,0.0,0.0,0.2,0.0,0.0,0.2,0.0,0.2,0.0,0.2,0.4,0.2,0.0,0.2,0.2,0.0,0.2,0.0,0.2,0.2,0.2,0.0,0.0,0.0,0.0,0.0,0.2,0.6,0.0,0.2,0.2
P-0895,0.4,0.0,0.0,0.0,0.4,0.0,0.0,0.4,0.0,0.0,0.4,0.0,0.4,0.0,0.0,0.0,0.0,0.0,0.2,0.2,0.2,0.0,0.0,0.4,0.0,0.4,0.0,0.0,0.0,0.4,0.0,0.0,0.0,0.2,0.2,0.2,0.0,0.0,0.4
P-0896,0.4,0.0,0.0,0.2,0.4,0.0,0.2,0.4,0.0,0.0,0.4,0.0,0.4,0.0,0.0,0.4,0.0,0.0,0.2,0.2,0.2,0.0,0.4,0.2,0.2,0.2,0.2,0.0,0.4,0.2,0.2,0.0,0.0,0.0,0.4,0.4,0.0,0.0,0.4
P-0897,0.2,0.4,0.0,0.0,0.6,0.0,0.0,0.6,0.0,0.0,0.4,0.0,0.0,0.4,0.0,0.0,0.4,0.0,0.0,0.2,0.2,0.2,0.0,0.4,0.0,0.4,0.2,0.0,0.0,0.4,0.0,0.0,0.0,0.2,0.0,0.2,0.4,0.0,0.2
P-0898,0.4,0.0,0.0,0.0,0.0,0.0,0.0,0.0,0.0,0.4,0.0,0.0,0.0,0.0,0.0,0.4,0.0,0.0,0.2,0.0,0.0,0.4,0.0,0.0,0.0,0.0,0.4,0.4,0.0,0.0,0.0,0.0,0.0,0.0,0.2,0.0,0.4,0.0,0.0
P-0899,0.2,0.0,0.0,0.0,0.4,0.0,0.0,0.4,0.0,0.0,0.2,0.2,0.4,0.0,0.0,0.6,0.0,0.0,0.0,0.2,0.2,0.2,0.4,0.0,0.4,0.0,0.2,0.2,0.4,0.0,0.0,0.0,0.0,0.0,0.2,0.4,0.0,0.2,0.2
P-0900,0.4,0.0,0.0,0.0,0.4,0.0,0.0,0.4,0.0,0.0,0.4,0.0,0.4,0.0,0.0,0.4,0.0,0.0,0.0,0.2,0.2,0.2,0.2,0.2,0.2,0.2,0.2,0.2,0.2,0.2,0.0,0.0,0.0,0.0,0.2,0.4,0.0,0.0,0.4
P-0901,0.6,0.0,0.0,0.0,0.6,0.0,0.0,0.6,0.0,0.0,0.4,0.0,0.4,0.0,0.0,0.0,0.0,0.0,0.0,0.2,0.2,0.2,0.0,0.4,0.0,0.4,0.2,0.0,0.0,0.4,0.0,0.0,0.0,0.2,0.0,0.2,0.0,0.0,0.6
P-0903,0.4,0.0,0.0,0.0,0.4,0.0,0.0,0.4,0.0,0.2,0.2,0.2,0.4,0.0,0.0,0.8,0.0,0.0,0.2,0.2,0.2,0.4,0.4,0.0,0.4,0.0,0.4,0.4,0.4,0.0,0.0,0.0,0.0,0.0,0.4,0.4,0.2,0.2,0.2
P-0904,0.6,0.0,0.0,0.0,0.6,0.0,0.0,0.6,0.0,0.0,0.4,0.0,0.4,0.0,0.0,0.4,0.0,0.0,0.0,0.2,0.2,0.4,0.2,0.2,0.2,0.2,0.4,0.2,0.2,0.2,0.0,0.0,0.0,0.0,0.2,0.4,0.0,0.0,0.6
P-0905,0.2,0.0,0.0,0.0,0.4,0.0,0.0,0.4,0.0,0.2,0.4,0.0,0.4,0.0,0.0,0.6,0.0,0.0,0.2,0.4,0.0,0.2,0.4,0.0,0.4,0.0,0.2,0.2,0.4,0.0,0.0,0.0,0.0,0.0,0.2,0.4,0.0,0.2,0.2
P-0906,0.8,0.0,0.0,0.0,0.8,0.0,0.0,0.8,0.0,0.0,0.4,0.0,0.4,0.0,0.0,0.0,0.0,0.0,0.2,0.2,0.2,0.2,0.0,0.4,0.0,0.4,0.4,0.2,0.0,0.4,0.0,0.0,0.2,0.2,0.0,0.2,0.0,0.0,0.8
P-0907,0.8,0.0,0.0,0.0,0.8,0.0,0.0,0.8,0.0,0.0,0.4,0.0,0.4,0.0,0.0,0.0,0.0,0.0,0.2,0.2,0.2,0.4,0.0,0.4,0.0,0.4,0.4,0.0,0.0,0.4,0.0,0.0,0.0,0.2,0.2,0.2,0.0,0.0,0.8
P-0908,0.4,0.0,0.0,0.0,0.4,0.0,0.0,0.4,0.0,0.0,0.4,0.0,0.4,0.0,0.0,0.4,0.0,0.0,0.2,0.4,0.0,0.2,0.2,0.2,0.2,0.2,0.2,0.2,0.2,0.2,0.0,0.0,0.0,0.2,0.4,0.2,0.0,0.0,0.4
P-0909,0.4,0.0,0.4,0.4,0.4,0.0,0.0,0.4,0.0,0.4,0.0,0.4,0.0,0.4,0.0,0.4,0.0,0.4,0.2,0.0,0.4,0.2,0.6,0.2,0.4,0.0,0.4,0.2,0.6,0.2,0.4,0.0,0.0,0.0,0.2,0.4,0.4,0.0,0.0
P-0910,0.2,0.0,0.4,0.2,0.2,0.2,0.2,0.2,0.2,0.2,0.4,0.0,0.0,0.4,0.0,0.4,0.2,0.2,0.4,0.2,0.2,0.2,0.0,0.0,0.4,0.0,0.2,0.6,0.0,0.0,0.0,0.0,0.0,0.0,0.2,0.4,0.0,0.6,0.2
P-0911,0.4,0.0,0.4,0.0,0.4,0.0,0.0,0.4,0.0,0.4,0.0,0.4,0.0,0.4,0.0,0.4,0.0,0.4,0.2,0.0,0.4,0.4,0.4,0.0,0.4,0.0,0.4,0.4,0.4,0.0,0.0,0.0,0.0,0.0,0.2,0.4,0.2,0.2,0.2
P-0912,0.6,0.0,0.4,0.4,0.0,0.0,0.4,0.0,0.0,0.2,0.2,0.2,0.4,0.0,0.0,0.6,0.0,0.4,0.2,0.2,0.2,0.6,0.4,0.0,0.4,0.0,0.6,0.6,0.4,0.0,0.0,0.0,0.0,0.0,1.0,0.0,0.2,0.2,0.4
P-0913,0.2,0.0,0.6,0.2,0.4,0.0,0.2,0.0,0.0,0.0,0.2,0.4,0.2,0.4,0.0,0.2,0.0,0.2,0.0,0.2,0.4,0.2,0.6,0.0,0.6,0.0,0.2,0.2,0.6,0.0,0.0,0.0,0.0,0.0,0.4,0.4,0.0,0.4,0.2
P-0914,0.2,0.0,0.0,0.0,0.4,0.0,0.0,0.4,0.0,0.0,0.4,0.0,0.4,0.0,0.0,0.6,0.0,0.0,0.0,0.4,0.0,0.2,0.4,0.0,0.4,0.0,0.2,0.2,0.4,0.0,0.0,0.0,0.0,0.0,0.2,0.4,0.0,0.0,0.2
P-0915,0.4,0.0,0.0,0.0,0.4,0.0,0.0,0.4,0.0,0.2,0.2,0.2,0.4,0.0,0.0,0.8,0.0,0.0,0.2,0.2,0.2,0.4,0.4,0.0,0.4,0.0,0.4,0.4,0.4,0.0,0.0,0.0,0.0,0.0,0.4,0.4,0.2,0.2,0.2
P-0916,0.6,0.0,0.0,0.0,0.6,0.0,0.0,0.6,0.0,0.0,0.4,0.0,0.4,0.0,0.0,0.4,0.0,0.0,0.0,0.2,0.2,0.4,0.2,0.2,0.2,0.2,0.4,0.2,0.2,0.2,0.0,0.0,0.0,0.0,0.2,0.4,0.0,0.0,0.6
P-0917,0.2,0.0,0.0,0.0,0.6,0.0,0.0,0.6,0.0,0.2,0.4,0.2,0.6,0.0,0.0,0.8,0.0,0.0,0.2,0.4,0.2,0.2,0.6,0.0,0.6,0.0,0.2,0.2,0.6,0.0,0.0,0.0,0.0,0.0,0.2,0.6,0.0,0.4,0.2
P-0918,0.8,0.0,0.0,0.4,0.0,0.0,0.0,0.0,0.0,0.4,0.0,0.0,0.4,0.0,0.0,0.8,0.0,0.0,0.6,0.4,0.0,0.2,0.2,0.2,0.0,0.0,0.8,0.2,0.2,0.2,0.4,0.0,0.4,0.2,0.4,0.2,0.4,0.0,0.4
P-0919,0.4,0.0,0.0,0.2,0.0,0.0,0.2,0.0,0.0,0.0,0.0,0.0,0.0,0.0,0.0,0.4,0.0,0.0,0.4,0.0,0.0,0.4,0.0,0.2,0.0,0.0,0.4,0.4,0.0,0.2,0.0,0.2,0.2,0.4,0.0,0.0,0.0,0.0,0.4
P-0920,0.2,0.2,0.2,0.2,0.2,0.2,0.2,0.2,0.2,0.0,0.4,0.0,0.2,0.2,0.2,0.2,0.2,0.2,0.2,0.0,0.4,0.2,0.2,0.2,0.2,0.2,0.2,0.2,0.2,0.2,0.0,0.0,0.0,0.6,0.0,0.2,0.2,0.2,0.2
P-0921,0.2,0.4,0.2,0.0,0.6,0.0,0.0,0.6,0.0,0.0,0.6,0.0,0.2,0.4,0.2,0.2,0.4,0.2,0.2,0.0,0.6,0.2,0.2,0.4,0.2,0.4,0.2,0.2,0.2,0.4,0.0,0.0,0.0,0.4,0.2,0.2,0.4,0.2,0.2
P-0924,0.2,0.2,0.6,0.4,0.4,0.0,0.4,0.4,0.0,0.2,0.2,0.6,0.4,0.4,0.0,0.2,0.2,0.6,0.0,0.2,0.6,0.4,0.4,0.0,0.6,0.2,0.2,0.4,0.4,0.0,0.0,0.0,0.0,0.2,0.0,0.6,0.4,0.0,0.0
P-0927,0.4,0.4,0.0,0.4,0.4,0.0,0.4,0.0,0.0,0.4,0.4,0.0,0.0,0.4,0.0,0.8,0.0,0.0,0.4,0.2,0.2,0.2,0.2,0.6,0.0,0.4,0.4,0.2,0.2,0.6,0.4,0.0,0.0,0.2,0.4,0.2,0.8,0.0,0.0
P-0928,0.2,0.4,0.2,0.0,0.6,0.0,0.0,0.6,0.0,0.0,0.6,0.0,0.2,0.4,0.2,0.0,0.6,0.0,0.0,0.6,0.0,0.0,0.0,0.6,0.0,0.6,0.0,0.0,0.0,0.6,0.0,0.0,0.4,0.6,0.0,0.0,0.4,0.2,0.2
P-0929,0.2,0.0,0.0,0.0,0.4,0.0,0.0,0.4,0.0,0.0,0.2,0.2,0.4,0.0,0.0,0.2,0.0,0.0,0.0,0.2,0.2,0.0,0.2,0.2,0.2,0.2,0.0,0.0,0.2,0.2,0.0,0.0,0.0,0.2,0.0,0.2,0.0,0.2,0.2
P-0930,0.4,0.0,0.0,0.0,0.4,0.0,0.0,0.4,0.0,0.2,0.2,0.2,0.4,0.0,0.0,0.4,0.0,0.0,0.0,0.2,0.2,0.2,0.2,0.2,0.2,0.2,0.2,0.2,0.2,0.2,0.0,0.0,0.0,0.2,0.0,0.2,0.2,0.2,0.2
P-0933,0.8,0.0,0.0,0.0,0.4,0.0,0.0,0.4,0.0,0.0,0.4,0.0,0.4,0.0,0.0,0.4,0.0,0.0,0.4,0.2,0.2,0.4,0.0,0.4,0.0,0.4,0.4,0.4,0.0,0.4,0.0,0.0,0.0,0.2,0.0,0.2,0.0,0.0,0.8
P-0934,1.0,0.0,0.0,0.2,0.8,0.0,0.0,0.8,0.0,0.2,0.4,0.0,0.6,0.0,0.0,0.2,0.0,0.0,0.2,0.4,0.2,0.2,0.0,0.4,0.0,0.4,0.6,0.2,0.0,0.4,0.0,0.0,0.4,0.2,0.2,0.2,0.2,0.0,0.8
P-0935,1.0,0.0,0.0,0.0,0.8,0.0,0.0,0.8,0.0,0.2,0.4,0.0,0.4,0.0,0.0,0.2,0.0,0.0,0.4,0.2,0.2,0.6,0.0,0.4,0.0,0.4,0.6,0.2,0.0,0.4,0.0,0.0,0.0,0.2,0.4,0.2,0.2,0.0,0.8
P-0936,0.6,0.0,0.0,0.0,0.4,0.0,0.0,0.4,0.0,0.2,0.4,0.0,0.4,0.0,0.0,0.6,0.0,0.0,0.2,0.4,0.0,0.4,0.2,0.2,0.2,0.2,0.4,0.4,0.2,0.2,0.0,0.0,0.0,0.2,0.4,0.2,0.2,0.0,0.4
P-0937,0.2,0.0,0.6,0.4,0.0,0.4,0.2,0.0,0.4,0.2,0.2,0.0,0.6,0.0,0.0,0.2,0.4,0.2,0.0,0.2,0.4,0.2,0.2,0.4,0.2,0.0,0.2,0.2,0.2,0.4,0.2,0.0,0.0,0.2,0.0,0.0,0.2,0.8,0.0
P-0938,0.4,0.2,0.0,0.4,0.4,0.0,0.2,0.4,0.0,0.2,0.2,0.0,0.2,0.0,0.0,0.4,0.2,0.0,0.4,0.2,0.0,0.2,0.2,0.4,0.0,0.2,0.4,0.2,0.2,0.4,0.4,0.2,0.2,0.4,0.2,0.2,0.2,0.0,0.4
P-0940,0.2,0.0,0.4,0.2,0.4,0.0,0.0,0.4,0.0,0.0,0.2,0.2,0.2,0.2,0.2,0.4,0.2,0.2,0.2,0.0,0.4,0.0,0.6,0.0,0.4,0.0,0.2,0.0,0.6,0.0,0.2,0.0,0.0,0.0,0.2,0.2,0.2,0.2,0.0
P-0941,0.6,0.0,0.4,0.2,0.4,0.0,0.0,0.4,0.0,0.2,0.0,0.4,0.0,0.4,0.0,0.6,0.0,0.4,0.4,0.0,0.4,0.4,0.6,0.0,0.4,0.0,0.6,0.4,0.6,0.0,0.2,0.0,0.0,0.0,0.2,0.4,0.4,0.0,0.2
P-0942,0.2,0.2,0.2,0.4,0.4,0.0,0.2,0.4,0.0,0.0,0.2,0.2,0.0,0.4,0.0,0.2,0.2,0.2,0.4,0.0,0.4,0.0,0.4,0.4,0.2,0.2,0.2,0.0,0.4,0.4,0.4,0.0,0.0,0.0,0.4,0.4,0.4,0.0,0.0
P-0943,0.8,0.0,0.0,0.4,0.2,0.2,0.2,0.2,0.2,0.2,0.4,0.0,0.4,0.0,0.0,0.4,0.0,0.0,0.4,0.2,0.2,0.2,0.2,0.4,0.0,0.4,0.4,0.2,0.2,0.4,0.6,0.0,0.0,0.2,0.4,0.2,0.4,0.0,0.4
P-0944,0.2,0.2,0.6,0.2,0.4,0.4,0.0,0.8,0.0,0.2,0.0,0.8,0.2,0.6,0.2,0.2,0.2,0.6,0.0,0.4,0.4,0.8,0.0,0.2,0.6,0.2,0.2,0.8,0.0,0.2,0.2,0.0,0.0,0.4,0.0,0.4,0.4,0.0,0.0
P-0945,0.2,0.4,0.2,0.0,0.4,0.2,0.0,0.6,0.0,0.0,0.4,0.2,0.4,0.2,0.0,0.2,0.4,0.2,0.2,0.4,0.2,0.4,0.0,0.2,0.2,0.4,0.2,0.4,0.0,0.2,0.2,0.0,0.0,0.0,0.2,0.2,0.4,0.2,0.2
P-0948,0.2,0.2,0.2,0.6,0.4,0.0,0.4,0.4,0.0,0.2,0.4,0.0,0.4,0.0,0.0,0.2,0.2,0.2,0.4,0.0,0.4,0.2,0.4,0.2,0.2,0.2,0.2,0.2,0.4,0.2,0.4,0.2,0.0,0.4,0.6,0.0,0.2,0.2,0.2
P-0949,0.2,0.4,0.0,0.2,0.4,0.0,0.0,0.4,0.0,0.2,0.4,0.0,0.0,0.4,0.0,0.2,0.4,0.0,0.4,0.2,0.2,0.2,0.0,0.6,0.0,0.4,0.2,0.2,0.0,0.6,0.2,0.0,0.0,0.4,0.2,0.2,0.4,0.0,0.2
P-0950,0.2,0.2,0.2,0.2,0.2,0.6,0.0,0.2,0.6,0.2,0.4,0.0,0.2,0.2,0.2,0.0,0.4,0.0,0.0,0.4,0.0,0.0,0.0,0.4,0.0,0.4,0.0,0.0,0.0,0.4,0.4,0.0,0.0,0.4,0.0,0.0,0.2,0.2,0.2
P-0951,0.2,0.0,0.0,0.2,0.0,0.0,0.0,0.0,0.0,0.4,0.0,0.0,0.0,0.0,0.0,0.2,0.0,0.0,0.6,0.0,0.0,0.2,0.0,0.2,0.0,0.0,0.2,0.2,0.0,0.2,0.2,0.0,0.0,0.0,0.6,0.0,0.0,0.2,0.2
P-0952,0.0,0.2,0.0,0.4,0.0,0.2,0.2,0.0,0.2,0.2,0.2,0.0,0.2,0.0,0.2,0.0,0.2,0.0,0.0,0.2,0.0,0.0,0.0,0.4,0.0,0.2,0.0,0.0,0.0,0.4,0.2,0.0,0.0,0.6,0.0,0.0,0.2,0.0,0.0
P-0953,0.4,0.4,0.0,0.2,0.4,0.4,0.0,0.4,0.4,0.2,0.4,0.0,0.0,0.4,0.0,0.4,0.4,0.0,0.4,0.4,0.0,0.0,0.4,0.2,0.0,0.4,0.4,0.2,0.2,0.4,0.6,0.0,0.0,0.6,0.2,0.2,0.4,0.0,0.4
P-0957,0.2,0.4,0.4,0.6,0.0,0.0,0.8,0.0,0.0,0.2,0.4,0.4,0.8,0.0,0.0,0.0,0.6,0.2,0.0,0.2,0.6,0.2,0.0,0.6,0.2,0.6,0.0,0.2,0.0,0.6,0.2,0.0,0.0,0.4,0.2,0.2,0.4,0.4,0.2
P-0958,0.2,0.4,0.0,0.4,0.0,0.0,0.4,0.0,0.0,0.2,0.2,0.2,0.6,0.0,0.0,0.2,0.4,0.0,0.0,0.2,0.4,0.2,0.0,0.2,0.0,0.4,0.2,0.2,0.0,0.2,0.2,0.0,0.0,0.2,0.2,0.2,0.6,0.0,0.0
P-0959,0.8,0.0,0.0,0.0,0.6,0.2,0.0,0.8,0.0,0.2,0.4,0.4,0.8,0.0,0.0,0.4,0.0,0.0,0.2,0.6,0.2,0.2,0.2,0.4,0.2,0.6,0.2,0.2,0.2,0.4,0.2,0.0,0.0,0.6,0.2,0.2,0.2,0.2,0.6
P-0960,0.6,0.0,0.0,0.8,0.0,0.0,0.4,0.0,0.0,0.4,0.0,0.0,0.4,0.0,0.0,0.6,0.0,0.0,0.4,0.4,0.0,0.4,0.2,0.2,0.0,0.0,0.6,0.4,0.2,0.2,0.2,0.2,0.4,0.4,0.2,0.0,0.2,0.2,0.4
P-0961,0.0,0.2,0.6,0.2,0.2,0.6,0.0,0.8,0.0,0.2,0.2,0.6,0.4,0.0,0.0,0.0,0.2,0.6,0.0,0.4,0.0,0.6,0.0,0.0,0.6,0.2,0.0,0.6,0.0,0.0,0.0,0.0,0.0,0.0,0.2,0.0,0.2,0.2,0.0
P-0962,0.4,0.0,0.0,0.8,0.0,0.0,0.0,0.0,0.0,0.6,0.0,0.0,0.8,0.0,0.0,0.4,0.0,0.0,0.2,0.4,0.4,0.4,0.0,0.0,0.0,0.0,0.4,0.4,0.0,0.0,0.0,0.0,0.0,0.0,0.8,0.0,0.2,0.4,0.2
P-0963,0.0,0.2,0.2,0.4,0.4,0.0,0.0,0.4,0.0,0.4,0.4,0.0,0.8,0.0,0.0,0.0,0.2,0.2,0.0,0.4,0.4,0.6,0.0,0.0,0.2,0.2,0.0,0.6,0.0,0.0,0.0,0.0,0.4,0.4,0.6,0.0,0.2,0.6,0.0
P-0964,0.0,0.0,0.6,0.6,0.0,0.4,0.2,0.0,0.4,0.4,0.2,0.0,0.6,0.0,0.0,0.0,0.4,0.2,0.0,0.2,0.4,0.2,0.0,0.4,0.2,0.0,0.0,0.2,0.0,0.4,0.0,0.0,0.0,0.2,0.2,0.0,0.0,1.0,0.0
P-0966,0.0,0.2,0.2,0.4,0.0,0.0,0.4,0.0,0.0,0.0,0.4,0.0,0.0,0.4,0.0,0.0,0.2,0.2,0.0,0.2,0.2,0.2,0.0,0.0,0.2,0.2,0.0,0.2,0.0,0.0,0.0,0.0,0.0,0.0,0.0,0.4,0.2,0.2,0.0
P-0967,0.2,0.0,0.4,0.2,0.2,0.2,0.2,0.2,0.2,0.4,0.4,0.0,0.0,0.4,0.0,0.4,0.2,0.2,0.4,0.2,0.2,0.2,0.0,0.0,0.4,0.0,0.2,0.6,0.0,0.0,0.0,0.0,0.0,0.0,0.0,0.4,0.2,0.6,0.0
P-0968,0.2,0.0,0.0,0.4,0.0,0.0,0.4,0.0,0.0,0.0,0.0,0.0,0.0,0.0,0.0,0.2,0.0,0.0,0.0,0.0,0.0,0.0,0.2,0.2,0.0,0.0,0.2,0.0,0.2,0.2,0.0,0.4,0.2,0.0,0.2,0.0,0.0,0.0,0.2
P-0969,0.2,0.2,0.6,0.0,0.8,0.0,0.0,0.8,0.0,0.0,0.8,0.0,0.4,0.4,0.0,0.2,0.2,0.6,0.0,0.8,0.0,0.4,0.4,0.0,0.6,0.2,0.2,0.4,0.4,0.0,0.0,0.0,0.4,0.0,0.4,0.4,0.2,0.6,0.2
P-0970,0.2,0.2,0.6,0.0,0.8,0.0,0.0,0.8,0.0,0.0,0.8,0.0,0.4,0.4,0.0,0.2,0.2,0.6,0.0,0.2,0.6,0.8,0.0,0.0,0.6,0.2,0.2,0.8,0.0,0.0,0.0,0.0,0.4,0.2,0.2,0.0,0.2,0.6,0.2
P-0971,0.4,0.0,0.2,0.0,0.2,0.0,0.0,0.2,0.0,0.0,0.2,0.0,0.0,0.2,0.0,0.4,0.0,0.2,0.2,0.0,0.2,0.6,0.0,0.0,0.2,0.0,0.4,0.6,0.0,0.0,0.0,0.0,0.4,0.0,0.0,0.2,0.0,0.2,0.4
P-0972,0.8,0.0,0.0,0.0,0.0,0.0,0.0,0.0,0.0,0.2,0.0,0.0,0.0,0.0,0.0,0.8,0.0,0.0,0.6,0.0,0.0,0.4,0.0,0.0,0.0,0.0,0.8,0.4,0.0,0.0,0.0,0.0,0.4,0.0,0.4,0.0,0.2,0.0,0.6
P-0974,0.2,0.6,0.2,0.0,0.6,0.0,0.0,0.6,0.0,0.0,0.6,0.0,0.4,0.2,0.2,0.2,0.8,0.0,0.0,0.2,0.4,0.2,0.0,0.2,0.0,0.6,0.2,0.2,0.0,0.2,0.0,0.0,0.4,0.0,0.4,0.2,0.6,0.2,0.2
P-0975,0.4,0.4,0.2,0.0,0.2,0.2,0.0,0.2,0.2,0.0,0.6,0.0,0.6,0.0,0.0,0.2,0.6,0.0,0.2,0.4,0.2,0.4,0.2,0.2,0.2,0.4,0.4,0.2,0.0,0.4,0.4,0.0,0.4,0.2,0.6,0.0,0.4,0.2,0.4
P-0976,0.2,0.4,0.4,0.6,0.0,0.0,0.6,0.0,0.0,0.0,0.8,0.0,0.8,0.0,0.0,0.2,0.4,0.4,0.0,0.4,0.4,0.4,0.2,0.4,0.4,0.4,0.2,0.4,0.2,0.4,0.2,0.0,0.4,0.4,0.2,0.0,0.2,0.2,0.4
P-0980,0.0,0.0,0.2,0.0,0.2,0.0,0.0,0.2,0.0,0.0,0.2,0.0,0.0,0.2,0.6,0.0,0.0,0.2,0.0,0.2,0.0,0.0,0.2,0.6,0.2,0.0,0.0,0.0,0.2,0.6,0.0,0.0,0.0,0.6,0.0,0.2,0.0,0.2,0.0
P-0981,0.0,0.4,0.4,0.0,0.6,0.2,0.0,0.8,0.0,0.0,0.6,0.2,0.0,0.6,0.2,0.2,0.6,0.2,0.0,0.6,0.0,0.0,0.4,0.4,0.4,0.4,0.0,0.0,0.4,0.4,0.0,0.0,0.0,0.6,0.0,0.2,0.4,0.6,0.0
P-0983,0.0,0.0,0.4,0.2,0.2,0.2,0.0,0.4,0.0,0.2,0.0,0.4,0.2,0.2,0.2,0.0,0.0,0.4,0.2,0.0,0.4,0.4,0.0,0.0,0.4,0.0,0.0,0.4,0.0,0.0,0.0,0.0,0.0,0.2,0.2,0.2,0.0,0.2,0.0
P-0984,0.4,0.0,0.2,0.0,0.2,0.0,0.0,0.2,0.0,0.8,0.2,0.0,0.2,0.0,0.0,0.4,0.0,0.2,0.8,0.2,0.0,0.2,0.0,0.0,0.2,0.0,0.4,0.2,0.0,0.0,0.0,0.0,0.4,0.0,0.2,0.0,0.4,0.6,0.0
P-0985,0.4,0.0,0.2,0.2,0.0,0.2,0.2,0.0,0.2,0.6,0.0,0.2,0.2,0.0,0.2,0.2,0.2,0.0,0.4,0.2,0.0,0.2,0.4,0.0,0.0,0.2,0.2,0.0,0.2,0.2,0.0,0.0,0.4,0.2,0.2,0.0,0.2,0.4,0.2
P-0986,0.4,0.0,0.4,0.0,0.4,0.0,0.0,0.4,0.0,0.4,0.0,0.4,0.0,0.4,0.0,0.4,0.0,0.4,0.4,0.0,0.4,0.4,0.4,0.0,0.4,0.0,0.4,0.4,0.4,0.0,0.0,0.0,0.0,0.0,0.0,0.4,0.2,0.2,0.2
P-0987,0.0,0.0,0.4,0.0,0.4,0.4,0.0,0.4,0.4,0.4,0.0,0.4,0.2,0.2,0.2,0.2,0.2,0.2,0.4,0.0,0.4,0.0,0.4,0.0,0.2,0.2,0.2,0.2,0.2,0.2,0.0,0.0,0.0,0.2,0.2,0.2,0.0,0.4,0.0
P-0988,0.0,0.4,0.4,0.0,0.2,0.6,0.0,0.4,0.4,0.2,0.4,0.4,0.2,0.4,0.0,0.0,0.4,0.4,0.2,0.4,0.2,0.4,0.0,0.4,0.4,0.4,0.0,0.4,0.0,0.4,0.4,0.0,0.0,0.2,0.0,0.2,0.4,0.2,0.0
P-0989,0.0,0.2,0.2,0.0,0.4,0.0,0.0,0.4,0.0,0.6,0.2,0.2,0.0,0.4,0.0,0.0,0.2,0.2,0.6,0.0,0.4,0.0,0.2,0.2,0.2,0.2,0.0,0.0,0.2,0.2,0.0,0.0,0.0,0.0,0.0,0.4,0.2,0.6,0.0
P-0990,0.4,0.0,0.0,0.0,0.0,0.0,0.0,0.0,0.0,0.6,0.0,0.0,0.0,0.0,0.0,0.4,0.0,0.0,1.0,0.0,0.0,0.4,0.0,0.0,0.0,0.0,0.4,0.4,0.0,0.0,0.0,0.0,0.0,0.0,0.0,0.0,0.0,0.6,0.4
P-0992,0.4,0.0,0.0,0.0,0.4,0.0,0.0,0.4,0.0,0.4,0.2,0.2,0.4,0.0,0.0,0.4,0.0,0.0,0.4,0.2,0.2,0.2,0.2,0.2,0.2,0.2,0.2,0.2,0.2,0.2,0.0,0.0,0.0,0.2,0.2,0.2,0.2,0.4,0.2
P-0993,0.2,0.2,0.2,0.6,0.0,0.4,0.4,0.0,0.4,0.4,0.2,0.2,0.6,0.0,0.0,0.4,0.4,0.0,0.0,0.6,0.0,0.2,0.2,0.2,0.0,0.4,0.4,0.2,0.2,0.2,0.0,0.0,0.4,0.4,0.2,0.0,0.4,0.2,0.0
P-0995,0.2,0.4,0.4,0.0,0.8,0.0,0.0,0.8,0.0,0.0,0.8,0.0,0.4,0.4,0.0,0.2,0.4,0.4,0.2,0.6,0.2,1.0,0.0,0.0,0.4,0.4,0.2,1.0,0.0,0.0,0.0,0.0,0.4,0.4,0.2,0.4,0.4,0.4,0.2
P-0996,0.2,0.2,0.4,0.2,0.4,0.0,0.2,0.4,0.0,0.0,0.6,0.0,0.2,0.4,0.0,0.2,0.2,0.4,0.0,0.6,0.0,0.6,0.0,0.0,0.4,0.2,0.2,0.6,0.0,0.0,0.0,0.0,0.4,0.2,0.2,0.4,0.2,0.4,0.2
P-0997,0.2,0.2,0.4,0.0,0.6,0.2,0.2,0.8,0.0,0.2,0.4,0.2,0.2,0.4,0.0,0.2,0.2,0.4,0.0,0.2,0.4,0.4,0.2,0.0,0.4,0.2,0.2,0.4,0.2,0.0,0.0,0.0,0.0,0.0,0.2,0.4,0.2,0.6,0.2
P-1001,0.0,0.6,0.2,0.0,0.8,0.0,0.0,0.8,0.0,0.0,0.8,0.0,0.4,0.4,0.0,0.0,0.6,0.2,0.2,0.6,0.2,0.4,0.2,0.2,0.2,0.6,0.0,0.4,0.2,0.2,0.0,0.0,0.4,0.2,0.4,0.2,0.6,0.2,0.0
P-1002,0.4,0.0,0.4,0.2,0.4,0.0,0.2,0.4,0.0,0.6,0.4,0.0,0.6,0.0,0.0,0.2,0.0,0.4,0.4,0.6,0.0,0.4,0.2,0.0,0.4,0.0,0.2,0.4,0.2,0.0,0.0,0.0,0.4,0.0,0.6,0.0,0.2,0.6,0.2
P-1004,0.2,0.4,0.4,0.0,0.8,0.0,0.0,0.8,0.0,0.0,0.8,0.0,0.8,0.0,0.0,0.0,0.6,0.2,0.0,0.8,0.0,0.2,0.0,0.4,0.2,0.6,0.0,0.2,0.0,0.4,0.0,0.0,0.2,0.4,0.2,0.0,0.4,0.4,0.2
P-1006,0.0,0.0,0.4,0.2,0.2,0.2,0.2,0.2,0.2,0.0,0.4,0.0,0.2,0.2,0.2,0.0,0.0,0.4,0.0,0.4,0.0,0.0,0.4,0.4,0.4,0.0,0.0,0.0,0.4,0.4,0.0,0.0,0.0,0.6,0.2,0.2,0.0,0.4,0.0
P-1007,0.4,0.0,0.0,0.4,0.0,0.0,0.0,0.0,0.0,0.6,0.0,0.0,0.4,0.0,0.0,0.4,0.0,0.0,0.6,0.0,0.4,0.4,0.0,0.0,0.0,0.0,0.4,0.4,0.0,0.0,0.0,0.0,0.0,0.0,0.4,0.0,0.2,0.4,0.2
P-1008,0.4,0.0,0.2,0.0,0.2,0.4,0.0,0.2,0.4,0.2,0.0,0.2,0.0,0.2,0.4,0.4,0.0,0.2,0.2,0.0,0.2,0.6,0.0,0.0,0.2,0.0,0.4,0.6,0.0,0.0,0.0,0.0,0.0,0.0,0.0,0.2,0.2,0.0,0.2
P-1009,0.2,0.2,0.2,0.4,0.0,0.0,0.4,0.0,0.0,0.0,0.2,0.2,0.4,0.0,0.0,0.2,0.2,0.2,0.2,0.0,0.4,0.2,0.2,0.2,0.2,0.2,0.2,0.2,0.2,0.2,0.0,0.0,0.0,0.0,0.4,0.0,0.0,0.2,0.4
P-1011,0.6,0.2,0.0,0.0,0.2,0.0,0.0,0.2,0.0,0.0,0.2,0.0,0.0,0.2,0.0,0.6,0.2,0.0,0.6,0.0,0.2,0.6,0.0,0.0,0.0,0.2,0.6,0.6,0.0,0.0,0.0,0.0,0.0,0.0,0.0,0.2,0.2,0.0,0.6
P-1012,0.6,0.0,0.0,0.0,0.0,0.0,0.0,0.0,0.0,0.4,0.0,0.0,0.0,0.0,0.0,0.6,0.0,0.0,0.6,0.0,0.0,0.6,0.0,0.0,0.0,0.0,0.6,0.6,0.0,0.0,0.0,0.0,0.0,0.0,0.4,0.0,0.4,0.0,0.2
P-1013,0.2,0.2,0.0,0.0,0.2,0.0,0.0,0.2,0.0,0.0,0.2,0.0,0.0,0.2,0.0,0.2,0.2,0.0,0.6,0.0,0.2,0.2,0.0,0.2,0.0,0.2,0.2,0.2,0.0,0.2,0.0,0.0,0.0,0.0,0.4,0.2,0.2,0.0,0.2
P-1014,0.4,0.0,0.0,0.2,0.0,0.0,0.0,0.0,0.0,0.2,0.0,0.0,0.2,0.0,0.0,0.4,0.0,0.0,0.6,0.0,0.2,0.4,0.0,0.0,0.0,0.0,0.4,0.4,0.0,0.0,0.0,0.0,0.0,0.0,0.2,0.0,0.0,0.2,0.4
P-1015,0.8,0.0,0.0,0.0,0.0,0.0,0.0,0.0,0.0,0.0,0.0,0.0,0.0,0.0,0.0,0.8,0.0,0.0,0.2,0.0,0.0,0.8,0.0,0.0,0.0,0.0,0.8,0.8,0.0,0.0,0.0,0.0,0.0,0.0,0.0,0.6,0.0,0.0,0.8
P-1019,0.2,0.2,0.6,0.0,0.4,0.0,0.0,0.4,0.0,0.0,0.4,0.0,0.0,0.4,0.4,0.2,0.6,0.2,0.0,0.2,0.2,0.4,0.0,0.4,0.2,0.2,0.2,0.4,0.0,0.4,0.0,0.0,0.0,0.2,0.2,0.0,0.2,0.6,0.2
P-1020,0.4,0.0,0.6,0.4,0.2,0.0,0.4,0.2,0.0,0.2,0.4,0.2,0.6,0.0,0.0,0.4,0.0,0.6,0.2,0.4,0.2,0.6,0.4,0.0,0.6,0.0,0.4,0.6,0.4,0.0,0.0,0.0,0.0,0.0,1.0,0.0,0.2,0.4,0.2
P-1021,0.4,0.2,0.2,0.0,0.2,0.6,0.0,0.2,0.6,0.0,0.4,0.0,0.2,0.2,0.2,0.2,0.4,0.0,0.0,0.4,0.0,0.2,0.0,0.2,0.0,0.4,0.2,0.2,0.0,0.2,0.2,0.0,0.0,0.4,0.2,0.0,0.2,0.2,0.4
P-1022,0.6,0.0,0.0,0.0,0.0,0.0,0.0,0.0,0.0,0.4,0.0,0.0,0.0,0.0,0.0,0.6,0.0,0.0,0.4,0.0,0.0,0.6,0.0,0.0,0.0,0.0,0.6,0.6,0.0,0.0,0.0,0.0,0.0,0.0,0.6,0.0,0.4,0.0,0.2
P-1023,0.4,0.0,0.0,0.0,0.0,0.0,0.0,0.0,0.0,0.0,0.0,0.0,0.0,0.0,0.0,0.4,0.0,0.0,0.4,0.0,0.0,0.4,0.0,0.0,0.0,0.0,0.4,0.4,0.0,0.0,0.0,0.0,0.0,0.0,0.8,0.0,0.0,0.0,0.4
P-1025,0.6,0.0,0.0,0.4,0.0,0.4,0.2,0.2,0.2,0.8,0.0,0.0,0.8,0.0,0.0,0.6,0.0,0.0,0.0,0.4,0.4,0.2,0.4,0.0,0.0,0.0,0.6,0.4,0.2,0.2,0.4,0.0,0.2,0.0,0.6,0.0,0.2,0.2,0.4
P-1026,0.4,0.0,0.0,0.4,0.0,0.0,0.0,0.0,0.0,0.4,0.0,0.0,0.0,0.0,0.0,0.4,0.0,0.0,0.4,0.0,0.0,0.2,0.2,0.2,0.0,0.0,0.4,0.2,0.2,0.2,0.4,0.0,0.0,0.0,0.8,0.0,0.0,0.0,0.4
P-1028,0.0,0.4,0.2,0.0,0.2,0.4,0.0,0.2,0.4,0.2,0.4,0.2,0.2,0.4,0.0,0.0,0.4,0.2,0.2,0.4,0.2,0.2,0.0,0.4,0.2,0.4,0.0,0.2,0.0,0.4,0.4,0.0,0.0,0.2,0.0,0.2,0.4,0.2,0.0
P-1029,0.0,0.4,0.4,0.0,0.8,0.0,0.0,0.8,0.0,0.0,0.8,0.0,0.4,0.4,0.0,0.0,0.4,0.4,0.0,0.6,0.2,0.8,0.0,0.0,0.4,0.4,0.0,0.8,0.0,0.0,0.0,0.0,0.4,0.2,0.2,0.4,0.4,0.4,0.0
P-1030,0.2,0.2,0.2,0.0,0.4,0.0,0.0,0.4,0.0,0.0,0.2,0.2,0.0,0.4,0.0,0.2,0.2,0.2,0.2,0.0,0.4,0.2,0.2,0.2,0.2,0.2,0.2,0.2,0.2,0.2,0.0,0.0,0.0,0.0,0.0,0.4,0.2,0.0,0.2
P-1031,0.4,0.0,0.0,0.0,0.0,0.0,0.0,0.0,0.0,0.0,0.0,0.0,0.0,0.0,0.0,0.4,0.0,0.0,0.4,0.0,0.0,0.4,0.0,0.0,0.0,0.0,0.4,0.4,0.0,0.0,0.0,0.0,0.0,0.0,0.0,0.0,0.0,0.0,0.4
P-1032,0.4,0.2,0.2,0.4,0.0,0.0,0.4,0.0,0.0,0.0,0.4,0.0,0.4,0.0,0.0,0.4,0.2,0.2,0.2,0.2,0.2,0.6,0.0,0.0,0.2,0.2,0.4,0.6,0.0,0.0,0.0,0.0,0.0,0.4,0.2,0.0,0.2,0.2,0.4
P-1033,0.0,0.2,0.2,0.0,0.2,0.2,0.0,0.2,0.2,0.2,0.2,0.2,0.0,0.4,0.0,0.0,0.2,0.2,0.2,0.2,0.2,0.2,0.0,0.2,0.2,0.2,0.0,0.2,0.0,0.2,0.2,0.0,0.0,0.2,0.0,0.2,0.2,0.2,0.0
P-1034,0.2,0.2,0.2,0.4,0.0,0.0,0.4,0.0,0.0,0.0,0.2,0.2,0.4,0.0,0.0,0.2,0.2,0.2,0.2,0.0,0.4,0.4,0.0,0.0,0.2,0.2,0.2,0.4,0.0,0.0,0.0,0.0,0.0,0.0,0.0,0.8,0.2,0.0,0.2
P-1035,0.0,0.0,0.0,0.2,0.0,0.0,0.0,0.0,0.0,0.2,0.0,0.0,0.2,0.0,0.0,0.0,0.0,0.0,0.4,0.2,0.0,0.0,0.0,0.0,0.0,0.0,0.0,0.0,0.0,0.0,0.0,0.0,0.0,0.0,0.2,0.4,0.0,0.2,0.0
P-1037,0.0,0.4,0.4,0.8,0.0,0.0,0.8,0.0,0.0,0.0,0.8,0.0,0.8,0.0,0.0,0.0,0.4,0.4,0.0,0.2,0.6,0.4,0.0,0.0,0.4,0.4,0.0,0.4,0.0,0.0,0.0,0.0,0.0,0.0,0.0,0.6,0.4,0.4,0.0
P-1038,0.0,0.0,0.6,0.2,0.4,0.0,0.2,0.0,0.0,0.0,0.2,0.4,0.2,0.4,0.0,0.0,0.0,0.2,0.0,0.2,0.4,0.0,0.6,0.0,0.6,0.0,0.0,0.0,0.6,0.0,0.0,0.0,0.0,0.0,0.2,0.4,0.0,0.4,0.0
P-1039,0.0,0.0,0.0,0.0,0.6,0.0,0.0,0.6,0.0,0.0,0.6,0.0,0.6,0.0,0.0,0.6,0.0,0.0,0.0,0.6,0.0,0.0,0.6,0.0,0.6,0.0,0.0,0.0,0.6,0.0,0.0,0.0,0.0,0.0,0.0,0.6,0.0,0.0,0.0
P-1065,0.6,0.0,0.0,0.0,0.0,0.0,0.0,0.0,0.0,0.0,0.0,0.0,0.0,0.0,0.0,0.6,0.0,0.0,0.2,0.0,0.0,0.6,0.0,0.0,0.0,0.0,0.6,0.6,0.0,0.0,0.0,0.0,0.0,0.0,0.0,0.8,0.0,0.0,0.6
P-1066,0.8,0.0,0.0,0.0,0.0,0.0,0.0,0.0,0.0,0.0,0.0,0.0,0.0,0.0,0.0,0.8,0.0,0.0,0.6,0.0,0.0,0.8,0.0,0.0,0.0,0.0,0.8,0.8,0.0,0.0,0.0,0.0,0.0,0.0,0.0,0.6,0.0,0.0,0.8
P-1141,0.0,0.0,0.8,0.2,0.6,0.2,0.2,0.6,0.2,0.0,0.8,0.0,0.6,0.2,0.2,0.0,0.0,0.8,0.0,0.8,0.0,0.8,0.0,0.0,0.8,0.0,0.0,0.8,0.0,0.0,0.0,0.0,0.0,0.0,0.4,0.4,0.0,0.8,0.0
P-1142,0.0,0.8,0.2,0.6,0.4,0.0,0.6,0.4,0.0,0.0,1.0,0.0,1.0,0.0,0.0,0.0,0.8,0.2,0.0,0.6,0.4,0.6,0.0,0.0,0.2,0.8,0.0,0.6,0.0,0.0,0.0,0.0,0.4,0.0,0.4,0.6,0.8,0.2,0.0
P-1143,0.2,0.4,0.4,0.8,0.0,0.0,0.8,0.0,0.0,0.0,0.8,0.0,0.8,0.0,0.0,0.2,0.4,0.4,0.2,0.2,0.6,0.6,0.0,0.0,0.4,0.4,0.2,0.6,0.0,0.0,0.0,0.0,0.0,0.2,0.0,0.6,0.4,0.4,0.2
P-1146,0.0,0.0,0.8,0.4,0.4,0.0,0.4,0.0,0.0,0.0,0.2,0.6,0.4,0.4,0.0,0.0,0.0,0.4,0.0,0.2,0.6,0.0,0.8,0.0,0.8,0.0,0.0,0.0,0.8,0.0,0.0,0.0,0.0,0.0,0.4,0.4,0.0,0.6,0.0
P-1150,0.2,0.0,0.0,0.0,0.4,0.0,0.0,0.4,0.0,0.0,0.4,0.0,0.4,0.0,0.0,0.2,0.0,0.0,0.0,0.2,0.2,0.0,0.2,0.2,0.2,0.2,0.0,0.0,0.2,0.2,0.0,0.0,0.0,0.0,0.0,0.4,0.0,0.0,0.2
P-1151,0.2,0.0,0.0,0.0,0.4,0.0,0.0,0.4,0.0,0.4,0.4,0.0,0.4,0.0,0.0,0.6,0.0,0.0,0.6,0.4,0.0,0.2,0.4,0.0,0.4,0.0,0.2,0.2,0.4,0.0,0.0,0.0,0.0,0.0,0.0,0.4,0.0,0.4,0.2
P-1152,0.0,0.0,0.4,0.4,0.4,0.0,0.4,0.4,0.0,0.0,0.8,0.0,0.8,0.0,0.0,0.4,0.0,0.4,0.2,0.6,0.2,0.0,0.8,0.0,0.8,0.0,0.0,0.0,0.8,0.0,0.0,0.0,0.0,0.2,0.2,0.6,0.0,0.0,0.0
P-1154,0.0,0.0,0.2,0.2,0.0,0.2,0.2,0.0,0.2,0.2,0.0,0.2,0.2,0.0,0.2,0.2,0.2,0.0,0.0,0.0,0.2,0.0,0.6,0.0,0.0,0.2,0.2,0.0,0.2,0.4,0.0,0.0,0.0,0.4,0.0,0.0,0.0,0.6,0.0
P-1156,0.0,0.2,0.2,0.2,0.2,0.2,0.2,0.2,0.2,0.2,0.2,0.2,0.2,0.2,0.2,0.0,0.2,0.2,0.0,0.2,0.2,0.0,0.2,0.2,0.2,0.2,0.0,0.0,0.2,0.2,0.0,0.0,0.0,0.6,0.0,0.0,0.2,0.6,0.0
P-1157,0.0,0.0,0.4,0.2,0.2,0.2,0.2,0.2,0.2,0.4,0.0,0.4,0.4,0.0,0.0,0.0,0.0,0.4,0.0,0.0,0.4,0.2,0.2,0.2,0.4,0.0,0.0,0.2,0.2,0.2,0.0,0.0,0.0,0.2,0.2,0.2,0.0,0.8,0.0
P-1158,0.4,0.0,0.0,0.4,0.0,0.0,0.0,0.0,0.0,0.4,0.0,0.0,0.4,0.0,0.0,0.4,0.0,0.0,0.4,0.2,0.2,0.4,0.0,0.0,0.0,0.0,0.4,0.4,0.0,0.0,0.0,0.0,0.0,0.2,0.2,0.0,0.0,0.4,0.4
P-1159,0.0,0.0,0.6,0.6,0.0,0.4,0.2,0.0,0.4,0.4,0.2,0.0,0.6,0.0,0.0,0.0,0.4,0.2,0.0,0.0,0.6,0.2,0.0,0.4,0.2,0.0,0.0,0.2,0.0,0.4,0.0,0.0,0.0,0.4,0.0,0.0,0.0,1.0,0.0
P-1160,0.0,0.0,0.6,0.2,0.0,0.2,0.2,0.0,0.2,0.2,0.0,0.6,0.2,0.0,0.2,0.0,0.4,0.2,0.0,0.0,0.2,0.2,0.4,0.2,0.2,0.4,0.0,0.2,0.0,0.6,0.0,0.0,0.0,0.8,0.0,0.0,0.0,0.6,0.0
P-1161,0.2,0.0,0.4,0.6,0.0,0.0,0.8,0.0,0.0,0.4,0.2,0.2,0.8,0.0,0.0,0.2,0.0,0.4,0.0,0.2,0.6,0.4,0.2,0.0,0.4,0.0,0.2,0.4,0.2,0.0,0.2,0.0,0.0,0.6,0.0,0.0,0.0,0.4,0.2
P-1162,0.0,0.0,0.4,0.4,0.0,0.0,0.4,0.0,0.0,0.4,0.2,0.2,0.4,0.0,0.0,0.0,0.0,0.4,0.0,0.0,0.4,0.4,0.0,0.0,0.4,0.0,0.0,0.4,0.0,0.0,0.0,0.0,0.0,0.4,0.0,0.2,0.0,0.6,0.0
P-1163,0.2,0.0,0.4,0.4,0.0,0.0,0.4,0.0,0.0,0.2,0.2,0.2,0.4,0.0,0.0,0.2,0.0,0.4,0.0,0.0,0.4,0.6,0.0,0.0,0.4,0.0,0.2,0.6,0.0,0.0,0.0,0.0,0.0,0.4,0.0,0.2,0.0,0.4,0.2
P-1165,0.0,0.0,0.4,0.2,0.2,0.2,0.2,0.2,0.2,0.2,0.2,0.2,0.2,0.2,0.2,0.0,0.0,0.4,0.0,0.0,0.4,0.2,0.2,0.2,0.4,0.0,0.0,0.4,0.0,0.4,0.0,0.0,0.0,0.2,0.2,0.2,0.0,0.8,0.0
P-1166,0.2,0.0,0.4,0.6,0.0,0.0,0.8,0.0,0.0,0.2,0.4,0.0,0.6,0.2,0.2,0.2,0.0,0.4,0.0,0.2,0.6,0.4,0.2,0.0,0.4,0.0,0.2,0.4,0.2,0.0,0.2,0.0,0.0,0.2,0.0,0.0,0.0,0.4,0.2
P-1167,0.4,0.0,0.2,0.2,0.0,0.2,0.2,0.0,0.2,0.0,0.2,0.0,0.2,0.0,0.2,0.4,0.0,0.2,0.4,0.0,0.2,0.6,0.0,0.0,0.2,0.0,0.4,0.6,0.0,0.0,0.0,0.0,0.4,0.2,0.2,0.2,0.0,0.2,0.4
P-1168,0.2,0.0,0.0,0.4,0.0,0.0,0.4,0.0,0.0,0.0,0.0,0.0,0.0,0.0,0.0,0.2,0.0,0.0,0.2,0.0,0.0,0.2,0.0,0.4,0.0,0.0,0.2,0.2,0.0,0.4,0.0,0.4,0.2,0.2,0.0,0.0,0.0,0.0,0.2
P-1169,0.2,0.2,0.2,0.0,0.8,0.0,0.0,0.8,0.0,0.0,0.4,0.0,0.0,0.4,0.0,0.6,0.2,0.2,0.2,0.2,0.2,0.2,0.2,0.2,0.2,0.2,0.2,0.6,0.2,0.2,0.0,0.0,0.4,0.4,0.0,0.4,0.2,0.2,0.2
P-1171,0.2,0.2,0.6,0.0,1.0,0.0,0.0,1.0,0.0,0.0,0.8,0.0,0.0,0.8,0.0,0.0,0.2,0.6,0.0,0.4,0.4,0.4,0.4,0.0,0.6,0.2,0.2,0.2,0.4,0.0,0.0,0.0,0.0,0.0,0.0,0.6,0.2,0.6,0.2
P-1173,0.2,0.2,0.2,0.2,0.2,0.2,0.0,0.4,0.0,0.6,0.2,0.2,0.4,0.0,0.0,0.2,0.2,0.2,0.2,0.2,0.2,0.4,0.0,0.0,0.2,0.2,0.2,0.4,0.0,0.0,0.0,0.0,0.4,0.2,0.2,0.2,0.4,0.4,0.0
P-1174,0.0,0.0,0.6,0.4,0.2,0.0,0.4,0.2,0.0,0.2,0.4,0.2,0.4,0.2,0.0,0.0,0.0,0.6,0.0,0.0,0.6,0.6,0.0,0.0,0.6,0.0,0.0,0.6,0.0,0.0,0.0,0.0,0.0,0.0,0.0,0.4,0.0,0.6,0.0
P-1175,0.0,0.0,0.2,0.2,0.0,0.0,0.2,0.0,0.0,0.2,0.0,0.2,0.2,0.0,0.0,0.0,0.0,0.2,0.0,0.0,0.2,0.2,0.0,0.0,0.2,0.0,0.0,0.2,0.0,0.0,0.0,0.0,0.0,0.0,0.0,0.4,0.0,0.2,0.0
P-1176,0.0,0.2,0.6,0.0,0.8,0.0,0.0,0.8,0.0,0.0,0.8,0.0,0.4,0.4,0.0,0.0,0.2,0.6,0.0,0.2,0.6,0.6,0.0,0.0,0.6,0.2,0.0,0.6,0.0,0.0,0.0,0.0,0.2,0.2,0.0,0.0,0.2,0.6,0.0
P-1177,0.0,0.0,0.8,0.4,0.4,0.0,0.4,0.4,0.0,0.0,0.8,0.0,0.4,0.4,0.0,0.0,0.0,0.8,0.0,0.0,0.8,0.8,0.0,0.0,0.8,0.0,0.0,0.8,0.0,0.0,0.0,0.0,0.0,0.0,0.0,0.0,0.0,0.8,0.0
P-1178,0.4,0.0,0.4,0.4,0.4,0.0,0.4,0.4,0.0,0.2,0.4,0.0,0.4,0.4,0.0,0.4,0.0,0.4,0.2,0.2,0.6,0.6,0.2,0.2,0.4,0.0,0.4,0.6,0.2,0.2,0.0,0.0,0.0,0.2,0.2,0.0,0.0,0.6,0.4
P-1179,0.6,0.0,0.0,0.6,0.4,0.0,0.4,0.4,0.0,0.2,0.0,0.0,0.0,0.0,0.0,0.6,0.0,0.0,0.6,0.0,0.0,0.2,0.4,0.2,0.0,0.0,0.6,0.2,0.4,0.2,0.4,0.2,0.2,0.4,0.2,0.2,0.0,0.0,0.6
P-1180,0.4,0.4,0.0,0.4,0.0,0.0,0.4,0.0,0.0,0.0,0.4,0.0,0.4,0.0,0.0,0.4,0.4,0.0,0.4,0.4,0.0,0.2,0.2,0.2,0.0,0.4,0.4,0.2,0.2,0.2,0.4,0.0,0.4,0.4,0.0,0.4,0.4,0.0,0.4
P-1181,0.8,0.0,0.0,0.4,0.0,0.4,0.2,0.2,0.2,0.4,0.0,0.0,0.4,0.0,0.0,0.8,0.0,0.0,0.4,0.2,0.2,0.4,0.4,0.0,0.0,0.0,0.8,0.6,0.2,0.2,0.4,0.0,0.4,0.2,0.6,0.0,0.2,0.2,0.6
P-1182,0.4,0.4,0.0,0.4,0.2,0.0,0.4,0.2,0.0,0.0,0.4,0.0,0.4,0.0,0.0,0.2,0.4,0.0,0.4,0.4,0.0,0.2,0.2,0.2,0.0,0.4,0.4,0.0,0.2,0.2,0.4,0.0,0.4,0.6,0.2,0.0,0.4,0.0,0.4
P-1183,0.0,0.6,0.2,0.0,0.8,0.0,0.0,0.4,0.0,0.0,0.8,0.0,0.4,0.4,0.0,0.4,0.2,0.2,0.0,0.4,0.4,0.6,0.0,0.4,0.2,0.6,0.0,0.6,0.0,0.4,0.0,0.0,0.4,0.4,0.4,0.2,0.6,0.2,0.0
P-1184,0.0,0.4,0.4,0.2,0.2,0.6,0.2,0.2,0.6,0.0,0.8,0.0,0.8,0.0,0.0,0.0,0.4,0.4,0.0,0.6,0.2,0.4,0.0,0.4,0.4,0.4,0.0,0.4,0.0,0.4,0.4,0.0,0.0,0.4,0.0,0.2,0.4,0.4,0.0
P-1187,0.6,0.0,0.0,0.0,0.0,0.0,0.0,0.0,0.0,0.0,0.0,0.0,0.0,0.0,0.0,0.6,0.0,0.0,0.0,0.0,0.0,0.6,0.0,0.0,0.0,0.0,0.6,0.6,0.0,0.0,0.0,0.0,0.0,0.0,0.0,0.6,0.0,0.0,0.6
P-1188,0.4,0.0,0.0,0.4,0.0,0.0,0.4,0.0,0.0,0.2,0.0,0.0,0.4,0.0,0.0,0.4,0.0,0.0,0.2,0.2,0.2,0.2,0.2,0.2,0.0,0.0,0.4,0.2,0.2,0.2,0.0,0.0,0.0,0.2,0.2,0.0,0.0,0.2,0.4
P-1189,0.4,0.2,0.2,0.0,0.2,0.6,0.0,0.2,0.6,0.0,0.4,0.0,0.2,0.2,0.2,0.2,0.4,0.0,0.2,0.4,0.0,0.2,0.0,0.2,0.0,0.4,0.2,0.2,0.0,0.2,0.2,0.0,0.0,0.6,0.0,0.0,0.2,0.2,0.4
P-1190,0.4,0.0,0.4,0.4,0.4,0.0,0.0,0.4,0.0,0.2,0.0,0.4,0.0,0.4,0.0,0.4,0.0,0.4,0.4,0.0,0.4,0.2,0.6,0.2,0.4,0.0,0.4,0.2,0.6,0.2,0.4,0.0,0.0,0.2,0.2,0.4,0.2,0.0,0.2
P-1191,0.2,0.2,0.6,0.4,0.4,0.0,0.4,0.4,0.0,0.0,0.2,0.6,0.4,0.4,0.0,0.2,0.2,0.6,0.2,0.2,0.6,0.4,0.4,0.0,0.6,0.2,0.2,0.4,0.4,0.0,0.0,0.0,0.0,0.4,0.0,0.6,0.2,0.0,0.2
P-1192,0.6,0.0,0.0,0.6,0.4,0.0,0.2,0.4,0.0,0.4,0.0,0.0,0.0,0.0,0.0,0.6,0.0,0.0,0.6,0.0,0.0,0.2,0.4,0.2,0.0,0.0,0.6,0.2,0.4,0.2,0.4,0.2,0.2,0.4,0.2,0.2,0.0,0.0,0.6
P-1193,0.4,0.0,0.2,0.6,0.0,0.0,0.2,0.0,0.0,0.4,0.2,0.0,0.2,0.0,0.0,0.4,0.0,0.2,0.4,0.0,0.2,0.4,0.2,0.2,0.2,0.0,0.4,0.4,0.2,0.2,0.4,0.0,0.0,0.2,0.2,0.2,0.0,0.2,0.4
P-1194,0.0,0.0,0.6,0.4,0.2,0.0,0.4,0.2,0.0,0.2,0.4,0.2,0.4,0.2,0.0,0.0,0.0,0.6,0.0,0.0,0.6,0.6,0.0,0.0,0.6,0.0,0.0,0.6,0.0,0.0,0.0,0.0,0.0,0.0,0.0,0.4,0.0,0.6,0.0
P-1195,0.0,0.0,0.2,0.2,0.0,0.0,0.2,0.0,0.0,0.2,0.0,0.2,0.2,0.0,0.0,0.0,0.0,0.2,0.0,0.0,0.2,0.2,0.0,0.0,0.2,0.0,0.0,0.2,0.0,0.0,0.0,0.0,0.0,0.0,0.0,0.4,0.0,0.2,0.0
P-1201,0.0,0.2,0.2,0.2,0.0,0.8,0.2,0.2,0.6,0.0,0.2,0.2,0.2,0.2,0.6,0.0,0.2,0.2,0.0,0.2,0.2,0.2,0.0,0.2,0.2,0.2,0.0,0.2,0.0,0.2,0.2,0.0,0.0,0.2,0.0,0.0,0.2,0.2,0.0
P-1202,0.0,0.4,0.4,0.4,0.4,0.0,0.4,0.4,0.0,0.0,0.6,0.2,0.4,0.4,0.0,0.0,0.4,0.4,0.0,0.4,0.4,0.2,0.2,0.6,0.4,0.4,0.0,0.2,0.2,0.6,0.4,0.0,0.0,0.4,0.0,0.2,0.4,0.2,0.0
P-1205,0.0,0.0,0.6,0.0,0.6,0.2,0.0,0.6,0.2,0.0,0.6,0.0,0.4,0.2,0.4,0.4,0.4,0.2,0.0,0.4,0.2,0.0,0.8,0.0,0.6,0.0,0.0,0.0,0.6,0.2,0.0,0.0,0.0,0.0,0.0,0.4,0.0,0.6,0.0
P-1206,0.2,0.2,0.4,0.2,0.4,0.2,0.2,0.4,0.2,0.0,0.6,0.0,0.6,0.0,0.2,0.2,0.6,0.0,0.0,0.4,0.2,0.0,0.2,0.6,0.2,0.4,0.0,0.0,0.2,0.6,0.0,0.0,0.4,0.4,0.0,0.0,0.2,0.4,0.2
P-1208,0.2,0.0,0.6,0.0,0.0,0.8,0.2,0.2,0.6,0.0,0.2,0.4,0.2,0.0,0.4,0.0,0.2,0.4,0.0,0.2,0.0,0.4,0.0,0.2,0.4,0.2,0.0,0.4,0.0,0.2,0.2,0.0,0.0,0.6,0.0,0.0,0.0,0.2,0.2
P-1209,0.0,0.0,0.8,0.0,0.0,0.2,0.4,0.0,0.2,0.0,0.0,0.8,0.0,0.0,0.2,0.0,0.4,0.4,0.0,0.0,0.0,0.2,0.2,0.4,0.4,0.4,0.0,0.2,0.2,0.4,0.0,0.0,0.0,0.4,0.0,0.0,0.0,0.4,0.0
P-1211,0.4,0.0,0.2,0.2,0.0,0.0,0.2,0.0,0.0,0.2,0.0,0.2,0.2,0.0,0.0,0.4,0.0,0.2,0.4,0.0,0.2,0.6,0.0,0.0,0.2,0.0,0.4,0.6,0.0,0.0,0.0,0.0,0.0,0.2,0.2,0.2,0.2,0.0,0.2
P-1212,0.4,0.0,0.2,0.6,0.0,0.0,0.2,0.0,0.0,0.6,0.0,0.2,0.2,0.0,0.0,0.4,0.0,0.2,0.4,0.0,0.2,0.2,0.4,0.0,0.2,0.0,0.4,0.2,0.4,0.0,0.4,0.0,0.0,0.8,0.0,0.0,0.0,0.2,0.4
P-1213,0.0,0.0,0.8,0.4,0.0,0.4,0.4,0.0,0.4,0.2,0.2,0.2,0.4,0.0,0.0,0.0,0.4,0.4,0.0,0.0,0.4,0.4,0.0,0.4,0.4,0.0,0.0,0.4,0.0,0.4,0.0,0.0,0.0,0.4,0.0,0.0,0.0,0.8,0.0
P-1214,0.0,0.0,0.8,0.0,0.0,0.2,0.4,0.0,0.2,0.0,0.0,0.8,0.0,0.0,0.2,0.0,0.4,0.4,0.0,0.0,0.0,0.4,0.0,0.6,0.4,0.4,0.0,0.4,0.0,0.6,0.0,0.0,0.0,0.8,0.0,0.0,0.0,0.4,0.0
P-1216,0.2,0.0,0.2,0.0,0.0,0.8,0.0,0.0,0.8,0.0,0.2,0.0,0.2,0.0,0.4,0.0,0.2,0.0,0.0,0.2,0.0,0.4,0.0,0.2,0.0,0.2,0.0,0.0,0.0,0.2,0.2,0.0,0.0,0.2,0.0,0.0,0.0,0.2,0.2
P-1217,0.2,0.4,0.2,0.2,0.2,0.6,0.2,0.2,0.6,0.0,0.6,0.0,0.4,0.2,0.2,0.0,0.6,0.0,0.0,0.6,0.0,0.4,0.0,0.2,0.0,0.6,0.0,0.4,0.0,0.2,0.2,0.0,0.4,0.2,0.0,0.4,0.4,0.2,0.2
P-1218,0.2,0.2,0.0,0.6,0.0,0.0,0.2,0.0,0.0,0.4,0.2,0.0,0.6,0.0,0.0,0.2,0.2,0.0,0.2,0.4,0.2,0.6,0.0,0.0,0.0,0.2,0.2,0.6,0.0,0.0,0.0,0.0,0.4,0.4,0.4,0.2,0.2,0.4,0.2
P-1219,0.6,0.2,0.0,0.4,0.0,0.4,0.4,0.2,0.2,0.2,0.2,0.0,0.4,0.0,0.0,0.6,0.2,0.0,0.6,0.2,0.2,0.2,0.4,0.0,0.0,0.2,0.6,0.4,0.2,0.2,0.4,0.0,0.4,0.2,0.4,0.4,0.2,0.2,0.6
P-1220,0.2,0.2,0.6,0.4,0.0,0.2,0.2,0.2,0.0,0.2,0.2,0.2,0.4,0.0,0.0,0.2,0.6,0.2,0.0,0.4,0.0,0.4,0.0,0.4,0.2,0.2,0.2,0.4,0.0,0.4,0.0,0.0,0.4,0.6,0.0,0.0,0.4,0.4,0.0
P-1221,0.0,0.8,0.0,0.2,0.2,0.4,0.2,0.2,0.4,0.0,0.8,0.0,0.6,0.2,0.0,0.0,0.8,0.0,0.0,0.8,0.0,0.4,0.0,0.4,0.0,0.8,0.0,0.4,0.0,0.4,0.4,0.0,0.4,0.4,0.4,0.0,0.8,0.0,0.0
P-1222,0.2,0.4,0.2,0.2,0.2,0.2,0.2,0.2,0.2,0.0,0.6,0.0,0.6,0.0,0.0,0.0,0.6,0.0,0.2,0.4,0.2,0.4,0.0,0.2,0.2,0.4,0.2,0.0,0.0,0.2,0.2,0.0,0.4,0.4,0.2,0.2,0.4,0.2,0.2
P-1223,0.2,0.4,0.2,0.2,0.2,0.6,0.2,0.2,0.6,0.0,0.6,0.0,0.4,0.2,0.2,0.0,0.6,0.0,0.0,0.6,0.0,0.0,0.0,0.2,0.0,0.6,0.0,0.0,0.0,0.2,0.2,0.0,0.4,0.6,0.0,0.0,0.4,0.2,0.2
P-1225,0.0,0.2,0.0,0.0,0.2,0.2,0.0,0.2,0.2,0.0,0.2,0.0,0.0,0.2,0.2,0.0,0.2,0.0,0.2,0.0,0.2,0.0,0.0,0.4,0.0,0.2,0.0,0.0,0.0,0.4,0.0,0.0,0.0,0.0,0.2,0.2,0.2,0.0,0.0
P-1226,0.2,0.2,0.0,0.0,0.2,0.2,0.0,0.2,0.2,0.0,0.2,0.0,0.0,0.2,0.2,0.2,0.2,0.0,0.0,0.0,0.2,0.2,0.0,0.4,0.0,0.2,0.2,0.2,0.0,0.4,0.0,0.0,0.0,0.0,0.0,0.4,0.2,0.0,0.2
P-1227,0.2,0.0,0.2,0.0,0.0,0.8,0.0,0.0,0.8,0.0,0.2,0.0,0.2,0.0,0.4,0.0,0.2,0.0,0.0,0.2,0.0,0.0,0.0,0.6,0.0,0.2,0.0,0.0,0.0,0.6,0.2,0.0,0.0,0.2,0.0,0.0,0.0,0.2,0.2
P-1228,0.2,0.0,0.6,0.2,0.4,0.0,0.2,0.4,0.0,0.2,0.0,0.6,0.2,0.4,0.0,0.2,0.0,0.6,0.0,0.0,0.6,0.4,0.4,0.0,0.6,0.0,0.2,0.4,0.4,0.0,0.0,0.0,0.0,0.0,0.0,0.6,0.2,0.0,0.0
P-1229,0.2,0.0,0.6,0.2,0.2,0.6,0.2,0.2,0.6,0.0,0.2,0.4,0.4,0.2,0.2,0.0,0.2,0.4,0.0,0.2,0.4,0.4,0.0,0.2,0.4,0.2,0.0,0.4,0.0,0.2,0.2,0.0,0.0,0.2,0.0,0.4,0.0,0.2,0.2
P-1230,0.6,0.0,0.2,0.2,0.0,0.0,0.2,0.0,0.0,0.6,0.0,0.2,0.2,0.0,0.0,0.6,0.0,0.2,0.6,0.0,0.2,0.6,0.0,0.0,0.2,0.0,0.6,0.6,0.0,0.0,0.0,0.0,0.2,0.0,0.4,0.2,0.4,0.2,0.2
P-1231,0.2,0.0,0.6,0.0,0.0,0.8,0.0,0.0,0.8,0.0,0.2,0.4,0.2,0.0,0.4,0.0,0.6,0.0,0.0,0.2,0.0,0.0,0.0,0.6,0.0,0.6,0.0,0.0,0.0,0.6,0.2,0.0,0.0,0.6,0.0,0.0,0.0,0.6,0.2
P-1232,0.6,0.0,0.2,0.2,0.0,0.0,0.2,0.0,0.0,0.2,0.0,0.2,0.2,0.0,0.0,0.4,0.2,0.0,0.4,0.0,0.2,0.4,0.0,0.4,0.0,0.2,0.4,0.4,0.0,0.4,0.0,0.0,0.0,0.2,0.2,0.0,0.0,0.2,0.6
P-1234,0.2,0.0,0.6,0.2,0.4,0.4,0.0,0.6,0.2,0.2,0.0,0.6,0.2,0.4,0.4,0.2,0.0,0.6,0.0,0.2,0.4,0.8,0.0,0.0,0.6,0.0,0.2,0.8,0.0,0.0,0.0,0.0,0.0,0.2,0.0,0.4,0.2,0.0,0.0
P-1235,0.2,0.0,0.2,0.0,0.0,0.8,0.0,0.0,0.8,0.0,0.2,0.0,0.2,0.0,0.4,0.0,0.2,0.0,0.0,0.2,0.0,0.0,0.0,0.2,0.0,0.2,0.0,0.0,0.0,0.2,0.2,0.0,0.0,0.2,0.0,0.0,0.0,0.2,0.2
P-1236,0.0,0.0,0.2,0.0,0.2,0.2,0.0,0.2,0.2,0.0,0.2,0.0,0.0,0.2,0.6,0.0,0.0,0.2,0.0,0.2,0.0,0.2,0.0,0.0,0.2,0.0,0.0,0.2,0.0,0.0,0.0,0.0,0.0,0.4,0.0,0.2,0.0,0.2,0.0
P-1237,0.0,0.0,0.6,0.0,0.6,0.2,0.0,0.6,0.2,0.2,0.6,0.0,0.4,0.2,0.2,0.0,0.0,0.6,0.2,0.6,0.0,0.6,0.0,0.0,0.6,0.0,0.0,0.6,0.0,0.0,0.0,0.0,0.0,0.0,0.4,0.2,0.0,0.8,0.0
P-1238,0.0,0.0,0.2,0.2,0.0,0.4,0.2,0.0,0.4,0.2,0.0,0.2,0.2,0.0,0.4,0.0,0.0,0.2,0.0,0.0,0.2,0.2,0.0,0.0,0.2,0.0,0.0,0.2,0.0,0.0,0.0,0.0,0.0,0.4,0.0,0.0,0.0,0.2,0.0
P-1239,0.2,0.2,0.0,0.2,0.0,0.8,0.0,0.2,0.6,0.2,0.0,0.2,0.0,0.2,0.6,0.2,0.2,0.0,0.2,0.2,0.0,0.0,0.2,0.2,0.0,0.2,0.2,0.0,0.2,0.2,0.4,0.0,0.0,0.4,0.0,0.0,0.2,0.0,0.2
P-1240,0.2,0.0,0.2,0.2,0.0,0.4,0.0,0.6,0.2,0.2,0.0,0.2,0.2,0.0,0.4,0.2,0.0,0.6,0.0,0.2,0.0,0.4,0.0,0.4,0.2,0.0,0.2,0.4,0.0,0.4,0.0,0.0,0.0,0.2,0.0,0.0,0.2,0.0,0.0
P-1241,0.4,0.2,0.4,0.0,0.0,0.0,0.8,0.0,0.0,0.4,0.2,0.4,0.6,0.0,0.0,0.4,0.2,0.4,0.0,0.6,0.0,0.4,0.4,0.2,0.4,0.2,0.4,0.4,0.4,0.2,0.6,0.0,0.0,0.6,0.0,0.0,0.6,0.0,0.0
P-1242,0.2,0.4,0.2,0.0,0.0,0.8,0.0,0.0,0.8,0.0,0.6,0.0,0.4,0.2,0.2,0.0,0.6,0.0,0.0,0.6,0.0,0.0,0.0,0.6,0.0,0.6,0.0,0.0,0.0,0.6,0.6,0.0,0.0,0.6,0.0,0.0,0.4,0.2,0.2
P-1243,0.0,0.2,0.0,0.4,0.0,0.0,0.4,0.0,0.0,0.0,0.2,0.0,0.2,0.0,0.0,0.0,0.2,0.0,0.0,0.2,0.0,0.0,0.0,0.6,0.0,0.2,0.0,0.0,0.0,0.6,0.2,0.4,0.0,0.2,0.0,0.0,0.2,0.0,0.0
P-1244,0.0,0.4,0.2,0.2,0.4,0.0,0.2,0.4,0.0,0.0,0.4,0.2,0.2,0.4,0.0,0.0,0.4,0.2,0.0,0.4,0.2,0.0,0.2,0.6,0.2,0.4,0.0,0.0,0.2,0.6,0.4,0.0,0.0,0.4,0.0,0.2,0.4,0.0,0.0
P-1245,0.0,0.6,0.0,0.4,0.2,0.2,0.2,0.0,0.0,0.4,0.6,0.0,0.2,0.4,0.0,0.4,0.2,0.0,0.0,0.6,0.0,0.0,0.6,0.2,0.0,0.6,0.0,0.0,0.6,0.2,0.4,0.4,0.2,0.4,0.4,0.2,0.6,0.0,0.0
P-1246,0.2,0.0,0.2,0.0,0.0,0.8,0.0,0.0,0.8,0.0,0.2,0.0,0.2,0.0,0.4,0.0,0.2,0.0,0.0,0.2,0.0,0.0,0.0,0.2,0.0,0.2,0.0,0.0,0.0,0.2,0.2,0.0,0.0,0.6,0.0,0.0,0.0,0.2,0.2
P-1247,0.4,0.2,0.0,0.6,0.0,0.4,0.2,0.0,0.4,0.4,0.2,0.0,0.6,0.0,0.0,0.4,0.2,0.0,0.0,0.6,0.0,0.4,0.0,0.0,0.0,0.2,0.4,0.4,0.0,0.0,0.0,0.0,0.4,0.6,0.0,0.0,0.6,0.0,0.0
P-1248,0.2,0.0,0.2,0.0,0.0,0.8,0.0,0.0,0.8,0.0,0.2,0.0,0.2,0.0,0.4,0.0,0.2,0.0,0.0,0.2,0.0,0.0,0.0,0.6,0.0,0.2,0.0,0.0,0.0,0.6,0.2,0.0,0.0,0.6,0.0,0.0,0.0,0.6,0.2
P-1249,0.2,0.4,0.2,0.2,0.2,0.6,0.2,0.2,0.6,0.0,0.6,0.0,0.4,0.2,0.2,0.0,0.6,0.0,0.0,0.2,0.4,0.0,0.0,0.2,0.0,0.6,0.0,0.0,0.0,0.2,0.2,0.0,0.0,0.2,0.0,0.4,0.4,0.2,0.2
P-1250,0.0,0.4,0.0,0.2,0.2,0.0,0.2,0.2,0.0,0.0,0.4,0.0,0.2,0.2,0.0,0.0,0.4,0.0,0.0,0.0,0.4,0.0,0.0,0.0,0.0,0.4,0.0,0.0,0.0,0.0,0.0,0.0,0.0,0.0,0.0,0.4,0.4,0.0,0.0
P-1251,0.0,0.2,0.0,0.2,0.0,0.0,0.2,0.0,0.0,0.0,0.2,0.0,0.2,0.0,0.0,0.0,0.2,0.0,0.0,0.0,0.2,0.0,0.0,0.0,0.0,0.2,0.0,0.0,0.0,0.0,0.0,0.0,0.0,0.0,0.0,0.2,0.2,0.0,0.0
P-1253,0.2,0.6,0.2,0.8,0.0,0.0,0.8,0.0,0.0,0.0,0.8,0.0,0.8,0.0,0.0,0.2,0.6,0.2,0.2,0.2,0.6,0.4,0.0,0.0,0.2,0.6,0.2,0.4,0.0,0.0,0.0,0.0,0.0,0.4,0.0,0.4,0.6,0.2,0.2
P-1254,0.0,0.6,0.0,0.6,0.2,0.2,0.6,0.0,0.0,0.2,0.6,0.0,0.2,0.4,0.0,0.2,0.4,0.2,0.0,0.2,0.4,0.2,0.2,0.4,0.0,0.6,0.0,0.0,0.0,0.6,0.0,0.2,0.2,0.2,0.0,0.4,0.6,0.0,0.0
P-1255,0.2,0.4,0.2,0.4,0.4,0.0,0.2,0.4,0.0,0.2,0.6,0.0,0.4,0.2,0.2,0.4,0.2,0.0,0.0,0.2,0.4,0.0,0.0,0.6,0.0,0.6,0.0,0.0,0.0,0.6,0.0,0.2,0.2,0.2,0.0,0.4,0.4,0.2,0.2
P-1256,0.2,0.0,0.6,0.2,0.4,0.4,0.0,0.6,0.2,0.4,0.2,0.4,0.4,0.2,0.2,0.4,0.2,0.4,0.0,0.2,0.4,0.8,0.0,0.0,0.6,0.0,0.2,0.8,0.0,0.0,0.0,0.0,0.0,0.2,0.0,0.4,0.2,0.4,0.0
P-1257,0.2,0.0,0.6,0.0,0.0,0.8,0.0,0.0,0.8,0.0,0.6,0.0,0.4,0.2,0.2,0.0,0.6,0.0,0.0,0.2,0.4,0.4,0.0,0.2,0.4,0.2,0.0,0.0,0.0,0.2,0.2,0.0,0.0,0.2,0.0,0.4,0.0,0.6,0.2
P-1258,0.4,0.0,0.2,0.0,0.6,0.2,0.0,0.6,0.2,0.0,0.4,0.2,0.6,0.0,0.0,0.2,0.2,0.0,0.2,0.2,0.4,0.4,0.2,0.2,0.4,0.2,0.2,0.0,0.2,0.2,0.0,0.0,0.0,0.2,0.2,0.4,0.0,0.4,0.4
P-1259,0.4,0.2,0.4,0.4,0.0,0.4,0.4,0.0,0.4,0.2,0.4,0.2,0.6,0.0,0.0,0.2,0.4,0.2,0.0,0.6,0.0,0.4,0.0,0.2,0.2,0.4,0.2,0.4,0.0,0.2,0.2,0.0,0.0,0.6,0.0,0.0,0.4,0.2,0.2
P-1260,0.2,0.4,0.2,0.4,0.0,0.4,0.4,0.0,0.4,0.0,0.6,0.0,0.4,0.2,0.2,0.0,0.6,0.0,0.0,0.6,0.0,0.4,0.0,0.2,0.0,0.6,0.0,0.0,0.0,0.2,0.2,0.0,0.0,0.6,0.0,0.0,0.4,0.2,0.2
P-1261,0.2,0.4,0.2,0.4,0.0,0.4,0.4,0.0,0.4,0.0,0.6,0.0,0.6,0.0,0.0,0.0,0.6,0.0,0.0,0.6,0.0,0.4,0.0,0.2,0.0,0.6,0.0,0.4,0.0,0.2,0.2,0.0,0.4,0.4,0.2,0.2,0.4,0.2,0.2
P-1262,0.2,0.4,0.2,0.4,0.0,0.4,0.4,0.0,0.4,0.0,0.6,0.0,0.6,0.0,0.0,0.0,0.6,0.0,0.0,0.6,0.0,0.0,0.0,0.2,0.0,0.6,0.0,0.0,0.0,0.2,0.2,0.0,0.4,0.6,0.0,0.0,0.4,0.2,0.2
P-1263,0.2,0.6,0.0,0.2,0.4,0.0,0.2,0.4,0.0,0.0,0.6,0.0,0.4,0.2,0.2,0.2,0.6,0.0,0.0,0.6,0.0,0.2,0.0,0.4,0.0,0.6,0.2,0.2,0.0,0.4,0.0,0.0,0.0,0.6,0.2,0.0,0.6,0.0,0.2
P-1264,0.2,0.4,0.2,0.2,0.2,0.6,0.2,0.2,0.6,0.0,0.6,0.0,0.4,0.2,0.2,0.0,0.6,0.0,0.0,0.6,0.0,0.0,0.0,0.6,0.0,0.6,0.0,0.0,0.0,0.6,0.2,0.0,0.0,0.6,0.0,0.0,0.4,0.2,0.2
P-1265,0.4,0.2,0.4,0.4,0.0,0.4,0.4,0.0,0.4,0.2,0.4,0.2,0.6,0.0,0.0,0.2,0.4,0.2,0.2,0.4,0.2,0.4,0.0,0.2,0.2,0.4,0.2,0.4,0.0,0.2,0.2,0.0,0.0,0.4,0.2,0.2,0.4,0.2,0.2
P-1266,0.4,0.2,0.4,0.4,0.0,0.4,0.4,0.0,0.4,0.2,0.4,0.2,0.6,0.0,0.0,0.0,0.6,0.0,0.0,0.6,0.0,0.0,0.0,0.6,0.0,0.6,0.0,0.0,0.0,0.6,0.2,0.0,0.0,0.6,0.0,0.0,0.2,0.4,0.4
P-1267,0.2,0.4,0.2,0.2,0.2,0.6,0.2,0.6,0.2,0.0,0.6,0.4,0.4,0.2,0.2,0.2,0.4,0.2,0.0,0.6,0.0,0.2,0.2,0.0,0.4,0.6,0.0,0.2,0.2,0.0,0.2,0.0,0.0,1.0,0.0,0.0,0.4,0.2,0.2
P-1268,0.2,0.4,0.2,0.2,0.2,0.6,0.2,0.2,0.6,0.0,0.6,0.0,0.4,0.2,0.2,0.0,0.6,0.0,0.0,0.6,0.0,0.2,0.2,0.0,0.0,0.6,0.0,0.0,0.0,0.2,0.2,0.0,0.0,0.6,0.0,0.0,0.4,0.2,0.2
P-1269,0.4,0.6,0.0,0.2,0.6,0.2,0.2,0.6,0.2,0.0,1.0,0.0,0.6,0.4,0.0,0.0,0.6,0.0,0.0,1.0,0.0,0.2,0.2,0.0,0.0,1.0,0.0,0.2,0.2,0.0,0.2,0.0,0.4,0.6,0.0,0.4,0.6,0.0,0.4
P-1270,0.4,0.6,0.0,0.2,0.6,0.2,0.2,0.6,0.2,0.0,1.0,0.0,0.6,0.4,0.0,0.0,0.6,0.0,0.0,1.0,0.0,0.0,0.0,0.2,0.0,1.0,0.0,0.0,0.0,0.2,0.2,0.0,0.4,1.0,0.0,0.0,0.6,0.0,0.4
P-1271,0.2,0.4,0.2,0.2,0.2,0.2,0.2,0.2,0.2,0.0,0.6,0.0,0.4,0.2,0.2,0.0,0.6,0.0,0.0,0.6,0.0,0.0,0.0,0.2,0.0,0.6,0.0,0.0,0.0,0.2,0.2,0.0,0.0,0.6,0.0,0.0,0.4,0.2,0.2
P-1272,0.2,0.4,0.2,0.2,0.6,0.2,0.2,0.6,0.2,0.0,0.6,0.4,0.6,0.4,0.0,0.2,0.4,0.2,0.0,0.6,0.4,0.2,0.2,0.0,0.4,0.6,0.0,0.2,0.2,0.0,0.2,0.0,0.0,0.6,0.0,0.4,0.4,0.2,0.2
P-1273,0.2,0.4,0.2,0.2,0.2,0.6,0.2,0.2,0.6,0.0,0.6,0.4,0.4,0.2,0.2,0.0,0.6,0.0,0.0,0.6,0.0,0.0,0.0,0.2,0.0,1.0,0.0,0.0,0.0,0.2,0.2,0.0,0.0,1.0,0.0,0.0,0.4,0.2,0.2
P-1275,0.2,0.4,0.2,0.2,0.2,0.2,0.2,0.2,0.2,0.0,0.6,0.0,0.4,0.2,0.2,0.0,0.6,0.0,0.0,0.6,0.0,0.0,0.0,0.2,0.0,0.6,0.0,0.0,0.0,0.2,0.2,0.0,0.0,0.6,0.0,0.0,0.4,0.2,0.2
P-1276,0.4,0.6,0.0,0.2,0.2,0.6,0.2,0.2,0.6,0.0,1.0,0.0,0.6,0.4,0.0,0.0,0.6,0.0,0.0,1.0,0.0,0.0,0.0,0.2,0.0,1.0,0.0,0.0,0.0,0.2,0.6,0.0,0.0,1.0,0.0,0.0,0.6,0.0,0.4
P-1277,0.2,0.4,0.2,0.2,0.2,0.2,0.2,0.2,0.2,0.0,0.6,0.0,0.4,0.2,0.2,0.0,0.6,0.0,0.0,0.6,0.0,0.0,0.0,0.2,0.0,0.6,0.0,0.0,0.0,0.2,0.2,0.0,0.0,1.0,0.0,0.0,0.4,0.2,0.2
P-1278,0.2,0.4,0.2,0.2,0.2,0.6,0.2,0.2,0.6,0.0,0.6,0.0,0.4,0.2,0.2,0.0,0.6,0.0,0.0,0.6,0.0,0.0,0.0,0.2,0.0,0.6,0.0,0.0,0.0,0.2,0.2,0.0,0.0,1.0,0.0,0.0,0.4,0.2,0.2
P-1279,0.4,0.6,0.0,0.2,0.6,0.2,0.2,0.6,0.2,0.0,1.0,0.0,0.6,0.4,0.0,0.0,0.6,0.0,0.0,0.6,0.4,0.0,0.0,0.2,0.0,1.0,0.0,0.0,0.0,0.2,0.2,0.0,0.0,0.6,0.0,0.4,0.6,0.0,0.4
P-1280,0.2,0.4,0.2,0.2,0.2,0.2,0.2,0.2,0.2,0.0,1.0,0.0,0.6,0.4,0.0,0.0,0.6,0.0,0.0,0.6,0.4,0.2,0.2,0.0,0.4,0.6,0.0,0.0,0.0,0.2,0.2,0.0,0.0,0.6,0.0,0.4,0.4,0.2,0.2
P-1281,0.4,0.6,0.0,0.2,0.6,0.2,0.2,0.6,0.2,0.0,1.0,0.0,0.6,0.4,0.0,0.0,0.6,0.0,0.0,1.0,0.0,0.0,0.0,0.2,0.0,1.0,0.0,0.0,0.0,0.2,0.2,0.0,0.0,1.0,0.0,0.0,0.6,0.0,0.4
P-1282,0.4,0.6,0.0,0.2,0.2,0.6,0.2,0.6,0.2,0.0,0.6,0.4,0.6,0.4,0.0,0.0,0.6,0.0,0.0,1.0,0.0,0.0,0.0,0.2,0.0,1.0,0.0,0.0,0.0,0.2,0.6,0.0,0.0,1.0,0.0,0.0,0.6,0.0,0.4
P-1283,0.2,0.4,0.2,0.2,0.6,0.2,0.2,0.6,0.2,0.0,1.0,0.0,0.6,0.4,0.0,0.2,0.4,0.2,0.0,1.0,0.0,0.2,0.2,0.0,0.4,0.6,0.0,0.2,0.2,0.0,0.2,0.0,0.0,0.6,0.0,0.4,0.4,0.2,0.2
P-1284,0.2,0.4,0.2,0.2,0.6,0.2,0.2,0.6,0.2,0.0,1.0,0.0,0.6,0.4,0.0,0.2,0.4,0.2,0.0,0.6,0.4,0.2,0.2,0.0,0.4,0.6,0.0,0.2,0.2,0.0,0.2,0.0,0.0,0.6,0.0,0.0,0.4,0.2,0.2
P-1285,0.2,0.4,0.2,0.2,0.2,0.2,0.6,0.2,0.2,0.2,0.4,0.2,0.4,0.2,0.2,0.2,0.4,0.2,0.0,0.6,0.0,0.2,0.2,0.0,0.2,0.4,0.2,0.2,0.2,0.0,0.2,0.0,0.0,0.6,0.0,0.0,0.6,0.0,0.0
P-1286,0.0,0.6,0.0,0.2,0.2,0.2,0.2,0.2,0.2,0.0,0.6,0.0,0.2,0.4,0.4,0.0,0.6,0.0,0.0,0.6,0.0,0.2,0.2,0.0,0.0,0.6,0.0,0.0,0.0,0.2,0.2,0.0,0.0,0.6,0.0,0.0,0.6,0.0,0.0
P-1287,0.0,0.6,0.0,0.6,0.2,0.2,0.6,0.2,0.2,0.0,0.6,0.0,0.4,0.2,0.2,0.0,0.6,0.0,0.0,0.6,0.0,0.2,0.2,0.0,0.0,0.6,0.0,0.2,0.2,0.0,0.0,0.2,0.2,0.4,0.2,0.2,0.6,0.0,0.0
P-1288,0.0,0.6,0.0,0.6,0.2,0.2,0.6,0.2,0.2,0.0,0.6,0.0,0.4,0.2,0.2,0.0,0.6,0.0,0.0,0.6,0.0,0.0,0.0,0.2,0.0,0.6,0.0,0.0,0.0,0.2,0.0,0.2,0.2,0.6,0.0,0.0,0.6,0.0,0.0
P-1289,0.0,0.6,0.0,0.2,0.2,0.6,0.2,0.2,0.6,0.0,0.6,0.0,0.2,0.4,0.4,0.0,0.6,0.0,0.0,0.6,0.0,0.0,0.0,0.2,0.0,0.6,0.0,0.0,0.0,0.2,0.2,0.0,0.0,0.6,0.0,0.0,0.6,0.0,0.0
P-1290,0.2,0.4,0.2,0.6,0.2,0.2,0.6,0.2,0.2,0.2,0.4,0.2,0.4,0.2,0.2,0.2,0.4,0.2,0.2,0.4,0.2,0.2,0.2,0.0,0.2,0.4,0.2,0.2,0.2,0.0,0.2,0.0,0.0,0.4,0.2,0.2,0.6,0.0,0.0
P-1291,0.2,0.4,0.2,0.2,0.2,0.2,0.2,0.2,0.2,0.2,0.4,0.2,0.4,0.2,0.2,0.0,0.6,0.0,0.0,0.6,0.0,0.0,0.0,0.2,0.0,0.6,0.0,0.0,0.0,0.2,0.2,0.0,0.0,0.6,0.0,0.0,0.4,0.2,0.2
P-1292,0.0,0.6,0.0,0.2,0.2,0.6,0.2,0.2,0.6,0.0,0.6,0.0,0.2,0.4,0.4,0.0,0.6,0.0,0.0,0.6,0.0,0.0,0.0,0.2,0.0,0.6,0.0,0.0,0.0,0.2,0.2,0.0,0.0,0.6,0.0,0.0,0.6,0.0,0.0
P-1293,0.0,0.6,0.0,0.2,0.2,0.2,0.2,0.2,0.2,0.0,0.6,0.0,0.4,0.2,0.2,0.0,0.6,0.0,0.0,0.6,0.0,0.0,0.0,0.2,0.0,0.6,0.0,0.0,0.0,0.2,0.2,0.0,0.0,0.6,0.0,0.0,0.6,0.0,0.0
P-1294,0.0,0.6,0.0,0.2,0.2,0.6,0.2,0.2,0.6,0.0,0.6,0.0,0.4,0.2,0.2,0.0,0.6,0.0,0.0,0.6,0.0,0.0,0.0,0.2,0.0,0.6,0.0,0.0,0.0,0.2,0.2,0.0,0.0,0.6,0.0,0.0,0.6,0.0,0.0
P-1295,0.0,0.6,0.0,0.2,0.2,0.2,0.2,0.2,0.2,0.0,0.6,0.0,0.4,0.2,0.2,0.0,0.6,0.0,0.0,0.6,0.0,0.0,0.0,0.2,0.0,0.6,0.0,0.0,0.0,0.2,0.2,0.0,0.0,0.6,0.0,0.0,0.4,0.2,0.2
P-1296,0.0,0.6,0.0,0.6,0.2,0.2,0.6,0.2,0.2,0.0,0.6,0.0,0.4,0.2,0.2,0.0,0.6,0.0,0.2,0.4,0.2,0.0,0.0,0.2,0.0,0.6,0.0,0.0,0.0,0.2,0.2,0.0,0.0,0.4,0.2,0.2,0.6,0.0,0.0
P-1297,0.2,0.4,0.2,0.2,0.2,0.6,0.2,0.2,0.6,0.0,0.6,0.0,0.4,0.2,0.2,0.0,0.6,0.0,0.2,0.4,0.2,0.2,0.2,0.0,0.2,0.4,0.2,0.0,0.0,0.2,0.2,0.0,0.0,0.4,0.2,0.2,0.4,0.2,0.2
P-1298,0.0,0.6,0.0,0.6,0.2,0.2,0.6,0.2,0.2,0.0,0.6,0.0,0.4,0.2,0.2,0.0,0.6,0.0,0.0,0.6,0.0,0.0,0.0,0.2,0.0,0.6,0.0,0.0,0.0,0.2,0.2,0.0,0.0,0.6,0.0,0.0,0.6,0.0,0.0
P-1299,0.0,0.6,0.0,0.2,0.2,0.2,0.6,0.2,0.2,0.2,0.4,0.2,0.4,0.2,0.2,0.0,0.6,0.0,0.0,0.6,0.0,0.0,0.0,0.2,0.0,0.6,0.0,0.0,0.0,0.2,0.2,0.0,0.0,0.6,0.0,0.0,0.6,0.0,0.0
P-1300,0.2,0.4,0.2,0.6,0.2,0.2,0.6,0.2,0.2,0.0,0.6,0.0,0.4,0.2,0.2,0.2,0.4,0.2,0.0,0.6,0.0,0.2,0.2,0.0,0.2,0.4,0.2,0.2,0.2,0.0,0.2,0.0,0.0,0.4,0.2,0.2,0.4,0.2,0.2
P-1301,0.2,0.4,0.2,0.6,0.2,0.2,0.6,0.2,0.2,0.0,0.6,0.0,0.4,0.2,0.2,0.2,0.4,0.2,0.2,0.4,0.2,0.2,0.2,0.0,0.2,0.4,0.2,0.2,0.2,0.0,0.2,0.0,0.0,0.6,0.0,0.0,0.4,0.2,0.2
P-1302,0.0,0.6,0.0,0.2,0.2,0.2,0.2,0.2,0.2,0.0,0.6,0.0,0.4,0.2,0.2,0.0,0.6,0.0,0.0,0.6,0.0,0.0,0.0,0.2,0.0,0.6,0.0,0.0,0.0,0.2,0.2,0.0,0.0,0.6,0.0,0.0,0.6,0.0,0.0
P-1303,0.0,0.6,0.0,0.2,0.2,0.6,0.6,0.2,0.2,0.0,0.6,0.0,0.2,0.4,0.4,0.2,0.4,0.2,0.0,0.6,0.0,0.0,0.0,0.2,0.0,0.6,0.0,0.0,0.0,0.2,0.2,0.0,0.0,0.6,0.0,0.0,0.6,0.0,0.0
P-1304,0.0,0.4,0.2,0.2,0.2,0.6,0.2,0.4,0.4,0.0,0.4,0.2,0.2,0.2,0.2,0.2,0.6,0.0,0.0,0.4,0.0,0.0,0.2,0.2,0.2,0.4,0.0,0.0,0.2,0.2,0.0,0.0,0.0,0.6,0.0,0.0,0.4,0.4,0.0
P-1305,0.0,0.4,0.4,0.2,0.2,0.6,0.2,0.2,0.6,0.0,0.4,0.0,0.2,0.2,0.4,0.0,0.8,0.0,0.0,0.4,0.0,0.0,0.2,0.2,0.0,0.4,0.0,0.0,0.0,0.4,0.0,0.0,0.0,0.4,0.0,0.0,0.4,0.4,0.0
P-1306,0.2,0.4,0.2,0.2,0.4,0.4,0.2,0.4,0.4,0.0,0.6,0.0,0.4,0.2,0.2,0.0,0.6,0.0,0.0,0.6,0.0,0.0,0.2,0.2,0.0,0.6,0.0,0.0,0.2,0.2,0.0,0.0,0.2,0.4,0.0,0.2,0.4,0.2,0.2
P-1307,0.2,0.4,0.2,0.2,0.4,0.4,0.2,0.4,0.4,0.0,0.6,0.0,0.4,0.2,0.2,0.0,0.6,0.0,0.0,0.6,0.0,0.0,0.0,0.4,0.0,0.6,0.0,0.0,0.0,0.4,0.0,0.0,0.2,0.6,0.0,0.0,0.4,0.2,0.2
P-1308,0.0,0.4,0.4,0.2,0.2,0.4,0.2,0.2,0.4,0.0,0.4,0.0,0.2,0.2,0.4,0.0,0.8,0.0,0.0,0.4,0.0,0.0,0.0,0.2,0.0,0.4,0.0,0.0,0.0,0.2,0.0,0.0,0.0,0.4,0.0,0.0,0.4,0.4,0.0
P-1309,0.0,0.4,0.2,0.2,0.4,0.4,0.2,0.4,0.4,0.0,0.4,0.2,0.4,0.2,0.2,0.2,0.6,0.0,0.0,0.4,0.2,0.0,0.2,0.2,0.2,0.4,0.0,0.0,0.2,0.2,0.0,0.0,0.0,0.4,0.0,0.2,0.4,0.4,0.0
P-1310,0.0,0.4,0.2,0.2,0.2,0.6,0.2,0.2,0.6,0.0,0.4,0.2,0.2,0.2,0.2,0.0,0.6,0.0,0.0,0.4,0.0,0.0,0.0,0.2,0.0,0.6,0.0,0.0,0.0,0.2,0.0,0.0,0.0,0.6,0.0,0.0,0.4,0.2,0.0
P-1311,0.0,0.4,0.4,0.2,0.2,0.4,0.2,0.2,0.4,0.0,0.4,0.0,0.2,0.2,0.4,0.0,0.8,0.0,0.0,0.4,0.0,0.0,0.0,0.4,0.0,0.4,0.0,0.0,0.0,0.4,0.0,0.0,0.0,0.4,0.0,0.0,0.4,0.4,0.0
P-1312,0.2,0.4,0.2,0.2,0.2,0.6,0.2,0.2,0.6,0.0,0.6,0.0,0.4,0.2,0.2,0.0,0.6,0.0,0.0,0.6,0.0,0.0,0.0,0.2,0.0,0.6,0.0,0.0,0.0,0.2,0.2,0.0,0.0,0.6,0.0,0.0,0.4,0.2,0.2
P-1313,0.0,0.4,0.4,0.2,0.2,0.4,0.2,0.2,0.4,0.0,0.4,0.0,0.2,0.2,0.2,0.0,0.8,0.0,0.0,0.4,0.0,0.0,0.0,0.4,0.0,0.4,0.0,0.0,0.0,0.4,0.0,0.0,0.0,0.6,0.0,0.0,0.4,0.4,0.0
P-1314,0.0,0.4,0.4,0.2,0.2,0.6,0.2,0.2,0.6,0.0,0.4,0.0,0.2,0.2,0.2,0.0,0.8,0.0,0.0,0.4,0.0,0.0,0.0,0.2,0.0,0.4,0.0,0.0,0.0,0.2,0.0,0.0,0.0,0.6,0.0,0.0,0.4,0.2,0.0
P-1315,0.2,0.4,0.2,0.2,0.4,0.4,0.2,0.4,0.4,0.0,0.6,0.0,0.4,0.2,0.2,0.0,0.6,0.0,0.0,0.4,0.2,0.0,0.0,0.4,0.0,0.6,0.0,0.0,0.0,0.4,0.0,0.0,0.0,0.4,0.0,0.2,0.4,0.2,0.2
P-1316,0.0,0.4,0.2,0.2,0.2,0.4,0.2,0.2,0.4,0.0,0.6,0.0,0.4,0.2,0.2,0.0,0.6,0.0,0.0,0.4,0.2,0.0,0.2,0.2,0.2,0.4,0.0,0.0,0.0,0.4,0.0,0.0,0.0,0.4,0.0,0.2,0.4,0.2,0.0
P-1317,0.2,0.4,0.2,0.2,0.4,0.4,0.2,0.4,0.4,0.0,0.6,0.0,0.4,0.2,0.2,0.0,0.6,0.0,0.0,0.6,0.0,0.0,0.0,0.4,0.0,0.6,0.0,0.0,0.0,0.4,0.0,0.0,0.0,0.6,0.0,0.0,0.4,0.2,0.2
P-1318,0.2,0.4,0.2,0.2,0.2,0.6,0.2,0.4,0.4,0.0,0.4,0.2,0.4,0.2,0.2,0.0,0.6,0.0,0.0,0.6,0.0,0.0,0.0,0.2,0.0,0.6,0.0,0.0,0.0,0.2,0.2,0.0,0.0,0.6,0.0,0.0,0.4,0.2,0.2
P-1319,0.0,0.4,0.2,0.2,0.4,0.4,0.2,0.4,0.4,0.0,0.6,0.0,0.4,0.2,0.2,0.2,0.6,0.0,0.0,0.6,0.0,0.0,0.2,0.2,0.2,0.4,0.0,0.0,0.2,0.2,0.0,0.0,0.0,0.4,0.0,0.2,0.4,0.2,0.0
P-1320,0.0,0.4,0.2,0.2,0.4,0.4,0.2,0.4,0.4,0.0,0.6,0.0,0.4,0.2,0.2,0.2,0.6,0.0,0.0,0.4,0.2,0.0,0.2,0.2,0.2,0.4,0.0,0.0,0.2,0.2,0.0,0.0,0.0,0.4,0.0,0.0,0.4,0.2,0.0
P-1321,0.0,0.4,0.4,0.2,0.2,0.6,0.2,0.2,0.6,0.0,0.4,0.0,0.2,0.2,0.2,0.0,0.8,0.0,0.0,0.4,0.0,0.0,0.0,0.4,0.0,0.4,0.0,0.0,0.0,0.4,0.0,0.0,0.0,0.4,0.0,0.0,0.4,0.4,0.0
P-1322,0.0,0.4,0.4,0.2,0.2,0.4,0.2,0.4,0.4,0.0,0.4,0.0,0.2,0.2,0.4,0.2,0.6,0.0,0.0,0.4,0.0,0.0,0.0,0.2,0.0,0.4,0.0,0.0,0.0,0.2,0.0,0.0,0.0,0.4,0.0,0.0,0.4,0.4,0.0
P-1323,0.0,0.4,0.2,0.2,0.2,0.4,0.2,0.2,0.4,0.0,0.4,0.0,0.2,0.2,0.2,0.0,0.6,0.0,0.0,0.4,0.0,0.0,0.0,0.2,0.0,0.4,0.0,0.0,0.0,0.2,0.0,0.0,0.0,0.4,0.0,0.0,0.4,0.2,0.0
P-1324,0.2,0.4,0.2,0.2,0.2,0.2,0.2,0.6,0.2,0.0,0.6,0.0,0.4,0.2,0.2,0.2,0.4,0.2,0.0,0.6,0.0,0.0,0.0,0.2,0.0,0.6,0.0,0.0,0.0,0.2,0.2,0.0,0.0,0.6,0.0,0.0,0.4,0.2,0.2
P-1325,0.2,0.4,0.2,0.2,0.2,0.2,0.2,0.2,0.2,0.0,0.6,0.0,0.4,0.2,0.2,0.0,0.6,0.0,0.0,0.6,0.0,0.0,0.0,0.2,0.0,0.6,0.0,0.0,0.0,0.2,0.2,0.0,0.0,0.6,0.0,0.0,0.4,0.2,0.2
P-1326,0.2,0.4,0.2,0.4,0.0,0.4,0.4,0.0,0.4,0.0,0.6,0.0,0.6,0.0,0.0,0.0,0.6,0.0,0.0,0.6,0.0,0.0,0.0,0.6,0.0,0.6,0.0,0.0,0.0,0.6,0.6,0.0,0.0,0.6,0.0,0.0,0.4,0.2,0.2
P-1327,0.2,0.4,0.2,0.2,0.2,0.6,0.2,0.2,0.6,0.0,0.6,0.0,0.6,0.0,0.0,0.0,0.6,0.0,0.0,0.6,0.0,0.0,0.0,0.2,0.0,0.6,0.0,0.0,0.0,0.2,0.2,0.0,0.0,0.6,0.0,0.0,0.4,0.2,0.2
P-1328,0.2,0.4,0.2,0.4,0.0,0.4,0.4,0.0,0.4,0.0,0.6,0.0,0.6,0.0,0.0,0.0,0.6,0.0,0.0,0.6,0.0,0.0,0.0,0.6,0.0,0.6,0.0,0.0,0.0,0.6,0.2,0.0,0.0,0.6,0.0,0.0,0.2,0.4,0.4
P-1329,0.2,0.4,0.2,0.4,0.0,0.4,0.4,0.0,0.4,0.0,0.6,0.0,0.6,0.0,0.0,0.0,0.6,0.0,0.2,0.4,0.2,0.0,0.0,0.2,0.0,0.6,0.0,0.0,0.0,0.2,0.2,0.0,0.0,0.4,0.2,0.2,0.4,0.2,0.2
P-1330,0.4,0.2,0.4,0.2,0.2,0.6,0.2,0.2,0.6,0.0,0.6,0.0,0.6,0.0,0.0,0.0,0.6,0.0,0.2,0.4,0.2,0.4,0.0,0.2,0.2,0.4,0.2,0.0,0.0,0.2,0.2,0.0,0.0,0.4,0.2,0.2,0.2,0.4,0.4
P-1331,0.2,0.4,0.2,0.4,0.0,0.4,0.4,0.0,0.4,0.0,0.6,0.0,0.6,0.0,0.0,0.0,0.6,0.0,0.0,0.6,0.0,0.0,0.0,0.2,0.0,0.6,0.0,0.0,0.0,0.2,0.2,0.0,0.0,0.6,0.0,0.0,0.4,0.2,0.2
P-1332,0.2,0.4,0.2,0.4,0.0,0.4,0.4,0.0,0.4,0.2,0.4,0.2,0.6,0.0,0.0,0.0,0.6,0.0,0.0,0.6,0.0,0.0,0.0,0.6,0.0,0.6,0.0,0.0,0.0,0.6,0.6,0.0,0.0,0.6,0.0,0.0,0.4,0.2,0.2
P-1333,0.4,0.2,0.4,0.4,0.0,0.4,0.4,0.0,0.4,0.0,0.6,0.0,0.6,0.0,0.0,0.2,0.4,0.2,0.0,0.6,0.0,0.4,0.0,0.2,0.2,0.4,0.2,0.4,0.0,0.2,0.2,0.0,0.0,0.4,0.2,0.2,0.2,0.4,0.4
P-1334,0.4,0.2,0.0,0.4,0.0,0.0,0.4,0.0,0.0,0.0,0.2,0.0,0.2,0.0,0.0,0.4,0.2,0.0,0.4,0.2,0.0,0.4,0.0,0.2,0.0,0.2,0.4,0.4,0.0,0.2,0.0,0.2,0.2,0.6,0.0,0.0,0.2,0.0,0.4
P-1335,0.4,0.2,0.4,0.4,0.0,0.4,0.4,0.0,0.4,0.0,0.6,0.0,0.6,0.0,0.0,0.2,0.4,0.2,0.2,0.4,0.2,0.4,0.0,0.2,0.2,0.4,0.2,0.4,0.0,0.2,0.2,0.0,0.0,0.6,0.0,0.0,0.2,0.4,0.4
P-1336,0.2,0.4,0.2,0.4,0.0,0.4,0.4,0.0,0.4,0.0,0.6,0.0,0.6,0.0,0.0,0.0,0.6,0.0,0.0,0.6,0.0,0.0,0.0,0.2,0.0,0.6,0.0,0.0,0.0,0.2,0.2,0.0,0.0,0.6,0.0,0.0,0.4,0.2,0.2
P-1337,0.2,0.4,0.2,0.2,0.2,0.6,0.4,0.0,0.4,0.0,0.6,0.0,0.4,0.2,0.2,0.2,0.4,0.2,0.0,0.6,0.0,0.0,0.0,0.6,0.0,0.6,0.0,0.0,0.0,0.6,0.2,0.0,0.0,0.6,0.0,0.0,0.4,0.2,0.2
P-1338,0.4,0.2,0.4,0.2,0.2,0.6,0.2,0.2,0.6,0.0,0.6,0.0,0.6,0.0,0.0,0.0,0.6,0.0,0.0,0.6,0.0,0.0,0.0,0.6,0.0,0.6,0.0,0.0,0.0,0.6,0.2,0.0,0.0,0.6,0.0,0.0,0.2,0.4,0.4
P-1339,0.2,0.4,0.2,0.0,0.0,0.8,0.2,0.2,0.6,0.0,0.2,0.4,0.4,0.2,0.2,0.0,0.6,0.0,0.0,0.6,0.0,0.0,0.0,0.6,0.0,0.6,0.0,0.0,0.0,0.6,0.6,0.0,0.0,0.6,0.0,0.0,0.4,0.2,0.2
P-1340,0.0,0.4,0.4,0.2,0.6,0.2,0.2,0.6,0.2,0.0,0.8,0.0,0.2,0.6,0.2,0.0,0.4,0.4,0.0,0.8,0.0,0.2,0.2,0.2,0.4,0.4,0.0,0.2,0.2,0.2,0.0,0.0,0.4,0.4,0.0,0.4,0.4,0.4,0.0
P-1341,0.0,0.0,0.6,0.4,0.4,0.0,0.2,0.4,0.0,0.2,0.6,0.0,0.6,0.2,0.2,0.0,0.0,0.6,0.0,0.8,0.0,0.4,0.2,0.2,0.6,0.0,0.0,0.4,0.2,0.2,0.0,0.0,0.0,0.2,0.4,0.4,0.0,0.8,0.0
P-1342,0.2,0.2,0.4,0.2,0.4,0.0,0.2,0.4,0.0,0.0,0.6,0.0,0.2,0.4,0.0,0.2,0.2,0.4,0.0,0.6,0.0,0.6,0.0,0.0,0.4,0.2,0.2,0.6,0.0,0.0,0.0,0.0,0.4,0.2,0.2,0.4,0.2,0.4,0.2
P-1343,0.2,0.0,0.6,0.2,0.2,0.6,0.2,0.2,0.6,0.0,0.6,0.0,0.4,0.2,0.2,0.0,0.2,0.4,0.0,0.6,0.0,0.4,0.0,0.2,0.4,0.2,0.0,0.4,0.0,0.2,0.2,0.0,0.0,0.2,0.0,0.4,0.0,0.6,0.2
P-1344,0.4,0.2,0.4,0.2,0.4,0.0,0.2,0.4,0.0,0.0,0.6,0.0,0.6,0.0,0.0,0.4,0.2,0.4,0.4,0.4,0.2,0.8,0.0,0.0,0.4,0.2,0.4,0.8,0.0,0.0,0.0,0.0,0.0,0.0,0.4,0.2,0.2,0.4,0.4
P-1345,0.0,0.0,0.4,0.2,0.2,0.0,0.2,0.2,0.0,0.2,0.2,0.2,0.2,0.2,0.0,0.0,0.0,0.4,0.2,0.2,0.2,0.4,0.0,0.0,0.4,0.0,0.0,0.4,0.0,0.0,0.0,0.0,0.0,0.0,0.0,0.4,0.0,0.4,0.0
P-1348,0.0,0.0,0.8,0.4,0.4,0.0,0.4,0.4,0.0,0.0,0.8,0.0,0.4,0.4,0.0,0.0,0.0,0.8,0.0,0.0,0.8,0.8,0.0,0.0,0.8,0.0,0.0,0.8,0.0,0.0,0.0,0.0,0.0,0.0,0.0,0.0,0.0,0.8,0.0
P-1349,0.2,0.0,0.6,0.2,0.2,0.6,0.2,0.2,0.6,0.0,0.6,0.0,0.4,0.2,0.2,0.0,0.2,0.4,0.0,0.2,0.4,0.4,0.0,0.2,0.4,0.2,0.0,0.4,0.0,0.2,0.2,0.0,0.0,0.2,0.0,0.0,0.0,0.6,0.2
P-1350,0.4,0.2,0.4,0.4,0.0,0.0,0.8,0.0,0.0,0.2,0.4,0.2,0.6,0.0,0.0,0.4,0.2,0.4,0.2,0.4,0.2,0.4,0.4,0.2,0.4,0.2,0.4,0.4,0.4,0.2,0.6,0.0,0.0,0.6,0.0,0.0,0.4,0.2,0.2
P-1351,0.0,0.0,0.6,0.4,0.2,0.2,0.4,0.2,0.2,0.2,0.4,0.2,0.6,0.0,0.0,0.2,0.2,0.4,0.0,0.0,0.6,0.4,0.2,0.2,0.4,0.2,0.2,0.4,0.2,0.2,0.0,0.0,0.0,0.4,0.0,0.0,0.0,1.0,0.0
P-1352,0.4,0.0,0.6,0.2,0.6,0.0,0.2,0.6,0.0,0.0,0.6,0.0,0.6,0.0,0.0,0.2,0.0,0.6,0.2,0.2,0.4,1.0,0.0,0.0,0.6,0.0,0.4,0.8,0.0,0.0,0.0,0.0,0.0,0.2,0.6,0.0,0.0,0.6,0.4
P-1354,0.2,0.2,0.2,0.2,0.2,0.0,0.2,0.4,0.0,0.0,0.4,0.0,0.2,0.2,0.0,0.2,0.2,0.4,0.2,0.2,0.2,0.4,0.0,0.2,0.2,0.2,0.2,0.4,0.0,0.2,0.0,0.0,0.4,0.4,0.0,0.0,0.2,0.2,0.2
P-1355,0.2,0.2,0.6,0.6,0.2,0.0,0.6,0.2,0.0,0.0,0.4,0.4,0.6,0.2,0.0,0.2,0.2,0.6,0.2,0.2,0.6,0.6,0.2,0.0,0.6,0.2,0.2,0.6,0.2,0.0,0.0,0.0,0.0,0.4,0.0,0.4,0.2,0.2,0.2
P-1356,0.0,0.0,0.6,0.2,0.4,0.0,0.2,0.4,0.0,0.0,0.6,0.0,0.2,0.4,0.0,0.0,0.0,0.6,0.4,0.2,0.4,0.2,0.4,0.0,0.6,0.0,0.0,0.2,0.4,0.0,0.0,0.0,0.0,0.0,0.0,0.6,0.0,0.6,0.0
P-1357,0.0,0.0,0.6,0.6,0.0,0.0,0.6,0.0,0.0,0.2,0.4,0.2,0.6,0.0,0.0,0.0,0.0,0.6,0.0,0.0,0.6,0.6,0.0,0.0,0.6,0.0,0.0,0.6,0.0,0.0,0.0,0.0,0.0,0.0,0.0,0.4,0.0,0.6,0.0
P-1358,0.0,0.0,0.4,0.4,0.0,0.0,0.4,0.0,0.0,0.2,0.2,0.2,0.4,0.0,0.0,0.0,0.0,0.4,0.0,0.0,0.4,0.4,0.0,0.0,0.4,0.0,0.0,0.4,0.0,0.0,0.0,0.0,0.0,0.0,0.0,0.4,0.0,0.4,0.0
P-1363,0.2,0.0,0.2,0.0,0.0,0.8,0.0,0.0,0.8,0.0,0.2,0.0,0.2,0.0,0.4,0.0,0.2,0.0,0.0,0.2,0.0,0.0,0.0,0.2,0.0,0.2,0.0,0.0,0.0,0.2,0.2,0.0,0.0,0.2,0.0,0.0,0.0,0.2,0.2
P-1364,0.4,0.0,0.2,0.0,0.6,0.2,0.0,0.6,0.2,0.0,0.4,0.2,0.6,0.0,0.0,0.2,0.2,0.0,0.2,0.2,0.4,0.4,0.2,0.2,0.4,0.2,0.2,0.0,0.2,0.2,0.0,0.0,0.0,0.2,0.2,0.4,0.0,0.4,0.4
P-1366,0.2,0.0,0.2,0.2,0.0,0.0,0.2,0.0,0.0,0.0,0.2,0.0,0.2,0.0,0.0,0.2,0.0,0.2,0.2,0.0,0.2,0.4,0.0,0.0,0.2,0.0,0.2,0.4,0.0,0.0,0.0,0.0,0.2,0.0,0.2,0.2,0.0,0.2,0.2
P-1367,0.2,0.0,0.2,0.2,0.0,0.0,0.2,0.0,0.0,0.0,0.2,0.0,0.2,0.0,0.0,0.2,0.0,0.2,0.2,0.0,0.2,0.4,0.0,0.0,0.2,0.0,0.2,0.4,0.0,0.0,0.0,0.0,0.2,0.0,0.2,0.2,0.0,0.2,0.2
P-1368,0.0,0.0,0.2,0.2,0.0,0.0,0.2,0.0,0.0,0.0,0.2,0.0,0.2,0.0,0.0,0.0,0.0,0.2,0.2,0.0,0.2,0.2,0.0,0.0,0.2,0.0,0.0,0.2,0.0,0.0,0.0,0.0,0.0,0.0,0.0,0.2,0.0,0.2,0.0
P-1369,0.2,0.0,0.2,0.0,0.0,0.8,0.2,0.2,0.6,0.0,0.2,0.0,0.2,0.0,0.4,0.0,0.2,0.4,0.0,0.2,0.0,0.0,0.0,0.6,0.0,0.2,0.0,0.0,0.0,0.6,0.2,0.0,0.0,0.2,0.0,0.0,0.0,0.2,0.2
P-1371,0.2,0.0,0.6,0.0,0.0,0.8,0.0,0.0,0.8,0.0,0.2,0.0,0.2,0.0,0.4,0.0,0.6,0.0,0.0,0.2,0.0,0.0,0.0,0.6,0.0,0.2,0.0,0.0,0.0,0.6,0.2,0.0,0.0,0.2,0.0,0.0,0.0,0.6,0.2
P-1372,0.0,0.4,0.4,0.4,0.4,0.2,0.4,0.2,0.2,0.0,0.8,0.0,0.2,0.6,0.0,0.4,0.4,0.2,0.0,0.8,0.0,0.2,0.2,0.4,0.4,0.4,0.0,0.2,0.2,0.4,0.0,0.0,0.4,0.4,0.0,0.4,0.4,0.4,0.0
P-1373,0.4,0.0,0.2,0.2,0.2,0.4,0.2,0.2,0.4,0.4,0.2,0.0,0.6,0.0,0.0,0.4,0.2,0.0,0.0,0.4,0.2,0.0,0.6,0.2,0.2,0.0,0.4,0.0,0.4,0.4,0.4,0.0,0.0,0.0,0.4,0.2,0.0,0.2,0.4
P-1374,0.0,0.4,0.4,0.0,0.8,0.2,0.0,0.2,0.2,0.0,0.8,0.0,0.2,0.6,0.0,0.6,0.2,0.0,0.0,0.8,0.0,0.0,0.4,0.6,0.4,0.4,0.0,0.0,0.4,0.6,0.0,0.0,0.4,0.4,0.0,0.4,0.4,0.4,0.0
P-1375,0.0,0.0,0.8,0.4,0.0,0.6,0.2,0.0,0.4,0.2,0.2,0.2,0.4,0.0,0.2,0.0,0.4,0.2,0.0,0.0,0.4,0.2,0.2,0.4,0.4,0.0,0.0,0.2,0.2,0.4,0.0,0.0,0.0,0.4,0.0,0.0,0.0,0.8,0.0
P-1376,0.0,0.0,0.8,0.6,0.2,0.0,0.6,0.0,0.0,0.0,0.0,0.8,0.6,0.2,0.0,0.0,0.0,0.6,0.0,0.0,0.8,0.0,0.8,0.0,0.8,0.0,0.0,0.0,0.8,0.0,0.0,0.0,0.0,0.0,0.6,0.2,0.0,0.6,0.0
P-1377,0.2,0.0,0.2,0.4,0.2,0.0,0.0,0.0,0.0,0.6,0.0,0.2,0.4,0.2,0.0,0.2,0.0,0.0,0.4,0.4,0.2,0.2,0.2,0.0,0.2,0.0,0.2,0.2,0.2,0.0,0.0,0.0,0.0,0.0,0.4,0.2,0.0,0.6,0.2
P-1378,0.0,0.0,0.0,0.0,0.0,0.4,0.0,0.2,0.4,0.0,0.0,0.0,0.0,0.0,0.4,0.0,0.0,0.2,0.0,0.0,0.0,0.0,0.0,0.4,0.0,0.0,0.0,0.0,0.0,0.4,0.0,0.0,0.0,0.0,0.0,0.0,0.0,0.0,0.0
P-1379,0.2,0.4,0.2,0.0,0.6,0.0,0.0,0.4,0.0,0.2,0.4,0.2,0.0,0.6,0.0,0.4,0.2,0.2,0.2,0.0,0.6,0.2,0.2,0.4,0.2,0.4,0.2,0.2,0.2,0.4,0.0,0.0,0.0,0.2,0.0,0.8,0.4,0.2,0.2
P-1380,0.2,0.4,0.2,0.0,0.6,0.0,0.0,0.4,0.0,0.0,0.6,0.0,0.0,0.6,0.0,0.4,0.2,0.2,0.4,0.2,0.4,0.2,0.2,0.4,0.2,0.4,0.2,0.2,0.2,0.4,0.0,0.0,0.0,0.2,0.0,0.8,0.4,0.2,0.2
P-1381,0.4,0.0,0.6,0.0,0.6,0.0,0.0,0.8,0.0,0.2,0.4,0.2,0.0,0.6,0.0,0.4,0.0,0.4,0.0,0.0,0.6,0.8,0.2,0.0,0.6,0.0,0.4,0.6,0.0,0.2,0.0,0.0,0.0,0.0,0.0,0.4,0.2,0.4,0.2
P-1382,0.2,0.2,0.4,0.2,0.4,0.2,0.2,0.6,0.2,0.0,0.6,0.0,0.2,0.4,0.2,0.2,0.2,0.2,0.0,0.0,0.6,0.4,0.2,0.0,0.4,0.2,0.2,0.2,0.0,0.2,0.0,0.0,0.0,0.0,0.0,0.4,0.2,0.4,0.2
P-1383,0.2,0.4,0.2,0.0,0.4,0.6,0.0,0.2,0.6,0.0,0.6,0.0,0.2,0.4,0.2,0.2,0.4,0.0,0.0,0.6,0.0,0.0,0.0,0.4,0.0,0.6,0.0,0.0,0.0,0.4,0.2,0.0,0.0,0.6,0.0,0.0,0.4,0.2,0.2
P-1384,0.0,0.0,0.8,0.0,0.4,0.0,0.0,0.2,0.0,0.0,0.4,0.0,0.0,0.4,0.2,0.0,0.4,0.2,0.0,0.4,0.0,0.0,0.4,0.2,0.4,0.0,0.0,0.0,0.4,0.2,0.0,0.0,0.0,0.2,0.0,0.4,0.0,0.8,0.0
P-1385,0.0,0.4,0.6,0.0,0.8,0.0,0.0,0.6,0.0,0.0,0.8,0.0,0.2,0.6,0.0,0.0,0.6,0.2,0.0,0.0,0.8,0.0,0.4,0.4,0.4,0.4,0.0,0.0,0.4,0.4,0.0,0.0,0.0,0.2,0.2,0.2,0.4,0.6,0.0
P-1389,0.0,0.0,0.2,0.0,0.2,0.4,0.2,0.6,0.2,0.0,0.0,0.2,0.0,0.2,0.4,0.0,0.0,0.8,0.0,0.0,0.2,0.2,0.0,0.6,0.2,0.0,0.0,0.2,0.0,0.6,0.0,0.0,0.0,0.0,0.0,0.2,0.0,0.0,0.0
P-1393,0.2,0.0,0.0,0.2,0.0,0.2,0.0,0.2,0.0,0.2,0.0,0.2,0.2,0.0,0.0,0.4,0.0,0.0,0.2,0.2,0.0,0.2,0.2,0.0,0.2,0.0,0.2,0.2,0.2,0.0,0.0,0.0,0.0,0.2,0.2,0.0,0.0,0.4,0.2
P-1394,0.0,0.0,0.6,0.4,0.0,0.6,0.2,0.2,0.4,0.2,0.2,0.2,0.4,0.0,0.0,0.2,0.4,0.2,0.0,0.0,0.4,0.2,0.2,0.4,0.4,0.0,0.0,0.2,0.2,0.4,0.0,0.0,0.0,0.4,0.0,0.0,0.0,1.0,0.0
P-1395,0.2,0.0,0.0,0.0,0.2,0.0,0.0,0.2,0.0,0.2,0.0,0.2,0.2,0.0,0.0,0.4,0.0,0.0,0.0,0.0,0.2,0.2,0.2,0.0,0.2,0.0,0.2,0.2,0.2,0.0,0.0,0.0,0.0,0.0,0.0,0.2,0.2,0.2,0.0
P-1396,0.4,0.0,0.0,0.0,0.2,0.0,0.0,0.2,0.0,0.2,0.0,0.2,0.2,0.0,0.0,0.6,0.0,0.0,0.2,0.0,0.2,0.4,0.2,0.0,0.2,0.0,0.4,0.4,0.2,0.0,0.0,0.0,0.0,0.0,0.0,0.2,0.2,0.2,0.2
P-1397,0.2,0.0,0.0,0.0,0.2,0.0,0.0,0.2,0.0,0.2,0.0,0.2,0.2,0.0,0.0,0.4,0.0,0.0,0.6,0.0,0.2,0.2,0.2,0.0,0.2,0.0,0.2,0.2,0.2,0.0,0.0,0.0,0.0,0.0,0.6,0.2,0.2,0.2,0.0
P-1398,0.4,0.0,0.0,0.0,0.2,0.0,0.0,0.2,0.0,0.2,0.0,0.2,0.2,0.0,0.0,0.6,0.0,0.0,0.2,0.0,0.2,0.4,0.2,0.0,0.2,0.0,0.4,0.4,0.2,0.0,0.0,0.0,0.0,0.0,0.4,0.2,0.2,0.2,0.2
P-1399,0.4,0.0,0.0,0.0,0.4,0.0,0.0,0.4,0.0,0.2,0.2,0.2,0.4,0.0,0.0,0.8,0.0,0.0,0.2,0.2,0.2,0.4,0.4,0.0,0.4,0.0,0.4,0.4,0.4,0.0,0.0,0.0,0.0,0.0,0.4,0.4,0.2,0.2,0.2
P-1400,0.4,0.0,0.0,0.0,0.4,0.0,0.0,0.4,0.0,0.2,0.2,0.2,0.4,0.0,0.0,0.8,0.0,0.0,0.2,0.2,0.2,0.4,0.4,0.0,0.4,0.0,0.4,0.4,0.4,0.0,0.0,0.0,0.0,0.0,0.4,0.4,0.2,0.2,0.2
P-1402,0.0,0.4,0.2,0.2,0.2,0.0,0.2,0.2,0.0,0.0,0.4,0.0,0.0,0.4,0.2,0.0,0.6,0.0,0.0,0.0,0.4,0.2,0.0,0.6,0.0,0.4,0.0,0.0,0.0,0.6,0.0,0.0,0.0,0.0,0.0,0.4,0.4,0.2,0.0
P-1403,0.0,0.4,0.2,0.2,0.2,0.0,0.2,0.2,0.0,0.0,0.4,0.0,0.2,0.2,0.2,0.0,0.6,0.0,0.0,0.0,0.4,0.0,0.0,0.8,0.0,0.4,0.0,0.0,0.0,0.8,0.0,0.0,0.0,0.0,0.2,0.2,0.2,0.2,0.2
P-1404,0.4,0.4,0.0,0.2,0.6,0.2,0.2,0.6,0.2,0.0,0.8,0.0,0.4,0.4,0.0,0.0,0.4,0.0,0.2,0.2,0.6,0.0,0.0,0.8,0.0,0.8,0.0,0.0,0.0,0.8,0.4,0.0,0.0,0.2,0.2,0.6,0.4,0.0,0.4
P-1406,0.2,0.2,0.2,0.0,0.4,0.0,0.0,0.4,0.0,0.0,0.4,0.0,0.4,0.0,0.4,0.0,0.4,0.0,0.0,0.4,0.0,0.0,0.0,0.8,0.0,0.4,0.0,0.0,0.0,0.8,0.0,0.0,0.0,0.8,0.0,0.0,0.2,0.2,0.2
P-1407,0.4,0.0,0.4,0.0,0.2,0.0,0.0,0.2,0.0,0.2,0.0,0.2,0.2,0.0,0.0,0.4,0.2,0.2,0.2,0.0,0.2,0.6,0.0,0.2,0.2,0.0,0.4,0.6,0.0,0.2,0.0,0.0,0.0,0.2,0.2,0.0,0.2,0.2,0.2
P-1409,0.0,0.0,0.4,0.0,0.2,0.0,0.0,0.2,0.0,0.0,0.2,0.0,0.2,0.0,0.0,0.2,0.4,0.0,0.0,0.0,0.2,0.0,0.2,0.4,0.2,0.0,0.0,0.0,0.2,0.4,0.0,0.0,0.0,0.4,0.0,0.0,0.0,0.4,0.0
P-1413,1.0,0.0,0.0,0.8,0.2,0.0,0.0,0.2,0.0,0.8,0.2,0.0,1.0,0.0,0.0,0.8,0.0,0.0,0.0,0.6,0.4,0.8,0.0,0.2,0.0,0.2,0.8,0.8,0.0,0.2,0.0,0.0,0.0,0.0,0.2,0.2,0.8,0.0,0.2
P-1414,0.2,0.4,0.0,0.0,0.6,0.0,0.0,0.6,0.0,0.0,0.6,0.0,0.6,0.0,0.0,0.0,0.4,0.0,0.0,0.2,0.4,0.0,0.0,0.2,0.0,0.6,0.0,0.0,0.0,0.2,0.0,0.0,0.0,0.0,0.2,0.2,0.4,0.0,0.2
P-1415,0.4,0.0,0.0,0.0,0.2,0.0,0.0,0.2,0.0,0.4,0.2,0.0,0.2,0.0,0.0,0.2,0.0,0.0,0.2,0.0,0.2,0.2,0.0,0.2,0.0,0.2,0.2,0.2,0.0,0.2,0.0,0.0,0.0,0.0,0.0,0.6,0.0,0.4,0.4
P-1416,0.6,0.0,0.0,0.0,0.6,0.0,0.0,0.6,0.0,0.0,0.6,0.0,0.6,0.0,0.0,0.0,0.0,0.0,0.0,0.0,0.6,0.0,0.0,0.6,0.0,0.6,0.0,0.0,0.0,0.6,0.0,0.0,0.0,0.0,0.0,0.6,0.0,0.0,0.6
P-1417,0.8,0.0,0.0,0.4,0.6,0.0,0.0,0.6,0.0,0.2,0.2,0.0,0.6,0.0,0.0,0.2,0.0,0.0,0.2,0.2,0.4,0.2,0.0,0.2,0.0,0.2,0.6,0.2,0.0,0.2,0.0,0.0,0.4,0.0,0.4,0.2,0.2,0.0,0.6
P-1418,0.8,0.0,0.0,0.0,0.6,0.0,0.0,0.6,0.0,0.2,0.2,0.0,0.2,0.0,0.0,0.2,0.0,0.0,0.4,0.0,0.2,0.6,0.0,0.2,0.0,0.2,0.6,0.2,0.0,0.2,0.0,0.0,0.0,0.0,0.4,0.2,0.2,0.0,0.6
P-1419,0.4,0.2,0.2,0.4,0.6,0.0,0.0,0.6,0.0,0.2,0.4,0.2,0.6,0.4,0.0,0.2,0.2,0.2,0.0,0.6,0.4,0.2,0.2,0.4,0.2,0.4,0.2,0.2,0.2,0.4,0.0,0.0,0.0,0.4,0.2,0.2,0.4,0.0,0.2
P-1420,0.8,0.0,0.0,0.4,0.4,0.2,0.0,0.6,0.0,0.4,0.4,0.2,0.8,0.0,0.0,0.6,0.0,0.0,0.0,0.4,0.4,0.4,0.2,0.4,0.2,0.4,0.4,0.4,0.2,0.4,0.0,0.0,0.0,0.4,0.2,0.2,0.4,0.2,0.4
P-1421,0.8,0.0,0.0,0.2,0.6,0.0,0.0,0.6,0.0,0.4,0.4,0.2,0.8,0.0,0.0,0.6,0.0,0.0,0.2,0.6,0.2,0.4,0.2,0.4,0.2,0.4,0.4,0.4,0.2,0.4,0.0,0.0,0.0,0.4,0.2,0.2,0.4,0.2,0.4
P-1422,0.4,0.0,0.0,0.0,0.6,0.0,0.0,0.6,0.0,0.4,0.4,0.2,0.6,0.0,0.0,0.6,0.0,0.0,0.4,0.4,0.2,0.2,0.4,0.2,0.4,0.2,0.2,0.2,0.4,0.2,0.0,0.0,0.0,0.2,0.2,0.4,0.2,0.4,0.2
P-1423,0.4,0.2,0.2,0.0,0.4,0.6,0.0,0.4,0.6,0.0,0.6,0.0,0.4,0.2,0.2,0.0,0.4,0.0,0.0,0.6,0.0,0.0,0.0,0.4,0.0,0.6,0.0,0.0,0.0,0.4,0.2,0.0,0.0,0.6,0.0,0.0,0.2,0.2,0.4
P-1424,0.4,0.4,0.0,0.0,0.8,0.0,0.0,0.8,0.0,0.0,0.8,0.0,0.8,0.0,0.0,0.0,0.4,0.0,0.2,0.6,0.2,0.0,0.0,0.4,0.0,0.8,0.0,0.0,0.0,0.4,0.0,0.0,0.4,0.2,0.2,0.2,0.4,0.0,0.4
P-1425,0.2,0.4,0.0,0.0,0.6,0.0,0.0,0.6,0.0,0.0,0.6,0.0,0.4,0.2,0.2,0.2,0.2,0.2,0.0,0.6,0.0,0.0,0.0,0.6,0.0,0.6,0.0,0.0,0.0,0.6,0.0,0.0,0.0,0.6,0.0,0.0,0.4,0.0,0.2
P-1426,0.8,0.0,0.0,0.0,0.6,0.0,0.0,0.6,0.0,0.2,0.6,0.0,0.6,0.0,0.0,0.2,0.0,0.0,0.4,0.4,0.2,0.2,0.0,0.6,0.0,0.6,0.2,0.2,0.0,0.6,0.0,0.0,0.0,0.4,0.4,0.2,0.2,0.0,0.6
P-1427,0.4,0.0,0.0,0.0,0.4,0.0,0.0,0.4,0.0,0.2,0.2,0.2,0.4,0.0,0.0,0.4,0.0,0.0,0.2,0.2,0.2,0.2,0.2,0.2,0.2,0.2,0.2,0.2,0.2,0.2,0.0,0.0,0.0,0.2,0.2,0.2,0.2,0.2,0.2
P-1428,0.2,0.4,0.0,0.0,0.6,0.0,0.0,0.6,0.0,0.0,0.6,0.0,0.2,0.4,0.0,0.0,0.4,0.0,0.0,0.4,0.2,0.0,0.0,0.6,0.0,0.6,0.0,0.0,0.0,0.6,0.0,0.0,0.0,0.4,0.0,0.2,0.4,0.0,0.2
P-1430,0.8,0.0,0.0,0.0,0.8,0.0,0.0,0.8,0.0,0.0,0.6,0.0,0.6,0.0,0.0,0.0,0.0,0.0,0.0,0.4,0.2,0.2,0.0,0.6,0.0,0.6,0.2,0.0,0.0,0.6,0.0,0.0,0.0,0.4,0.0,0.2,0.0,0.0,0.8
P-1431,0.6,0.0,0.0,0.0,0.6,0.0,0.0,0.6,0.0,0.0,0.6,0.0,0.6,0.0,0.0,0.4,0.0,0.0,0.0,0.6,0.0,0.2,0.2,0.4,0.2,0.4,0.2,0.2,0.2,0.4,0.0,0.0,0.0,0.4,0.2,0.2,0.0,0.0,0.6
P-1432,0.4,0.0,0.0,0.0,0.6,0.0,0.0,0.6,0.0,0.0,0.4,0.2,0.6,0.0,0.0,0.2,0.0,0.0,0.0,0.4,0.2,0.0,0.2,0.4,0.2,0.4,0.0,0.0,0.2,0.4,0.0,0.0,0.0,0.4,0.0,0.2,0.0,0.2,0.4
P-1433,0.4,0.0,0.0,0.0,0.2,0.0,0.0,0.2,0.0,0.4,0.2,0.0,0.2,0.0,0.0,0.6,0.0,0.0,0.8,0.2,0.0,0.4,0.2,0.0,0.2,0.0,0.4,0.4,0.2,0.0,0.0,0.0,0.0,0.0,0.0,0.2,0.0,0.4,0.4
P-1434,0.2,0.0,0.0,0.0,0.6,0.0,0.0,0.6,0.0,0.2,0.4,0.2,0.6,0.0,0.0,0.4,0.0,0.0,0.2,0.4,0.2,0.0,0.4,0.2,0.4,0.2,0.0,0.0,0.4,0.2,0.0,0.0,0.0,0.2,0.0,0.4,0.0,0.4,0.2
P-1437,0.4,0.2,0.2,0.0,0.6,0.0,0.0,0.6,0.0,0.0,0.6,0.0,0.2,0.4,0.0,0.6,0.2,0.2,0.2,0.2,0.4,0.6,0.2,0.0,0.4,0.2,0.4,0.6,0.2,0.0,0.0,0.0,0.0,0.0,0.0,0.6,0.2,0.2,0.4
P-1439,0.2,0.2,0.6,0.2,0.4,0.2,0.2,0.4,0.2,0.0,0.4,0.2,0.4,0.2,0.2,0.0,0.6,0.2,0.0,0.4,0.2,0.2,0.0,0.6,0.2,0.4,0.0,0.2,0.0,0.6,0.0,0.0,0.4,0.4,0.0,0.2,0.2,0.4,0.2
P-1440,0.0,0.0,0.8,0.2,0.2,0.4,0.2,0.2,0.4,0.2,0.2,0.4,0.2,0.2,0.2,0.0,0.4,0.4,0.2,0.2,0.2,0.2,0.2,0.2,0.4,0.2,0.0,0.2,0.2,0.2,0.0,0.0,0.0,0.2,0.0,0.4,0.0,0.8,0.0
P-1441,0.6,0.0,0.0,0.0,0.6,0.0,0.0,0.6,0.0,0.0,0.6,0.0,0.6,0.0,0.0,0.0,0.0,0.0,0.0,0.0,0.6,0.0,0.0,0.6,0.0,0.6,0.0,0.0,0.0,0.6,0.0,0.0,0.0,0.0,0.0,0.6,0.0,0.0,0.6
P-1442,0.6,0.0,0.0,0.0,0.6,0.0,0.0,0.6,0.0,0.0,0.6,0.0,0.6,0.0,0.0,0.0,0.0,0.0,0.2,0.4,0.2,0.0,0.0,0.6,0.0,0.6,0.0,0.0,0.0,0.6,0.0,0.0,0.0,0.4,0.2,0.2,0.0,0.0,0.6
P-1443,0.2,0.2,0.2,0.0,0.6,0.0,0.0,0.6,0.0,0.0,0.6,0.0,0.2,0.4,0.0,0.4,0.2,0.2,0.2,0.2,0.4,0.2,0.4,0.2,0.4,0.2,0.2,0.2,0.4,0.2,0.0,0.0,0.4,0.4,0.0,0.0,0.2,0.2,0.2
P-1444,0.16666666666666666,0.16666666666666666,0.3333333333333333,0.5,0.16666666666666666,0.16666666666666666,0.3333333333333333,0.16666666666666666,0.16666666666666666,0.16666666666666666,0.5,0.0,0.5,0.16666666666666666,0.16666666666666666,0.16666666666666666,0.16666666666666666,0.3333333333333333,0.0,0.6666666666666666,0.0,0.5,0.0,0.0,0.3333333333333333,0.16666666666666666,0.16666666666666666,0.5,0.0,0.0,0.0,0.0,0.3333333333333333,0.16666666666666666,0.0,0.3333333333333333,0.3333333333333333,0.3333333333333333,0.0
P-1445,0.0,0.0,0.5,0.0,0.0,0.8333333333333334,0.0,0.5,0.3333333333333333,0.0,0.0,0.5,0.0,0.0,0.8333333333333334,0.0,0.0,0.5,0.0,0.0,0.0,0.5,0.0,0.16666666666666666,0.5,0.0,0.0,0.5,0.0,0.16666666666666666,0.0,0.0,0.0,0.5,0.0,0.0,0.0,0.0,0.0
P-1447,0.5,0.16666666666666666,0.16666666666666666,0.3333333333333333,0.0,0.16666666666666666,0.16666666666666666,0.0,0.16666666666666666,0.5,0.3333333333333333,0.0,0.5,0.3333333333333333,0.0,0.16666666666666666,0.3333333333333333,0.0,0.16666666666666666,0.5,0.3333333333333333,0.16666666666666666,0.16666666666666666,0.16666666666666666,0.16666666666666666,0.16666666666666666,0.16666666666666666,0.0,0.16666666666666666,0.16666666666666666,0.6666666666666666,0.0,0.0,0.5,0.0,0.16666666666666666,0.16666666666666666,0.3333333333333333,0.5
P-1448,0.16666666666666666,0.6666666666666666,0.16666666666666666,0.5,0.3333333333333333,0.0,0.5,0.3333333333333333,0.0,0.16666666666666666,0.6666666666666666,0.16666666666666666,0.3333333333333333,0.5,0.0,0.16666666666666666,0.6666666666666666,0.16666666666666666,0.0,0.3333333333333333,0.5,0.5,0.0,0.0,0.16666666666666666,0.6666666666666666,0.16666666666666666,0.3333333333333333,0.0,0.0,0.0,0.0,0.0,0.3333333333333333,0.0,0.5,0.8333333333333334,0.0,0.0
P-1449,0.5,0.0,0.5,0.5,0.0,0.5,0.0,0.5,0.0,0.5,0.0,0.5,0.5,0.0,0.3333333333333333,0.5,0.0,0.5,0.0,0.5,0.0,0.8333333333333334,0.0,0.0,0.5,0.0,0.5,0.8333333333333334,0.0,0.0,0.0,0.0,0.16666666666666666,0.3333333333333333,0.16666666666666666,0.0,0.5,0.0,0.0
P-1450,0.0,0.3333333333333333,0.0,0.0,0.3333333333333333,0.3333333333333333,0.0,0.3333333333333333,0.3333333333333333,0.0,0.3333333333333333,0.0,0.16666666666666666,0.16666666666666666,0.5,0.0,0.3333333333333333,0.0,0.0,0.3333333333333333,0.0,0.16666666666666666,0.16666666666666666,0.5,0.0,0.3333333333333333,0.0,0.16666666666666666,0.16666666666666666,0.5,0.0,0.0,0.3333333333333333,0.16666666666666666,0.16666666666666666,0.16666666666666666,0.3333333333333333,0.0,0.0
P-1451,0.0,0.5,0.16666666666666666,0.0,0.5,0.16666666666666666,0.16666666666666666,0.5,0.16666666666666666,0.0,0.5,0.16666666666666666,0.0,0.5,0.16666666666666666,0.0,0.5,0.16666666666666666,0.0,0.5,0.0,0.16666666666666666,0.0,0.3333333333333333,0.16666666666666666,0.5,0.0,0.16666666666666666,0.0,0.3333333333333333,0.0,0.0,0.5,0.6666666666666666,0.0,0.0,0.5,0.0,0.0
P-1452,0.16666666666666666,0.16666666666666666,0.16666666666666666,0.0,0.3333333333333333,0.16666666666666666,0.0,0.3333333333333333,0.16666666666666666,0.16666666666666666,0.16666666666666666,0.16666666666666666,0.16666666666666666,0.16666666666666666,0.3333333333333333,0.16666666666666666,0.16666666666666666,0.16666666666666666,0.0,0.0,0.3333333333333333,0.3333333333333333,0.0,0.16666666666666666,0.16666666666666666,0.16666666666666666,0.16666666666666666,0.3333333333333333,0.0,0.16666666666666666,0.0,0.0,0.0,0.16666666666666666,0.16666666666666666,0.16666666666666666,0.3333333333333333,0.0,0.0
P-1453,0.0,0.3333333333333333,0.16666666666666666,0.0,0.5,0.16666666666666666,0.0,0.5,0.16666666666666666,0.0,0.3333333333333333,0.16666666666666666,0.16666666666666666,0.3333333333333333,0.3333333333333333,0.0,0.3333333333333333,0.16666666666666666,0.0,0.0,0.5,0.16666666666666666,0.0,0.0,0.16666666666666666,0.3333333333333333,0.0,0.16666666666666666,0.0,0.0,0.0,0.0,0.0,0.16666666666666666,0.16666666666666666,0.3333333333333333,0.3333333333333333,0.0,0.0
P-1454,0.0,0.3333333333333333,0.3333333333333333,0.16666666666666666,0.5,0.16666666666666666,0.0,0.6666666666666666,0.0,0.16666666666666666,0.3333333333333333,0.3333333333333333,0.3333333333333333,0.3333333333333333,0.3333333333333333,0.0,0.3333333333333333,0.3333333333333333,0.0,0.0,0.6666666666666666,0.3333333333333333,0.0,0.0,0.3333333333333333,0.3333333333333333,0.0,0.3333333333333333,0.0,0.0,0.0,0.0,0.0,0.5,0.16666666666666666,0.3333333333333333,0.3333333333333333,0.16666666666666666,0.0
P-1455,0.0,0.16666666666666666,0.5,0.3333333333333333,0.3333333333333333,0.3333333333333333,0.16666666666666666,0.5,0.16666666666666666,0.3333333333333333,0.5,0.16666666666666666,1.0,0.0,0.0,0.16666666666666666,0.3333333333333333,0.3333333333333333,0.0,0.5,0.5,0.6666666666666666,0.0,0.0,0.5,0.16666666666666666,0.0,0.6666666666666666,0.0,0.0,0.0,0.0,0.16666666666666666,0.0,0.6666666666666666,0.3333333333333333,0.16666666666666666,0.6666666666666666,0.0
P-1456,0.3333333333333333,0.0,0.0,0.0,0.16666666666666666,0.0,0.0,0.16666666666666666,0.0,0.16666666666666666,0.16666666666666666,0.0,0.16666666666666666,0.0,0.0,0.16666666666666666,0.0,0.0,0.3333333333333333,0.0,0.16666666666666666,0.16666666666666666,0.0,0.16666666666666666,0.0,0.16666666666666666,0.16666666666666666,0.16666666666666666,0.0,0.16666666666666666,0.0,0.0,0.0,0.0,0.3333333333333333,0.16666666666666666,0.16666666666666666,0.0,0.16666666666666666
P-1457,0.16666666666666666,0.3333333333333333,0.0,0.3333333333333333,0.0,0.3333333333333333,0.5,0.16666666666666666,0.16666666666666666,0.16666666666666666,0.3333333333333333,0.0,0.3333333333333333,0.0,0.3333333333333333,0.16666666666666666,0.3333333333333333,0.3333333333333333,0.16666666666666666,0.16666666666666666,0.16666666666666666,0.16666666666666666,0.0,0.3333333333333333,0.0,0.3333333333333333,0.16666666666666666,0.16666666666666666,0.0,0.3333333333333333,0.0,0.0,0.0,0.16666666666666666,0.16666666666666666,0.16666666666666666,0.5,0.0,0.0
P-1459,0.0,0.0,0.8333333333333334,0.3333333333333333,0.16666666666666666,0.16666666666666666,0.5,0.3333333333333333,0.0,0.0,0.0,0.8333333333333334,0.16666666666666666,0.3333333333333333,0.16666666666666666,0.0,0.0,0.8333333333333334,0.0,0.0,0.5,0.6666666666666666,0.0,0.0,0.8333333333333334,0.0,0.0,0.8333333333333334,0.0,0.0,0.0,0.0,0.0,0.3333333333333333,0.0,0.5,0.0,0.0,0.0
P-1460,0.0,0.8333333333333334,0.0,0.16666666666666666,0.16666666666666666,0.3333333333333333,0.16666666666666666,0.16666666666666666,0.3333333333333333,0.0,0.8333333333333334,0.0,0.3333333333333333,0.5,0.0,0.0,0.8333333333333334,0.0,0.0,0.5,0.3333333333333333,0.0,0.0,0.5,0.0,0.8333333333333334,0.0,0.0,0.0,0.5,0.5,0.0,0.0,0.5,0.0,0.3333333333333333,0.8333333333333334,0.0,0.0
P-1461,0.16666666666666666,0.0,0.5,0.0,0.16666666666666666,0.3333333333333333,0.0,0.16666666666666666,0.3333333333333333,0.16666666666666666,0.0,0.5,0.0,0.16666666666666666,0.3333333333333333,0.16666666666666666,0.3333333333333333,0.16666666666666666,0.16666666666666666,0.0,0.16666666666666666,0.0,0.16666666666666666,0.16666666666666666,0.16666666666666666,0.3333333333333333,0.16666666666666666,0.0,0.16666666666666666,0.16666666666666666,0.0,0.0,0.16666666666666666,0.3333333333333333,0.0,0.16666666666666666,0.0,0.5,0.16666666666666666
P-1462,0.16666666666666666,0.16666666666666666,0.16666666666666666,0.16666666666666666,0.0,0.6666666666666666,0.0,0.16666666666666666,0.5,0.16666666666666666,0.16666666666666666,0.16666666666666666,0.3333333333333333,0.0,0.3333333333333333,0.16666666666666666,0.16666666666666666,0.16666666666666666,0.0,0.3333333333333333,0.0,0.16666666666666666,0.16666666666666666,0.3333333333333333,0.16666666666666666,0.16666666666666666,0.16666666666666666,0.16666666666666666,0.16666666666666666,0.3333333333333333,0.16666666666666666,0.0,0.16666666666666666,0.3333333333333333,0.0,0.0,0.3333333333333333,0.0,0.0
P-1466,0.16666666666666666,0.0,0.0,0.5,0.16666666666666666,0.0,0.5,0.16666666666666666,0.0,0.0,0.16666666666666666,0.0,0.16666666666666666,0.0,0.0,0.0,0.0,0.0,0.5,0.0,0.16666666666666666,0.0,0.0,0.6666666666666666,0.0,0.16666666666666666,0.0,0.0,0.0,0.6666666666666666,0.5,0.0,0.0,0.0,0.5,0.16666666666666666,0.0,0.0,0.16666666666666666
P-1467,0.16666666666666666,0.0,0.5,0.16666666666666666,0.16666666666666666,0.3333333333333333,0.0,0.5,0.0,0.16666666666666666,0.16666666666666666,0.3333333333333333,0.5,0.0,0.3333333333333333,0.0,0.16666666666666666,0.3333333333333333,0.0,0.5,0.0,0.3333333333333333,0.0,0.16666666666666666,0.3333333333333333,0.16666666666666666,0.0,0.3333333333333333,0.0,0.16666666666666666,0.16666666666666666,0.0,0.0,0.3333333333333333,0.3333333333333333,0.0,0.0,0.5,0.16666666666666666
P-1469,0.16666666666666666,0.16666666666666666,0.5,0.3333333333333333,0.0,0.3333333333333333,0.16666666666666666,0.16666666666666666,0.16666666666666666,0.16666666666666666,0.16666666666666666,0.16666666666666666,0.3333333333333333,0.0,0.0,0.16666666666666666,0.5,0.16666666666666666,0.0,0.3333333333333333,0.0,0.3333333333333333,0.0,0.3333333333333333,0.16666666666666666,0.16666666666666666,0.16666666666666666,0.3333333333333333,0.0,0.3333333333333333,0.0,0.0,0.3333333333333333,0.6666666666666666,0.0,0.0,0.3333333333333333,0.3333333333333333,0.0
P-1470,0.16666666666666666,0.0,0.5,0.0,0.16666666666666666,0.5,0.0,0.16666666666666666,0.5,0.16666666666666666,0.0,0.5,0.0,0.16666666666666666,0.5,0.16666666666666666,0.3333333333333333,0.16666666666666666,0.16666666666666666,0.0,0.16666666666666666,0.3333333333333333,0.16666666666666666,0.3333333333333333,0.16666666666666666,0.3333333333333333,0.16666666666666666,0.3333333333333333,0.16666666666666666,0.3333333333333333,0.0,0.0,0.16666666666666666,0.5,0.0,0.16666666666666666,0.16666666666666666,0.5,0.0
P-1471,0.16666666666666666,0.0,0.5,0.0,0.16666666666666666,0.16666666666666666,0.0,0.16666666666666666,0.16666666666666666,0.16666666666666666,0.0,0.5,0.0,0.16666666666666666,0.16666666666666666,0.16666666666666666,0.3333333333333333,0.16666666666666666,0.16666666666666666,0.0,0.16666666666666666,0.3333333333333333,0.16666666666666666,0.0,0.16666666666666666,0.3333333333333333,0.16666666666666666,0.3333333333333333,0.16666666666666666,0.0,0.0,0.0,0.16666666666666666,0.16666666666666666,0.0,0.16666666666666666,0.16666666666666666,0.16666666666666666,0.0
P-1472,0.16666666666666666,0.16666666666666666,0.16666666666666666,0.0,0.3333333333333333,0.16666666666666666,0.0,0.3333333333333333,0.16666666666666666,0.0,0.3333333333333333,0.0,0.3333333333333333,0.0,0.0,0.0,0.3333333333333333,0.0,0.16666666666666666,0.16666666666666666,0.16666666666666666,0.16666666666666666,0.16666666666666666,0.0,0.16666666666666666,0.16666666666666666,0.16666666666666666,0.0,0.0,0.16666666666666666,0.0,0.0,0.3333333333333333,0.0,0.3333333333333333,0.0,0.16666666666666666,0.0,0.16666666666666666
P-1473,0.5,0.0,0.0,0.16666666666666666,0.3333333333333333,0.16666666666666666,0.0,0.5,0.0,0.6666666666666666,0.16666666666666666,0.0,0.5,0.0,0.0,1.0,0.0,0.0,0.3333333333333333,0.0,0.5,0.5,0.16666666666666666,0.0,0.16666666666666666,0.0,0.5,0.8333333333333334,0.16666666666666666,0.0,0.0,0.0,0.3333333333333333,0.16666666666666666,0.5,0.0,0.3333333333333333,0.3333333333333333,0.16666666666666666
P-1474,0.0,0.16666666666666666,0.16666666666666666,0.16666666666666666,0.16666666666666666,0.16666666666666666,0.16666666666666666,0.16666666666666666,0.16666666666666666,0.16666666666666666,0.16666666666666666,0.16666666666666666,0.16666666666666666,0.16666666666666666,0.16666666666666666,0.16666666666666666,0.3333333333333333,0.0,0.0,0.16666666666666666,0.16666666666666666,0.0,0.16666666666666666,0.5,0.0,0.3333333333333333,0.16666666666666666,0.0,0.16666666666666666,0.5,0.0,0.0,0.0,0.5,0.16666666666666666,0.16666666666666666,0.16666666666666666,0.16666666666666666,0.0
P-1475,0.3333333333333333,0.0,0.6666666666666666,0.3333333333333333,0.3333333333333333,0.0,0.3333333333333333,0.3333333333333333,0.0,0.16666666666666666,0.5,0.16666666666666666,0.6666666666666666,0.0,0.0,0.16666666666666666,0.16666666666666666,0.5,0.0,0.16666666666666666,0.5,0.6666666666666666,0.0,0.3333333333333333,0.5,0.16666666666666666,0.16666666666666666,0.6666666666666666,0.0,0.3333333333333333,0.0,0.0,0.0,0.3333333333333333,0.5,0.0,0.0,0.6666666666666666,0.3333333333333333
P-1476,0.0,0.3333333333333333,0.3333333333333333,0.0,0.6666666666666666,0.0,0.0,0.6666666666666666,0.0,0.0,0.6666666666666666,0.0,0.5,0.16666666666666666,0.16666666666666666,0.0,0.3333333333333333,0.3333333333333333,0.0,0.5,0.16666666666666666,0.5,0.16666666666666666,0.16666666666666666,0.3333333333333333,0.3333333333333333,0.0,0.5,0.16666666666666666,0.16666666666666666,0.0,0.0,0.3333333333333333,0.16666666666666666,0.6666666666666666,0.16666666666666666,0.3333333333333333,0.3333333333333333,0.0
P-1477,0.0,0.16666666666666666,0.16666666666666666,0.16666666666666666,0.0,0.6666666666666666,0.16666666666666666,0.16666666666666666,0.5,0.0,0.16666666666666666,0.16666666666666666,0.16666666666666666,0.0,0.3333333333333333,0.0,0.16666666666666666,0.16666666666666666,0.0,0.16666666666666666,0.0,0.0,0.16666666666666666,0.5,0.16666666666666666,0.16666666666666666,0.0,0.0,0.16666666666666666,0.5,0.3333333333333333,0.0,0.0,0.3333333333333333,0.0,0.0,0.16666666666666666,0.0,0.0
P-1478,0.0,0.3333333333333333,0.0,0.3333333333333333,0.16666666666666666,0.16666666666666666,0.3333333333333333,0.16666666666666666,0.16666666666666666,0.0,0.3333333333333333,0.0,0.16666666666666666,0.16666666666666666,0.16666666666666666,0.0,0.3333333333333333,0.0,0.16666666666666666,0.16666666666666666,0.16666666666666666,0.0,0.0,0.16666666666666666,0.0,0.3333333333333333,0.0,0.0,0.0,0.16666666666666666,0.16666666666666666,0.0,0.3333333333333333,0.16666666666666666,0.16666666666666666,0.16666666666666666,0.3333333333333333,0.0,0.0
P-1481,0.0,0.3333333333333333,0.16666666666666666,0.0,0.5,0.16666666666666666,0.0,0.5,0.16666666666666666,0.0,0.5,0.0,0.3333333333333333,0.16666666666666666,0.16666666666666666,0.0,0.3333333333333333,0.16666666666666666,0.0,0.16666666666666666,0.3333333333333333,0.16666666666666666,0.0,0.0,0.16666666666666666,0.3333333333333333,0.0,0.16666666666666666,0.0,0.0,0.0,0.0,0.0,0.0,0.3333333333333333,0.16666666666666666,0.3333333333333333,0.16666666666666666,0.0
P-1482,0.0,0.0,0.6666666666666666,0.16666666666666666,0.3333333333333333,0.3333333333333333,0.0,0.6666666666666666,0.0,0.16666666666666666,0.3333333333333333,0.3333333333333333,0.16666666666666666,0.3333333333333333,0.3333333333333333,0.0,0.0,0.6666666666666666,0.0,0.0,0.5,0.3333333333333333,0.3333333333333333,0.0,0.6666666666666666,0.0,0.0,0.3333333333333333,0.3333333333333333,0.0,0.0,0.0,0.0,0.5,0.0,0.0,0.0,0.5,0.0
P-1483,0.6666666666666666,0.3333333333333333,0.0,0.5,0.0,0.0,0.3333333333333333,0.0,0.0,0.5,0.3333333333333333,0.0,0.8333333333333334,0.0,0.0,0.6666666666666666,0.3333333333333333,0.0,0.16666666666666666,0.8333333333333334,0.0,0.5,0.16666666666666666,0.16666666666666666,0.0,0.3333333333333333,0.6666666666666666,0.5,0.16666666666666666,0.16666666666666666,0.3333333333333333,0.0,0.6666666666666666,0.16666666666666666,0.0,0.0,0.5,0.0,0.5
P-1484,0.0,0.0,0.6666666666666666,0.5,0.0,0.0,0.6666666666666666,0.0,0.0,0.3333333333333333,0.16666666666666666,0.5,0.5,0.0,0.0,0.0,0.0,0.6666666666666666,0.0,0.0,0.5,0.6666666666666666,0.0,0.0,0.6666666666666666,0.0,0.0,0.6666666666666666,0.0,0.0,0.0,0.0,0.0,0.5,0.0,0.3333333333333333,0.0,0.5,0.0
P-1485,0.3333333333333333,0.0,0.6666666666666666,0.0,0.8333333333333334,0.0,0.0,0.8333333333333334,0.0,0.0,0.8333333333333334,0.0,0.6666666666666666,0.16666666666666666,0.16666666666666666,0.0,0.16666666666666666,0.5,0.0,0.6666666666666666,0.16666666666666666,0.5,0.0,0.5,0.5,0.3333333333333333,0.0,0.5,0.0,0.5,0.0,0.0,0.0,0.5,0.16666666666666666,0.16666666666666666,0.0,0.6666666666666666,0.3333333333333333
P-1486,0.0,0.0,0.6666666666666666,0.16666666666666666,0.0,0.6666666666666666,0.16666666666666666,0.5,0.16666666666666666,0.0,0.16666666666666666,0.5,0.16666666666666666,0.0,0.6666666666666666,0.0,0.0,0.6666666666666666,0.0,0.0,0.16666666666666666,0.5,0.16666666666666666,0.16666666666666666,0.6666666666666666,0.0,0.0,0.5,0.16666666666666666,0.16666666666666666,0.0,0.0,0.0,0.5,0.0,0.0,0.0,0.16666666666666666,0.0
P-1487,0.16666666666666666,0.16666666666666666,0.16666666666666666,0.16666666666666666,0.16666666666666666,0.3333333333333333,0.16666666666666666,0.16666666666666666,0.3333333333333333,0.16666666666666666,0.16666666666666666,0.16666666666666666,0.16666666666666666,0.16666666666666666,0.3333333333333333,0.16666666666666666,0.16666666666666666,0.16666666666666666,0.16666666666666666,0.16666666666666666,0.16666666666666666,0.3333333333333333,0.0,0.16666666666666666,0.16666666666666666,0.16666666666666666,0.16666666666666666,0.3333333333333333,0.0,0.16666666666666666,0.0,0.0,0.3333333333333333,0.0,0.0,0.3333333333333333,0.3333333333333333,0.0,0.0
P-1488,0.3333333333333333,0.16666666666666666,0.3333333333333333,0.6666666666666666,0.0,0.0,0.6666666666666666,0.0,0.0,0.16666666666666666,0.3333333333333333,0.16666666666666666,0.5,0.0,0.0,0.3333333333333333,0.16666666666666666,0.3333333333333333,0.3333333333333333,0.16666666666666666,0.3333333333333333,0.3333333333333333,0.3333333333333333,0.16666666666666666,0.3333333333333333,0.16666666666666666,0.3333333333333333,0.3333333333333333,0.3333333333333333,0.16666666666666666,0.5,0.0,0.0,0.5,0.0,0.3333333333333333,0.16666666666666666,0.3333333333333333,0.3333333333333333
P-1490,0.5,0.16666666666666666,0.0,0.3333333333333333,0.3333333333333333,0.0,0.16666666666666666,0.3333333333333333,0.0,0.16666666666666666,0.5,0.0,0.6666666666666666,0.0,0.0,0.16666666666666666,0.16666666666666666,0.0,0.16666666666666666,0.5,0.16666666666666666,0.16666666666666666,0.0,0.3333333333333333,0.0,0.5,0.16666666666666666,0.16666666666666666,0.0,0.3333333333333333,0.0,0.0,0.0,0.3333333333333333,0.16666666666666666,0.16666666666666666,0.3333333333333333,0.0,0.3333333333333333
P-1491,0.3333333333333333,0.16666666666666666,0.3333333333333333,0.6666666666666666,0.0,0.0,0.6666666666666666,0.0,0.0,0.16666666666666666,0.3333333333333333,0.16666666666666666,0.5,0.0,0.0,0.3333333333333333,0.16666666666666666,0.3333333333333333,0.3333333333333333,0.16666666666666666,0.3333333333333333,0.3333333333333333,0.3333333333333333,0.16666666666666666,0.3333333333333333,0.16666666666666666,0.3333333333333333,0.3333333333333333,0.3333333333333333,0.16666666666666666,0.5,0.0,0.0,0.3333333333333333,0.16666666666666666,0.16666666666666666,0.3333333333333333,0.16666666666666666,0.16666666666666666
P-1492,0.0,0.0,0.5,0.6666666666666666,0.0,0.0,0.5,0.0,0.0,0.3333333333333333,0.3333333333333333,0.16666666666666666,0.6666666666666666,0.0,0.0,0.0,0.0,0.5,0.0,0.0,0.6666666666666666,0.5,0.0,0.0,0.5,0.0,0.0,0.5,0.0,0.0,0.0,0.0,0.0,0.16666666666666666,0.0,0.3333333333333333,0.0,0.6666666666666666,0.0
P-1493,0.16666666666666666,0.16666666666666666,0.3333333333333333,0.0,0.6666666666666666,0.0,0.0,0.6666666666666666,0.0,0.16666666666666666,0.5,0.16666666666666666,0.5,0.16666666666666666,0.16666666666666666,0.3333333333333333,0.16666666666666666,0.3333333333333333,0.0,0.3333333333333333,0.3333333333333333,0.5,0.16666666666666666,0.0,0.5,0.16666666666666666,0.16666666666666666,0.5,0.16666666666666666,0.0,0.0,0.0,0.0,0.16666666666666666,0.3333333333333333,0.3333333333333333,0.3333333333333333,0.5,0.0
P-1494,0.0,0.0,0.5714285714285714,0.14285714285714285,0.2857142857142857,0.2857142857142857,0.0,0.5714285714285714,0.0,0.0,0.14285714285714285,0.42857142857142855,0.2857142857142857,0.14285714285714285,0.42857142857142855,0.0,0.0,0.5714285714285714,0.0,0.14285714285714285,0.2857142857142857,0.2857142857142857,0.2857142857142857,0.0,0.5714285714285714,0.0,0.0,0.2857142857142857,0.2857142857142857,0.0,0.0,0.0,0.0,0.42857142857142855,0.2857142857142857,0.14285714285714285,0.0,0.14285714285714285,0.0
P-1495,0.0,0.0,0.0,0.5714285714285714,0.0,0.0,0.0,0.0,0.0,0.0,0.0,0.0,0.5714285714285714,0.0,0.0,0.0,0.0,0.0,0.0,0.0,0.5714285714285714,0.0,0.0,0.0,0.0,0.0,0.0,0.0,0.0,0.0,0.0,0.0,0.0,0.0,0.5714285714285714,0.0,0.0,0.0,0.0
P-1497,0.14285714285714285,0.5714285714285714,0.14285714285714285,0.5714285714285714,0.2857142857142857,0.0,0.42857142857142855,0.2857142857142857,0.0,0.2857142857142857,0.5714285714285714,0.14285714285714285,0.2857142857142857,0.42857142857142855,0.0,0.14285714285714285,0.5714285714285714,0.14285714285714285,0.14285714285714285,0.2857142857142857,0.42857142857142855,0.42857142857142855,0.0,0.14285714285714285,0.14285714285714285,0.5714285714285714,0.14285714285714285,0.2857142857142857,0.0,0.14285714285714285,0.14285714285714285,0.0,0.0,0.2857142857142857,0.14285714285714285,0.42857142857142855,0.7142857142857143,0.0,0.0
P-1498,0.5714285714285714,0.14285714285714285,0.0,0.2857142857142857,0.14285714285714285,0.14285714285714285,0.2857142857142857,0.14285714285714285,0.14285714285714285,0.2857142857142857,0.42857142857142855,0.0,0.7142857142857143,0.0,0.0,0.5714285714285714,0.14285714285714285,0.0,0.0,0.7142857142857143,0.0,0.14285714285714285,0.2857142857142857,0.0,0.14285714285714285,0.2857142857142857,0.42857142857142855,0.14285714285714285,0.2857142857142857,0.0,0.2857142857142857,0.0,0.42857142857142855,0.2857142857142857,0.2857142857142857,0.14285714285714285,0.42857142857142855,0.0,0.2857142857142857
P-1500,0.0,0.0,0.14285714285714285,0.14285714285714285,0.0,0.14285714285714285,0.14285714285714285,0.0,0.14285714285714285,0.0,0.0,0.14285714285714285,0.14285714285714285,0.0,0.7142857142857143,0.0,0.0,0.14285714285714285,0.0,0.0,0.14285714285714285,0.14285714285714285,0.0,0.42857142857142855,0.14285714285714285,0.0,0.0,0.14285714285714285,0.0,0.42857142857142855,0.0,0.0,0.0,0.5714285714285714,0.0,0.14285714285714285,0.0,0.0,0.0
P-1501,0.14285714285714285,0.5714285714285714,0.14285714285714285,0.42857142857142855,0.42857142857142855,0.0,0.2857142857142857,0.42857142857142855,0.0,0.2857142857142857,0.5714285714285714,0.14285714285714285,0.2857142857142857,0.42857142857142855,0.0,0.14285714285714285,0.5714285714285714,0.14285714285714285,0.14285714285714285,0.2857142857142857,0.42857142857142855,0.2857142857142857,0.0,0.2857142857142857,0.14285714285714285,0.5714285714285714,0.14285714285714285,0.2857142857142857,0.0,0.2857142857142857,0.14285714285714285,0.0,0.0,0.2857142857142857,0.14285714285714285,0.42857142857142855,0.7142857142857143,0.0,0.0
P-1502,0.2857142857142857,0.0,0.42857142857142855,0.14285714285714285,0.2857142857142857,0.14285714285714285,0.14285714285714285,0.2857142857142857,0.14285714285714285,0.14285714285714285,0.42857142857142855,0.0,0.42857142857142855,0.0,0.0,0.42857142857142855,0.14285714285714285,0.2857142857142857,0.2857142857142857,0.0,0.42857142857142855,0.5714285714285714,0.14285714285714285,0.14285714285714285,0.42857142857142855,0.0,0.2857142857142857,0.5714285714285714,0.14285714285714285,0.14285714285714285,0.0,0.0,0.2857142857142857,0.2857142857142857,0.14285714285714285,0.0,0.14285714285714285,0.42857142857142855,0.14285714285714285
P-1503,0.2857142857142857,0.42857142857142855,0.14285714285714285,0.2857142857142857,0.14285714285714285,0.42857142857142855,0.2857142857142857,0.14285714285714285,0.42857142857142855,0.14285714285714285,0.5714285714285714,0.0,0.42857142857142855,0.14285714285714285,0.14285714285714285,0.14285714285714285,0.5714285714285714,0.0,0.14285714285714285,0.5714285714285714,0.0,0.0,0.14285714285714285,0.2857142857142857,0.0,0.5714285714285714,0.14285714285714285,0.0,0.14285714285714285,0.2857142857142857,0.42857142857142855,0.0,0.0,0.5714285714285714,0.14285714285714285,0.0,0.5714285714285714,0.14285714285714285,0.14285714285714285
P-1505,0.14285714285714285,0.5714285714285714,0.14285714285714285,0.42857142857142855,0.42857142857142855,0.0,0.2857142857142857,0.42857142857142855,0.0,0.2857142857142857,0.5714285714285714,0.14285714285714285,0.2857142857142857,0.42857142857142855,0.0,0.14285714285714285,0.5714285714285714,0.14285714285714285,0.14285714285714285,0.2857142857142857,0.42857142857142855,0.2857142857142857,0.0,0.14285714285714285,0.14285714285714285,0.5714285714285714,0.14285714285714285,0.2857142857142857,0.0,0.14285714285714285,0.14285714285714285,0.0,0.0,0.2857142857142857,0.14285714285714285,0.42857142857142855,0.7142857142857143,0.0,0.0
P-1506,0.14285714285714285,0.0,0.42857142857142855,0.2857142857142857,0.2857142857142857,0.2857142857142857,0.14285714285714285,0.42857142857142855,0.14285714285714285,0.14285714285714285,0.0,0.42857142857142855,0.2857142857142857,0.14285714285714285,0.14285714285714285,0.14285714285714285,0.0,0.42857142857142855,0.14285714285714285,0.0,0.42857142857142855,0.42857142857142855,0.14285714285714285,0.14285714285714285,0.42857142857142855,0.0,0.14285714285714285,0.42857142857142855,0.14285714285714285,0.14285714285714285,0.14285714285714285,0.0,0.0,0.14285714285714285,0.42857142857142855,0.14285714285714285,0.14285714285714285,0.14285714285714285,0.0
P-1507,0.14285714285714285,0.0,0.42857142857142855,0.14285714285714285,0.42857142857142855,0.14285714285714285,0.14285714285714285,0.42857142857142855,0.14285714285714285,0.14285714285714285,0.0,0.42857142857142855,0.14285714285714285,0.2857142857142857,0.0,0.14285714285714285,0.0,0.42857142857142855,0.14285714285714285,0.0,0.42857142857142855,0.42857142857142855,0.14285714285714285,0.14285714285714285,0.42857142857142855,0.0,0.14285714285714285,0.42857142857142855,0.14285714285714285,0.14285714285714285,0.14285714285714285,0.0,0.0,0.0,0.2857142857142857,0.2857142857142857,0.14285714285714285,0.14285714285714285,0.0
P-1508,0.14285714285714285,0.0,0.42857142857142855,0.14285714285714285,0.42857142857142855,0.14285714285714285,0.14285714285714285,0.42857142857142855,0.14285714285714285,0.14285714285714285,0.0,0.42857142857142855,0.14285714285714285,0.2857142857142857,0.0,0.14285714285714285,0.0,0.42857142857142855,0.14285714285714285,0.0,0.42857142857142855,0.42857142857142855,0.14285714285714285,0.14285714285714285,0.42857142857142855,0.0,0.14285714285714285,0.42857142857142855,0.14285714285714285,0.14285714285714285,0.14285714285714285,0.0,0.0,0.0,0.2857142857142857,0.2857142857142857,0.14285714285714285,0.14285714285714285,0.0
P-1509,0.14285714285714285,0.2857142857142857,0.0,0.2857142857142857,0.0,0.5714285714285714,0.14285714285714285,0.0,0.5714285714285714,0.14285714285714285,0.2857142857142857,0.0,0.14285714285714285,0.2857142857142857,0.2857142857142857,0.14285714285714285,0.2857142857142857,0.0,0.14285714285714285,0.2857142857142857,0.14285714285714285,0.14285714285714285,0.0,0.42857142857142855,0.0,0.2857142857142857,0.14285714285714285,0.14285714285714285,0.0,0.42857142857142855,0.42857142857142855,0.0,0.0,0.2857142857142857,0.2857142857142857,0.0,0.42857142857142855,0.0,0.0
P-1510,0.5714285714285714,0.0,0.0,0.7142857142857143,0.0,0.0,0.42857142857142855,0.0,0.0,0.5714285714285714,0.0,0.0,0.5714285714285714,0.0,0.0,0.5714285714285714,0.0,0.0,0.14285714285714285,0.42857142857142855,0.14285714285714285,0.2857142857142857,0.2857142857142857,0.14285714285714285,0.0,0.0,0.5714285714285714,0.2857142857142857,0.2857142857142857,0.14285714285714285,0.14285714285714285,0.0,0.42857142857142855,0.0,0.2857142857142857,0.0,0.42857142857142855,0.14285714285714285,0.14285714285714285
P-1511,0.14285714285714285,0.14285714285714285,0.2857142857142857,0.2857142857142857,0.2857142857142857,0.42857142857142855,0.0,0.7142857142857143,0.0,0.42857142857142855,0.14285714285714285,0.2857142857142857,0.42857142857142855,0.14285714285714285,0.14285714285714285,0.42857142857142855,0.14285714285714285,0.2857142857142857,0.0,0.2857142857142857,0.2857142857142857,0.42857142857142855,0.0,0.0,0.2857142857142857,0.14285714285714285,0.14285714285714285,0.7142857142857143,0.0,0.0,0.0,0.0,0.2857142857142857,0.42857142857142855,0.14285714285714285,0.14285714285714285,0.2857142857142857,0.2857142857142857,0.0
P-1512,0.0,0.2857142857142857,0.14285714285714285,0.14285714285714285,0.2857142857142857,0.14285714285714285,0.14285714285714285,0.2857142857142857,0.14285714285714285,0.2857142857142857,0.2857142857142857,0.14285714285714285,0.42857142857142855,0.0,0.0,0.0,0.2857142857142857,0.14285714285714285,0.2857142857142857,0.2857142857142857,0.14285714285714285,0.14285714285714285,0.0,0.0,0.14285714285714285,0.2857142857142857,0.0,0.14285714285714285,0.0,0.0,0.0,0.0,0.2857142857142857,0.2857142857142857,0.14285714285714285,0.0,0.2857142857142857,0.2857142857142857,0.0
P-1513,0.14285714285714285,0.5714285714285714,0.14285714285714285,0.42857142857142855,0.42857142857142855,0.0,0.2857142857142857,0.42857142857142855,0.0,0.2857142857142857,0.5714285714285714,0.14285714285714285,0.42857142857142855,0.2857142857142857,0.0,0.14285714285714285,0.5714285714285714,0.14285714285714285,0.14285714285714285,0.2857142857142857,0.42857142857142855,0.2857142857142857,0.0,0.14285714285714285,0.14285714285714285,0.5714285714285714,0.14285714285714285,0.2857142857142857,0.0,0.14285714285714285,0.14285714285714285,0.0,0.0,0.14285714285714285,0.14285714285714285,0.42857142857142855,0.7142857142857143,0.0,0.0
P-1514,0.14285714285714285,0.5714285714285714,0.14285714285714285,0.5714285714285714,0.2857142857142857,0.0,0.42857142857142855,0.2857142857142857,0.0,0.2857142857142857,0.5714285714285714,0.14285714285714285,0.42857142857142855,0.2857142857142857,0.0,0.14285714285714285,0.5714285714285714,0.14285714285714285,0.14285714285714285,0.2857142857142857,0.42857142857142855,0.2857142857142857,0.0,0.2857142857142857,0.14285714285714285,0.5714285714285714,0.14285714285714285,0.2857142857142857,0.0,0.2857142857142857,0.14285714285714285,0.0,0.0,0.14285714285714285,0.14285714285714285,0.42857142857142855,0.5714285714285714,0.0,0.14285714285714285
P-1515,0.14285714285714285,0.2857142857142857,0.42857142857142855,0.7142857142857143,0.0,0.0,0.7142857142857143,0.0,0.0,0.14285714285714285,0.5714285714285714,0.14285714285714285,0.7142857142857143,0.0,0.0,0.14285714285714285,0.2857142857142857,0.42857142857142855,0.14285714285714285,0.14285714285714285,0.5714285714285714,0.42857142857142855,0.14285714285714285,0.2857142857142857,0.42857142857142855,0.2857142857142857,0.14285714285714285,0.42857142857142855,0.14285714285714285,0.2857142857142857,0.2857142857142857,0.0,0.0,0.2857142857142857,0.14285714285714285,0.2857142857142857,0.42857142857142855,0.42857142857142855,0.0
P-1516,0.2857142857142857,0.14285714285714285,0.2857142857142857,0.42857142857142855,0.0,0.2857142857142857,0.2857142857142857,0.14285714285714285,0.14285714285714285,0.2857142857142857,0.14285714285714285,0.2857142857142857,0.42857142857142855,0.0,0.2857142857142857,0.2857142857142857,0.14285714285714285,0.2857142857142857,0.14285714285714285,0.14285714285714285,0.2857142857142857,0.42857142857142855,0.14285714285714285,0.14285714285714285,0.2857142857142857,0.14285714285714285,0.2857142857142857,0.42857142857142855,0.14285714285714285,0.14285714285714285,0.0,0.0,0.2857142857142857,0.2857142857142857,0.2857142857142857,0.14285714285714285,0.42857142857142855,0.0,0.0
P-1517,0.0,0.14285714285714285,0.42857142857142855,0.0,0.2857142857142857,0.2857142857142857,0.0,0.5714285714285714,0.0,0.0,0.2857142857142857,0.2857142857142857,0.14285714285714285,0.14285714285714285,0.42857142857142855,0.0,0.14285714285714285,0.42857142857142855,0.0,0.14285714285714285,0.14285714285714285,0.2857142857142857,0.14285714285714285,0.14285714285714285,0.42857142857142855,0.14285714285714285,0.0,0.2857142857142857,0.14285714285714285,0.14285714285714285,0.0,0.0,0.0,0.42857142857142855,0.14285714285714285,0.14285714285714285,0.14285714285714285,0.14285714285714285,0.0
P-1518,0.0,0.14285714285714285,0.42857142857142855,0.14285714285714285,0.42857142857142855,0.14285714285714285,0.0,0.5714285714285714,0.0,0.0,0.2857142857142857,0.2857142857142857,0.2857142857142857,0.2857142857142857,0.0,0.0,0.14285714285714285,0.42857142857142855,0.0,0.14285714285714285,0.42857142857142855,0.2857142857142857,0.14285714285714285,0.14285714285714285,0.42857142857142855,0.14285714285714285,0.0,0.2857142857142857,0.14285714285714285,0.14285714285714285,0.0,0.0,0.0,0.0,0.2857142857142857,0.2857142857142857,0.14285714285714285,0.14285714285714285,0.0
P-1519,0.0,0.14285714285714285,0.42857142857142855,0.2857142857142857,0.2857142857142857,0.2857142857142857,0.0,0.5714285714285714,0.0,0.14285714285714285,0.14285714285714285,0.42857142857142855,0.2857142857142857,0.2857142857142857,0.2857142857142857,0.0,0.14285714285714285,0.42857142857142855,0.0,0.14285714285714285,0.42857142857142855,0.2857142857142857,0.14285714285714285,0.14285714285714285,0.42857142857142855,0.14285714285714285,0.0,0.2857142857142857,0.14285714285714285,0.14285714285714285,0.0,0.0,0.0,0.2857142857142857,0.2857142857142857,0.2857142857142857,0.14285714285714285,0.14285714285714285,0.0
P-1520,0.0,0.14285714285714285,0.42857142857142855,0.14285714285714285,0.42857142857142855,0.14285714285714285,0.0,0.5714285714285714,0.0,0.0,0.2857142857142857,0.2857142857142857,0.2857142857142857,0.2857142857142857,0.2857142857142857,0.0,0.14285714285714285,0.42857142857142855,0.0,0.14285714285714285,0.42857142857142855,0.2857142857142857,0.14285714285714285,0.14285714285714285,0.42857142857142855,0.14285714285714285,0.0,0.2857142857142857,0.14285714285714285,0.14285714285714285,0.0,0.0,0.0,0.2857142857142857,0.2857142857142857,0.2857142857142857,0.14285714285714285,0.14285714285714285,0.0
P-1521,0.0,0.42857142857142855,0.2857142857142857,0.2857142857142857,0.42857142857142855,0.14285714285714285,0.2857142857142857,0.42857142857142855,0.14285714285714285,0.14285714285714285,0.5714285714285714,0.14285714285714285,0.2857142857142857,0.42857142857142855,0.14285714285714285,0.0,0.42857142857142855,0.2857142857142857,0.14285714285714285,0.42857142857142855,0.2857142857142857,0.14285714285714285,0.14285714285714285,0.42857142857142855,0.2857142857142857,0.42857142857142855,0.0,0.14285714285714285,0.14285714285714285,0.42857142857142855,0.0,0.0,0.0,0.2857142857142857,0.0,0.42857142857142855,0.42857142857142855,0.2857142857142857,0.0
P-1522,0.2857142857142857,0.2857142857142857,0.2857142857142857,0.0,0.0,0.7142857142857143,0.14285714285714285,0.2857142857142857,0.42857142857142855,0.14285714285714285,0.2857142857142857,0.2857142857142857,0.14285714285714285,0.2857142857142857,0.2857142857142857,0.14285714285714285,0.2857142857142857,0.2857142857142857,0.14285714285714285,0.42857142857142855,0.0,0.14285714285714285,0.42857142857142855,0.42857142857142855,0.2857142857142857,0.2857142857142857,0.2857142857142857,0.14285714285714285,0.2857142857142857,0.5714285714285714,0.5714285714285714,0.0,0.0,0.5714285714285714,0.14285714285714285,0.0,0.42857142857142855,0.0,0.14285714285714285
P-1523,0.42857142857142855,0.42857142857142855,0.14285714285714285,0.0,0.7142857142857143,0.0,0.0,0.7142857142857143,0.0,0.0,0.7142857142857143,0.0,0.5714285714285714,0.14285714285714285,0.14285714285714285,0.14285714285714285,0.5714285714285714,0.0,0.0,0.42857142857142855,0.2857142857142857,0.14285714285714285,0.0,0.42857142857142855,0.0,0.7142857142857143,0.14285714285714285,0.14285714285714285,0.0,0.42857142857142855,0.0,0.0,0.2857142857142857,0.2857142857142857,0.2857142857142857,0.14285714285714285,0.42857142857142855,0.14285714285714285,0.42857142857142855
P-1524,0.14285714285714285,0.14285714285714285,0.2857142857142857,0.14285714285714285,0.2857142857142857,0.14285714285714285,0.0,0.42857142857142855,0.0,0.0,0.14285714285714285,0.2857142857142857,0.14285714285714285,0.2857142857142857,0.2857142857142857,0.14285714285714285,0.14285714285714285,0.2857142857142857,0.14285714285714285,0.0,0.42857142857142855,0.2857142857142857,0.14285714285714285,0.14285714285714285,0.2857142857142857,0.14285714285714285,0.14285714285714285,0.2857142857142857,0.14285714285714285,0.14285714285714285,0.0,0.0,0.0,0.2857142857142857,0.14285714285714285,0.2857142857142857,0.14285714285714285,0.0,0.14285714285714285
P-1525,0.42857142857142855,0.14285714285714285,0.14285714285714285,0.14285714285714285,0.2857142857142857,0.0,0.0,0.2857142857142857,0.0,0.14285714285714285,0.2857142857142857,0.0,0.14285714285714285,0.2857142857142857,0.0,0.42857142857142855,0.14285714285714285,0.14285714285714285,0.14285714285714285,0.0,0.42857142857142855,0.42857142857142855,0.14285714285714285,0.14285714285714285,0.14285714285714285,0.14285714285714285,0.42857142857142855,0.42857142857142855,0.14285714285714285,0.14285714285714285,0.0,0.0,0.0,0.0,0.14285714285714285,0.2857142857142857,0.2857142857142857,0.14285714285714285,0.2857142857142857
P-1526,0.42857142857142855,0.14285714285714285,0.14285714285714285,0.2857142857142857,0.14285714285714285,0.0,0.2857142857142857,0.14285714285714285,0.0,0.14285714285714285,0.2857142857142857,0.14285714285714285,0.42857142857142855,0.0,0.0,0.5714285714285714,0.14285714285714285,0.14285714285714285,0.2857142857142857,0.0,0.42857142857142855,0.5714285714285714,0.14285714285714285,0.0,0.2857142857142857,0.14285714285714285,0.42857142857142855,0.5714285714285714,0.14285714285714285,0.0,0.0,0.0,0.0,0.0,0.0,0.5714285714285714,0.14285714285714285,0.14285714285714285,0.42857142857142855
P-1527,0.14285714285714285,0.5714285714285714,0.14285714285714285,0.5714285714285714,0.2857142857142857,0.0,0.42857142857142855,0.2857142857142857,0.0,0.2857142857142857,0.5714285714285714,0.14285714285714285,0.42857142857142855,0.2857142857142857,0.0,0.14285714285714285,0.5714285714285714,0.14285714285714285,0.14285714285714285,0.2857142857142857,0.42857142857142855,0.2857142857142857,0.0,0.14285714285714285,0.14285714285714285,0.5714285714285714,0.14285714285714285,0.2857142857142857,0.0,0.14285714285714285,0.14285714285714285,0.0,0.0,0.2857142857142857,0.14285714285714285,0.42857142857142855,0.7142857142857143,0.0,0.0
P-1528,0.0,0.42857142857142855,0.42857142857142855,0.0,0.42857142857142855,0.5714285714285714,0.0,0.7142857142857143,0.2857142857142857,0.0,0.42857142857142855,0.5714285714285714,0.2857142857142857,0.42857142857142855,0.14285714285714285,0.0,0.5714285714285714,0.2857142857142857,0.0,0.5714285714285714,0.14285714285714285,0.14285714285714285,0.14285714285714285,0.5714285714285714,0.2857142857142857,0.7142857142857143,0.0,0.14285714285714285,0.14285714285714285,0.5714285714285714,0.2857142857142857,0.0,0.0,0.42857142857142855,0.14285714285714285,0.2857142857142857,0.42857142857142855,0.42857142857142855,0.0
P-1529,0.25,0.25,0.125,0.375,0.125,0.25,0.0,0.375,0.0,0.375,0.125,0.25,0.375,0.125,0.125,0.25,0.25,0.125,0.125,0.125,0.375,0.375,0.0,0.5,0.125,0.25,0.25,0.375,0.0,0.5,0.25,0.0,0.0,0.375,0.125,0.125,0.375,0.125,0.125
P-1530,0.25,0.125,0.125,0.375,0.0,0.5,0.25,0.125,0.375,0.25,0.125,0.125,0.375,0.0,0.25,0.125,0.125,0.125,0.0,0.375,0.0,0.125,0.125,0.5,0.125,0.125,0.125,0.125,0.125,0.5,0.25,0.0,0.125,0.25,0.0,0.0,0.25,0.0,0.125
P-1533,0.125,0.125,0.125,0.125,0.0,0.5,0.0,0.125,0.375,0.125,0.125,0.125,0.25,0.0,0.25,0.125,0.125,0.125,0.0,0.25,0.0,0.25,0.125,0.25,0.125,0.125,0.125,0.25,0.125,0.25,0.125,0.0,0.125,0.25,0.125,0.0,0.25,0.0,0.0
P-1534,0.125,0.125,0.125,0.0,0.125,0.375,0.0,0.125,0.375,0.0,0.25,0.0,0.125,0.125,0.125,0.0,0.25,0.0,0.125,0.125,0.125,0.25,0.125,0.25,0.125,0.125,0.125,0.125,0.0,0.375,0.125,0.0,0.125,0.125,0.25,0.125,0.125,0.125,0.125
P-1539,0.125,0.125,0.375,0.25,0.0,0.375,0.125,0.125,0.25,0.125,0.125,0.125,0.25,0.0,0.125,0.125,0.375,0.125,0.0,0.25,0.0,0.375,0.0,0.25,0.125,0.125,0.125,0.25,0.0,0.25,0.0,0.0,0.25,0.625,0.0,0.0,0.25,0.25,0.0
P-1540,0.625,0.0,0.25,0.25,0.25,0.0,0.25,0.25,0.0,0.375,0.125,0.125,0.75,0.0,0.0,0.625,0.0,0.25,0.125,0.375,0.375,0.625,0.25,0.0,0.25,0.0,0.625,0.625,0.25,0.0,0.25,0.0,0.0,0.125,0.625,0.0,0.375,0.125,0.25
P-1541,0.125,0.125,0.125,0.125,0.125,0.125,0.125,0.125,0.125,0.125,0.125,0.125,0.125,0.125,0.125,0.25,0.25,0.0,0.125,0.125,0.125,0.125,0.125,0.375,0.0,0.25,0.25,0.125,0.125,0.375,0.0,0.0,0.0,0.375,0.125,0.125,0.125,0.125,0.125
P-1542,0.25,0.0,0.0,0.125,0.375,0.125,0.0,0.5,0.0,0.125,0.25,0.125,0.625,0.0,0.0,0.25,0.0,0.0,0.125,0.125,0.5,0.0,0.125,0.25,0.125,0.25,0.0,0.125,0.125,0.25,0.0,0.0,0.0,0.125,0.375,0.25,0.0,0.25,0.25
P-1543,0.625,0.0,0.0,0.0,0.625,0.0,0.0,0.625,0.0,0.125,0.375,0.125,0.5,0.0,0.0,0.25,0.0,0.0,0.25,0.25,0.25,0.25,0.125,0.375,0.125,0.375,0.25,0.125,0.125,0.375,0.0,0.0,0.0,0.25,0.25,0.25,0.125,0.125,0.5
P-1544,0.5,0.25,0.0,0.125,0.125,0.375,0.25,0.5,0.0,0.125,0.0,0.375,0.375,0.25,0.0,0.5,0.25,0.0,0.125,0.625,0.0,0.0,0.375,0.25,0.0,0.375,0.375,0.125,0.375,0.25,0.75,0.0,0.0,0.375,0.125,0.0,0.5,0.0,0.25
P-1545,0.5,0.0,0.0,0.0,0.5,0.0,0.0,0.5,0.0,0.125,0.375,0.125,0.5,0.0,0.0,0.25,0.0,0.0,0.125,0.25,0.25,0.125,0.125,0.375,0.125,0.375,0.125,0.125,0.125,0.375,0.0,0.0,0.0,0.25,0.125,0.25,0.125,0.125,0.375
P-1546,0.125,0.25,0.25,0.25,0.125,0.375,0.0,0.375,0.125,0.25,0.125,0.375,0.25,0.125,0.125,0.125,0.375,0.125,0.0,0.125,0.25,0.25,0.0,0.625,0.125,0.375,0.125,0.25,0.0,0.625,0.25,0.0,0.0,0.375,0.125,0.125,0.375,0.125,0.0
P-1548,0.25,0.375,0.125,0.125,0.375,0.125,0.125,0.375,0.125,0.375,0.375,0.125,0.0,0.375,0.125,0.25,0.375,0.125,0.125,0.0,0.375,0.375,0.0,0.125,0.125,0.375,0.25,0.375,0.0,0.125,0.125,0.0,0.0,0.125,0.125,0.375,0.625,0.0,0.0
P-1549,0.25,0.25,0.375,0.0,0.625,0.125,0.0,0.625,0.125,0.0,0.625,0.0,0.625,0.0,0.125,0.0,0.5,0.125,0.125,0.5,0.125,0.125,0.125,0.375,0.125,0.5,0.0,0.125,0.0,0.5,0.0,0.0,0.25,0.25,0.25,0.125,0.25,0.375,0.25
P-1551,0.0,0.0,0.5,0.5,0.0,0.0,0.5,0.0,0.0,0.125,0.125,0.375,0.5,0.0,0.0,0.0,0.0,0.5,0.0,0.0,0.5,0.5,0.0,0.0,0.5,0.0,0.0,0.5,0.0,0.0,0.0,0.0,0.0,0.125,0.125,0.375,0.0,0.25,0.0
P-1552,0.375,0.125,0.25,0.375,0.375,0.0,0.375,0.375,0.0,0.25,0.5,0.0,0.5,0.0,0.0,0.5,0.125,0.25,0.375,0.125,0.375,0.375,0.375,0.0,0.375,0.125,0.375,0.375,0.375,0.0,0.25,0.0,0.25,0.25,0.25,0.25,0.25,0.375,0.25
P-1553,0.0,0.0,0.3333333333333333,0.3333333333333333,0.1111111111111111,0.0,0.2222222222222222,0.1111111111111111,0.0,0.0,0.0,0.3333333333333333,0.4444444444444444,0.0,0.0,0.0,0.0,0.3333333333333333,0.0,0.0,0.4444444444444444,0.3333333333333333,0.0,0.0,0.3333333333333333,0.0,0.0,0.3333333333333333,0.0,0.0,0.0,0.0,0.0,0.1111111111111111,0.3333333333333333,0.1111111111111111,0.0,0.0,0.0
P-1554,0.3333333333333333,0.1111111111111111,0.4444444444444444,0.2222222222222222,0.0,0.0,0.7777777777777778,0.0,0.0,0.4444444444444444,0.0,0.5555555555555556,0.4444444444444444,0.0,0.2222222222222222,0.3333333333333333,0.1111111111111111,0.4444444444444444,0.0,0.4444444444444444,0.0,0.2222222222222222,0.1111111111111111,0.1111111111111111,0.4444444444444444,0.1111111111111111,0.3333333333333333,0.4444444444444444,0.1111111111111111,0.1111111111111111,0.2222222222222222,0.0,0.2222222222222222,0.5555555555555556,0.2222222222222222,0.0,0.4444444444444444,0.0,0.0
P-1555,0.3333333333333333,0.0,0.0,0.4444444444444444,0.0,0.0,0.3333333333333333,0.0,0.0,0.1111111111111111,0.0,0.0,0.1111111111111111,0.0,0.0,0.3333333333333333,0.0,0.0,0.0,0.1111111111111111,0.0,0.2222222222222222,0.1111111111111111,0.2222222222222222,0.0,0.0,0.3333333333333333,0.2222222222222222,0.1111111111111111,0.2222222222222222,0.0,0.3333333333333333,0.3333333333333333,0.0,0.2222222222222222,0.0,0.1111111111111111,0.0,0.2222222222222222
P-1556,0.0,0.2222222222222222,0.5555555555555556,0.1111111111111111,0.3333333333333333,0.3333333333333333,0.1111111111111111,0.6666666666666666,0.0,0.1111111111111111,0.3333333333333333,0.4444444444444444,0.1111111111111111,0.3333333333333333,0.3333333333333333,0.1111111111111111,0.3333333333333333,0.4444444444444444,0.0,0.4444444444444444,0.0,0.1111111111111111,0.4444444444444444,0.2222222222222222,0.5555555555555556,0.2222222222222222,0.0,0.1111111111111111,0.4444444444444444,0.2222222222222222,0.0,0.0,0.0,0.6666666666666666,0.1111111111111111,0.1111111111111111,0.2222222222222222,0.4444444444444444,0.0
P-1557,0.5555555555555556,0.0,0.0,0.1111111111111111,0.6666666666666666,0.0,0.0,0.6666666666666666,0.0,0.0,0.3333333333333333,0.1111111111111111,0.5555555555555556,0.0,0.0,0.1111111111111111,0.0,0.0,0.1111111111111111,0.2222222222222222,0.3333333333333333,0.2222222222222222,0.1111111111111111,0.3333333333333333,0.1111111111111111,0.3333333333333333,0.2222222222222222,0.0,0.1111111111111111,0.3333333333333333,0.0,0.0,0.0,0.2222222222222222,0.2222222222222222,0.2222222222222222,0.0,0.1111111111111111,0.5555555555555556
P-1558,0.3333333333333333,0.1111111111111111,0.1111111111111111,0.4444444444444444,0.0,0.2222222222222222,0.3333333333333333,0.1111111111111111,0.1111111111111111,0.3333333333333333,0.1111111111111111,0.1111111111111111,0.4444444444444444,0.0,0.0,0.3333333333333333,0.1111111111111111,0.1111111111111111,0.3333333333333333,0.1111111111111111,0.3333333333333333,0.1111111111111111,0.3333333333333333,0.1111111111111111,0.1111111111111111,0.1111111111111111,0.3333333333333333,0.2222222222222222,0.2222222222222222,0.2222222222222222,0.4444444444444444,0.0,0.0,0.4444444444444444,0.2222222222222222,0.2222222222222222,0.1111111111111111,0.3333333333333333,0.3333333333333333
P-1559,0.3333333333333333,0.2222222222222222,0.1111111111111111,0.1111111111111111,0.2222222222222222,0.0,0.5555555555555556,0.2222222222222222,0.0,0.3333333333333333,0.0,0.3333333333333333,0.3333333333333333,0.0,0.1111111111111111,0.1111111111111111,0.2222222222222222,0.1111111111111111,0.2222222222222222,0.3333333333333333,0.0,0.1111111111111111,0.2222222222222222,0.2222222222222222,0.1111111111111111,0.2222222222222222,0.3333333333333333,0.2222222222222222,0.2222222222222222,0.2222222222222222,0.3333333333333333,0.1111111111111111,0.1111111111111111,0.3333333333333333,0.2222222222222222,0.0,0.3333333333333333,0.0,0.2222222222222222
P-1560,0.3333333333333333,0.2222222222222222,0.1111111111111111,0.0,0.3333333333333333,0.3333333333333333,0.2222222222222222,0.3333333333333333,0.1111111111111111,0.2222222222222222,0.3333333333333333,0.2222222222222222,0.3333333333333333,0.2222222222222222,0.1111111111111111,0.5555555555555556,0.0,0.1111111111111111,0.1111111111111111,0.3333333333333333,0.2222222222222222,0.3333333333333333,0.2222222222222222,0.2222222222222222,0.2222222222222222,0.3333333333333333,0.2222222222222222,0.2222222222222222,0.2222222222222222,0.2222222222222222,0.2222222222222222,0.0,0.2222222222222222,0.3333333333333333,0.1111111111111111,0.2222222222222222,0.3333333333333333,0.2222222222222222,0.2222222222222222
P-1561,0.3333333333333333,0.1111111111111111,0.1111111111111111,0.4444444444444444,0.2222222222222222,0.0,0.4444444444444444,0.2222222222222222,0.0,0.3333333333333333,0.1111111111111111,0.1111111111111111,0.1111111111111111,0.1111111111111111,0.0,0.5555555555555556,0.1111111111111111,0.1111111111111111,0.4444444444444444,0.0,0.2222222222222222,0.3333333333333333,0.2222222222222222,0.0,0.1111111111111111,0.1111111111111111,0.3333333333333333,0.4444444444444444,0.2222222222222222,0.0,0.2222222222222222,0.0,0.2222222222222222,0.2222222222222222,0.2222222222222222,0.2222222222222222,0.3333333333333333,0.1111111111111111,0.1111111111111111
P-1562,0.1111111111111111,0.3333333333333333,0.2222222222222222,0.1111111111111111,0.1111111111111111,0.3333333333333333,0.0,0.1111111111111111,0.3333333333333333,0.1111111111111111,0.5555555555555556,0.0,0.5555555555555556,0.1111111111111111,0.0,0.1111111111111111,0.5555555555555556,0.0,0.0,0.4444444444444444,0.2222222222222222,0.2222222222222222,0.0,0.4444444444444444,0.2222222222222222,0.3333333333333333,0.1111111111111111,0.1111111111111111,0.0,0.4444444444444444,0.2222222222222222,0.0,0.2222222222222222,0.4444444444444444,0.3333333333333333,0.1111111111111111,0.4444444444444444,0.4444444444444444,0.0
P-1563,0.0,0.3333333333333333,0.3333333333333333,0.2222222222222222,0.3333333333333333,0.0,0.2222222222222222,0.3333333333333333,0.0,0.1111111111111111,0.4444444444444444,0.1111111111111111,0.2222222222222222,0.3333333333333333,0.1111111111111111,0.1111111111111111,0.3333333333333333,0.1111111111111111,0.0,0.3333333333333333,0.2222222222222222,0.2222222222222222,0.1111111111111111,0.2222222222222222,0.2222222222222222,0.3333333333333333,0.0,0.2222222222222222,0.1111111111111111,0.2222222222222222,0.2222222222222222,0.0,0.1111111111111111,0.3333333333333333,0.1111111111111111,0.2222222222222222,0.3333333333333333,0.3333333333333333,0.0
P-1564,0.2222222222222222,0.0,0.0,0.6666666666666666,0.0,0.0,0.4444444444444444,0.0,0.0,0.2222222222222222,0.0,0.0,0.2222222222222222,0.0,0.0,0.2222222222222222,0.0,0.0,0.0,0.2222222222222222,0.0,0.1111111111111111,0.2222222222222222,0.2222222222222222,0.0,0.0,0.2222222222222222,0.1111111111111111,0.2222222222222222,0.2222222222222222,0.1111111111111111,0.3333333333333333,0.1111111111111111,0.0,0.3333333333333333,0.0,0.1111111111111111,0.1111111111111111,0.1111111111111111
P-1565,0.2222222222222222,0.4444444444444444,0.0,0.2222222222222222,0.2222222222222222,0.2222222222222222,0.1111111111111111,0.3333333333333333,0.1111111111111111,0.3333333333333333,0.3333333333333333,0.1111111111111111,0.2222222222222222,0.2222222222222222,0.0,0.2222222222222222,0.4444444444444444,0.0,0.2222222222222222,0.4444444444444444,0.0,0.3333333333333333,0.0,0.4444444444444444,0.0,0.4444444444444444,0.2222222222222222,0.3333333333333333,0.0,0.4444444444444444,0.3333333333333333,0.1111111111111111,0.3333333333333333,0.2222222222222222,0.3333333333333333,0.0,0.6666666666666666,0.0,0.0
P-1566,0.1111111111111111,0.2222222222222222,0.5555555555555556,0.2222222222222222,0.7777777777777778,0.0,0.2222222222222222,0.5555555555555556,0.0,0.0,0.7777777777777778,0.0,0.2222222222222222,0.5555555555555556,0.0,0.2222222222222222,0.1111111111111111,0.4444444444444444,0.0,0.7777777777777778,0.0,0.2222222222222222,0.7777777777777778,0.0,0.5555555555555556,0.2222222222222222,0.1111111111111111,0.2222222222222222,0.7777777777777778,0.0,0.1111111111111111,0.1111111111111111,0.2222222222222222,0.0,0.4444444444444444,0.5555555555555556,0.2222222222222222,0.5555555555555556,0.1111111111111111
P-1567,0.1111111111111111,0.4444444444444444,0.1111111111111111,0.2222222222222222,0.1111111111111111,0.2222222222222222,0.2222222222222222,0.1111111111111111,0.2222222222222222,0.1111111111111111,0.4444444444444444,0.1111111111111111,0.4444444444444444,0.1111111111111111,0.2222222222222222,0.1111111111111111,0.4444444444444444,0.1111111111111111,0.1111111111111111,0.4444444444444444,0.1111111111111111,0.3333333333333333,0.0,0.3333333333333333,0.1111111111111111,0.4444444444444444,0.1111111111111111,0.3333333333333333,0.0,0.3333333333333333,0.2222222222222222,0.0,0.3333333333333333,0.2222222222222222,0.0,0.3333333333333333,0.5555555555555556,0.0,0.0
P-1568,0.2222222222222222,0.3333333333333333,0.3333333333333333,0.5555555555555556,0.1111111111111111,0.1111111111111111,0.5555555555555556,0.1111111111111111,0.1111111111111111,0.2222222222222222,0.3333333333333333,0.3333333333333333,0.4444444444444444,0.2222222222222222,0.0,0.1111111111111111,0.4444444444444444,0.2222222222222222,0.1111111111111111,0.4444444444444444,0.2222222222222222,0.2222222222222222,0.0,0.4444444444444444,0.2222222222222222,0.4444444444444444,0.1111111111111111,0.4444444444444444,0.0,0.4444444444444444,0.2222222222222222,0.0,0.1111111111111111,0.3333333333333333,0.1111111111111111,0.3333333333333333,0.4444444444444444,0.1111111111111111,0.1111111111111111
P-1569,0.2222222222222222,0.1111111111111111,0.1111111111111111,0.3333333333333333,0.0,0.2222222222222222,0.1111111111111111,0.2222222222222222,0.0,0.2222222222222222,0.1111111111111111,0.3333333333333333,0.3333333333333333,0.0,0.0,0.0,0.2222222222222222,0.0,0.1111111111111111,0.2222222222222222,0.1111111111111111,0.1111111111111111,0.1111111111111111,0.2222222222222222,0.0,0.4444444444444444,0.0,0.1111111111111111,0.1111111111111111,0.2222222222222222,0.2222222222222222,0.2222222222222222,0.1111111111111111,0.2222222222222222,0.4444444444444444,0.0,0.0,0.0,0.3333333333333333
P-1570,0.4444444444444444,0.0,0.0,0.6666666666666666,0.0,0.0,0.4444444444444444,0.0,0.0,0.2222222222222222,0.0,0.0,0.2222222222222222,0.0,0.0,0.4444444444444444,0.0,0.0,0.2222222222222222,0.2222222222222222,0.0,0.2222222222222222,0.2222222222222222,0.2222222222222222,0.0,0.0,0.4444444444444444,0.2222222222222222,0.2222222222222222,0.2222222222222222,0.2222222222222222,0.2222222222222222,0.2222222222222222,0.2222222222222222,0.2222222222222222,0.0,0.1111111111111111,0.1111111111111111,0.3333333333333333
P-1571,0.3333333333333333,0.1111111111111111,0.1111111111111111,0.3333333333333333,0.0,0.2222222222222222,0.3333333333333333,0.0,0.2222222222222222,0.0,0.2222222222222222,0.0,0.2222222222222222,0.0,0.0,0.2222222222222222,0.2222222222222222,0.0,0.3333333333333333,0.1111111111111111,0.1111111111111111,0.3333333333333333,0.1111111111111111,0.2222222222222222,0.1111111111111111,0.1111111111111111,0.3333333333333333,0.2222222222222222,0.0,0.3333333333333333,0.1111111111111111,0.2222222222222222,0.1111111111111111,0.3333333333333333,0.1111111111111111,0.1111111111111111,0.1111111111111111,0.1111111111111111,0.3333333333333333
P-1572,0.2222222222222222,0.1111111111111111,0.1111111111111111,0.2222222222222222,0.1111111111111111,0.2222222222222222,0.2222222222222222,0.1111111111111111,0.2222222222222222,0.0,0.2222222222222222,0.0,0.2222222222222222,0.0,0.0,0.0,0.2222222222222222,0.0,0.2222222222222222,0.1111111111111111,0.1111111111111111,0.2222222222222222,0.1111111111111111,0.3333333333333333,0.1111111111111111,0.1111111111111111,0.2222222222222222,0.0,0.0,0.4444444444444444,0.2222222222222222,0.2222222222222222,0.1111111111111111,0.1111111111111111,0.2222222222222222,0.1111111111111111,0.1111111111111111,0.1111111111111111,0.2222222222222222
P-1573,0.3333333333333333,0.3333333333333333,0.1111111111111111,0.3333333333333333,0.1111111111111111,0.1111111111111111,0.3333333333333333,0.1111111111111111,0.1111111111111111,0.0,0.4444444444444444,0.0,0.4444444444444444,0.0,0.0,0.2222222222222222,0.4444444444444444,0.0,0.1111111111111111,0.3333333333333333,0.1111111111111111,0.3333333333333333,0.2222222222222222,0.2222222222222222,0.1111111111111111,0.3333333333333333,0.3333333333333333,0.2222222222222222,0.1111111111111111,0.3333333333333333,0.3333333333333333,0.1111111111111111,0.3333333333333333,0.2222222222222222,0.5555555555555556,0.0,0.3333333333333333,0.1111111111111111,0.3333333333333333
P-1574,0.3333333333333333,0.2222222222222222,0.2222222222222222,0.2222222222222222,0.1111111111111111,0.3333333333333333,0.2222222222222222,0.2222222222222222,0.2222222222222222,0.2222222222222222,0.3333333333333333,0.1111111111111111,0.5555555555555556,0.0,0.0,0.4444444444444444,0.3333333333333333,0.1111111111111111,0.1111111111111111,0.4444444444444444,0.1111111111111111,0.4444444444444444,0.3333333333333333,0.1111111111111111,0.2222222222222222,0.2222222222222222,0.5555555555555556,0.3333333333333333,0.2222222222222222,0.2222222222222222,0.2222222222222222,0.0,0.1111111111111111,0.0,0.4444444444444444,0.0,0.3333333333333333,0.2222222222222222,0.2222222222222222
P-1575,0.3333333333333333,0.2222222222222222,0.0,0.1111111111111111,0.4444444444444444,0.1111111111111111,0.0,0.5555555555555556,0.0,0.4444444444444444,0.3333333333333333,0.0,0.5555555555555556,0.0,0.0,0.6666666666666666,0.2222222222222222,0.0,0.2222222222222222,0.1111111111111111,0.4444444444444444,0.3333333333333333,0.1111111111111111,0.0,0.1111111111111111,0.2222222222222222,0.3333333333333333,0.5555555555555556,0.1111111111111111,0.0,0.0,0.0,0.3333333333333333,0.1111111111111111,0.4444444444444444,0.0,0.4444444444444444,0.2222222222222222,0.1111111111111111
P-1576,0.1111111111111111,0.6666666666666666,0.1111111111111111,0.1111111111111111,0.2222222222222222,0.3333333333333333,0.1111111111111111,0.2222222222222222,0.3333333333333333,0.0,0.7777777777777778,0.0,0.6666666666666666,0.1111111111111111,0.0,0.0,0.7777777777777778,0.0,0.1111111111111111,0.6666666666666666,0.1111111111111111,0.3333333333333333,0.1111111111111111,0.3333333333333333,0.1111111111111111,0.6666666666666666,0.1111111111111111,0.2222222222222222,0.0,0.4444444444444444,0.4444444444444444,0.0,0.3333333333333333,0.3333333333333333,0.4444444444444444,0.0,0.6666666666666666,0.1111111111111111,0.1111111111111111
P-1577,0.3333333333333333,0.4444444444444444,0.1111111111111111,0.1111111111111111,0.2222222222222222,0.0,0.1111111111111111,0.2222222222222222,0.0,0.0,0.5555555555555556,0.0,0.3333333333333333,0.2222222222222222,0.0,0.3333333333333333,0.4444444444444444,0.1111111111111111,0.4444444444444444,0.3333333333333333,0.2222222222222222,0.3333333333333333,0.1111111111111111,0.2222222222222222,0.1111111111111111,0.4444444444444444,0.3333333333333333,0.3333333333333333,0.1111111111111111,0.2222222222222222,0.2222222222222222,0.0,0.5555555555555556,0.3333333333333333,0.1111111111111111,0.3333333333333333,0.3333333333333333,0.1111111111111111,0.4444444444444444
P-1578,0.4444444444444444,0.2222222222222222,0.0,0.4444444444444444,0.4444444444444444,0.0,0.4444444444444444,0.4444444444444444,0.0,0.0,0.2222222222222222,0.0,0.2222222222222222,0.0,0.0,0.4444444444444444,0.2222222222222222,0.0,0.4444444444444444,0.2222222222222222,0.0,0.2222222222222222,0.2222222222222222,0.2222222222222222,0.0,0.2222222222222222,0.4444444444444444,0.2222222222222222,0.2222222222222222,0.2222222222222222,0.3333333333333333,0.1111111111111111,0.3333333333333333,0.4444444444444444,0.2222222222222222,0.2222222222222222,0.2222222222222222,0.0,0.4444444444444444
P-1579,0.3333333333333333,0.1111111111111111,0.1111111111111111,0.2222222222222222,0.3333333333333333,0.1111111111111111,0.1111111111111111,0.3333333333333333,0.1111111111111111,0.1111111111111111,0.4444444444444444,0.0,0.3333333333333333,0.1111111111111111,0.1111111111111111,0.1111111111111111,0.1111111111111111,0.1111111111111111,0.1111111111111111,0.3333333333333333,0.1111111111111111,0.3333333333333333,0.1111111111111111,0.4444444444444444,0.1111111111111111,0.3333333333333333,0.1111111111111111,0.2222222222222222,0.0,0.5555555555555556,0.0,0.1111111111111111,0.2222222222222222,0.4444444444444444,0.0,0.0,0.0,0.2222222222222222,0.4444444444444444
P-1580,0.6666666666666666,0.0,0.0,0.2222222222222222,0.2222222222222222,0.0,0.0,0.2222222222222222,0.0,0.3333333333333333,0.1111111111111111,0.1111111111111111,0.4444444444444444,0.0,0.0,0.6666666666666666,0.0,0.0,0.2222222222222222,0.1111111111111111,0.3333333333333333,0.3333333333333333,0.3333333333333333,0.1111111111111111,0.1111111111111111,0.1111111111111111,0.5555555555555556,0.3333333333333333,0.3333333333333333,0.1111111111111111,0.2222222222222222,0.0,0.1111111111111111,0.2222222222222222,0.1111111111111111,0.4444444444444444,0.1111111111111111,0.3333333333333333,0.5555555555555556
P-1581,0.5555555555555556,0.0,0.0,0.3333333333333333,0.1111111111111111,0.1111111111111111,0.0,0.2222222222222222,0.0,0.3333333333333333,0.1111111111111111,0.1111111111111111,0.2222222222222222,0.0,0.0,0.5555555555555556,0.0,0.0,0.2222222222222222,0.2222222222222222,0.0,0.3333333333333333,0.2222222222222222,0.2222222222222222,0.1111111111111111,0.1111111111111111,0.4444444444444444,0.3333333333333333,0.2222222222222222,0.2222222222222222,0.2222222222222222,0.0,0.1111111111111111,0.2222222222222222,0.3333333333333333,0.0,0.2222222222222222,0.2222222222222222,0.3333333333333333
P-1582,0.5555555555555556,0.0,0.0,0.4444444444444444,0.4444444444444444,0.0,0.4444444444444444,0.4444444444444444,0.0,0.0,0.0,0.0,0.0,0.0,0.0,0.5555555555555556,0.0,0.0,0.5555555555555556,0.0,0.0,0.3333333333333333,0.2222222222222222,0.2222222222222222,0.0,0.0,0.5555555555555556,0.3333333333333333,0.2222222222222222,0.2222222222222222,0.2222222222222222,0.2222222222222222,0.3333333333333333,0.3333333333333333,0.2222222222222222,0.2222222222222222,0.0,0.0,0.5555555555555556
P-1583,0.4444444444444444,0.0,0.1111111111111111,0.1111111111111111,0.3333333333333333,0.1111111111111111,0.0,0.4444444444444444,0.0,0.2222222222222222,0.2222222222222222,0.2222222222222222,0.3333333333333333,0.1111111111111111,0.0,0.1111111111111111,0.0,0.1111111111111111,0.1111111111111111,0.3333333333333333,0.1111111111111111,0.1111111111111111,0.3333333333333333,0.1111111111111111,0.1111111111111111,0.3333333333333333,0.1111111111111111,0.1111111111111111,0.3333333333333333,0.1111111111111111,0.1111111111111111,0.1111111111111111,0.3333333333333333,0.2222222222222222,0.2222222222222222,0.2222222222222222,0.0,0.1111111111111111,0.4444444444444444
P-1584,0.2222222222222222,0.4444444444444444,0.0,0.5555555555555556,0.1111111111111111,0.1111111111111111,0.4444444444444444,0.2222222222222222,0.0,0.4444444444444444,0.3333333333333333,0.1111111111111111,0.4444444444444444,0.2222222222222222,0.0,0.2222222222222222,0.4444444444444444,0.0,0.1111111111111111,0.6666666666666666,0.0,0.1111111111111111,0.1111111111111111,0.5555555555555556,0.0,0.4444444444444444,0.2222222222222222,0.1111111111111111,0.1111111111111111,0.5555555555555556,0.2222222222222222,0.2222222222222222,0.4444444444444444,0.4444444444444444,0.2222222222222222,0.0,0.5555555555555556,0.0,0.1111111111111111
P-1586,0.0,0.0,0.4444444444444444,0.2222222222222222,0.2222222222222222,0.2222222222222222,0.2222222222222222,0.2222222222222222,0.2222222222222222,0.2222222222222222,0.1111111111111111,0.3333333333333333,0.4444444444444444,0.0,0.0,0.1111111111111111,0.1111111111111111,0.3333333333333333,0.1111111111111111,0.2222222222222222,0.2222222222222222,0.1111111111111111,0.3333333333333333,0.1111111111111111,0.4444444444444444,0.0,0.0,0.1111111111111111,0.3333333333333333,0.1111111111111111,0.0,0.0,0.0,0.1111111111111111,0.3333333333333333,0.1111111111111111,0.0,0.5555555555555556,0.0
P-1587,0.4444444444444444,0.0,0.0,0.0,0.5555555555555556,0.0,0.0,0.5555555555555556,0.0,0.1111111111111111,0.3333333333333333,0.2222222222222222,0.5555555555555556,0.0,0.0,0.3333333333333333,0.0,0.0,0.2222222222222222,0.2222222222222222,0.3333333333333333,0.1111111111111111,0.2222222222222222,0.3333333333333333,0.2222222222222222,0.3333333333333333,0.1111111111111111,0.1111111111111111,0.2222222222222222,0.3333333333333333,0.0,0.0,0.0,0.2222222222222222,0.2222222222222222,0.3333333333333333,0.1111111111111111,0.2222222222222222,0.3333333333333333
P-1588,0.3333333333333333,0.3333333333333333,0.2222222222222222,0.1111111111111111,0.4444444444444444,0.1111111111111111,0.0,0.6666666666666666,0.0,0.1111111111111111,0.3333333333333333,0.2222222222222222,0.1111111111111111,0.4444444444444444,0.1111111111111111,0.3333333333333333,0.3333333333333333,0.1111111111111111,0.1111111111111111,0.3333333333333333,0.2222222222222222,0.2222222222222222,0.1111111111111111,0.2222222222222222,0.1111111111111111,0.4444444444444444,0.2222222222222222,0.2222222222222222,0.1111111111111111,0.2222222222222222,0.2222222222222222,0.0,0.0,0.3333333333333333,0.1111111111111111,0.2222222222222222,0.3333333333333333,0.1111111111111111,0.3333333333333333
P-1589,0.3333333333333333,0.2222222222222222,0.2222222222222222,0.4444444444444444,0.1111111111111111,0.3333333333333333,0.1111111111111111,0.2222222222222222,0.2222222222222222,0.3333333333333333,0.2222222222222222,0.2222222222222222,0.4444444444444444,0.2222222222222222,0.0,0.3333333333333333,0.2222222222222222,0.2222222222222222,0.1111111111111111,0.2222222222222222,0.4444444444444444,0.4444444444444444,0.1111111111111111,0.2222222222222222,0.2222222222222222,0.2222222222222222,0.3333333333333333,0.4444444444444444,0.1111111111111111,0.2222222222222222,0.3333333333333333,0.0,0.0,0.3333333333333333,0.2222222222222222,0.1111111111111111,0.4444444444444444,0.1111111111111111,0.1111111111111111
P-1590,0.1111111111111111,0.2222222222222222,0.4444444444444444,0.1111111111111111,0.1111111111111111,0.5555555555555556,0.2222222222222222,0.2222222222222222,0.0,0.1111111111111111,0.0,0.6666666666666666,0.1111111111111111,0.3333333333333333,0.3333333333333333,0.2222222222222222,0.1111111111111111,0.3333333333333333,0.1111111111111111,0.3333333333333333,0.1111111111111111,0.2222222222222222,0.3333333333333333,0.3333333333333333,0.4444444444444444,0.2222222222222222,0.1111111111111111,0.2222222222222222,0.3333333333333333,0.3333333333333333,0.4444444444444444,0.0,0.0,0.5555555555555556,0.1111111111111111,0.1111111111111111,0.3333333333333333,0.0,0.0
P-1591,0.4444444444444444,0.0,0.0,0.0,0.3333333333333333,0.0,0.0,0.3333333333333333,0.0,0.1111111111111111,0.3333333333333333,0.0,0.3333333333333333,0.0,0.0,0.1111111111111111,0.0,0.0,0.2222222222222222,0.2222222222222222,0.1111111111111111,0.1111111111111111,0.0,0.3333333333333333,0.0,0.3333333333333333,0.1111111111111111,0.1111111111111111,0.0,0.3333333333333333,0.0,0.0,0.0,0.2222222222222222,0.2222222222222222,0.1111111111111111,0.1111111111111111,0.0,0.3333333333333333
P-1592,0.2222222222222222,0.0,0.4444444444444444,0.3333333333333333,0.0,0.2222222222222222,0.2222222222222222,0.1111111111111111,0.1111111111111111,0.4444444444444444,0.2222222222222222,0.2222222222222222,0.2222222222222222,0.1111111111111111,0.1111111111111111,0.1111111111111111,0.2222222222222222,0.2222222222222222,0.2222222222222222,0.2222222222222222,0.1111111111111111,0.1111111111111111,0.4444444444444444,0.1111111111111111,0.3333333333333333,0.1111111111111111,0.2222222222222222,0.0,0.3333333333333333,0.2222222222222222,0.2222222222222222,0.0,0.0,0.1111111111111111,0.4444444444444444,0.1111111111111111,0.0,0.5555555555555556,0.2222222222222222
P-1593,0.5555555555555556,0.3333333333333333,0.0,0.2222222222222222,0.1111111111111111,0.4444444444444444,0.2222222222222222,0.1111111111111111,0.4444444444444444,0.3333333333333333,0.5555555555555556,0.0,0.3333333333333333,0.2222222222222222,0.0,0.3333333333333333,0.3333333333333333,0.0,0.3333333333333333,0.5555555555555556,0.0,0.0,0.3333333333333333,0.1111111111111111,0.0,0.5555555555555556,0.3333333333333333,0.0,0.3333333333333333,0.1111111111111111,0.6666666666666666,0.0,0.2222222222222222,0.3333333333333333,0.2222222222222222,0.3333333333333333,0.5555555555555556,0.1111111111111111,0.3333333333333333
P-1595,0.0,0.0,0.2222222222222222,0.4444444444444444,0.0,0.0,0.1111111111111111,0.0,0.0,0.0,0.0,0.2222222222222222,0.4444444444444444,0.0,0.0,0.0,0.1111111111111111,0.1111111111111111,0.0,0.0,0.4444444444444444,0.0,0.1111111111111111,0.0,0.1111111111111111,0.1111111111111111,0.0,0.0,0.1111111111111111,0.0,0.0,0.0,0.0,0.0,0.4444444444444444,0.0,0.0,0.1111111111111111,0.0
P-1596,0.5555555555555556,0.1111111111111111,0.0,0.3333333333333333,0.1111111111111111,0.2222222222222222,0.2222222222222222,0.2222222222222222,0.1111111111111111,0.5555555555555556,0.1111111111111111,0.0,0.3333333333333333,0.1111111111111111,0.0,0.6666666666666666,0.1111111111111111,0.0,0.3333333333333333,0.1111111111111111,0.3333333333333333,0.3333333333333333,0.3333333333333333,0.1111111111111111,0.0,0.1111111111111111,0.6666666666666666,0.4444444444444444,0.2222222222222222,0.2222222222222222,0.2222222222222222,0.0,0.2222222222222222,0.0,0.5555555555555556,0.1111111111111111,0.4444444444444444,0.1111111111111111,0.2222222222222222
P-1597,0.4444444444444444,0.2222222222222222,0.0,0.3333333333333333,0.3333333333333333,0.2222222222222222,0.3333333333333333,0.1111111111111111,0.2222222222222222,0.1111111111111111,0.2222222222222222,0.0,0.1111111111111111,0.2222222222222222,0.0,0.6666666666666666,0.0,0.0,0.4444444444444444,0.2222222222222222,0.1111111111111111,0.1111111111111111,0.4444444444444444,0.3333333333333333,0.0,0.2222222222222222,0.5555555555555556,0.2222222222222222,0.2222222222222222,0.5555555555555556,0.4444444444444444,0.0,0.0,0.1111111111111111,0.6666666666666666,0.1111111111111111,0.2222222222222222,0.0,0.4444444444444444
P-1598,0.0,0.0,0.2222222222222222,0.0,0.2222222222222222,0.0,0.0,0.2222222222222222,0.0,0.0,0.2222222222222222,0.0,0.0,0.2222222222222222,0.5555555555555556,0.0,0.0,0.2222222222222222,0.0,0.2222222222222222,0.0,0.1111111111111111,0.1111111111111111,0.3333333333333333,0.2222222222222222,0.0,0.0,0.1111111111111111,0.1111111111111111,0.3333333333333333,0.0,0.0,0.0,0.5555555555555556,0.0,0.2222222222222222,0.0,0.2222222222222222,0.0
P-1599,0.1111111111111111,0.2222222222222222,0.3333333333333333,0.3333333333333333,0.2222222222222222,0.1111111111111111,0.3333333333333333,0.2222222222222222,0.1111111111111111,0.0,0.3333333333333333,0.2222222222222222,0.5555555555555556,0.0,0.3333333333333333,0.0,0.3333333333333333,0.2222222222222222,0.0,0.1111111111111111,0.4444444444444444,0.3333333333333333,0.0,0.2222222222222222,0.2222222222222222,0.3333333333333333,0.0,0.3333333333333333,0.0,0.2222222222222222,0.0,0.0,0.1111111111111111,0.2222222222222222,0.2222222222222222,0.3333333333333333,0.2222222222222222,0.1111111111111111,0.1111111111111111
P-1600,0.0,0.1111111111111111,0.5555555555555556,0.1111111111111111,0.3333333333333333,0.0,0.1111111111111111,0.1111111111111111,0.0,0.0,0.3333333333333333,0.0,0.0,0.3333333333333333,0.1111111111111111,0.1111111111111111,0.3333333333333333,0.1111111111111111,0.0,0.3333333333333333,0.0,0.0,0.4444444444444444,0.2222222222222222,0.2222222222222222,0.1111111111111111,0.0,0.0,0.4444444444444444,0.2222222222222222,0.0,0.1111111111111111,0.1111111111111111,0.2222222222222222,0.1111111111111111,0.3333333333333333,0.1111111111111111,0.5555555555555556,0.0
P-1601,0.3333333333333333,0.2222222222222222,0.1111111111111111,0.3333333333333333,0.3333333333333333,0.1111111111111111,0.3333333333333333,0.3333333333333333,0.1111111111111111,0.0,0.3333333333333333,0.0,0.3333333333333333,0.0,0.0,0.2222222222222222,0.3333333333333333,0.0,0.3333333333333333,0.2222222222222222,0.1111111111111111,0.3333333333333333,0.1111111111111111,0.2222222222222222,0.1111111111111111,0.2222222222222222,0.3333333333333333,0.1111111111111111,0.1111111111111111,0.2222222222222222,0.2222222222222222,0.1111111111111111,0.3333333333333333,0.3333333333333333,0.2222222222222222,0.2222222222222222,0.2222222222222222,0.1111111111111111,0.3333333333333333
P-1602,0.0,0.3333333333333333,0.2222222222222222,0.1111111111111111,0.1111111111111111,0.4444444444444444,0.1111111111111111,0.1111111111111111,0.4444444444444444,0.1111111111111111,0.4444444444444444,0.1111111111111111,0.3333333333333333,0.2222222222222222,0.0,0.0,0.3333333333333333,0.2222222222222222,0.1111111111111111,0.4444444444444444,0.1111111111111111,0.2222222222222222,0.0,0.3333333333333333,0.2222222222222222,0.3333333333333333,0.0,0.2222222222222222,0.0,0.3333333333333333,0.3333333333333333,0.0,0.0,0.2222222222222222,0.0,0.2222222222222222,0.3333333333333333,0.2222222222222222,0.0
P-1603,0.2222222222222222,0.1111111111111111,0.2222222222222222,0.5555555555555556,0.1111111111111111,0.1111111111111111,0.3333333333333333,0.1111111111111111,0.1111111111111111,0.3333333333333333,0.2222222222222222,0.1111111111111111,0.5555555555555556,0.2222222222222222,0.0,0.1111111111111111,0.2222222222222222,0.1111111111111111,0.1111111111111111,0.0,0.7777777777777778,0.1111111111111111,0.3333333333333333,0.2222222222222222,0.2222222222222222,0.1111111111111111,0.2222222222222222,0.1111111111111111,0.1111111111111111,0.4444444444444444,0.1111111111111111,0.0,0.0,0.0,0.5555555555555556,0.3333333333333333,0.2222222222222222,0.1111111111111111,0.1111111111111111
P-1604,0.3333333333333333,0.2222222222222222,0.2222222222222222,0.2222222222222222,0.1111111111111111,0.5555555555555556,0.2222222222222222,0.1111111111111111,0.5555555555555556,0.0,0.4444444444444444,0.0,0.4444444444444444,0.0,0.0,0.1111111111111111,0.2222222222222222,0.2222222222222222,0.3333333333333333,0.3333333333333333,0.1111111111111111,0.2222222222222222,0.3333333333333333,0.2222222222222222,0.2222222222222222,0.2222222222222222,0.3333333333333333,0.2222222222222222,0.1111111111111111,0.4444444444444444,0.5555555555555556,0.0,0.0,0.3333333333333333,0.2222222222222222,0.1111111111111111,0.2222222222222222,0.2222222222222222,0.3333333333333333
P-1605,0.6666666666666666,0.2222222222222222,0.0,0.3333333333333333,0.1111111111111111,0.3333333333333333,0.3333333333333333,0.1111111111111111,0.3333333333333333,0.0,0.2222222222222222,0.0,0.2222222222222222,0.0,0.0,0.4444444444444444,0.2222222222222222,0.0,0.5555555555555556,0.1111111111111111,0.1111111111111111,0.1111111111111111,0.5555555555555556,0.1111111111111111,0.0,0.2222222222222222,0.6666666666666666,0.2222222222222222,0.2222222222222222,0.4444444444444444,0.6666666666666666,0.0,0.0,0.1111111111111111,0.5555555555555556,0.1111111111111111,0.0,0.0,0.8888888888888888
P-1606,0.6666666666666666,0.0,0.0,0.6666666666666666,0.2222222222222222,0.0,0.4444444444444444,0.2222222222222222,0.0,0.2222222222222222,0.0,0.0,0.2222222222222222,0.0,0.0,0.6666666666666666,0.0,0.0,0.4444444444444444,0.2222222222222222,0.0,0.3333333333333333,0.3333333333333333,0.1111111111111111,0.0,0.0,0.6666666666666666,0.3333333333333333,0.3333333333333333,0.1111111111111111,0.3333333333333333,0.1111111111111111,0.3333333333333333,0.3333333333333333,0.3333333333333333,0.1111111111111111,0.1111111111111111,0.1111111111111111,0.5555555555555556
P-1607,0.5555555555555556,0.1111111111111111,0.1111111111111111,0.3333333333333333,0.1111111111111111,0.1111111111111111,0.3333333333333333,0.1111111111111111,0.1111111111111111,0.0,0.2222222222222222,0.0,0.2222222222222222,0.0,0.0,0.4444444444444444,0.2222222222222222,0.0,0.3333333333333333,0.1111111111111111,0.1111111111111111,0.3333333333333333,0.3333333333333333,0.1111111111111111,0.1111111111111111,0.1111111111111111,0.5555555555555556,0.2222222222222222,0.2222222222222222,0.2222222222222222,0.3333333333333333,0.1111111111111111,0.3333333333333333,0.2222222222222222,0.4444444444444444,0.0,0.1111111111111111,0.1111111111111111,0.5555555555555556
P-1608,0.1111111111111111,0.2222222222222222,0.2222222222222222,0.2222222222222222,0.1111111111111111,0.3333333333333333,0.2222222222222222,0.1111111111111111,0.3333333333333333,0.1111111111111111,0.4444444444444444,0.0,0.4444444444444444,0.0,0.0,0.1111111111111111,0.2222222222222222,0.2222222222222222,0.2222222222222222,0.3333333333333333,0.1111111111111111,0.2222222222222222,0.1111111111111111,0.2222222222222222,0.2222222222222222,0.2222222222222222,0.1111111111111111,0.2222222222222222,0.1111111111111111,0.2222222222222222,0.3333333333333333,0.0,0.0,0.3333333333333333,0.0,0.1111111111111111,0.2222222222222222,0.3333333333333333,0.1111111111111111
P-1609,0.3333333333333333,0.2222222222222222,0.2222222222222222,0.4444444444444444,0.0,0.0,0.3333333333333333,0.0,0.0,0.1111111111111111,0.2222222222222222,0.2222222222222222,0.5555555555555556,0.0,0.0,0.2222222222222222,0.3333333333333333,0.1111111111111111,0.1111111111111111,0.2222222222222222,0.3333333333333333,0.1111111111111111,0.2222222222222222,0.1111111111111111,0.1111111111111111,0.3333333333333333,0.2222222222222222,0.1111111111111111,0.2222222222222222,0.1111111111111111,0.3333333333333333,0.0,0.0,0.1111111111111111,0.3333333333333333,0.1111111111111111,0.0,0.1111111111111111,0.5555555555555556
P-1610,0.2222222222222222,0.3333333333333333,0.3333333333333333,0.3333333333333333,0.4444444444444444,0.0,0.3333333333333333,0.4444444444444444,0.0,0.2222222222222222,0.6666666666666666,0.0,0.6666666666666666,0.2222222222222222,0.0,0.2222222222222222,0.3333333333333333,0.3333333333333333,0.0,0.8888888888888888,0.0,0.2222222222222222,0.3333333333333333,0.2222222222222222,0.3333333333333333,0.3333333333333333,0.2222222222222222,0.2222222222222222,0.3333333333333333,0.2222222222222222,0.1111111111111111,0.0,0.4444444444444444,0.2222222222222222,0.3333333333333333,0.2222222222222222,0.3333333333333333,0.3333333333333333,0.2222222222222222
P-1611,0.5555555555555556,0.1111111111111111,0.1111111111111111,0.3333333333333333,0.0,0.2222222222222222,0.2222222222222222,0.1111111111111111,0.1111111111111111,0.3333333333333333,0.1111111111111111,0.1111111111111111,0.4444444444444444,0.0,0.0,0.5555555555555556,0.1111111111111111,0.1111111111111111,0.2222222222222222,0.2222222222222222,0.2222222222222222,0.3333333333333333,0.2222222222222222,0.1111111111111111,0.1111111111111111,0.1111111111111111,0.5555555555555556,0.4444444444444444,0.1111111111111111,0.2222222222222222,0.3333333333333333,0.0,0.3333333333333333,0.2222222222222222,0.3333333333333333,0.2222222222222222,0.2222222222222222,0.2222222222222222,0.4444444444444444
P-1612,0.2222222222222222,0.1111111111111111,0.1111111111111111,0.1111111111111111,0.0,0.2222222222222222,0.1111111111111111,0.0,0.2222222222222222,0.0,0.2222222222222222,0.0,0.2222222222222222,0.0,0.2222222222222222,0.1111111111111111,0.2222222222222222,0.0,0.2222222222222222,0.2222222222222222,0.0,0.1111111111111111,0.2222222222222222,0.3333333333333333,0.0,0.2222222222222222,0.1111111111111111,0.1111111111111111,0.0,0.5555555555555556,0.1111111111111111,0.0,0.2222222222222222,0.4444444444444444,0.1111111111111111,0.0,0.0,0.2222222222222222,0.3333333333333333
P-1613,0.3333333333333333,0.1111111111111111,0.2222222222222222,0.5555555555555556,0.0,0.1111111111111111,0.2222222222222222,0.1111111111111111,0.0,0.4444444444444444,0.1111111111111111,0.2222222222222222,0.5555555555555556,0.0,0.0,0.3333333333333333,0.1111111111111111,0.2222222222222222,0.1111111111111111,0.1111111111111111,0.4444444444444444,0.4444444444444444,0.1111111111111111,0.1111111111111111,0.2222222222222222,0.1111111111111111,0.3333333333333333,0.4444444444444444,0.1111111111111111,0.1111111111111111,0.2222222222222222,0.0,0.0,0.3333333333333333,0.2222222222222222,0.2222222222222222,0.3333333333333333,0.2222222222222222,0.1111111111111111
P-1614,0.2222222222222222,0.2222222222222222,0.2222222222222222,0.1111111111111111,0.1111111111111111,0.5555555555555556,0.3333333333333333,0.2222222222222222,0.1111111111111111,0.2222222222222222,0.2222222222222222,0.2222222222222222,0.2222222222222222,0.2222222222222222,0.3333333333333333,0.4444444444444444,0.0,0.3333333333333333,0.0,0.2222222222222222,0.2222222222222222,0.4444444444444444,0.2222222222222222,0.1111111111111111,0.2222222222222222,0.2222222222222222,0.2222222222222222,0.3333333333333333,0.1111111111111111,0.2222222222222222,0.2222222222222222,0.0,0.0,0.4444444444444444,0.1111111111111111,0.1111111111111111,0.4444444444444444,0.2222222222222222,0.0
P-1615,0.3333333333333333,0.1111111111111111,0.4444444444444444,0.3333333333333333,0.4444444444444444,0.1111111111111111,0.2222222222222222,0.5555555555555556,0.0,0.1111111111111111,0.2222222222222222,0.5555555555555556,0.5555555555555556,0.2222222222222222,0.0,0.3333333333333333,0.1111111111111111,0.4444444444444444,0.2222222222222222,0.3333333333333333,0.4444444444444444,0.3333333333333333,0.4444444444444444,0.0,0.5555555555555556,0.2222222222222222,0.2222222222222222,0.3333333333333333,0.4444444444444444,0.0,0.2222222222222222,0.0,0.2222222222222222,0.1111111111111111,0.4444444444444444,0.3333333333333333,0.2222222222222222,0.3333333333333333,0.2222222222222222
P-1616,0.0,0.2222222222222222,0.5555555555555556,0.2222222222222222,0.2222222222222222,0.4444444444444444,0.2222222222222222,0.2222222222222222,0.4444444444444444,0.2222222222222222,0.3333333333333333,0.2222222222222222,0.3333333333333333,0.2222222222222222,0.2222222222222222,0.0,0.5555555555555556,0.2222222222222222,0.1111111111111111,0.1111111111111111,0.4444444444444444,0.2222222222222222,0.3333333333333333,0.1111111111111111,0.2222222222222222,0.3333333333333333,0.1111111111111111,0.1111111111111111,0.1111111111111111,0.3333333333333333,0.0,0.0,0.0,0.1111111111111111,0.2222222222222222,0.3333333333333333,0.2222222222222222,0.5555555555555556,0.0
P-1617,0.2222222222222222,0.2222222222222222,0.3333333333333333,0.2222222222222222,0.2222222222222222,0.1111111111111111,0.2222222222222222,0.3333333333333333,0.0,0.2222222222222222,0.2222222222222222,0.3333333333333333,0.3333333333333333,0.1111111111111111,0.1111111111111111,0.2222222222222222,0.2222222222222222,0.3333333333333333,0.1111111111111111,0.3333333333333333,0.1111111111111111,0.5555555555555556,0.0,0.0,0.3333333333333333,0.2222222222222222,0.2222222222222222,0.5555555555555556,0.0,0.0,0.0,0.0,0.4444444444444444,0.3333333333333333,0.3333333333333333,0.1111111111111111,0.4444444444444444,0.0,0.0
P-1618,0.2222222222222222,0.2222222222222222,0.0,0.1111111111111111,0.3333333333333333,0.0,0.1111111111111111,0.3333333333333333,0.0,0.0,0.4444444444444444,0.0,0.3333333333333333,0.1111111111111111,0.0,0.2222222222222222,0.2222222222222222,0.0,0.3333333333333333,0.3333333333333333,0.1111111111111111,0.2222222222222222,0.2222222222222222,0.2222222222222222,0.1111111111111111,0.3333333333333333,0.1111111111111111,0.2222222222222222,0.2222222222222222,0.2222222222222222,0.0,0.0,0.2222222222222222,0.1111111111111111,0.4444444444444444,0.2222222222222222,0.1111111111111111,0.0,0.3333333333333333
P-1619,0.0,0.4444444444444444,0.0,0.4444444444444444,0.0,0.1111111111111111,0.4444444444444444,0.0,0.1111111111111111,0.1111111111111111,0.3333333333333333,0.1111111111111111,0.4444444444444444,0.0,0.1111111111111111,0.0,0.4444444444444444,0.0,0.0,0.4444444444444444,0.0,0.1111111111111111,0.1111111111111111,0.4444444444444444,0.0,0.4444444444444444,0.0,0.0,0.0,0.5555555555555556,0.1111111111111111,0.1111111111111111,0.3333333333333333,0.3333333333333333,0.0,0.0,0.2222222222222222,0.1111111111111111,0.2222222222222222
P-1620,0.1111111111111111,0.0,0.7777777777777778,0.4444444444444444,0.1111111111111111,0.2222222222222222,0.3333333333333333,0.2222222222222222,0.1111111111111111,0.2222222222222222,0.3333333333333333,0.4444444444444444,0.3333333333333333,0.2222222222222222,0.2222222222222222,0.1111111111111111,0.2222222222222222,0.5555555555555556,0.0,0.4444444444444444,0.1111111111111111,0.3333333333333333,0.1111111111111111,0.1111111111111111,0.5555555555555556,0.2222222222222222,0.1111111111111111,0.6666666666666666,0.0,0.2222222222222222,0.0,0.0,0.0,0.2222222222222222,0.3333333333333333,0.2222222222222222,0.1111111111111111,0.6666666666666666,0.0
P-1621,0.1111111111111111,0.2222222222222222,0.0,0.5555555555555556,0.2222222222222222,0.0,0.4444444444444444,0.2222222222222222,0.0,0.1111111111111111,0.2222222222222222,0.0,0.1111111111111111,0.2222222222222222,0.0,0.1111111111111111,0.2222222222222222,0.0,0.1111111111111111,0.3333333333333333,0.0,0.2222222222222222,0.1111111111111111,0.5555555555555556,0.0,0.2222222222222222,0.1111111111111111,0.2222222222222222,0.1111111111111111,0.5555555555555556,0.4444444444444444,0.0,0.2222222222222222,0.1111111111111111,0.0,0.1111111111111111,0.3333333333333333,0.0,0.0
P-1622,0.3333333333333333,0.4444444444444444,0.0,0.0,0.6666666666666666,0.0,0.0,0.6666666666666666,0.0,0.1111111111111111,0.6666666666666666,0.0,0.4444444444444444,0.2222222222222222,0.0,0.1111111111111111,0.4444444444444444,0.0,0.1111111111111111,0.1111111111111111,0.5555555555555556,0.1111111111111111,0.0,0.4444444444444444,0.0,0.6666666666666666,0.1111111111111111,0.1111111111111111,0.0,0.4444444444444444,0.0,0.0,0.0,0.0,0.2222222222222222,0.4444444444444444,0.5555555555555556,0.0,0.2222222222222222
P-1623,0.4444444444444444,0.1111111111111111,0.4444444444444444,0.2222222222222222,0.3333333333333333,0.2222222222222222,0.2222222222222222,0.3333333333333333,0.2222222222222222,0.1111111111111111,0.4444444444444444,0.1111111111111111,0.4444444444444444,0.1111111111111111,0.0,0.1111111111111111,0.2222222222222222,0.3333333333333333,0.2222222222222222,0.2222222222222222,0.3333333333333333,0.5555555555555556,0.1111111111111111,0.3333333333333333,0.3333333333333333,0.2222222222222222,0.3333333333333333,0.4444444444444444,0.0,0.4444444444444444,0.2222222222222222,0.0,0.0,0.3333333333333333,0.5555555555555556,0.0,0.1111111111111111,0.4444444444444444,0.4444444444444444
P-1624,0.1111111111111111,0.2222222222222222,0.4444444444444444,0.5555555555555556,0.3333333333333333,0.1111111111111111,0.5555555555555556,0.3333333333333333,0.1111111111111111,0.2222222222222222,0.6666666666666666,0.0,0.4444444444444444,0.4444444444444444,0.0,0.1111111111111111,0.2222222222222222,0.4444444444444444,0.0,0.2222222222222222,0.6666666666666666,0.4444444444444444,0.1111111111111111,0.3333333333333333,0.4444444444444444,0.2222222222222222,0.1111111111111111,0.4444444444444444,0.1111111111111111,0.3333333333333333,0.2222222222222222,0.0,0.0,0.2222222222222222,0.0,0.1111111111111111,0.2222222222222222,0.4444444444444444,0.1111111111111111
P-1625,0.3333333333333333,0.3333333333333333,0.1111111111111111,0.2222222222222222,0.6666666666666666,0.0,0.0,0.6666666666666666,0.0,0.2222222222222222,0.4444444444444444,0.2222222222222222,0.6666666666666666,0.2222222222222222,0.0,0.3333333333333333,0.3333333333333333,0.1111111111111111,0.1111111111111111,0.4444444444444444,0.4444444444444444,0.2222222222222222,0.2222222222222222,0.2222222222222222,0.2222222222222222,0.4444444444444444,0.2222222222222222,0.2222222222222222,0.2222222222222222,0.2222222222222222,0.0,0.0,0.0,0.2222222222222222,0.3333333333333333,0.2222222222222222,0.5555555555555556,0.1111111111111111,0.1111111111111111
P-1626,0.1111111111111111,0.2222222222222222,0.1111111111111111,0.2222222222222222,0.1111111111111111,0.1111111111111111,0.2222222222222222,0.1111111111111111,0.1111111111111111,0.1111111111111111,0.2222222222222222,0.1111111111111111,0.1111111111111111,0.2222222222222222,0.2222222222222222,0.0,0.3333333333333333,0.0,0.2222222222222222,0.2222222222222222,0.1111111111111111,0.1111111111111111,0.1111111111111111,0.3333333333333333,0.0,0.3333333333333333,0.0,0.1111111111111111,0.1111111111111111,0.3333333333333333,0.0,0.0,0.2222222222222222,0.1111111111111111,0.3333333333333333,0.2222222222222222,0.2222222222222222,0.1111111111111111,0.1111111111111111
P-1627,0.5555555555555556,0.1111111111111111,0.1111111111111111,0.3333333333333333,0.0,0.2222222222222222,0.3333333333333333,0.2222222222222222,0.0,0.3333333333333333,0.1111111111111111,0.1111111111111111,0.1111111111111111,0.1111111111111111,0.1111111111111111,0.5555555555555556,0.1111111111111111,0.1111111111111111,0.4444444444444444,0.1111111111111111,0.1111111111111111,0.3333333333333333,0.3333333333333333,0.0,0.0,0.2222222222222222,0.4444444444444444,0.2222222222222222,0.2222222222222222,0.1111111111111111,0.3333333333333333,0.0,0.2222222222222222,0.1111111111111111,0.2222222222222222,0.1111111111111111,0.3333333333333333,0.1111111111111111,0.3333333333333333
P-1628,0.5555555555555556,0.0,0.0,0.2222222222222222,0.5555555555555556,0.0,0.0,0.5555555555555556,0.0,0.1111111111111111,0.3333333333333333,0.1111111111111111,0.6666666666666666,0.0,0.0,0.2222222222222222,0.0,0.0,0.1111111111111111,0.3333333333333333,0.3333333333333333,0.0,0.1111111111111111,0.3333333333333333,0.1111111111111111,0.3333333333333333,0.2222222222222222,0.1111111111111111,0.1111111111111111,0.3333333333333333,0.0,0.0,0.2222222222222222,0.2222222222222222,0.2222222222222222,0.2222222222222222,0.1111111111111111,0.1111111111111111,0.4444444444444444
P-1630,0.7777777777777778,0.0,0.0,0.3333333333333333,0.2222222222222222,0.1111111111111111,0.1111111111111111,0.2222222222222222,0.1111111111111111,0.2222222222222222,0.2222222222222222,0.0,0.2222222222222222,0.0,0.0,0.4444444444444444,0.0,0.0,0.5555555555555556,0.1111111111111111,0.1111111111111111,0.3333333333333333,0.2222222222222222,0.2222222222222222,0.0,0.2222222222222222,0.5555555555555556,0.2222222222222222,0.2222222222222222,0.2222222222222222,0.4444444444444444,0.0,0.0,0.1111111111111111,0.5555555555555556,0.1111111111111111,0.4444444444444444,0.0,0.3333333333333333
P-1631,0.3333333333333333,0.2222222222222222,0.0,0.0,0.5555555555555556,0.0,0.0,0.5555555555555556,0.0,0.1111111111111111,0.3333333333333333,0.1111111111111111,0.2222222222222222,0.2222222222222222,0.0,0.2222222222222222,0.2222222222222222,0.0,0.2222222222222222,0.2222222222222222,0.2222222222222222,0.2222222222222222,0.1111111111111111,0.3333333333333333,0.1111111111111111,0.3333333333333333,0.2222222222222222,0.1111111111111111,0.1111111111111111,0.3333333333333333,0.0,0.0,0.0,0.2222222222222222,0.2222222222222222,0.2222222222222222,0.3333333333333333,0.1111111111111111,0.2222222222222222
P-1632,0.4444444444444444,0.1111111111111111,0.1111111111111111,0.3333333333333333,0.0,0.1111111111111111,0.3333333333333333,0.0,0.1111111111111111,0.0,0.2222222222222222,0.0,0.2222222222222222,0.0,0.0,0.4444444444444444,0.2222222222222222,0.0,0.4444444444444444,0.1111111111111111,0.1111111111111111,0.4444444444444444,0.1111111111111111,0.1111111111111111,0.1111111111111111,0.1111111111111111,0.4444444444444444,0.3333333333333333,0.1111111111111111,0.1111111111111111,0.1111111111111111,0.1111111111111111,0.2222222222222222,0.5555555555555556,0.0,0.1111111111111111,0.1111111111111111,0.1111111111111111,0.4444444444444444
P-1633,0.2222222222222222,0.2222222222222222,0.0,0.2222222222222222,0.2222222222222222,0.0,0.2222222222222222,0.0,0.0,0.4444444444444444,0.2222222222222222,0.0,0.2222222222222222,0.2222222222222222,0.0,0.6666666666666666,0.0,0.0,0.1111111111111111,0.2222222222222222,0.2222222222222222,0.2222222222222222,0.2222222222222222,0.2222222222222222,0.0,0.2222222222222222,0.4444444444444444,0.2222222222222222,0.2222222222222222,0.2222222222222222,0.0,0.0,0.0,0.2222222222222222,0.3333333333333333,0.2222222222222222,0.3333333333333333,0.1111111111111111,0.1111111111111111
P-1634,0.6666666666666666,0.0,0.0,0.0,0.6666666666666666,0.0,0.0,0.6666666666666666,0.0,0.1111111111111111,0.3333333333333333,0.1111111111111111,0.4444444444444444,0.0,0.0,0.2222222222222222,0.0,0.0,0.2222222222222222,0.2222222222222222,0.2222222222222222,0.3333333333333333,0.1111111111111111,0.3333333333333333,0.1111111111111111,0.3333333333333333,0.3333333333333333,0.1111111111111111,0.1111111111111111,0.3333333333333333,0.0,0.0,0.0,0.2222222222222222,0.2222222222222222,0.2222222222222222,0.1111111111111111,0.1111111111111111,0.5555555555555556
P-1635,0.3333333333333333,0.0,0.2222222222222222,0.6666666666666666,0.0,0.0,0.6666666666666666,0.0,0.0,0.3333333333333333,0.2222222222222222,0.0,0.4444444444444444,0.0,0.0,0.3333333333333333,0.0,0.2222222222222222,0.2222222222222222,0.1111111111111111,0.3333333333333333,0.2222222222222222,0.3333333333333333,0.1111111111111111,0.2222222222222222,0.0,0.3333333333333333,0.2222222222222222,0.3333333333333333,0.1111111111111111,0.2222222222222222,0.0,0.0,0.2222222222222222,0.1111111111111111,0.0,0.1111111111111111,0.2222222222222222,0.2222222222222222
P-1636,0.5555555555555556,0.0,0.0,0.0,0.5555555555555556,0.0,0.0,0.5555555555555556,0.0,0.1111111111111111,0.2222222222222222,0.1111111111111111,0.3333333333333333,0.0,0.0,0.2222222222222222,0.0,0.0,0.2222222222222222,0.1111111111111111,0.2222222222222222,0.3333333333333333,0.1111111111111111,0.2222222222222222,0.1111111111111111,0.2222222222222222,0.3333333333333333,0.1111111111111111,0.1111111111111111,0.2222222222222222,0.0,0.0,0.0,0.1111111111111111,0.2222222222222222,0.2222222222222222,0.1111111111111111,0.1111111111111111,0.4444444444444444
P-1637,0.3333333333333333,0.1111111111111111,0.1111111111111111,0.3333333333333333,0.1111111111111111,0.3333333333333333,0.2222222222222222,0.2222222222222222,0.2222222222222222,0.4444444444444444,0.2222222222222222,0.0,0.6666666666666666,0.0,0.0,0.4444444444444444,0.2222222222222222,0.0,0.1111111111111111,0.4444444444444444,0.2222222222222222,0.1111111111111111,0.3333333333333333,0.1111111111111111,0.1111111111111111,0.1111111111111111,0.3333333333333333,0.2222222222222222,0.2222222222222222,0.2222222222222222,0.2222222222222222,0.0,0.2222222222222222,0.1111111111111111,0.4444444444444444,0.1111111111111111,0.2222222222222222,0.2222222222222222,0.2222222222222222
P-1638,0.2222222222222222,0.4444444444444444,0.2222222222222222,0.2222222222222222,0.2222222222222222,0.2222222222222222,0.3333333333333333,0.3333333333333333,0.1111111111111111,0.2222222222222222,0.4444444444444444,0.2222222222222222,0.4444444444444444,0.2222222222222222,0.0,0.2222222222222222,0.4444444444444444,0.2222222222222222,0.1111111111111111,0.5555555555555556,0.1111111111111111,0.3333333333333333,0.3333333333333333,0.1111111111111111,0.2222222222222222,0.4444444444444444,0.2222222222222222,0.2222222222222222,0.2222222222222222,0.2222222222222222,0.4444444444444444,0.0,0.2222222222222222,0.4444444444444444,0.0,0.0,0.5555555555555556,0.1111111111111111,0.1111111111111111
P-1639,0.1111111111111111,0.4444444444444444,0.0,0.5555555555555556,0.1111111111111111,0.0,0.4444444444444444,0.1111111111111111,0.0,0.3333333333333333,0.3333333333333333,0.2222222222222222,0.3333333333333333,0.2222222222222222,0.0,0.0,0.4444444444444444,0.0,0.2222222222222222,0.5555555555555556,0.0,0.2222222222222222,0.2222222222222222,0.4444444444444444,0.0,0.5555555555555556,0.0,0.1111111111111111,0.1111111111111111,0.5555555555555556,0.4444444444444444,0.1111111111111111,0.1111111111111111,0.4444444444444444,0.3333333333333333,0.1111111111111111,0.4444444444444444,0.0,0.1111111111111111
P-1640,0.3333333333333333,0.1111111111111111,0.1111111111111111,0.2222222222222222,0.1111111111111111,0.1111111111111111,0.2222222222222222,0.2222222222222222,0.0,0.1111111111111111,0.2222222222222222,0.2222222222222222,0.4444444444444444,0.0,0.0,0.0,0.2222222222222222,0.0,0.2222222222222222,0.2222222222222222,0.2222222222222222,0.1111111111111111,0.1111111111111111,0.2222222222222222,0.1111111111111111,0.3333333333333333,0.1111111111111111,0.0,0.0,0.3333333333333333,0.2222222222222222,0.1111111111111111,0.1111111111111111,0.1111111111111111,0.3333333333333333,0.1111111111111111,0.0,0.0,0.4444444444444444
P-1641,0.1111111111111111,0.2222222222222222,0.2222222222222222,0.2222222222222222,0.1111111111111111,0.3333333333333333,0.1111111111111111,0.3333333333333333,0.1111111111111111,0.2222222222222222,0.1111111111111111,0.3333333333333333,0.3333333333333333,0.1111111111111111,0.1111111111111111,0.2222222222222222,0.3333333333333333,0.1111111111111111,0.0,0.2222222222222222,0.2222222222222222,0.2222222222222222,0.1111111111111111,0.4444444444444444,0.1111111111111111,0.3333333333333333,0.2222222222222222,0.2222222222222222,0.1111111111111111,0.4444444444444444,0.1111111111111111,0.0,0.0,0.3333333333333333,0.2222222222222222,0.1111111111111111,0.3333333333333333,0.1111111111111111,0.0
P-1642,0.3333333333333333,0.2222222222222222,0.1111111111111111,0.1111111111111111,0.5555555555555556,0.0,0.0,0.5555555555555556,0.0,0.1111111111111111,0.3333333333333333,0.2222222222222222,0.2222222222222222,0.3333333333333333,0.0,0.3333333333333333,0.2222222222222222,0.1111111111111111,0.2222222222222222,0.3333333333333333,0.2222222222222222,0.1111111111111111,0.3333333333333333,0.2222222222222222,0.2222222222222222,0.3333333333333333,0.2222222222222222,0.1111111111111111,0.3333333333333333,0.2222222222222222,0.1111111111111111,0.0,0.2222222222222222,0.2222222222222222,0.1111111111111111,0.5555555555555556,0.2222222222222222,0.1111111111111111,0.3333333333333333
P-1643,0.2222222222222222,0.3333333333333333,0.3333333333333333,0.3333333333333333,0.2222222222222222,0.2222222222222222,0.3333333333333333,0.3333333333333333,0.1111111111111111,0.3333333333333333,0.3333333333333333,0.3333333333333333,0.6666666666666666,0.0,0.0,0.2222222222222222,0.3333333333333333,0.3333333333333333,0.2222222222222222,0.3333333333333333,0.3333333333333333,0.2222222222222222,0.3333333333333333,0.2222222222222222,0.3333333333333333,0.3333333333333333,0.2222222222222222,0.2222222222222222,0.3333333333333333,0.2222222222222222,0.3333333333333333,0.0,0.2222222222222222,0.2222222222222222,0.3333333333333333,0.0,0.3333333333333333,0.2222222222222222,0.2222222222222222
P-1644,0.3333333333333333,0.3333333333333333,0.1111111111111111,0.3333333333333333,0.3333333333333333,0.3333333333333333,0.1111111111111111,0.3333333333333333,0.3333333333333333,0.2222222222222222,0.4444444444444444,0.0,0.2222222222222222,0.2222222222222222,0.0,0.4444444444444444,0.4444444444444444,0.0,0.2222222222222222,0.4444444444444444,0.0,0.0,0.4444444444444444,0.2222222222222222,0.1111111111111111,0.3333333333333333,0.3333333333333333,0.1111111111111111,0.3333333333333333,0.3333333333333333,0.4444444444444444,0.0,0.0,0.4444444444444444,0.2222222222222222,0.2222222222222222,0.3333333333333333,0.1111111111111111,0.3333333333333333
P-1645,0.4444444444444444,0.1111111111111111,0.1111111111111111,0.1111111111111111,0.1111111111111111,0.4444444444444444,0.1111111111111111,0.4444444444444444,0.1111111111111111,0.1111111111111111,0.2222222222222222,0.2222222222222222,0.4444444444444444,0.0,0.0,0.0,0.2222222222222222,0.0,0.2222222222222222,0.3333333333333333,0.1111111111111111,0.1111111111111111,0.2222222222222222,0.1111111111111111,0.1111111111111111,0.3333333333333333,0.2222222222222222,0.0,0.0,0.3333333333333333,0.3333333333333333,0.0,0.0,0.3333333333333333,0.2222222222222222,0.1111111111111111,0.1111111111111111,0.1111111111111111,0.4444444444444444
P-1646,0.7777777777777778,0.0,0.0,0.2222222222222222,0.4444444444444444,0.2222222222222222,0.0,0.6666666666666666,0.0,0.3333333333333333,0.3333333333333333,0.3333333333333333,0.7777777777777778,0.0,0.0,0.5555555555555556,0.0,0.0,0.1111111111111111,0.4444444444444444,0.3333333333333333,0.3333333333333333,0.2222222222222222,0.3333333333333333,0.2222222222222222,0.4444444444444444,0.3333333333333333,0.3333333333333333,0.2222222222222222,0.3333333333333333,0.1111111111111111,0.0,0.0,0.4444444444444444,0.2222222222222222,0.2222222222222222,0.3333333333333333,0.2222222222222222,0.4444444444444444
P-1647,0.0,0.2222222222222222,0.3333333333333333,0.3333333333333333,0.2222222222222222,0.1111111111111111,0.2222222222222222,0.3333333333333333,0.0,0.1111111111111111,0.4444444444444444,0.1111111111111111,0.2222222222222222,0.3333333333333333,0.0,0.0,0.2222222222222222,0.3333333333333333,0.1111111111111111,0.4444444444444444,0.1111111111111111,0.3333333333333333,0.0,0.0,0.3333333333333333,0.2222222222222222,0.0,0.5555555555555556,0.0,0.0,0.0,0.0,0.2222222222222222,0.0,0.2222222222222222,0.3333333333333333,0.2222222222222222,0.3333333333333333,0.0
P-1648,0.1111111111111111,0.6666666666666666,0.0,0.3333333333333333,0.3333333333333333,0.1111111111111111,0.3333333333333333,0.3333333333333333,0.1111111111111111,0.0,0.6666666666666666,0.0,0.4444444444444444,0.2222222222222222,0.0,0.1111111111111111,0.6666666666666666,0.0,0.1111111111111111,0.6666666666666666,0.0,0.3333333333333333,0.0,0.2222222222222222,0.0,0.6666666666666666,0.1111111111111111,0.3333333333333333,0.0,0.2222222222222222,0.2222222222222222,0.0,0.6666666666666666,0.2222222222222222,0.2222222222222222,0.2222222222222222,0.6666666666666666,0.0,0.1111111111111111
P-1649,0.2222222222222222,0.1111111111111111,0.3333333333333333,0.2222222222222222,0.3333333333333333,0.1111111111111111,0.2222222222222222,0.3333333333333333,0.1111111111111111,0.2222222222222222,0.4444444444444444,0.0,0.2222222222222222,0.2222222222222222,0.0,0.3333333333333333,0.2222222222222222,0.2222222222222222,0.3333333333333333,0.3333333333333333,0.1111111111111111,0.4444444444444444,0.1111111111111111,0.2222222222222222,0.3333333333333333,0.1111111111111111,0.2222222222222222,0.4444444444444444,0.1111111111111111,0.2222222222222222,0.0,0.1111111111111111,0.3333333333333333,0.1111111111111111,0.2222222222222222,0.3333333333333333,0.2222222222222222,0.4444444444444444,0.1111111111111111
P-1650,0.1111111111111111,0.3333333333333333,0.2222222222222222,0.1111111111111111,0.4444444444444444,0.2222222222222222,0.1111111111111111,0.4444444444444444,0.2222222222222222,0.2222222222222222,0.3333333333333333,0.2222222222222222,0.2222222222222222,0.3333333333333333,0.1111111111111111,0.2222222222222222,0.4444444444444444,0.1111111111111111,0.2222222222222222,0.3333333333333333,0.2222222222222222,0.1111111111111111,0.2222222222222222,0.0,0.1111111111111111,0.4444444444444444,0.2222222222222222,0.2222222222222222,0.1111111111111111,0.1111111111111111,0.0,0.0,0.4444444444444444,0.3333333333333333,0.1111111111111111,0.2222222222222222,0.3333333333333333,0.2222222222222222,0.1111111111111111
P-1651,0.1111111111111111,0.1111111111111111,0.3333333333333333,0.0,0.4444444444444444,0.4444444444444444,0.0,0.4444444444444444,0.4444444444444444,0.0,0.4444444444444444,0.0,0.2222222222222222,0.2222222222222222,0.2222222222222222,0.2222222222222222,0.2222222222222222,0.2222222222222222,0.1111111111111111,0.3333333333333333,0.1111111111111111,0.3333333333333333,0.1111111111111111,0.3333333333333333,0.3333333333333333,0.1111111111111111,0.1111111111111111,0.3333333333333333,0.1111111111111111,0.3333333333333333,0.0,0.0,0.2222222222222222,0.2222222222222222,0.2222222222222222,0.2222222222222222,0.1111111111111111,0.3333333333333333,0.1111111111111111
P-1652,0.0,0.0,0.3333333333333333,0.1111111111111111,0.2222222222222222,0.2222222222222222,0.1111111111111111,0.2222222222222222,0.2222222222222222,0.0,0.3333333333333333,0.0,0.2222222222222222,0.1111111111111111,0.1111111111111111,0.1111111111111111,0.1111111111111111,0.2222222222222222,0.1111111111111111,0.2222222222222222,0.1111111111111111,0.1111111111111111,0.2222222222222222,0.2222222222222222,0.3333333333333333,0.0,0.0,0.1111111111111111,0.2222222222222222,0.2222222222222222,0.0,0.0,0.0,0.3333333333333333,0.1111111111111111,0.2222222222222222,0.0,0.3333333333333333,0.0
P-1653,0.1111111111111111,0.1111111111111111,0.3333333333333333,0.1111111111111111,0.3333333333333333,0.1111111111111111,0.0,0.4444444444444444,0.0,0.0,0.2222222222222222,0.2222222222222222,0.2222222222222222,0.2222222222222222,0.2222222222222222,0.1111111111111111,0.1111111111111111,0.3333333333333333,0.1111111111111111,0.1111111111111111,0.3333333333333333,0.3333333333333333,0.1111111111111111,0.1111111111111111,0.3333333333333333,0.1111111111111111,0.1111111111111111,0.3333333333333333,0.1111111111111111,0.1111111111111111,0.0,0.0,0.0,0.2222222222222222,0.2222222222222222,0.2222222222222222,0.1111111111111111,0.1111111111111111,0.1111111111111111
P-1654,0.0,0.0,0.2222222222222222,0.0,0.2222222222222222,0.2222222222222222,0.0,0.2222222222222222,0.2222222222222222,0.0,0.2222222222222222,0.0,0.1111111111111111,0.1111111111111111,0.3333333333333333,0.1111111111111111,0.1111111111111111,0.1111111111111111,0.1111111111111111,0.1111111111111111,0.1111111111111111,0.2222222222222222,0.0,0.0,0.2222222222222222,0.0,0.0,0.2222222222222222,0.0,0.0,0.0,0.0,0.0,0.2222222222222222,0.0,0.2222222222222222,0.0,0.2222222222222222,0.0
P-1655,0.2222222222222222,0.2222222222222222,0.2222222222222222,0.2222222222222222,0.1111111111111111,0.3333333333333333,0.0,0.2222222222222222,0.2222222222222222,0.3333333333333333,0.2222222222222222,0.2222222222222222,0.3333333333333333,0.2222222222222222,0.0,0.2222222222222222,0.2222222222222222,0.2222222222222222,0.1111111111111111,0.2222222222222222,0.3333333333333333,0.4444444444444444,0.0,0.2222222222222222,0.2222222222222222,0.2222222222222222,0.2222222222222222,0.4444444444444444,0.0,0.2222222222222222,0.2222222222222222,0.0,0.0,0.1111111111111111,0.2222222222222222,0.1111111111111111,0.4444444444444444,0.1111111111111111,0.0
P-1656,0.2,0.0,0.0,0.2,0.1,0.0,0.0,0.1,0.0,0.2,0.1,0.0,0.3,0.0,0.0,0.1,0.0,0.0,0.3,0.2,0.1,0.1,0.0,0.1,0.0,0.1,0.1,0.1,0.0,0.1,0.0,0.0,0.0,0.0,0.2,0.3,0.0,0.2,0.2
P-1657,0.1111111111111111,0.5555555555555556,0.0,0.3333333333333333,0.0,0.0,0.3333333333333333,0.0,0.0,0.1111111111111111,0.4444444444444444,0.1111111111111111,0.5555555555555556,0.0,0.0,0.1111111111111111,0.5555555555555556,0.0,0.1111111111111111,0.5555555555555556,0.0,0.1111111111111111,0.0,0.4444444444444444,0.0,0.5555555555555556,0.1111111111111111,0.1111111111111111,0.0,0.4444444444444444,0.3333333333333333,0.1111111111111111,0.3333333333333333,0.2222222222222222,0.0,0.2222222222222222,0.3333333333333333,0.0,0.3333333333333333
P-1658,0.5555555555555556,0.0,0.0,0.4444444444444444,0.0,0.0,0.4444444444444444,0.0,0.0,0.0,0.0,0.0,0.0,0.0,0.0,0.5555555555555556,0.0,0.0,0.3333333333333333,0.0,0.0,0.3333333333333333,0.2222222222222222,0.2222222222222222,0.0,0.0,0.5555555555555556,0.3333333333333333,0.2222222222222222,0.2222222222222222,0.2222222222222222,0.2222222222222222,0.3333333333333333,0.3333333333333333,0.2222222222222222,0.0,0.0,0.0,0.5555555555555556
P-1659,0.2222222222222222,0.1111111111111111,0.1111111111111111,0.2222222222222222,0.4444444444444444,0.0,0.2222222222222222,0.4444444444444444,0.0,0.0,0.2222222222222222,0.0,0.0,0.2222222222222222,0.0,0.4444444444444444,0.1111111111111111,0.1111111111111111,0.2222222222222222,0.1111111111111111,0.1111111111111111,0.3333333333333333,0.2222222222222222,0.2222222222222222,0.1111111111111111,0.1111111111111111,0.2222222222222222,0.5555555555555556,0.2222222222222222,0.2222222222222222,0.0,0.2222222222222222,0.3333333333333333,0.3333333333333333,0.2222222222222222,0.2222222222222222,0.1111111111111111,0.1111111111111111,0.2222222222222222
P-1660,0.2222222222222222,0.2222222222222222,0.1111111111111111,0.2222222222222222,0.1111111111111111,0.1111111111111111,0.5555555555555556,0.2222222222222222,0.0,0.0,0.1111111111111111,0.4444444444444444,0.2222222222222222,0.1111111111111111,0.1111111111111111,0.2222222222222222,0.2222222222222222,0.1111111111111111,0.1111111111111111,0.3333333333333333,0.0,0.2222222222222222,0.3333333333333333,0.3333333333333333,0.2222222222222222,0.3333333333333333,0.1111111111111111,0.3333333333333333,0.2222222222222222,0.4444444444444444,0.2222222222222222,0.2222222222222222,0.2222222222222222,0.6666666666666666,0.2222222222222222,0.0,0.2222222222222222,0.1111111111111111,0.2222222222222222
P-1661,0.5555555555555556,0.0,0.0,0.4444444444444444,0.0,0.2222222222222222,0.3333333333333333,0.1111111111111111,0.1111111111111111,0.2222222222222222,0.0,0.0,0.2222222222222222,0.0,0.0,0.5555555555555556,0.0,0.0,0.2222222222222222,0.1111111111111111,0.1111111111111111,0.2222222222222222,0.3333333333333333,0.1111111111111111,0.0,0.0,0.5555555555555556,0.3333333333333333,0.2222222222222222,0.2222222222222222,0.2222222222222222,0.2222222222222222,0.3333333333333333,0.1111111111111111,0.4444444444444444,0.0,0.1111111111111111,0.1111111111111111,0.4444444444444444
P-1662,0.2222222222222222,0.3333333333333333,0.1111111111111111,0.3333333333333333,0.1111111111111111,0.1111111111111111,0.3333333333333333,0.1111111111111111,0.1111111111111111,0.0,0.4444444444444444,0.0,0.4444444444444444,0.0,0.0,0.1111111111111111,0.4444444444444444,0.0,0.2222222222222222,0.3333333333333333,0.1111111111111111,0.2222222222222222,0.1111111111111111,0.3333333333333333,0.1111111111111111,0.3333333333333333,0.2222222222222222,0.0,0.1111111111111111,0.3333333333333333,0.3333333333333333,0.1111111111111111,0.2222222222222222,0.4444444444444444,0.1111111111111111,0.1111111111111111,0.3333333333333333,0.1111111111111111,0.2222222222222222
P-1663,0.1111111111111111,0.1111111111111111,0.4444444444444444,0.3333333333333333,0.2222222222222222,0.1111111111111111,0.3333333333333333,0.2222222222222222,0.1111111111111111,0.2222222222222222,0.1111111111111111,0.4444444444444444,0.3333333333333333,0.0,0.2222222222222222,0.3333333333333333,0.3333333333333333,0.2222222222222222,0.0,0.0,0.3333333333333333,0.2222222222222222,0.1111111111111111,0.1111111111111111,0.2222222222222222,0.3333333333333333,0.1111111111111111,0.5555555555555556,0.0,0.2222222222222222,0.0,0.0,0.0,0.3333333333333333,0.2222222222222222,0.2222222222222222,0.2222222222222222,0.3333333333333333,0.0
P-1664,0.6666666666666666,0.0,0.0,0.3333333333333333,0.2222222222222222,0.1111111111111111,0.0,0.3333333333333333,0.0,0.3333333333333333,0.2222222222222222,0.1111111111111111,0.3333333333333333,0.0,0.0,0.5555555555555556,0.0,0.0,0.1111111111111111,0.3333333333333333,0.0,0.4444444444444444,0.1111111111111111,0.4444444444444444,0.1111111111111111,0.2222222222222222,0.4444444444444444,0.4444444444444444,0.1111111111111111,0.4444444444444444,0.0,0.2222222222222222,0.2222222222222222,0.4444444444444444,0.2222222222222222,0.0,0.1111111111111111,0.1111111111111111,0.5555555555555556
P-1665,0.7777777777777778,0.0,0.0,0.4444444444444444,0.2222222222222222,0.0,0.0,0.2222222222222222,0.0,0.4444444444444444,0.2222222222222222,0.0,0.6666666666666666,0.0,0.0,0.5555555555555556,0.0,0.0,0.2222222222222222,0.1111111111111111,0.5555555555555556,0.2222222222222222,0.2222222222222222,0.2222222222222222,0.0,0.2222222222222222,0.5555555555555556,0.2222222222222222,0.2222222222222222,0.2222222222222222,0.2222222222222222,0.0,0.1111111111111111,0.2222222222222222,0.2222222222222222,0.3333333333333333,0.3333333333333333,0.1111111111111111,0.4444444444444444
P-1666,0.4444444444444444,0.1111111111111111,0.1111111111111111,0.2222222222222222,0.2222222222222222,0.0,0.2222222222222222,0.2222222222222222,0.0,0.2222222222222222,0.2222222222222222,0.0,0.0,0.2222222222222222,0.0,0.4444444444444444,0.1111111111111111,0.1111111111111111,0.5555555555555556,0.0,0.2222222222222222,0.2222222222222222,0.3333333333333333,0.1111111111111111,0.1111111111111111,0.1111111111111111,0.4444444444444444,0.2222222222222222,0.3333333333333333,0.1111111111111111,0.2222222222222222,0.0,0.3333333333333333,0.2222222222222222,0.3333333333333333,0.1111111111111111,0.3333333333333333,0.1111111111111111,0.2222222222222222
P-1667,0.0,0.3333333333333333,0.2222222222222222,0.4444444444444444,0.0,0.2222222222222222,0.3333333333333333,0.0,0.0,0.3333333333333333,0.1111111111111111,0.4444444444444444,0.0,0.3333333333333333,0.1111111111111111,0.1111111111111111,0.2222222222222222,0.1111111111111111,0.4444444444444444,0.3333333333333333,0.0,0.2222222222222222,0.2222222222222222,0.3333333333333333,0.2222222222222222,0.3333333333333333,0.0,0.1111111111111111,0.1111111111111111,0.4444444444444444,0.5555555555555556,0.0,0.0,0.5555555555555556,0.4444444444444444,0.0,0.3333333333333333,0.0,0.0
P-1668,0.1111111111111111,0.4444444444444444,0.3333333333333333,0.3333333333333333,0.3333333333333333,0.1111111111111111,0.3333333333333333,0.3333333333333333,0.1111111111111111,0.1111111111111111,0.6666666666666666,0.1111111111111111,0.2222222222222222,0.5555555555555556,0.1111111111111111,0.0,0.5555555555555556,0.2222222222222222,0.0,0.3333333333333333,0.4444444444444444,0.3333333333333333,0.1111111111111111,0.2222222222222222,0.2222222222222222,0.5555555555555556,0.0,0.3333333333333333,0.1111111111111111,0.2222222222222222,0.1111111111111111,0.0,0.2222222222222222,0.2222222222222222,0.1111111111111111,0.3333333333333333,0.4444444444444444,0.3333333333333333,0.1111111111111111
P-1669,0.2222222222222222,0.2222222222222222,0.1111111111111111,0.3333333333333333,0.0,0.2222222222222222,0.3333333333333333,0.0,0.2222222222222222,0.0,0.3333333333333333,0.0,0.3333333333333333,0.0,0.0,0.1111111111111111,0.3333333333333333,0.0,0.2222222222222222,0.2222222222222222,0.1111111111111111,0.2222222222222222,0.1111111111111111,0.3333333333333333,0.1111111111111111,0.2222222222222222,0.2222222222222222,0.1111111111111111,0.0,0.4444444444444444,0.2222222222222222,0.2222222222222222,0.0,0.3333333333333333,0.1111111111111111,0.1111111111111111,0.2222222222222222,0.1111111111111111,0.2222222222222222
P-1670,0.4444444444444444,0.2222222222222222,0.2222222222222222,0.1111111111111111,0.3333333333333333,0.2222222222222222,0.1111111111111111,0.4444444444444444,0.0,0.2222222222222222,0.0,0.4444444444444444,0.2222222222222222,0.2222222222222222,0.1111111111111111,0.2222222222222222,0.2222222222222222,0.1111111111111111,0.3333333333333333,0.3333333333333333,0.1111111111111111,0.3333333333333333,0.3333333333333333,0.2222222222222222,0.2222222222222222,0.2222222222222222,0.4444444444444444,0.3333333333333333,0.3333333333333333,0.2222222222222222,0.3333333333333333,0.1111111111111111,0.1111111111111111,0.3333333333333333,0.3333333333333333,0.1111111111111111,0.4444444444444444,0.0,0.2222222222222222
P-1671,0.0,0.0,0.4444444444444444,0.1111111111111111,0.3333333333333333,0.2222222222222222,0.1111111111111111,0.3333333333333333,0.2222222222222222,0.0,0.0,0.4444444444444444,0.4444444444444444,0.0,0.0,0.1111111111111111,0.1111111111111111,0.3333333333333333,0.0,0.0,0.4444444444444444,0.3333333333333333,0.1111111111111111,0.1111111111111111,0.4444444444444444,0.0,0.0,0.3333333333333333,0.1111111111111111,0.1111111111111111,0.0,0.0,0.0,0.1111111111111111,0.2222222222222222,0.2222222222222222,0.0,0.2222222222222222,0.0
P-1672,0.3333333333333333,0.1111111111111111,0.2222222222222222,0.1111111111111111,0.2222222222222222,0.4444444444444444,0.1111111111111111,0.4444444444444444,0.2222222222222222,0.1111111111111111,0.4444444444444444,0.1111111111111111,0.5555555555555556,0.0,0.0,0.1111111111111111,0.3333333333333333,0.0,0.1111111111111111,0.4444444444444444,0.1111111111111111,0.1111111111111111,0.4444444444444444,0.2222222222222222,0.2222222222222222,0.3333333333333333,0.1111111111111111,0.1111111111111111,0.2222222222222222,0.4444444444444444,0.2222222222222222,0.0,0.2222222222222222,0.2222222222222222,0.4444444444444444,0.1111111111111111,0.0,0.1111111111111111,0.4444444444444444
P-1673,0.1111111111111111,0.3333333333333333,0.4444444444444444,0.3333333333333333,0.1111111111111111,0.1111111111111111,0.6666666666666666,0.2222222222222222,0.0,0.1111111111111111,0.3333333333333333,0.5555555555555556,0.5555555555555556,0.1111111111111111,0.1111111111111111,0.1111111111111111,0.4444444444444444,0.3333333333333333,0.0,0.2222222222222222,0.4444444444444444,0.2222222222222222,0.2222222222222222,0.3333333333333333,0.4444444444444444,0.4444444444444444,0.0,0.3333333333333333,0.1111111111111111,0.4444444444444444,0.2222222222222222,0.0,0.0,0.6666666666666666,0.1111111111111111,0.1111111111111111,0.3333333333333333,0.4444444444444444,0.1111111111111111
P-1674,0.1111111111111111,0.1111111111111111,0.3333333333333333,0.0,0.4444444444444444,0.0,0.0,0.4444444444444444,0.0,0.0,0.3333333333333333,0.0,0.1111111111111111,0.2222222222222222,0.0,0.3333333333333333,0.3333333333333333,0.1111111111111111,0.1111111111111111,0.1111111111111111,0.2222222222222222,0.1111111111111111,0.2222222222222222,0.3333333333333333,0.2222222222222222,0.1111111111111111,0.1111111111111111,0.2222222222222222,0.2222222222222222,0.3333333333333333,0.0,0.0,0.2222222222222222,0.4444444444444444,0.0,0.1111111111111111,0.1111111111111111,0.3333333333333333,0.1111111111111111
P-1675,0.6666666666666666,0.0,0.0,0.4444444444444444,0.2222222222222222,0.0,0.0,0.2222222222222222,0.0,0.4444444444444444,0.2222222222222222,0.0,0.4444444444444444,0.0,0.0,0.4444444444444444,0.0,0.0,0.3333333333333333,0.1111111111111111,0.3333333333333333,0.1111111111111111,0.3333333333333333,0.1111111111111111,0.0,0.2222222222222222,0.4444444444444444,0.1111111111111111,0.3333333333333333,0.1111111111111111,0.1111111111111111,0.1111111111111111,0.3333333333333333,0.0,0.4444444444444444,0.4444444444444444,0.2222222222222222,0.0,0.4444444444444444
P-1676,0.4444444444444444,0.2222222222222222,0.0,0.1111111111111111,0.5555555555555556,0.0,0.0,0.5555555555555556,0.0,0.2222222222222222,0.4444444444444444,0.1111111111111111,0.6666666666666666,0.0,0.0,0.3333333333333333,0.2222222222222222,0.0,0.1111111111111111,0.3333333333333333,0.3333333333333333,0.2222222222222222,0.1111111111111111,0.2222222222222222,0.1111111111111111,0.4444444444444444,0.2222222222222222,0.2222222222222222,0.1111111111111111,0.2222222222222222,0.0,0.0,0.0,0.1111111111111111,0.2222222222222222,0.2222222222222222,0.4444444444444444,0.1111111111111111,0.2222222222222222
P-1677,0.5555555555555556,0.0,0.0,0.0,0.5555555555555556,0.0,0.0,0.5555555555555556,0.0,0.1111111111111111,0.2222222222222222,0.1111111111111111,0.3333333333333333,0.0,0.0,0.2222222222222222,0.0,0.0,0.2222222222222222,0.1111111111111111,0.2222222222222222,0.3333333333333333,0.1111111111111111,0.2222222222222222,0.1111111111111111,0.2222222222222222,0.3333333333333333,0.1111111111111111,0.1111111111111111,0.2222222222222222,0.0,0.0,0.0,0.1111111111111111,0.2222222222222222,0.2222222222222222,0.1111111111111111,0.1111111111111111,0.4444444444444444
P-1678,0.6666666666666666,0.0,0.0,0.0,0.6666666666666666,0.0,0.0,0.6666666666666666,0.0,0.1111111111111111,0.3333333333333333,0.1111111111111111,0.4444444444444444,0.0,0.0,0.2222222222222222,0.0,0.0,0.2222222222222222,0.2222222222222222,0.2222222222222222,0.3333333333333333,0.1111111111111111,0.3333333333333333,0.1111111111111111,0.3333333333333333,0.3333333333333333,0.1111111111111111,0.1111111111111111,0.3333333333333333,0.0,0.0,0.0,0.2222222222222222,0.2222222222222222,0.2222222222222222,0.1111111111111111,0.1111111111111111,0.5555555555555556
P-1679,0.4444444444444444,0.0,0.0,0.0,0.6666666666666666,0.0,0.0,0.6666666666666666,0.0,0.2222222222222222,0.4444444444444444,0.2222222222222222,0.6666666666666666,0.0,0.0,0.4444444444444444,0.0,0.0,0.3333333333333333,0.3333333333333333,0.3333333333333333,0.1111111111111111,0.3333333333333333,0.3333333333333333,0.3333333333333333,0.3333333333333333,0.1111111111111111,0.1111111111111111,0.3333333333333333,0.3333333333333333,0.0,0.0,0.0,0.2222222222222222,0.2222222222222222,0.4444444444444444,0.1111111111111111,0.3333333333333333,0.3333333333333333
P-1680,0.5555555555555556,0.0,0.0,0.0,0.5555555555555556,0.0,0.0,0.5555555555555556,0.0,0.1111111111111111,0.4444444444444444,0.1111111111111111,0.5555555555555556,0.0,0.0,0.2222222222222222,0.0,0.0,0.1111111111111111,0.3333333333333333,0.2222222222222222,0.1111111111111111,0.1111111111111111,0.4444444444444444,0.1111111111111111,0.4444444444444444,0.1111111111111111,0.1111111111111111,0.1111111111111111,0.4444444444444444,0.0,0.0,0.0,0.3333333333333333,0.1111111111111111,0.2222222222222222,0.1111111111111111,0.1111111111111111,0.4444444444444444
P-1681,0.6666666666666666,0.0,0.0,0.0,0.6666666666666666,0.0,0.0,0.6666666666666666,0.0,0.1111111111111111,0.3333333333333333,0.1111111111111111,0.4444444444444444,0.0,0.0,0.2222222222222222,0.0,0.0,0.2222222222222222,0.2222222222222222,0.2222222222222222,0.3333333333333333,0.1111111111111111,0.3333333333333333,0.1111111111111111,0.3333333333333333,0.3333333333333333,0.1111111111111111,0.1111111111111111,0.3333333333333333,0.0,0.0,0.0,0.2222222222222222,0.2222222222222222,0.2222222222222222,0.1111111111111111,0.1111111111111111,0.5555555555555556
P-1682,0.2222222222222222,0.0,0.1111111111111111,0.3333333333333333,0.1111111111111111,0.1111111111111111,0.1111111111111111,0.1111111111111111,0.1111111111111111,0.2222222222222222,0.2222222222222222,0.0,0.2222222222222222,0.0,0.1111111111111111,0.1111111111111111,0.0,0.1111111111111111,0.2222222222222222,0.2222222222222222,0.0,0.0,0.2222222222222222,0.4444444444444444,0.1111111111111111,0.1111111111111111,0.1111111111111111,0.0,0.2222222222222222,0.4444444444444444,0.2222222222222222,0.0,0.0,0.4444444444444444,0.2222222222222222,0.0,0.1111111111111111,0.2222222222222222,0.1111111111111111
P-1683,0.3333333333333333,0.1111111111111111,0.4444444444444444,0.2222222222222222,0.4444444444444444,0.3333333333333333,0.1111111111111111,0.5555555555555556,0.0,0.1111111111111111,0.3333333333333333,0.3333333333333333,0.3333333333333333,0.3333333333333333,0.1111111111111111,0.3333333333333333,0.0,0.5555555555555556,0.1111111111111111,0.3333333333333333,0.3333333333333333,0.5555555555555556,0.1111111111111111,0.1111111111111111,0.4444444444444444,0.2222222222222222,0.2222222222222222,0.5555555555555556,0.1111111111111111,0.1111111111111111,0.2222222222222222,0.0,0.0,0.2222222222222222,0.3333333333333333,0.3333333333333333,0.3333333333333333,0.3333333333333333,0.1111111111111111
P-1684,0.3333333333333333,0.0,0.0,0.0,0.5555555555555556,0.0,0.0,0.5555555555555556,0.0,0.2222222222222222,0.3333333333333333,0.2222222222222222,0.5555555555555556,0.0,0.0,0.4444444444444444,0.0,0.0,0.2222222222222222,0.3333333333333333,0.2222222222222222,0.1111111111111111,0.3333333333333333,0.2222222222222222,0.3333333333333333,0.2222222222222222,0.1111111111111111,0.1111111111111111,0.3333333333333333,0.2222222222222222,0.0,0.0,0.0,0.2222222222222222,0.1111111111111111,0.3333333333333333,0.1111111111111111,0.3333333333333333,0.2222222222222222
P-1685,0.4444444444444444,0.0,0.0,0.0,0.1111111111111111,0.0,0.0,0.1111111111111111,0.0,0.3333333333333333,0.1111111111111111,0.0,0.1111111111111111,0.0,0.0,0.5555555555555556,0.0,0.0,0.3333333333333333,0.1111111111111111,0.0,0.4444444444444444,0.1111111111111111,0.0,0.1111111111111111,0.0,0.4444444444444444,0.4444444444444444,0.1111111111111111,0.0,0.0,0.0,0.0,0.0,0.4444444444444444,0.1111111111111111,0.3333333333333333,0.0,0.1111111111111111
P-1686,0.0,0.0,0.5,0.2,0.2,0.2,0.2,0.3,0.1,0.0,0.0,0.5,0.3,0.1,0.1,0.0,0.0,0.5,0.0,0.0,0.4,0.5,0.0,0.2,0.5,0.0,0.0,0.5,0.0,0.2,0.0,0.0,0.0,0.2,0.1,0.3,0.0,0.2,0.0
P-1687,0.2,0.2,0.2,0.3,0.1,0.3,0.1,0.3,0.1,0.3,0.1,0.3,0.3,0.1,0.2,0.2,0.2,0.2,0.1,0.1,0.3,0.3,0.0,0.4,0.2,0.2,0.2,0.4,0.0,0.4,0.2,0.0,0.0,0.5,0.1,0.1,0.3,0.1,0.1
P-1688,0.1,0.3,0.3,0.1,0.1,0.3,0.1,0.1,0.3,0.1,0.5,0.1,0.5,0.1,0.0,0.1,0.5,0.1,0.0,0.4,0.2,0.3,0.0,0.4,0.3,0.3,0.1,0.2,0.0,0.4,0.2,0.0,0.2,0.5,0.3,0.1,0.4,0.4,0.0
P-1690,0.0,0.0,0.6,0.5,0.0,0.0,0.6,0.0,0.0,0.2,0.2,0.4,0.5,0.0,0.0,0.0,0.0,0.6,0.0,0.0,0.5,0.6,0.0,0.0,0.6,0.0,0.0,0.6,0.0,0.0,0.0,0.0,0.0,0.4,0.1,0.2,0.0,0.4,0.0
P-1691,0.2,0.2,0.0,0.2,0.2,0.2,0.1,0.3,0.1,0.2,0.2,0.2,0.2,0.2,0.2,0.4,0.2,0.0,0.1,0.1,0.3,0.2,0.2,0.4,0.2,0.2,0.2,0.2,0.2,0.4,0.2,0.0,0.0,0.4,0.2,0.2,0.4,0.2,0.0
P-1692,0.2,0.1,0.1,0.3,0.0,0.4,0.2,0.1,0.3,0.2,0.1,0.1,0.3,0.0,0.2,0.1,0.1,0.1,0.0,0.3,0.0,0.2,0.1,0.4,0.1,0.1,0.1,0.2,0.1,0.4,0.2,0.0,0.1,0.2,0.1,0.0,0.2,0.0,0.1
P-1693,0.0,0.0,0.2,0.0,0.2,0.0,0.0,0.2,0.0,0.0,0.2,0.0,0.0,0.2,0.5,0.0,0.0,0.2,0.0,0.2,0.0,0.1,0.1,0.5,0.2,0.0,0.0,0.1,0.1,0.5,0.0,0.0,0.0,0.5,0.0,0.2,0.0,0.2,0.0
P-1694,0.3,0.2,0.0,0.4,0.1,0.1,0.2,0.1,0.1,0.4,0.2,0.0,0.2,0.2,0.0,0.3,0.2,0.0,0.1,0.3,0.1,0.2,0.1,0.2,0.0,0.2,0.3,0.2,0.1,0.2,0.3,0.0,0.2,0.1,0.4,0.1,0.3,0.1,0.2
P-1695,0.1,0.5,0.0,0.3,0.0,0.2,0.3,0.0,0.2,0.1,0.5,0.0,0.5,0.0,0.2,0.1,0.5,0.0,0.1,0.5,0.0,0.1,0.2,0.5,0.0,0.5,0.1,0.1,0.2,0.5,0.5,0.1,0.1,0.3,0.2,0.1,0.5,0.0,0.1
P-1696,0.1,0.0,0.3,0.1,0.4,0.0,0.1,0.4,0.0,0.1,0.4,0.1,0.3,0.2,0.0,0.3,0.0,0.3,0.2,0.1,0.4,0.2,0.4,0.1,0.5,0.0,0.1,0.2,0.4,0.1,0.0,0.0,0.2,0.0,0.2,0.4,0.0,0.2,0.1
P-1699,0.2,0.3,0.1,0.1,0.3,0.1,0.1,0.3,0.1,0.2,0.4,0.0,0.1,0.3,0.1,0.2,0.3,0.1,0.1,0.3,0.1,0.2,0.2,0.2,0.1,0.3,0.2,0.3,0.1,0.3,0.0,0.0,0.3,0.1,0.1,0.3,0.5,0.1,0.0
P-1700,0.2,0.3,0.1,0.1,0.3,0.1,0.1,0.3,0.1,0.2,0.4,0.0,0.1,0.3,0.1,0.2,0.3,0.1,0.0,0.2,0.2,0.4,0.2,0.2,0.1,0.3,0.2,0.3,0.1,0.3,0.0,0.0,0.1,0.1,0.1,0.3,0.5,0.1,0.0
P-1701,0.1,0.2,0.2,0.0,0.4,0.2,0.0,0.4,0.2,0.1,0.3,0.1,0.2,0.2,0.2,0.2,0.3,0.1,0.0,0.2,0.2,0.2,0.4,0.2,0.2,0.2,0.1,0.2,0.2,0.4,0.0,0.0,0.1,0.1,0.1,0.3,0.3,0.3,0.0
P-1702,0.0,0.6,0.3,0.1,0.2,0.4,0.3,0.6,0.0,0.0,0.3,0.6,0.3,0.4,0.0,0.0,0.6,0.3,0.1,0.6,0.1,0.2,0.1,0.3,0.3,0.6,0.0,0.2,0.1,0.3,0.4,0.0,0.0,0.5,0.1,0.2,0.6,0.1,0.0
P-1703,0.18181818181818182,0.0,0.5454545454545454,0.7272727272727273,0.0,0.0,0.7272727272727273,0.0,0.0,0.2727272727272727,0.2727272727272727,0.2727272727272727,0.5454545454545454,0.0,0.0,0.18181818181818182,0.0,0.5454545454545454,0.09090909090909091,0.09090909090909091,0.45454545454545453,0.6363636363636364,0.09090909090909091,0.09090909090909091,0.5454545454545454,0.0,0.18181818181818182,0.6363636363636364,0.09090909090909091,0.09090909090909091,0.18181818181818182,0.0,0.0,0.36363636363636365,0.0,0.18181818181818182,0.09090909090909091,0.45454545454545453,0.09090909090909091
P-1704,0.1,0.1,0.1,0.2,0.2,0.1,0.2,0.2,0.1,0.0,0.2,0.0,0.2,0.0,0.3,0.0,0.2,0.0,0.0,0.2,0.0,0.1,0.3,0.2,0.0,0.2,0.0,0.1,0.3,0.2,0.0,0.2,0.2,0.3,0.3,0.1,0.1,0.1,0.1
P-1705,0.0,0.0,0.4,0.0,0.5,0.2,0.0,0.7,0.0,0.0,0.5,0.2,0.4,0.1,0.1,0.3,0.0,0.4,0.1,0.2,0.3,0.4,0.3,0.0,0.7,0.0,0.0,0.5,0.2,0.1,0.0,0.0,0.0,0.1,0.1,0.2,0.0,0.2,0.0
P-1706,0.2,0.0,0.1,0.4,0.2,0.1,0.2,0.2,0.1,0.3,0.1,0.1,0.6,0.0,0.0,0.3,0.0,0.1,0.3,0.1,0.5,0.1,0.3,0.2,0.2,0.0,0.2,0.2,0.2,0.3,0.0,0.0,0.0,0.1,0.5,0.1,0.1,0.2,0.1
P-1709,0.09090909090909091,0.5454545454545454,0.09090909090909091,0.18181818181818182,0.36363636363636365,0.2727272727272727,0.18181818181818182,0.36363636363636365,0.2727272727272727,0.09090909090909091,0.5454545454545454,0.09090909090909091,0.45454545454545453,0.18181818181818182,0.09090909090909091,0.18181818181818182,0.6363636363636364,0.0,0.09090909090909091,0.5454545454545454,0.09090909090909091,0.2727272727272727,0.09090909090909091,0.09090909090909091,0.0,0.6363636363636364,0.18181818181818182,0.36363636363636365,0.0,0.18181818181818182,0.09090909090909091,0.0,0.5454545454545454,0.2727272727272727,0.18181818181818182,0.18181818181818182,0.5454545454545454,0.09090909090909091,0.09090909090909091
P-1710,0.0,0.09090909090909091,0.45454545454545453,0.09090909090909091,0.2727272727272727,0.09090909090909091,0.09090909090909091,0.2727272727272727,0.09090909090909091,0.18181818181818182,0.2727272727272727,0.09090909090909091,0.2727272727272727,0.09090909090909091,0.09090909090909091,0.09090909090909091,0.36363636363636365,0.18181818181818182,0.18181818181818182,0.2727272727272727,0.09090909090909091,0.18181818181818182,0.09090909090909091,0.2727272727272727,0.2727272727272727,0.09090909090909091,0.0,0.18181818181818182,0.09090909090909091,0.2727272727272727,0.0,0.0,0.0,0.2727272727272727,0.18181818181818182,0.09090909090909091,0.09090909090909091,0.5454545454545454,0.0
P-1712,0.09090909090909091,0.2727272727272727,0.45454545454545453,0.45454545454545453,0.09090909090909091,0.18181818181818182,0.36363636363636365,0.18181818181818182,0.09090909090909091,0.18181818181818182,0.5454545454545454,0.18181818181818182,0.6363636363636364,0.2727272727272727,0.0,0.18181818181818182,0.36363636363636365,0.36363636363636365,0.0,0.5454545454545454,0.36363636363636365,0.45454545454545453,0.09090909090909091,0.18181818181818182,0.45454545454545453,0.2727272727272727,0.09090909090909091,0.45454545454545453,0.09090909090909091,0.18181818181818182,0.18181818181818182,0.0,0.18181818181818182,0.2727272727272727,0.36363636363636365,0.36363636363636365,0.36363636363636365,0.2727272727272727,0.0
P-1714,0.45454545454545453,0.2727272727272727,0.09090909090909091,0.5454545454545454,0.09090909090909091,0.09090909090909091,0.5454545454545454,0.09090909090909091,0.09090909090909091,0.45454545454545453,0.2727272727272727,0.09090909090909091,0.18181818181818182,0.18181818181818182,0.0,0.45454545454545453,0.2727272727272727,0.09090909090909091,0.45454545454545453,0.2727272727272727,0.09090909090909091,0.18181818181818182,0.2727272727272727,0.18181818181818182,0.09090909090909091,0.2727272727272727,0.45454545454545453,0.18181818181818182,0.2727272727272727,0.18181818181818182,0.45454545454545453,0.0,0.2727272727272727,0.2727272727272727,0.5454545454545454,0.09090909090909091,0.7272727272727273,0.0,0.0
P-1715,0.09090909090909091,0.18181818181818182,0.18181818181818182,0.2727272727272727,0.09090909090909091,0.45454545454545453,0.09090909090909091,0.09090909090909091,0.45454545454545453,0.18181818181818182,0.2727272727272727,0.09090909090909091,0.2727272727272727,0.36363636363636365,0.18181818181818182,0.09090909090909091,0.2727272727272727,0.09090909090909091,0.09090909090909091,0.18181818181818182,0.45454545454545453,0.09090909090909091,0.2727272727272727,0.2727272727272727,0.18181818181818182,0.18181818181818182,0.18181818181818182,0.09090909090909091,0.09090909090909091,0.45454545454545453,0.2727272727272727,0.0,0.0,0.18181818181818182,0.36363636363636365,0.18181818181818182,0.2727272727272727,0.09090909090909091,0.0
P-1718,0.09090909090909091,0.18181818181818182,0.36363636363636365,0.2727272727272727,0.2727272727272727,0.09090909090909091,0.18181818181818182,0.36363636363636365,0.0,0.0,0.2727272727272727,0.2727272727272727,0.36363636363636365,0.18181818181818182,0.18181818181818182,0.09090909090909091,0.18181818181818182,0.36363636363636365,0.09090909090909091,0.09090909090909091,0.45454545454545453,0.36363636363636365,0.09090909090909091,0.09090909090909091,0.36363636363636365,0.18181818181818182,0.09090909090909091,0.36363636363636365,0.09090909090909091,0.09090909090909091,0.0,0.0,0.0,0.18181818181818182,0.18181818181818182,0.5454545454545454,0.18181818181818182,0.09090909090909091,0.09090909090909091
P-1719,0.09090909090909091,0.09090909090909091,0.45454545454545453,0.18181818181818182,0.18181818181818182,0.2727272727272727,0.09090909090909091,0.36363636363636365,0.09090909090909091,0.18181818181818182,0.2727272727272727,0.2727272727272727,0.6363636363636364,0.0,0.0,0.18181818181818182,0.2727272727272727,0.2727272727272727,0.0,0.5454545454545454,0.09090909090909091,0.36363636363636365,0.18181818181818182,0.18181818181818182,0.45454545454545453,0.09090909090909091,0.09090909090909091,0.2727272727272727,0.18181818181818182,0.18181818181818182,0.18181818181818182,0.0,0.0,0.18181818181818182,0.45454545454545453,0.0,0.18181818181818182,0.6363636363636364,0.0
P-1721,0.09090909090909091,0.2727272727272727,0.18181818181818182,0.2727272727272727,0.18181818181818182,0.2727272727272727,0.2727272727272727,0.2727272727272727,0.2727272727272727,0.09090909090909091,0.36363636363636365,0.09090909090909091,0.18181818181818182,0.2727272727272727,0.18181818181818182,0.2727272727272727,0.2727272727272727,0.09090909090909091,0.09090909090909091,0.36363636363636365,0.09090909090909091,0.45454545454545453,0.18181818181818182,0.09090909090909091,0.18181818181818182,0.2727272727272727,0.09090909090909091,0.18181818181818182,0.09090909090909091,0.18181818181818182,0.18181818181818182,0.0,0.0,0.6363636363636364,0.09090909090909091,0.18181818181818182,0.2727272727272727,0.18181818181818182,0.09090909090909091
P-1722,0.2727272727272727,0.18181818181818182,0.09090909090909091,0.18181818181818182,0.18181818181818182,0.18181818181818182,0.0,0.2727272727272727,0.09090909090909091,0.18181818181818182,0.18181818181818182,0.09090909090909091,0.36363636363636365,0.09090909090909091,0.2727272727272727,0.2727272727272727,0.18181818181818182,0.09090909090909091,0.0,0.45454545454545453,0.0,0.2727272727272727,0.09090909090909091,0.0,0.09090909090909091,0.18181818181818182,0.2727272727272727,0.2727272727272727,0.09090909090909091,0.0,0.09090909090909091,0.0,0.18181818181818182,0.18181818181818182,0.2727272727272727,0.09090909090909091,0.36363636363636365,0.09090909090909091,0.09090909090909091
P-1723,0.18181818181818182,0.0,0.5454545454545454,0.7272727272727273,0.0,0.0,0.7272727272727273,0.0,0.0,0.2727272727272727,0.2727272727272727,0.2727272727272727,0.5454545454545454,0.0,0.0,0.18181818181818182,0.0,0.5454545454545454,0.09090909090909091,0.09090909090909091,0.45454545454545453,0.6363636363636364,0.09090909090909091,0.09090909090909091,0.5454545454545454,0.0,0.18181818181818182,0.6363636363636364,0.09090909090909091,0.09090909090909091,0.18181818181818182,0.0,0.0,0.36363636363636365,0.0,0.18181818181818182,0.09090909090909091,0.45454545454545453,0.09090909090909091
P-1728,0.5,0.16666666666666666,0.16666666666666666,0.16666666666666666,0.08333333333333333,0.25,0.16666666666666666,0.3333333333333333,0.0,0.25,0.08333333333333333,0.25,0.5833333333333334,0.16666666666666666,0.16666666666666666,0.3333333333333333,0.3333333333333333,0.0,0.0,0.5,0.25,0.08333333333333333,0.25,0.25,0.0,0.3333333333333333,0.3333333333333333,0.08333333333333333,0.25,0.25,0.5,0.0,0.0,0.25,0.16666666666666666,0.08333333333333333,0.5,0.16666666666666666,0.16666666666666666
P-1730,0.08333333333333333,0.16666666666666666,0.5,0.0,0.5,0.0,0.0,0.3333333333333333,0.0,0.0,0.5,0.0,0.08333333333333333,0.4166666666666667,0.08333333333333333,0.25,0.3333333333333333,0.16666666666666666,0.08333333333333333,0.3333333333333333,0.16666666666666666,0.08333333333333333,0.4166666666666667,0.25,0.3333333333333333,0.16666666666666666,0.08333333333333333,0.08333333333333333,0.4166666666666667,0.25,0.0,0.0,0.25,0.3333333333333333,0.0,0.25,0.16666666666666666,0.5,0.08333333333333333
P-1731,0.3333333333333333,0.16666666666666666,0.16666666666666666,0.16666666666666666,0.25,0.08333333333333333,0.08333333333333333,0.3333333333333333,0.0,0.3333333333333333,0.16666666666666666,0.16666666666666666,0.16666666666666666,0.16666666666666666,0.3333333333333333,0.25,0.25,0.08333333333333333,0.25,0.25,0.08333333333333333,0.16666666666666666,0.25,0.16666666666666666,0.08333333333333333,0.25,0.25,0.16666666666666666,0.25,0.16666666666666666,0.16666666666666666,0.08333333333333333,0.3333333333333333,0.3333333333333333,0.25,0.16666666666666666,0.4166666666666667,0.08333333333333333,0.08333333333333333
P-1733,0.08333333333333333,0.16666666666666666,0.3333333333333333,0.5,0.0,0.0,0.5,0.0,0.0,0.08333333333333333,0.3333333333333333,0.16666666666666666,0.5,0.0,0.0,0.08333333333333333,0.16666666666666666,0.3333333333333333,0.0,0.08333333333333333,0.4166666666666667,0.4166666666666667,0.0,0.0,0.3333333333333333,0.16666666666666666,0.08333333333333333,0.4166666666666667,0.0,0.0,0.0,0.0,0.08333333333333333,0.16666666666666666,0.08333333333333333,0.3333333333333333,0.16666666666666666,0.25,0.08333333333333333
P-1734,0.3333333333333333,0.3333333333333333,0.25,0.16666666666666666,0.5,0.16666666666666666,0.25,0.5833333333333334,0.08333333333333333,0.0,0.6666666666666666,0.16666666666666666,0.5833333333333334,0.25,0.0,0.25,0.3333333333333333,0.25,0.08333333333333333,0.75,0.08333333333333333,0.25,0.25,0.3333333333333333,0.3333333333333333,0.5,0.16666666666666666,0.25,0.25,0.3333333333333333,0.3333333333333333,0.0,0.16666666666666666,0.25,0.08333333333333333,0.4166666666666667,0.3333333333333333,0.25,0.3333333333333333
P-1736,0.16666666666666666,0.25,0.3333333333333333,0.25,0.4166666666666667,0.0,0.25,0.25,0.0,0.0,0.5833333333333334,0.0,0.25,0.3333333333333333,0.0,0.3333333333333333,0.08333333333333333,0.3333333333333333,0.25,0.3333333333333333,0.25,0.3333333333333333,0.3333333333333333,0.08333333333333333,0.3333333333333333,0.25,0.16666666666666666,0.3333333333333333,0.3333333333333333,0.08333333333333333,0.08333333333333333,0.0,0.3333333333333333,0.0,0.16666666666666666,0.5,0.25,0.3333333333333333,0.16666666666666666
P-1737,0.08333333333333333,0.08333333333333333,0.3333333333333333,0.16666666666666666,0.25,0.0,0.16666666666666666,0.25,0.0,0.08333333333333333,0.16666666666666666,0.25,0.4166666666666667,0.0,0.0,0.16666666666666666,0.16666666666666666,0.25,0.25,0.08333333333333333,0.3333333333333333,0.3333333333333333,0.08333333333333333,0.08333333333333333,0.3333333333333333,0.08333333333333333,0.08333333333333333,0.3333333333333333,0.08333333333333333,0.08333333333333333,0.0,0.0,0.0,0.16666666666666666,0.08333333333333333,0.25,0.08333333333333333,0.16666666666666666,0.08333333333333333
P-1738,0.25,0.4166666666666667,0.08333333333333333,0.25,0.25,0.3333333333333333,0.16666666666666666,0.16666666666666666,0.25,0.16666666666666666,0.5,0.0,0.25,0.25,0.08333333333333333,0.25,0.25,0.08333333333333333,0.16666666666666666,0.5,0.0,0.25,0.4166666666666667,0.16666666666666666,0.08333333333333333,0.4166666666666667,0.25,0.16666666666666666,0.3333333333333333,0.25,0.3333333333333333,0.16666666666666666,0.16666666666666666,0.25,0.5833333333333334,0.08333333333333333,0.3333333333333333,0.08333333333333333,0.3333333333333333
P-1739,0.3333333333333333,0.25,0.25,0.3333333333333333,0.16666666666666666,0.16666666666666666,0.3333333333333333,0.16666666666666666,0.16666666666666666,0.25,0.3333333333333333,0.0,0.16666666666666666,0.16666666666666666,0.16666666666666666,0.3333333333333333,0.4166666666666667,0.08333333333333333,0.25,0.08333333333333333,0.25,0.3333333333333333,0.25,0.25,0.08333333333333333,0.25,0.3333333333333333,0.25,0.16666666666666666,0.3333333333333333,0.16666666666666666,0.0,0.0,0.08333333333333333,0.25,0.25,0.4166666666666667,0.3333333333333333,0.16666666666666666
P-1740,0.25,0.25,0.25,0.4166666666666667,0.08333333333333333,0.25,0.5,0.16666666666666666,0.16666666666666666,0.08333333333333333,0.4166666666666667,0.08333333333333333,0.5,0.0,0.16666666666666666,0.25,0.25,0.25,0.16666666666666666,0.16666666666666666,0.3333333333333333,0.4166666666666667,0.08333333333333333,0.08333333333333333,0.25,0.25,0.25,0.4166666666666667,0.08333333333333333,0.08333333333333333,0.0,0.0,0.0,0.4166666666666667,0.08333333333333333,0.25,0.25,0.25,0.25
P-1744,0.08333333333333333,0.25,0.08333333333333333,0.16666666666666666,0.16666666666666666,0.16666666666666666,0.16666666666666666,0.16666666666666666,0.16666666666666666,0.16666666666666666,0.3333333333333333,0.0,0.25,0.25,0.08333333333333333,0.0,0.3333333333333333,0.0,0.0,0.16666666666666666,0.3333333333333333,0.3333333333333333,0.16666666666666666,0.16666666666666666,0.08333333333333333,0.25,0.08333333333333333,0.25,0.08333333333333333,0.25,0.0,0.0,0.16666666666666666,0.08333333333333333,0.4166666666666667,0.25,0.25,0.08333333333333333,0.08333333333333333
P-1745,0.16666666666666666,0.16666666666666666,0.16666666666666666,0.3333333333333333,0.0,0.3333333333333333,0.25,0.08333333333333333,0.25,0.16666666666666666,0.16666666666666666,0.16666666666666666,0.3333333333333333,0.0,0.16666666666666666,0.08333333333333333,0.25,0.08333333333333333,0.0,0.3333333333333333,0.0,0.25,0.08333333333333333,0.4166666666666667,0.08333333333333333,0.25,0.08333333333333333,0.25,0.08333333333333333,0.4166666666666667,0.16666666666666666,0.0,0.16666666666666666,0.25,0.08333333333333333,0.08333333333333333,0.25,0.08333333333333333,0.08333333333333333
P-1746,0.07692307692307693,0.15384615384615385,0.46153846153846156,0.0,0.15384615384615385,0.46153846153846156,0.23076923076923078,0.15384615384615385,0.15384615384615385,0.0,0.23076923076923078,0.38461538461538464,0.15384615384615385,0.23076923076923078,0.23076923076923078,0.3076923076923077,0.23076923076923078,0.07692307692307693,0.0,0.38461538461538464,0.0,0.0,0.23076923076923078,0.15384615384615385,0.23076923076923078,0.38461538461538464,0.0,0.0,0.23076923076923078,0.15384615384615385,0.23076923076923078,0.0,0.0,0.6153846153846154,0.0,0.15384615384615385,0.15384615384615385,0.38461538461538464,0.07692307692307693
P-1747,0.23076923076923078,0.15384615384615385,0.3076923076923077,0.15384615384615385,0.15384615384615385,0.3076923076923077,0.3076923076923077,0.07692307692307693,0.07692307692307693,0.15384615384615385,0.23076923076923078,0.23076923076923078,0.3076923076923077,0.23076923076923078,0.07692307692307693,0.5384615384615384,0.15384615384615385,0.0,0.0,0.5384615384615384,0.0,0.15384615384615385,0.23076923076923078,0.15384615384615385,0.15384615384615385,0.3076923076923077,0.23076923076923078,0.15384615384615385,0.23076923076923078,0.15384615384615385,0.23076923076923078,0.0,0.15384615384615385,0.46153846153846156,0.0,0.15384615384615385,0.3076923076923077,0.38461538461538464,0.07692307692307693
P-1748,0.15384615384615385,0.23076923076923078,0.38461538461538464,0.07692307692307693,0.23076923076923078,0.38461538461538464,0.15384615384615385,0.23076923076923078,0.07692307692307693,0.07692307692307693,0.3076923076923077,0.3076923076923077,0.23076923076923078,0.3076923076923077,0.15384615384615385,0.46153846153846156,0.23076923076923078,0.07692307692307693,0.0,0.5384615384615384,0.0,0.07692307692307693,0.3076923076923077,0.23076923076923078,0.23076923076923078,0.38461538461538464,0.15384615384615385,0.07692307692307693,0.3076923076923077,0.23076923076923078,0.23076923076923078,0.0,0.15384615384615385,0.6153846153846154,0.0,0.15384615384615385,0.38461538461538464,0.3076923076923077,0.0
P-1749,0.15384615384615385,0.23076923076923078,0.38461538461538464,0.15384615384615385,0.15384615384615385,0.46153846153846156,0.23076923076923078,0.15384615384615385,0.15384615384615385,0.15384615384615385,0.23076923076923078,0.38461538461538464,0.23076923076923078,0.3076923076923077,0.15384615384615385,0.38461538461538464,0.3076923076923077,0.0,0.0,0.5384615384615384,0.0,0.07692307692307693,0.15384615384615385,0.23076923076923078,0.15384615384615385,0.46153846153846156,0.07692307692307693,0.07692307692307693,0.15384615384615385,0.23076923076923078,0.23076923076923078,0.0,0.15384615384615385,0.6923076923076923,0.07692307692307693,0.07692307692307693,0.3076923076923077,0.5384615384615384,0.07692307692307693
P-1750,0.15384615384615385,0.23076923076923078,0.38461538461538464,0.15384615384615385,0.15384615384615385,0.3076923076923077,0.3076923076923077,0.07692307692307693,0.07692307692307693,0.15384615384615385,0.23076923076923078,0.38461538461538464,0.23076923076923078,0.3076923076923077,0.15384615384615385,0.3076923076923077,0.23076923076923078,0.07692307692307693,0.0,0.5384615384615384,0.0,0.07692307692307693,0.15384615384615385,0.23076923076923078,0.15384615384615385,0.46153846153846156,0.07692307692307693,0.07692307692307693,0.15384615384615385,0.23076923076923078,0.23076923076923078,0.0,0.15384615384615385,0.5384615384615384,0.07692307692307693,0.07692307692307693,0.3076923076923077,0.5384615384615384,0.07692307692307693
P-1751,0.15384615384615385,0.15384615384615385,0.46153846153846156,0.07692307692307693,0.23076923076923078,0.38461538461538464,0.15384615384615385,0.15384615384615385,0.15384615384615385,0.07692307692307693,0.23076923076923078,0.38461538461538464,0.23076923076923078,0.23076923076923078,0.23076923076923078,0.3076923076923077,0.3076923076923077,0.0,0.0,0.46153846153846156,0.0,0.07692307692307693,0.23076923076923078,0.23076923076923078,0.23076923076923078,0.38461538461538464,0.07692307692307693,0.07692307692307693,0.23076923076923078,0.23076923076923078,0.15384615384615385,0.0,0.15384615384615385,0.6153846153846154,0.0,0.15384615384615385,0.23076923076923078,0.38461538461538464,0.07692307692307693
P-1752,0.15384615384615385,0.23076923076923078,0.38461538461538464,0.07692307692307693,0.23076923076923078,0.38461538461538464,0.23076923076923078,0.15384615384615385,0.15384615384615385,0.07692307692307693,0.3076923076923077,0.3076923076923077,0.23076923076923078,0.3076923076923077,0.15384615384615385,0.38461538461538464,0.3076923076923077,0.0,0.0,0.5384615384615384,0.0,0.07692307692307693,0.15384615384615385,0.23076923076923078,0.15384615384615385,0.46153846153846156,0.07692307692307693,0.07692307692307693,0.15384615384615385,0.23076923076923078,0.23076923076923078,0.0,0.15384615384615385,0.6153846153846154,0.0,0.15384615384615385,0.3076923076923077,0.38461538461538464,0.07692307692307693
P-1753,0.15384615384615385,0.23076923076923078,0.38461538461538464,0.07692307692307693,0.23076923076923078,0.38461538461538464,0.15384615384615385,0.23076923076923078,0.23076923076923078,0.07692307692307693,0.3076923076923077,0.15384615384615385,0.23076923076923078,0.3076923076923077,0.15384615384615385,0.38461538461538464,0.3076923076923077,0.0,0.0,0.5384615384615384,0.0,0.07692307692307693,0.15384615384615385,0.23076923076923078,0.15384615384615385,0.3076923076923077,0.07692307692307693,0.07692307692307693,0.15384615384615385,0.23076923076923078,0.23076923076923078,0.0,0.15384615384615385,0.46153846153846156,0.0,0.15384615384615385,0.3076923076923077,0.38461538461538464,0.07692307692307693
P-1754,0.0,0.0,0.46153846153846156,0.15384615384615385,0.3076923076923077,0.15384615384615385,0.15384615384615385,0.3076923076923077,0.15384615384615385,0.15384615384615385,0.0,0.46153846153846156,0.46153846153846156,0.0,0.0,0.07692307692307693,0.07692307692307693,0.38461538461538464,0.07692307692307693,0.07692307692307693,0.38461538461538464,0.38461538461538464,0.07692307692307693,0.07692307692307693,0.46153846153846156,0.0,0.0,0.38461538461538464,0.07692307692307693,0.07692307692307693,0.0,0.0,0.0,0.15384615384615385,0.3076923076923077,0.15384615384615385,0.0,0.3076923076923077,0.0
P-1755,0.07692307692307693,0.3076923076923077,0.3076923076923077,0.5384615384615384,0.23076923076923078,0.07692307692307693,0.5384615384615384,0.23076923076923078,0.07692307692307693,0.15384615384615385,0.6153846153846154,0.0,0.38461538461538464,0.38461538461538464,0.07692307692307693,0.07692307692307693,0.3076923076923077,0.3076923076923077,0.0,0.23076923076923078,0.5384615384615384,0.38461538461538464,0.07692307692307693,0.23076923076923078,0.3076923076923077,0.3076923076923077,0.07692307692307693,0.38461538461538464,0.07692307692307693,0.23076923076923078,0.15384615384615385,0.0,0.07692307692307693,0.15384615384615385,0.0,0.23076923076923078,0.3076923076923077,0.3076923076923077,0.07692307692307693
P-1756,0.15384615384615385,0.3076923076923077,0.15384615384615385,0.07692307692307693,0.38461538461538464,0.23076923076923078,0.07692307692307693,0.38461538461538464,0.23076923076923078,0.07692307692307693,0.38461538461538464,0.07692307692307693,0.3076923076923077,0.15384615384615385,0.3076923076923077,0.07692307692307693,0.38461538461538464,0.07692307692307693,0.15384615384615385,0.46153846153846156,0.0,0.23076923076923078,0.15384615384615385,0.3076923076923077,0.07692307692307693,0.38461538461538464,0.07692307692307693,0.23076923076923078,0.15384615384615385,0.3076923076923077,0.15384615384615385,0.0,0.3076923076923077,0.23076923076923078,0.15384615384615385,0.23076923076923078,0.3076923076923077,0.15384615384615385,0.15384615384615385
P-1758,0.3076923076923077,0.15384615384615385,0.07692307692307693,0.46153846153846156,0.0,0.07692307692307693,0.23076923076923078,0.0,0.07692307692307693,0.3076923076923077,0.15384615384615385,0.07692307692307693,0.38461538461538464,0.07692307692307693,0.0,0.3076923076923077,0.15384615384615385,0.07692307692307693,0.23076923076923078,0.38461538461538464,0.07692307692307693,0.15384615384615385,0.23076923076923078,0.0,0.07692307692307693,0.15384615384615385,0.3076923076923077,0.15384615384615385,0.23076923076923078,0.0,0.3076923076923077,0.0,0.15384615384615385,0.15384615384615385,0.38461538461538464,0.07692307692307693,0.15384615384615385,0.15384615384615385,0.3076923076923077
P-1759,0.15384615384615385,0.5384615384615384,0.15384615384615385,0.46153846153846156,0.15384615384615385,0.07692307692307693,0.5384615384615384,0.15384615384615385,0.07692307692307693,0.07692307692307693,0.5384615384615384,0.15384615384615385,0.6923076923076923,0.0,0.0,0.15384615384615385,0.5384615384615384,0.15384615384615385,0.07692307692307693,0.6153846153846154,0.07692307692307693,0.3076923076923077,0.0,0.07692307692307693,0.15384615384615385,0.5384615384615384,0.15384615384615385,0.3076923076923077,0.0,0.07692307692307693,0.07692307692307693,0.0,0.46153846153846156,0.38461538461538464,0.07692307692307693,0.23076923076923078,0.6153846153846154,0.07692307692307693,0.07692307692307693
P-1760,0.07692307692307693,0.07692307692307693,0.23076923076923078,0.3076923076923077,0.0,0.0,0.15384615384615385,0.0,0.0,0.07692307692307693,0.07692307692307693,0.23076923076923078,0.46153846153846156,0.0,0.0,0.0,0.15384615384615385,0.15384615384615385,0.0,0.15384615384615385,0.3076923076923077,0.07692307692307693,0.07692307692307693,0.0,0.15384615384615385,0.15384615384615385,0.0,0.07692307692307693,0.07692307692307693,0.0,0.15384615384615385,0.0,0.0,0.07692307692307693,0.3076923076923077,0.0,0.0,0.07692307692307693,0.15384615384615385
P-1763,0.23076923076923078,0.46153846153846156,0.07692307692307693,0.3076923076923077,0.15384615384615385,0.3076923076923077,0.3076923076923077,0.23076923076923078,0.23076923076923078,0.15384615384615385,0.46153846153846156,0.07692307692307693,0.38461538461538464,0.3076923076923077,0.0,0.15384615384615385,0.5384615384615384,0.0,0.07692307692307693,0.46153846153846156,0.23076923076923078,0.15384615384615385,0.15384615384615385,0.38461538461538464,0.0,0.5384615384615384,0.15384615384615385,0.07692307692307693,0.07692307692307693,0.46153846153846156,0.38461538461538464,0.0,0.15384615384615385,0.3076923076923077,0.07692307692307693,0.23076923076923078,0.6153846153846154,0.07692307692307693,0.07692307692307693
P-1764,0.15384615384615385,0.23076923076923078,0.15384615384615385,0.15384615384615385,0.3076923076923077,0.15384615384615385,0.15384615384615385,0.3076923076923077,0.15384615384615385,0.15384615384615385,0.23076923076923078,0.3076923076923077,0.38461538461538464,0.15384615384615385,0.15384615384615385,0.3076923076923077,0.23076923076923078,0.15384615384615385,0.23076923076923078,0.15384615384615385,0.38461538461538464,0.3076923076923077,0.15384615384615385,0.23076923076923078,0.3076923076923077,0.23076923076923078,0.15384615384615385,0.3076923076923077,0.15384615384615385,0.23076923076923078,0.07692307692307693,0.0,0.3076923076923077,0.07692307692307693,0.0,0.46153846153846156,0.38461538461538464,0.15384615384615385,0.0
P-1765,0.07692307692307693,0.23076923076923078,0.3076923076923077,0.46153846153846156,0.23076923076923078,0.07692307692307693,0.46153846153846156,0.23076923076923078,0.07692307692307693,0.15384615384615385,0.5384615384615384,0.0,0.38461538461538464,0.3076923076923077,0.0,0.07692307692307693,0.23076923076923078,0.3076923076923077,0.0,0.15384615384615385,0.5384615384615384,0.3076923076923077,0.07692307692307693,0.23076923076923078,0.3076923076923077,0.23076923076923078,0.07692307692307693,0.3076923076923077,0.07692307692307693,0.23076923076923078,0.15384615384615385,0.0,0.0,0.15384615384615385,0.0,0.15384615384615385,0.23076923076923078,0.3076923076923077,0.07692307692307693
P-1766,0.0,0.0,0.2857142857142857,0.35714285714285715,0.14285714285714285,0.0,0.14285714285714285,0.14285714285714285,0.0,0.0,0.0,0.2857142857142857,0.5,0.0,0.0,0.0,0.0,0.2857142857142857,0.0,0.0,0.5,0.2857142857142857,0.0,0.0,0.2857142857142857,0.0,0.0,0.2857142857142857,0.0,0.0,0.0,0.0,0.0,0.07142857142857142,0.42857142857142855,0.07142857142857142,0.0,0.0,0.0
P-1768,0.2857142857142857,0.21428571428571427,0.07142857142857142,0.21428571428571427,0.42857142857142855,0.07142857142857142,0.21428571428571427,0.42857142857142855,0.07142857142857142,0.14285714285714285,0.35714285714285715,0.0,0.21428571428571427,0.2857142857142857,0.0,0.21428571428571427,0.21428571428571427,0.07142857142857142,0.14285714285714285,0.5,0.0,0.14285714285714285,0.2857142857142857,0.35714285714285715,0.14285714285714285,0.21428571428571427,0.14285714285714285,0.14285714285714285,0.2857142857142857,0.35714285714285715,0.14285714285714285,0.0,0.35714285714285715,0.14285714285714285,0.21428571428571427,0.21428571428571427,0.21428571428571427,0.07142857142857142,0.2857142857142857
P-1769,0.21428571428571427,0.2857142857142857,0.2857142857142857,0.2857142857142857,0.21428571428571427,0.21428571428571427,0.14285714285714285,0.35714285714285715,0.07142857142857142,0.07142857142857142,0.2857142857142857,0.2857142857142857,0.5,0.14285714285714285,0.14285714285714285,0.14285714285714285,0.42857142857142855,0.14285714285714285,0.0,0.5,0.14285714285714285,0.2857142857142857,0.14285714285714285,0.21428571428571427,0.14285714285714285,0.42857142857142855,0.14285714285714285,0.2857142857142857,0.14285714285714285,0.21428571428571427,0.14285714285714285,0.0,0.35714285714285715,0.35714285714285715,0.21428571428571427,0.07142857142857142,0.42857142857142855,0.14285714285714285,0.07142857142857142
P-1770,0.14285714285714285,0.21428571428571427,0.21428571428571427,0.42857142857142855,0.0,0.2857142857142857,0.35714285714285715,0.07142857142857142,0.21428571428571427,0.14285714285714285,0.21428571428571427,0.21428571428571427,0.42857142857142855,0.0,0.14285714285714285,0.07142857142857142,0.2857142857142857,0.14285714285714285,0.0,0.35714285714285715,0.07142857142857142,0.2857142857142857,0.07142857142857142,0.35714285714285715,0.14285714285714285,0.2857142857142857,0.07142857142857142,0.2857142857142857,0.07142857142857142,0.35714285714285715,0.14285714285714285,0.0,0.21428571428571427,0.2857142857142857,0.07142857142857142,0.14285714285714285,0.2857142857142857,0.07142857142857142,0.07142857142857142
P-1771,0.35714285714285715,0.14285714285714285,0.14285714285714285,0.21428571428571427,0.21428571428571427,0.07142857142857142,0.21428571428571427,0.21428571428571427,0.07142857142857142,0.42857142857142855,0.21428571428571427,0.21428571428571427,0.42857142857142855,0.0,0.0,0.2857142857142857,0.21428571428571427,0.07142857142857142,0.21428571428571427,0.42857142857142855,0.0,0.21428571428571427,0.2857142857142857,0.14285714285714285,0.14285714285714285,0.2857142857142857,0.21428571428571427,0.21428571428571427,0.2857142857142857,0.14285714285714285,0.21428571428571427,0.07142857142857142,0.2857142857142857,0.2857142857142857,0.35714285714285715,0.14285714285714285,0.14285714285714285,0.21428571428571427,0.35714285714285715
P-1772,0.21428571428571427,0.35714285714285715,0.07142857142857142,0.07142857142857142,0.35714285714285715,0.07142857142857142,0.07142857142857142,0.35714285714285715,0.07142857142857142,0.21428571428571427,0.35714285714285715,0.07142857142857142,0.21428571428571427,0.21428571428571427,0.07142857142857142,0.21428571428571427,0.35714285714285715,0.07142857142857142,0.07142857142857142,0.21428571428571427,0.21428571428571427,0.35714285714285715,0.07142857142857142,0.14285714285714285,0.07142857142857142,0.35714285714285715,0.21428571428571427,0.42857142857142855,0.0,0.21428571428571427,0.0,0.0,0.2857142857142857,0.07142857142857142,0.21428571428571427,0.21428571428571427,0.5714285714285714,0.0,0.0
P-1773,0.21428571428571427,0.35714285714285715,0.07142857142857142,0.07142857142857142,0.35714285714285715,0.07142857142857142,0.07142857142857142,0.35714285714285715,0.07142857142857142,0.21428571428571427,0.35714285714285715,0.07142857142857142,0.21428571428571427,0.21428571428571427,0.07142857142857142,0.21428571428571427,0.35714285714285715,0.07142857142857142,0.0,0.14285714285714285,0.2857142857142857,0.5,0.07142857142857142,0.14285714285714285,0.07142857142857142,0.35714285714285715,0.21428571428571427,0.42857142857142855,0.0,0.21428571428571427,0.0,0.0,0.14285714285714285,0.07142857142857142,0.21428571428571427,0.21428571428571427,0.5714285714285714,0.0,0.0
P-1774,0.14285714285714285,0.2857142857142857,0.14285714285714285,0.0,0.42857142857142855,0.14285714285714285,0.0,0.42857142857142855,0.14285714285714285,0.14285714285714285,0.2857142857142857,0.14285714285714285,0.2857142857142857,0.14285714285714285,0.14285714285714285,0.21428571428571427,0.35714285714285715,0.07142857142857142,0.0,0.14285714285714285,0.2857142857142857,0.35714285714285715,0.21428571428571427,0.14285714285714285,0.14285714285714285,0.2857142857142857,0.14285714285714285,0.35714285714285715,0.07142857142857142,0.2857142857142857,0.0,0.0,0.14285714285714285,0.07142857142857142,0.21428571428571427,0.21428571428571427,0.42857142857142855,0.14285714285714285,0.0
P-1775,0.21428571428571427,0.42857142857142855,0.14285714285714285,0.14285714285714285,0.2857142857142857,0.42857142857142855,0.07142857142857142,0.35714285714285715,0.35714285714285715,0.21428571428571427,0.42857142857142855,0.14285714285714285,0.35714285714285715,0.2857142857142857,0.0,0.07142857142857142,0.5,0.07142857142857142,0.14285714285714285,0.5,0.14285714285714285,0.21428571428571427,0.21428571428571427,0.21428571428571427,0.07142857142857142,0.5,0.21428571428571427,0.14285714285714285,0.14285714285714285,0.2857142857142857,0.35714285714285715,0.14285714285714285,0.2857142857142857,0.35714285714285715,0.21428571428571427,0.07142857142857142,0.42857142857142855,0.14285714285714285,0.21428571428571427
P-1776,0.14285714285714285,0.14285714285714285,0.14285714285714285,0.07142857142857142,0.21428571428571427,0.2857142857142857,0.07142857142857142,0.21428571428571427,0.2857142857142857,0.35714285714285715,0.21428571428571427,0.07142857142857142,0.2857142857142857,0.0,0.14285714285714285,0.14285714285714285,0.14285714285714285,0.14285714285714285,0.35714285714285715,0.21428571428571427,0.07142857142857142,0.14285714285714285,0.0,0.14285714285714285,0.14285714285714285,0.14285714285714285,0.14285714285714285,0.14285714285714285,0.0,0.14285714285714285,0.0,0.0,0.2857142857142857,0.21428571428571427,0.14285714285714285,0.0,0.2857142857142857,0.2857142857142857,0.0
P-1777,0.35714285714285715,0.07142857142857142,0.35714285714285715,0.21428571428571427,0.07142857142857142,0.42857142857142855,0.0,0.2857142857142857,0.07142857142857142,0.21428571428571427,0.07142857142857142,0.35714285714285715,0.42857142857142855,0.0,0.2857142857142857,0.35714285714285715,0.07142857142857142,0.21428571428571427,0.07142857142857142,0.35714285714285715,0.07142857142857142,0.5,0.21428571428571427,0.14285714285714285,0.35714285714285715,0.07142857142857142,0.35714285714285715,0.5,0.21428571428571427,0.14285714285714285,0.14285714285714285,0.0,0.14285714285714285,0.35714285714285715,0.07142857142857142,0.07142857142857142,0.2857142857142857,0.21428571428571427,0.14285714285714285
P-1778,0.2857142857142857,0.2857142857142857,0.21428571428571427,0.35714285714285715,0.21428571428571427,0.0,0.35714285714285715,0.21428571428571427,0.0,0.0,0.5,0.0,0.42857142857142855,0.07142857142857142,0.07142857142857142,0.21428571428571427,0.2857142857142857,0.21428571428571427,0.14285714285714285,0.42857142857142855,0.07142857142857142,0.2857142857142857,0.35714285714285715,0.21428571428571427,0.21428571428571427,0.2857142857142857,0.2857142857142857,0.21428571428571427,0.35714285714285715,0.21428571428571427,0.35714285714285715,0.07142857142857142,0.07142857142857142,0.21428571428571427,0.5,0.14285714285714285,0.21428571428571427,0.14285714285714285,0.35714285714285715
P-1779,0.21428571428571427,0.21428571428571427,0.21428571428571427,0.35714285714285715,0.14285714285714285,0.07142857142857142,0.5714285714285714,0.21428571428571427,0.0,0.21428571428571427,0.21428571428571427,0.35714285714285715,0.35714285714285715,0.07142857142857142,0.07142857142857142,0.21428571428571427,0.2857142857142857,0.14285714285714285,0.07142857142857142,0.21428571428571427,0.21428571428571427,0.14285714285714285,0.2857142857142857,0.2857142857142857,0.21428571428571427,0.35714285714285715,0.07142857142857142,0.2857142857142857,0.21428571428571427,0.35714285714285715,0.21428571428571427,0.07142857142857142,0.07142857142857142,0.42857142857142855,0.2857142857142857,0.21428571428571427,0.2857142857142857,0.2857142857142857,0.14285714285714285
P-1780,0.21428571428571427,0.14285714285714285,0.2857142857142857,0.35714285714285715,0.0,0.2857142857142857,0.2857142857142857,0.2857142857142857,0.0,0.07142857142857142,0.07142857142857142,0.5,0.42857142857142855,0.14285714285714285,0.0,0.21428571428571427,0.14285714285714285,0.2857142857142857,0.14285714285714285,0.35714285714285715,0.21428571428571427,0.2857142857142857,0.21428571428571427,0.0,0.35714285714285715,0.21428571428571427,0.14285714285714285,0.2857142857142857,0.21428571428571427,0.0,0.35714285714285715,0.0,0.0,0.42857142857142855,0.21428571428571427,0.14285714285714285,0.2857142857142857,0.21428571428571427,0.07142857142857142
P-1781,0.2857142857142857,0.14285714285714285,0.14285714285714285,0.07142857142857142,0.6428571428571429,0.07142857142857142,0.07142857142857142,0.7142857142857143,0.0,0.21428571428571427,0.42857142857142855,0.0,0.2857142857142857,0.14285714285714285,0.0,0.2857142857142857,0.14285714285714285,0.14285714285714285,0.2857142857142857,0.2857142857142857,0.14285714285714285,0.14285714285714285,0.42857142857142855,0.0,0.2857142857142857,0.14285714285714285,0.2857142857142857,0.2857142857142857,0.2857142857142857,0.14285714285714285,0.14285714285714285,0.0,0.2857142857142857,0.0,0.2857142857142857,0.2857142857142857,0.14285714285714285,0.2857142857142857,0.2857142857142857
P-1783,0.14285714285714285,0.14285714285714285,0.21428571428571427,0.21428571428571427,0.0,0.42857142857142855,0.14285714285714285,0.07142857142857142,0.35714285714285715,0.21428571428571427,0.14285714285714285,0.21428571428571427,0.35714285714285715,0.0,0.14285714285714285,0.07142857142857142,0.21428571428571427,0.14285714285714285,0.14285714285714285,0.21428571428571427,0.14285714285714285,0.2857142857142857,0.21428571428571427,0.21428571428571427,0.14285714285714285,0.21428571428571427,0.21428571428571427,0.2857142857142857,0.07142857142857142,0.35714285714285715,0.14285714285714285,0.0,0.14285714285714285,0.21428571428571427,0.21428571428571427,0.14285714285714285,0.21428571428571427,0.14285714285714285,0.07142857142857142
P-1784,0.14285714285714285,0.14285714285714285,0.21428571428571427,0.35714285714285715,0.0,0.2857142857142857,0.2857142857142857,0.07142857142857142,0.21428571428571427,0.21428571428571427,0.14285714285714285,0.21428571428571427,0.35714285714285715,0.0,0.14285714285714285,0.07142857142857142,0.21428571428571427,0.14285714285714285,0.07142857142857142,0.2857142857142857,0.07142857142857142,0.2857142857142857,0.07142857142857142,0.35714285714285715,0.14285714285714285,0.21428571428571427,0.07142857142857142,0.2857142857142857,0.07142857142857142,0.35714285714285715,0.14285714285714285,0.0,0.14285714285714285,0.21428571428571427,0.07142857142857142,0.14285714285714285,0.21428571428571427,0.14285714285714285,0.07142857142857142
P-1786,0.21428571428571427,0.07142857142857142,0.2857142857142857,0.2857142857142857,0.07142857142857142,0.21428571428571427,0.21428571428571427,0.14285714285714285,0.14285714285714285,0.21428571428571427,0.14285714285714285,0.21428571428571427,0.35714285714285715,0.0,0.14285714285714285,0.07142857142857142,0.21428571428571427,0.14285714285714285,0.14285714285714285,0.21428571428571427,0.14285714285714285,0.42857142857142855,0.07142857142857142,0.21428571428571427,0.21428571428571427,0.14285714285714285,0.14285714285714285,0.2857142857142857,0.07142857142857142,0.21428571428571427,0.0,0.0,0.14285714285714285,0.21428571428571427,0.21428571428571427,0.14285714285714285,0.14285714285714285,0.21428571428571427,0.14285714285714285
P-1787,0.14285714285714285,0.14285714285714285,0.21428571428571427,0.2857142857142857,0.07142857142857142,0.35714285714285715,0.21428571428571427,0.14285714285714285,0.2857142857142857,0.21428571428571427,0.14285714285714285,0.21428571428571427,0.35714285714285715,0.0,0.14285714285714285,0.07142857142857142,0.21428571428571427,0.14285714285714285,0.14285714285714285,0.21428571428571427,0.14285714285714285,0.35714285714285715,0.14285714285714285,0.2857142857142857,0.14285714285714285,0.21428571428571427,0.21428571428571427,0.2857142857142857,0.07142857142857142,0.35714285714285715,0.14285714285714285,0.0,0.14285714285714285,0.21428571428571427,0.21428571428571427,0.14285714285714285,0.21428571428571427,0.14285714285714285,0.07142857142857142
P-1788,0.14285714285714285,0.14285714285714285,0.21428571428571427,0.35714285714285715,0.0,0.42857142857142855,0.2857142857142857,0.07142857142857142,0.35714285714285715,0.2857142857142857,0.21428571428571427,0.14285714285714285,0.5,0.0,0.14285714285714285,0.07142857142857142,0.21428571428571427,0.14285714285714285,0.07142857142857142,0.2857142857142857,0.21428571428571427,0.35714285714285715,0.14285714285714285,0.2857142857142857,0.21428571428571427,0.14285714285714285,0.14285714285714285,0.2857142857142857,0.07142857142857142,0.35714285714285715,0.14285714285714285,0.0,0.14285714285714285,0.14285714285714285,0.14285714285714285,0.21428571428571427,0.21428571428571427,0.14285714285714285,0.07142857142857142
P-1790,0.2,0.4,0.13333333333333333,0.4,0.13333333333333333,0.26666666666666666,0.4666666666666667,0.13333333333333333,0.26666666666666666,0.13333333333333333,0.4666666666666667,0.06666666666666667,0.4,0.2,0.2,0.13333333333333333,0.4666666666666667,0.06666666666666667,0.06666666666666667,0.4,0.2,0.06666666666666667,0.26666666666666666,0.4666666666666667,0.0,0.5333333333333333,0.06666666666666667,0.06666666666666667,0.13333333333333333,0.6,0.26666666666666666,0.06666666666666667,0.2,0.4,0.13333333333333333,0.26666666666666666,0.4666666666666667,0.13333333333333333,0.13333333333333333
P-1791,0.0,0.0,0.5333333333333333,0.2,0.26666666666666666,0.13333333333333333,0.26666666666666666,0.26666666666666666,0.13333333333333333,0.13333333333333333,0.06666666666666667,0.4666666666666667,0.4666666666666667,0.0,0.0,0.06666666666666667,0.06666666666666667,0.4666666666666667,0.06666666666666667,0.13333333333333333,0.3333333333333333,0.3333333333333333,0.2,0.06666666666666667,0.5333333333333333,0.0,0.0,0.3333333333333333,0.2,0.06666666666666667,0.0,0.0,0.0,0.13333333333333333,0.3333333333333333,0.13333333333333333,0.0,0.3333333333333333,0.0
P-1792,0.06666666666666667,0.26666666666666666,0.26666666666666666,0.4666666666666667,0.2,0.06666666666666667,0.4666666666666667,0.2,0.06666666666666667,0.13333333333333333,0.5333333333333333,0.0,0.3333333333333333,0.3333333333333333,0.06666666666666667,0.06666666666666667,0.26666666666666666,0.26666666666666666,0.0,0.2,0.4666666666666667,0.3333333333333333,0.06666666666666667,0.2,0.26666666666666666,0.26666666666666666,0.06666666666666667,0.3333333333333333,0.06666666666666667,0.2,0.13333333333333333,0.0,0.06666666666666667,0.13333333333333333,0.0,0.2,0.26666666666666666,0.26666666666666666,0.06666666666666667
P-1793,0.13333333333333333,0.3333333333333333,0.06666666666666667,0.3333333333333333,0.06666666666666667,0.2,0.3333333333333333,0.2,0.06666666666666667,0.06666666666666667,0.2,0.2,0.3333333333333333,0.2,0.2,0.26666666666666666,0.3333333333333333,0.06666666666666667,0.06666666666666667,0.3333333333333333,0.2,0.3333333333333333,0.2,0.2,0.06666666666666667,0.3333333333333333,0.26666666666666666,0.3333333333333333,0.2,0.2,0.26666666666666666,0.0,0.2,0.4,0.4,0.13333333333333333,0.4,0.13333333333333333,0.06666666666666667
P-1794,0.06666666666666667,0.4,0.13333333333333333,0.3333333333333333,0.13333333333333333,0.26666666666666666,0.26666666666666666,0.13333333333333333,0.13333333333333333,0.26666666666666666,0.4666666666666667,0.06666666666666667,0.4,0.2,0.06666666666666667,0.26666666666666666,0.3333333333333333,0.06666666666666667,0.13333333333333333,0.3333333333333333,0.26666666666666666,0.2,0.2,0.2,0.13333333333333333,0.4,0.06666666666666667,0.2,0.2,0.2,0.2,0.06666666666666667,0.26666666666666666,0.26666666666666666,0.2,0.26666666666666666,0.4666666666666667,0.13333333333333333,0.0
P-1795,0.3333333333333333,0.2,0.2,0.2,0.2,0.2,0.13333333333333333,0.26666666666666666,0.13333333333333333,0.26666666666666666,0.26666666666666666,0.13333333333333333,0.26666666666666666,0.13333333333333333,0.26666666666666666,0.2,0.3333333333333333,0.06666666666666667,0.2,0.3333333333333333,0.06666666666666667,0.2,0.2,0.2,0.06666666666666667,0.3333333333333333,0.2,0.2,0.2,0.2,0.2,0.06666666666666667,0.3333333333333333,0.3333333333333333,0.2,0.2,0.4,0.13333333333333333,0.13333333333333333
P-1797,0.13333333333333333,0.0,0.3333333333333333,0.3333333333333333,0.13333333333333333,0.13333333333333333,0.26666666666666666,0.2,0.06666666666666667,0.13333333333333333,0.0,0.3333333333333333,0.26666666666666666,0.06666666666666667,0.06666666666666667,0.13333333333333333,0.0,0.3333333333333333,0.26666666666666666,0.0,0.3333333333333333,0.4,0.06666666666666667,0.2,0.3333333333333333,0.0,0.13333333333333333,0.4,0.06666666666666667,0.2,0.13333333333333333,0.0,0.0,0.13333333333333333,0.26666666666666666,0.2,0.06666666666666667,0.2,0.06666666666666667
P-1798,0.13333333333333333,0.0,0.3333333333333333,0.3333333333333333,0.13333333333333333,0.13333333333333333,0.26666666666666666,0.2,0.06666666666666667,0.13333333333333333,0.0,0.3333333333333333,0.26666666666666666,0.06666666666666667,0.06666666666666667,0.13333333333333333,0.0,0.3333333333333333,0.26666666666666666,0.0,0.3333333333333333,0.4,0.06666666666666667,0.2,0.3333333333333333,0.0,0.13333333333333333,0.4,0.06666666666666667,0.2,0.13333333333333333,0.0,0.0,0.2,0.3333333333333333,0.13333333333333333,0.06666666666666667,0.2,0.06666666666666667
P-1799,0.13333333333333333,0.0,0.3333333333333333,0.3333333333333333,0.13333333333333333,0.13333333333333333,0.26666666666666666,0.2,0.06666666666666667,0.13333333333333333,0.0,0.3333333333333333,0.26666666666666666,0.06666666666666667,0.06666666666666667,0.13333333333333333,0.0,0.3333333333333333,0.26666666666666666,0.0,0.3333333333333333,0.4,0.06666666666666667,0.2,0.3333333333333333,0.0,0.13333333333333333,0.4,0.06666666666666667,0.2,0.13333333333333333,0.0,0.0,0.13333333333333333,0.26666666666666666,0.2,0.06666666666666667,0.2,0.06666666666666667
P-1800,0.26666666666666666,0.26666666666666666,0.06666666666666667,0.06666666666666667,0.4,0.13333333333333333,0.06666666666666667,0.4,0.0,0.13333333333333333,0.26666666666666666,0.2,0.2,0.26666666666666666,0.06666666666666667,0.3333333333333333,0.2,0.13333333333333333,0.26666666666666666,0.26666666666666666,0.2,0.13333333333333333,0.26666666666666666,0.0,0.13333333333333333,0.3333333333333333,0.2,0.13333333333333333,0.2,0.06666666666666667,0.13333333333333333,0.0,0.13333333333333333,0.2,0.06666666666666667,0.4,0.26666666666666666,0.13333333333333333,0.26666666666666666
P-1801,0.26666666666666666,0.26666666666666666,0.13333333333333333,0.06666666666666667,0.4666666666666667,0.06666666666666667,0.0,0.4,0.0,0.13333333333333333,0.3333333333333333,0.2,0.2,0.3333333333333333,0.06666666666666667,0.3333333333333333,0.2,0.06666666666666667,0.26666666666666666,0.3333333333333333,0.2,0.13333333333333333,0.26666666666666666,0.0,0.2,0.3333333333333333,0.2,0.13333333333333333,0.26666666666666666,0.0,0.13333333333333333,0.0,0.13333333333333333,0.2,0.06666666666666667,0.4666666666666667,0.26666666666666666,0.2,0.26666666666666666
P-1802,0.26666666666666666,0.26666666666666666,0.13333333333333333,0.06666666666666667,0.4666666666666667,0.06666666666666667,0.0,0.4,0.0,0.2,0.4,0.13333333333333333,0.26666666666666666,0.26666666666666666,0.0,0.3333333333333333,0.2,0.06666666666666667,0.26666666666666666,0.3333333333333333,0.2,0.13333333333333333,0.26666666666666666,0.0,0.2,0.3333333333333333,0.2,0.13333333333333333,0.26666666666666666,0.0,0.13333333333333333,0.0,0.13333333333333333,0.2,0.06666666666666667,0.4666666666666667,0.26666666666666666,0.3333333333333333,0.26666666666666666
P-1803,0.3333333333333333,0.26666666666666666,0.06666666666666667,0.3333333333333333,0.26666666666666666,0.3333333333333333,0.13333333333333333,0.3333333333333333,0.26666666666666666,0.4,0.3333333333333333,0.0,0.4,0.2,0.0,0.4,0.3333333333333333,0.0,0.13333333333333333,0.4666666666666667,0.13333333333333333,0.06666666666666667,0.3333333333333333,0.2,0.06666666666666667,0.26666666666666666,0.3333333333333333,0.2,0.2,0.3333333333333333,0.4,0.0,0.06666666666666667,0.3333333333333333,0.26666666666666666,0.13333333333333333,0.3333333333333333,0.13333333333333333,0.26666666666666666
P-1804,0.3333333333333333,0.0,0.2,0.13333333333333333,0.2,0.13333333333333333,0.13333333333333333,0.2,0.13333333333333333,0.3333333333333333,0.13333333333333333,0.06666666666666667,0.26666666666666666,0.06666666666666667,0.06666666666666667,0.4,0.06666666666666667,0.13333333333333333,0.2,0.2,0.13333333333333333,0.2,0.3333333333333333,0.2,0.2,0.0,0.3333333333333333,0.2,0.3333333333333333,0.2,0.26666666666666666,0.0,0.0,0.06666666666666667,0.26666666666666666,0.06666666666666667,0.13333333333333333,0.3333333333333333,0.2
P-1805,0.13333333333333333,0.5333333333333333,0.13333333333333333,0.4,0.13333333333333333,0.13333333333333333,0.4666666666666667,0.2,0.06666666666666667,0.06666666666666667,0.4666666666666667,0.2,0.6,0.06666666666666667,0.0,0.13333333333333333,0.5333333333333333,0.13333333333333333,0.06666666666666667,0.6,0.06666666666666667,0.26666666666666666,0.0,0.2,0.13333333333333333,0.5333333333333333,0.13333333333333333,0.26666666666666666,0.0,0.2,0.13333333333333333,0.0,0.4,0.4,0.06666666666666667,0.2,0.6,0.06666666666666667,0.06666666666666667
P-1807,0.2,0.13333333333333333,0.2,0.3333333333333333,0.06666666666666667,0.2,0.3333333333333333,0.2,0.06666666666666667,0.2,0.26666666666666666,0.2,0.3333333333333333,0.13333333333333333,0.13333333333333333,0.2,0.13333333333333333,0.2,0.06666666666666667,0.4,0.06666666666666667,0.06666666666666667,0.3333333333333333,0.2,0.3333333333333333,0.13333333333333333,0.06666666666666667,0.13333333333333333,0.26666666666666666,0.26666666666666666,0.13333333333333333,0.06666666666666667,0.06666666666666667,0.3333333333333333,0.06666666666666667,0.06666666666666667,0.13333333333333333,0.13333333333333333,0.2
P-1808,0.26666666666666666,0.2,0.26666666666666666,0.2,0.13333333333333333,0.2,0.26666666666666666,0.2,0.13333333333333333,0.2,0.26666666666666666,0.2,0.4,0.2,0.0,0.3333333333333333,0.26666666666666666,0.2,0.13333333333333333,0.4666666666666667,0.13333333333333333,0.4666666666666667,0.2,0.06666666666666667,0.26666666666666666,0.2,0.26666666666666666,0.4666666666666667,0.2,0.06666666666666667,0.26666666666666666,0.0,0.13333333333333333,0.26666666666666666,0.2,0.2,0.3333333333333333,0.13333333333333333,0.13333333333333333
P-1809,0.2,0.06666666666666667,0.13333333333333333,0.2,0.13333333333333333,0.26666666666666666,0.13333333333333333,0.2,0.2,0.26666666666666666,0.06666666666666667,0.13333333333333333,0.2,0.0,0.13333333333333333,0.13333333333333333,0.13333333333333333,0.06666666666666667,0.13333333333333333,0.2,0.0,0.13333333333333333,0.06666666666666667,0.3333333333333333,0.06666666666666667,0.13333333333333333,0.13333333333333333,0.26666666666666666,0.06666666666666667,0.3333333333333333,0.06666666666666667,0.06666666666666667,0.2,0.2,0.06666666666666667,0.0,0.13333333333333333,0.2,0.13333333333333333
P-1810,0.13333333333333333,0.13333333333333333,0.2,0.26666666666666666,0.06666666666666667,0.3333333333333333,0.2,0.13333333333333333,0.26666666666666666,0.13333333333333333,0.2,0.13333333333333333,0.3333333333333333,0.0,0.13333333333333333,0.13333333333333333,0.26666666666666666,0.06666666666666667,0.06666666666666667,0.26666666666666666,0.06666666666666667,0.26666666666666666,0.06666666666666667,0.3333333333333333,0.13333333333333333,0.2,0.06666666666666667,0.26666666666666666,0.06666666666666667,0.3333333333333333,0.06666666666666667,0.06666666666666667,0.2,0.2,0.06666666666666667,0.13333333333333333,0.2,0.13333333333333333,0.06666666666666667
P-1811,0.2,0.06666666666666667,0.26666666666666666,0.26666666666666666,0.06666666666666667,0.3333333333333333,0.2,0.13333333333333333,0.26666666666666666,0.2,0.13333333333333333,0.2,0.3333333333333333,0.0,0.13333333333333333,0.06666666666666667,0.2,0.13333333333333333,0.13333333333333333,0.2,0.13333333333333333,0.26666666666666666,0.06666666666666667,0.3333333333333333,0.2,0.13333333333333333,0.13333333333333333,0.13333333333333333,0.06666666666666667,0.3333333333333333,0.06666666666666667,0.06666666666666667,0.2,0.2,0.06666666666666667,0.13333333333333333,0.13333333333333333,0.2,0.13333333333333333
P-1813,0.2,0.3333333333333333,0.13333333333333333,0.3333333333333333,0.3333333333333333,0.06666666666666667,0.3333333333333333,0.3333333333333333,0.06666666666666667,0.13333333333333333,0.4,0.06666666666666667,0.4666666666666667,0.06666666666666667,0.06666666666666667,0.13333333333333333,0.3333333333333333,0.13333333333333333,0.06666666666666667,0.3333333333333333,0.2,0.2,0.2,0.13333333333333333,0.13333333333333333,0.3333333333333333,0.26666666666666666,0.13333333333333333,0.13333333333333333,0.2,0.13333333333333333,0.0,0.26666666666666666,0.13333333333333333,0.3333333333333333,0.06666666666666667,0.3333333333333333,0.13333333333333333,0.2
P-1814,0.06666666666666667,0.06666666666666667,0.5333333333333333,0.5333333333333333,0.0,0.0,0.6,0.0,0.0,0.13333333333333333,0.26666666666666666,0.3333333333333333,0.5333333333333333,0.0,0.0,0.06666666666666667,0.06666666666666667,0.5333333333333333,0.0,0.0,0.5333333333333333,0.6,0.0,0.0,0.5333333333333333,0.06666666666666667,0.06666666666666667,0.6,0.0,0.0,0.0,0.0,0.0,0.26666666666666666,0.06666666666666667,0.3333333333333333,0.06666666666666667,0.3333333333333333,0.06666666666666667
P-1816,0.1875,0.0625,0.0625,0.375,0.125,0.0625,0.125,0.1875,0.0,0.3125,0.0625,0.125,0.4375,0.0625,0.0625,0.25,0.0625,0.0625,0.125,0.25,0.25,0.1875,0.125,0.0625,0.125,0.0625,0.1875,0.1875,0.125,0.0625,0.0625,0.0625,0.0625,0.0625,0.25,0.125,0.25,0.1875,0.0
P-1817,0.3125,0.0625,0.375,0.3125,0.0625,0.125,0.375,0.1875,0.0,0.3125,0.1875,0.25,0.375,0.0,0.0625,0.3125,0.0625,0.375,0.1875,0.3125,0.0625,0.5625,0.125,0.0625,0.375,0.0625,0.3125,0.5625,0.125,0.0625,0.125,0.0,0.25,0.1875,0.25,0.125,0.375,0.125,0.0
P-1818,0.125,0.4375,0.0625,0.3125,0.125,0.1875,0.3125,0.125,0.1875,0.0625,0.5,0.0625,0.3125,0.25,0.125,0.0625,0.4375,0.0625,0.0625,0.5,0.0625,0.125,0.0625,0.5,0.0625,0.5,0.0625,0.1875,0.0,0.5625,0.1875,0.0625,0.25,0.5,0.0,0.0625,0.3125,0.1875,0.25
P-1819,0.3125,0.1875,0.0625,0.3125,0.3125,0.0625,0.125,0.375,0.0,0.25,0.1875,0.0625,0.0,0.25,0.0,0.4375,0.1875,0.0625,0.4375,0.1875,0.0625,0.1875,0.3125,0.1875,0.0625,0.1875,0.3125,0.3125,0.3125,0.1875,0.25,0.125,0.125,0.1875,0.1875,0.25,0.1875,0.125,0.3125
P-1821,0.0,0.0625,0.0,0.0,0.0,0.375,0.0,0.0625,0.3125,0.0,0.0,0.0625,0.0625,0.0,0.25,0.0,0.0625,0.0,0.0,0.0625,0.0,0.0,0.0,0.0625,0.0,0.0625,0.0,0.0,0.0,0.0625,0.0625,0.0,0.0,0.1875,0.0,0.0,0.0625,0.0,0.0
P-1822,0.125,0.5625,0.125,0.375,0.125,0.1875,0.4375,0.25,0.0625,0.0625,0.4375,0.25,0.625,0.0625,0.0,0.125,0.5625,0.125,0.0625,0.625,0.0625,0.25,0.0,0.25,0.125,0.5625,0.125,0.25,0.0,0.25,0.1875,0.0,0.375,0.375,0.0625,0.1875,0.625,0.0625,0.0625
P-1823,0.375,0.25,0.1875,0.4375,0.25,0.125,0.3125,0.25,0.125,0.125,0.4375,0.125,0.625,0.0625,0.0625,0.25,0.25,0.1875,0.125,0.5625,0.125,0.3125,0.25,0.25,0.1875,0.375,0.25,0.3125,0.25,0.25,0.25,0.0,0.25,0.25,0.25,0.3125,0.375,0.1875,0.25
P-1825,0.25,0.1875,0.0625,0.5,0.1875,0.1875,0.3125,0.3125,0.0625,0.375,0.1875,0.0625,0.5,0.0,0.0,0.375,0.1875,0.0625,0.0,0.3125,0.1875,0.25,0.0625,0.375,0.0625,0.1875,0.25,0.375,0.0625,0.375,0.375,0.0625,0.1875,0.0,0.1875,0.0625,0.4375,0.0625,0.0
P-1826,0.125,0.0,0.4375,0.3125,0.1875,0.125,0.25,0.25,0.0625,0.1875,0.3125,0.1875,0.4375,0.0625,0.0625,0.25,0.0625,0.375,0.0,0.125,0.375,0.4375,0.1875,0.125,0.5,0.0,0.125,0.4375,0.1875,0.125,0.0,0.0,0.0,0.25,0.125,0.25,0.125,0.3125,0.0
P-1827,0.4375,0.125,0.125,0.4375,0.25,0.0625,0.375,0.3125,0.0,0.25,0.4375,0.0,0.4375,0.0,0.0,0.25,0.125,0.125,0.25,0.3125,0.125,0.0625,0.375,0.1875,0.125,0.3125,0.25,0.125,0.3125,0.25,0.25,0.125,0.3125,0.1875,0.1875,0.125,0.1875,0.0625,0.375
P-1828,0.1875,0.1875,0.1875,0.375,0.0625,0.25,0.3125,0.125,0.1875,0.1875,0.25,0.1875,0.4375,0.0,0.125,0.0625,0.25,0.125,0.0625,0.375,0.0625,0.25,0.0625,0.375,0.125,0.3125,0.0625,0.25,0.0625,0.375,0.125,0.0,0.25,0.3125,0.0625,0.125,0.25,0.125,0.125
P-1829,0.0,0.0,0.47058823529411764,0.29411764705882354,0.23529411764705882,0.11764705882352941,0.23529411764705882,0.23529411764705882,0.11764705882352941,0.11764705882352941,0.058823529411764705,0.4117647058823529,0.5294117647058824,0.0,0.0,0.058823529411764705,0.058823529411764705,0.4117647058823529,0.058823529411764705,0.11764705882352941,0.4117647058823529,0.29411764705882354,0.17647058823529413,0.058823529411764705,0.47058823529411764,0.0,0.0,0.29411764705882354,0.17647058823529413,0.058823529411764705,0.0,0.0,0.0,0.11764705882352941,0.4117647058823529,0.11764705882352941,0.0,0.29411764705882354,0.0
P-1830,0.35294117647058826,0.11764705882352941,0.23529411764705882,0.35294117647058826,0.23529411764705882,0.11764705882352941,0.23529411764705882,0.35294117647058826,0.0,0.23529411764705882,0.23529411764705882,0.23529411764705882,0.35294117647058826,0.11764705882352941,0.0,0.35294117647058826,0.11764705882352941,0.23529411764705882,0.23529411764705882,0.35294117647058826,0.11764705882352941,0.23529411764705882,0.35294117647058826,0.11764705882352941,0.29411764705882354,0.17647058823529413,0.29411764705882354,0.23529411764705882,0.35294117647058826,0.11764705882352941,0.35294117647058826,0.0,0.11764705882352941,0.23529411764705882,0.47058823529411764,0.11764705882352941,0.23529411764705882,0.23529411764705882,0.23529411764705882
P-1832,0.11764705882352941,0.29411764705882354,0.23529411764705882,0.11764705882352941,0.4117647058823529,0.17647058823529413,0.11764705882352941,0.4117647058823529,0.17647058823529413,0.058823529411764705,0.47058823529411764,0.058823529411764705,0.4117647058823529,0.11764705882352941,0.23529411764705882,0.058823529411764705,0.35294117647058826,0.17647058823529413,0.11764705882352941,0.4117647058823529,0.11764705882352941,0.4117647058823529,0.11764705882352941,0.23529411764705882,0.17647058823529413,0.35294117647058826,0.058823529411764705,0.4117647058823529,0.11764705882352941,0.23529411764705882,0.11764705882352941,0.0,0.29411764705882354,0.23529411764705882,0.23529411764705882,0.17647058823529413,0.29411764705882354,0.23529411764705882,0.11764705882352941
P-1833,0.23529411764705882,0.29411764705882354,0.17647058823529413,0.058823529411764705,0.47058823529411764,0.058823529411764705,0.058823529411764705,0.47058823529411764,0.058823529411764705,0.0,0.5294117647058824,0.0,0.058823529411764705,0.47058823529411764,0.0,0.23529411764705882,0.35294117647058826,0.11764705882352941,0.17647058823529413,0.47058823529411764,0.058823529411764705,0.29411764705882354,0.17647058823529413,0.23529411764705882,0.23529411764705882,0.29411764705882354,0.23529411764705882,0.23529411764705882,0.11764705882352941,0.29411764705882354,0.11764705882352941,0.0,0.4117647058823529,0.35294117647058826,0.17647058823529413,0.29411764705882354,0.29411764705882354,0.17647058823529413,0.23529411764705882
P-1834,0.058823529411764705,0.11764705882352941,0.47058823529411764,0.5294117647058824,0.0,0.0,0.5882352941176471,0.0,0.0,0.11764705882352941,0.29411764705882354,0.29411764705882354,0.5294117647058824,0.0,0.0,0.058823529411764705,0.11764705882352941,0.47058823529411764,0.0,0.058823529411764705,0.47058823529411764,0.5294117647058824,0.0,0.0,0.47058823529411764,0.11764705882352941,0.058823529411764705,0.5294117647058824,0.0,0.0,0.0,0.0,0.058823529411764705,0.29411764705882354,0.058823529411764705,0.29411764705882354,0.11764705882352941,0.29411764705882354,0.058823529411764705
P-1836,0.11764705882352941,0.29411764705882354,0.23529411764705882,0.11764705882352941,0.35294117647058826,0.17647058823529413,0.11764705882352941,0.35294117647058826,0.17647058823529413,0.058823529411764705,0.47058823529411764,0.058823529411764705,0.47058823529411764,0.058823529411764705,0.23529411764705882,0.058823529411764705,0.35294117647058826,0.17647058823529413,0.11764705882352941,0.4117647058823529,0.11764705882352941,0.4117647058823529,0.058823529411764705,0.29411764705882354,0.17647058823529413,0.35294117647058826,0.058823529411764705,0.4117647058823529,0.058823529411764705,0.29411764705882354,0.17647058823529413,0.0,0.23529411764705882,0.29411764705882354,0.23529411764705882,0.11764705882352941,0.29411764705882354,0.23529411764705882,0.11764705882352941
P-1837,0.17647058823529413,0.29411764705882354,0.23529411764705882,0.35294117647058826,0.11764705882352941,0.23529411764705882,0.4117647058823529,0.29411764705882354,0.058823529411764705,0.17647058823529413,0.29411764705882354,0.29411764705882354,0.5294117647058824,0.058823529411764705,0.23529411764705882,0.35294117647058826,0.29411764705882354,0.23529411764705882,0.0,0.35294117647058826,0.23529411764705882,0.29411764705882354,0.29411764705882354,0.17647058823529413,0.29411764705882354,0.29411764705882354,0.29411764705882354,0.29411764705882354,0.29411764705882354,0.17647058823529413,0.11764705882352941,0.0,0.23529411764705882,0.4117647058823529,0.058823529411764705,0.17647058823529413,0.47058823529411764,0.17647058823529413,0.0
P-1838,0.23529411764705882,0.35294117647058826,0.17647058823529413,0.23529411764705882,0.11764705882352941,0.23529411764705882,0.23529411764705882,0.23529411764705882,0.11764705882352941,0.11764705882352941,0.35294117647058826,0.23529411764705882,0.4117647058823529,0.058823529411764705,0.23529411764705882,0.29411764705882354,0.35294117647058826,0.17647058823529413,0.058823529411764705,0.29411764705882354,0.17647058823529413,0.4117647058823529,0.058823529411764705,0.29411764705882354,0.23529411764705882,0.35294117647058826,0.23529411764705882,0.4117647058823529,0.058823529411764705,0.29411764705882354,0.11764705882352941,0.0,0.11764705882352941,0.4117647058823529,0.17647058823529413,0.17647058823529413,0.47058823529411764,0.058823529411764705,0.11764705882352941
P-1840,0.29411764705882354,0.23529411764705882,0.11764705882352941,0.17647058823529413,0.17647058823529413,0.17647058823529413,0.17647058823529413,0.29411764705882354,0.058823529411764705,0.11764705882352941,0.29411764705882354,0.058823529411764705,0.23529411764705882,0.11764705882352941,0.0,0.23529411764705882,0.29411764705882354,0.058823529411764705,0.4117647058823529,0.23529411764705882,0.11764705882352941,0.17647058823529413,0.11764705882352941,0.23529411764705882,0.11764705882352941,0.23529411764705882,0.29411764705882354,0.23529411764705882,0.058823529411764705,0.29411764705882354,0.17647058823529413,0.058823529411764705,0.23529411764705882,0.17647058823529413,0.11764705882352941,0.17647058823529413,0.23529411764705882,0.17647058823529413,0.29411764705882354
P-1841,0.35294117647058826,0.17647058823529413,0.058823529411764705,0.17647058823529413,0.17647058823529413,0.17647058823529413,0.058823529411764705,0.29411764705882354,0.058823529411764705,0.23529411764705882,0.17647058823529413,0.058823529411764705,0.23529411764705882,0.0,0.0,0.29411764705882354,0.23529411764705882,0.0,0.47058823529411764,0.17647058823529413,0.058823529411764705,0.17647058823529413,0.23529411764705882,0.23529411764705882,0.058823529411764705,0.17647058823529413,0.35294117647058826,0.11764705882352941,0.17647058823529413,0.29411764705882354,0.23529411764705882,0.11764705882352941,0.17647058823529413,0.23529411764705882,0.17647058823529413,0.11764705882352941,0.17647058823529413,0.11764705882352941,0.35294117647058826
P-1843,0.17647058823529413,0.29411764705882354,0.29411764705882354,0.0,0.4117647058823529,0.23529411764705882,0.11764705882352941,0.29411764705882354,0.11764705882352941,0.0,0.35294117647058826,0.17647058823529413,0.11764705882352941,0.4117647058823529,0.17647058823529413,0.17647058823529413,0.35294117647058826,0.11764705882352941,0.11764705882352941,0.35294117647058826,0.17647058823529413,0.29411764705882354,0.23529411764705882,0.29411764705882354,0.23529411764705882,0.29411764705882354,0.17647058823529413,0.11764705882352941,0.17647058823529413,0.35294117647058826,0.11764705882352941,0.0,0.35294117647058826,0.23529411764705882,0.23529411764705882,0.29411764705882354,0.29411764705882354,0.23529411764705882,0.17647058823529413
P-1845,0.11764705882352941,0.29411764705882354,0.23529411764705882,0.11764705882352941,0.35294117647058826,0.23529411764705882,0.11764705882352941,0.35294117647058826,0.23529411764705882,0.058823529411764705,0.47058823529411764,0.058823529411764705,0.4117647058823529,0.11764705882352941,0.23529411764705882,0.058823529411764705,0.35294117647058826,0.17647058823529413,0.11764705882352941,0.4117647058823529,0.11764705882352941,0.4117647058823529,0.058823529411764705,0.23529411764705882,0.17647058823529413,0.35294117647058826,0.058823529411764705,0.4117647058823529,0.058823529411764705,0.23529411764705882,0.17647058823529413,0.0,0.23529411764705882,0.29411764705882354,0.23529411764705882,0.11764705882352941,0.29411764705882354,0.23529411764705882,0.11764705882352941
P-1846,0.23529411764705882,0.11764705882352941,0.23529411764705882,0.11764705882352941,0.35294117647058826,0.17647058823529413,0.058823529411764705,0.4117647058823529,0.11764705882352941,0.23529411764705882,0.35294117647058826,0.0,0.47058823529411764,0.0,0.0,0.35294117647058826,0.23529411764705882,0.11764705882352941,0.17647058823529413,0.058823529411764705,0.4117647058823529,0.35294117647058826,0.11764705882352941,0.058823529411764705,0.23529411764705882,0.11764705882352941,0.23529411764705882,0.4117647058823529,0.058823529411764705,0.11764705882352941,0.0,0.0,0.23529411764705882,0.11764705882352941,0.35294117647058826,0.0,0.23529411764705882,0.29411764705882354,0.11764705882352941
P-1847,0.29411764705882354,0.29411764705882354,0.17647058823529413,0.4117647058823529,0.29411764705882354,0.058823529411764705,0.35294117647058826,0.35294117647058826,0.0,0.29411764705882354,0.4117647058823529,0.058823529411764705,0.35294117647058826,0.23529411764705882,0.0,0.29411764705882354,0.29411764705882354,0.17647058823529413,0.058823529411764705,0.5882352941176471,0.0,0.23529411764705882,0.29411764705882354,0.29411764705882354,0.17647058823529413,0.29411764705882354,0.29411764705882354,0.23529411764705882,0.29411764705882354,0.29411764705882354,0.17647058823529413,0.17647058823529413,0.35294117647058826,0.23529411764705882,0.35294117647058826,0.11764705882352941,0.4117647058823529,0.17647058823529413,0.17647058823529413
P-1848,0.23529411764705882,0.29411764705882354,0.17647058823529413,0.17647058823529413,0.29411764705882354,0.11764705882352941,0.17647058823529413,0.35294117647058826,0.058823529411764705,0.058823529411764705,0.35294117647058826,0.11764705882352941,0.35294117647058826,0.11764705882352941,0.0,0.29411764705882354,0.29411764705882354,0.17647058823529413,0.29411764705882354,0.23529411764705882,0.23529411764705882,0.47058823529411764,0.058823529411764705,0.23529411764705882,0.17647058823529413,0.29411764705882354,0.23529411764705882,0.4117647058823529,0.058823529411764705,0.23529411764705882,0.058823529411764705,0.11764705882352941,0.47058823529411764,0.23529411764705882,0.17647058823529413,0.11764705882352941,0.35294117647058826,0.11764705882352941,0.17647058823529413
P-1849,0.17647058823529413,0.17647058823529413,0.17647058823529413,0.23529411764705882,0.0,0.35294117647058826,0.11764705882352941,0.11764705882352941,0.23529411764705882,0.0,0.0,0.23529411764705882,0.11764705882352941,0.11764705882352941,0.35294117647058826,0.17647058823529413,0.29411764705882354,0.058823529411764705,0.17647058823529413,0.17647058823529413,0.058823529411764705,0.29411764705882354,0.4117647058823529,0.058823529411764705,0.058823529411764705,0.17647058823529413,0.17647058823529413,0.058823529411764705,0.17647058823529413,0.29411764705882354,0.35294117647058826,0.0,0.0,0.17647058823529413,0.17647058823529413,0.058823529411764705,0.35294117647058826,0.11764705882352941,0.0
P-1850,0.058823529411764705,0.058823529411764705,0.35294117647058826,0.23529411764705882,0.29411764705882354,0.058823529411764705,0.23529411764705882,0.29411764705882354,0.058823529411764705,0.11764705882352941,0.4117647058823529,0.11764705882352941,0.4117647058823529,0.11764705882352941,0.0,0.17647058823529413,0.058823529411764705,0.35294117647058826,0.11764705882352941,0.23529411764705882,0.29411764705882354,0.23529411764705882,0.29411764705882354,0.058823529411764705,0.47058823529411764,0.058823529411764705,0.058823529411764705,0.23529411764705882,0.29411764705882354,0.058823529411764705,0.0,0.0,0.11764705882352941,0.17647058823529413,0.17647058823529413,0.29411764705882354,0.058823529411764705,0.35294117647058826,0.058823529411764705
P-1851,0.17647058823529413,0.23529411764705882,0.11764705882352941,0.35294117647058826,0.17647058823529413,0.17647058823529413,0.29411764705882354,0.23529411764705882,0.11764705882352941,0.23529411764705882,0.35294117647058826,0.11764705882352941,0.47058823529411764,0.11764705882352941,0.0,0.17647058823529413,0.23529411764705882,0.11764705882352941,0.0,0.5294117647058824,0.058823529411764705,0.11764705882352941,0.29411764705882354,0.11764705882352941,0.17647058823529413,0.29411764705882354,0.11764705882352941,0.17647058823529413,0.23529411764705882,0.17647058823529413,0.11764705882352941,0.058823529411764705,0.29411764705882354,0.23529411764705882,0.17647058823529413,0.058823529411764705,0.29411764705882354,0.058823529411764705,0.11764705882352941
P-1853,0.5,0.16666666666666666,0.05555555555555555,0.2222222222222222,0.16666666666666666,0.16666666666666666,0.16666666666666666,0.16666666666666666,0.16666666666666666,0.2777777777777778,0.3333333333333333,0.0,0.3888888888888889,0.0,0.1111111111111111,0.5,0.16666666666666666,0.05555555555555555,0.3333333333333333,0.2222222222222222,0.16666666666666666,0.3333333333333333,0.2222222222222222,0.1111111111111111,0.1111111111111111,0.2222222222222222,0.4444444444444444,0.3333333333333333,0.2222222222222222,0.1111111111111111,0.3333333333333333,0.0,0.2222222222222222,0.3888888888888889,0.2222222222222222,0.0,0.4444444444444444,0.05555555555555555,0.2222222222222222
P-1855,0.4444444444444444,0.1111111111111111,0.2222222222222222,0.4444444444444444,0.2222222222222222,0.05555555555555555,0.1111111111111111,0.2777777777777778,0.0,0.3333333333333333,0.2777777777777778,0.16666666666666666,0.5,0.1111111111111111,0.0,0.5555555555555556,0.16666666666666666,0.16666666666666666,0.05555555555555555,0.3888888888888889,0.2222222222222222,0.5,0.3888888888888889,0.05555555555555555,0.3333333333333333,0.1111111111111111,0.4444444444444444,0.4444444444444444,0.3888888888888889,0.05555555555555555,0.3333333333333333,0.0,0.2222222222222222,0.1111111111111111,0.2777777777777778,0.2222222222222222,0.3333333333333333,0.16666666666666666,0.2222222222222222
P-1858,0.1111111111111111,0.2777777777777778,0.2222222222222222,0.16666666666666666,0.2222222222222222,0.16666666666666666,0.16666666666666666,0.2222222222222222,0.16666666666666666,0.16666666666666666,0.3333333333333333,0.16666666666666666,0.4444444444444444,0.16666666666666666,0.05555555555555555,0.0,0.3888888888888889,0.1111111111111111,0.0,0.3888888888888889,0.2222222222222222,0.16666666666666666,0.16666666666666666,0.16666666666666666,0.16666666666666666,0.3333333333333333,0.05555555555555555,0.1111111111111111,0.1111111111111111,0.2222222222222222,0.2222222222222222,0.1111111111111111,0.16666666666666666,0.16666666666666666,0.16666666666666666,0.16666666666666666,0.2222222222222222,0.05555555555555555,0.16666666666666666
P-1859,0.2222222222222222,0.3333333333333333,0.05555555555555555,0.2777777777777778,0.2222222222222222,0.1111111111111111,0.3888888888888889,0.2222222222222222,0.0,0.3888888888888889,0.2777777777777778,0.2222222222222222,0.3333333333333333,0.16666666666666666,0.05555555555555555,0.3888888888888889,0.2777777777777778,0.1111111111111111,0.2222222222222222,0.3333333333333333,0.16666666666666666,0.1111111111111111,0.2777777777777778,0.16666666666666666,0.16666666666666666,0.3333333333333333,0.2222222222222222,0.1111111111111111,0.2777777777777778,0.16666666666666666,0.2777777777777778,0.05555555555555555,0.2777777777777778,0.16666666666666666,0.16666666666666666,0.2222222222222222,0.3888888888888889,0.2777777777777778,0.16666666666666666
P-1860,0.2777777777777778,0.0,0.2222222222222222,0.2222222222222222,0.16666666666666666,0.2777777777777778,0.2222222222222222,0.2777777777777778,0.16666666666666666,0.16666666666666666,0.1111111111111111,0.1111111111111111,0.3333333333333333,0.0,0.3333333333333333,0.3333333333333333,0.05555555555555555,0.2777777777777778,0.16666666666666666,0.2222222222222222,0.1111111111111111,0.2777777777777778,0.2222222222222222,0.16666666666666666,0.2222222222222222,0.0,0.2777777777777778,0.2777777777777778,0.2222222222222222,0.16666666666666666,0.16666666666666666,0.0,0.1111111111111111,0.16666666666666666,0.3333333333333333,0.16666666666666666,0.16666666666666666,0.1111111111111111,0.1111111111111111
P-1861,0.2222222222222222,0.16666666666666666,0.16666666666666666,0.3333333333333333,0.1111111111111111,0.2222222222222222,0.2777777777777778,0.16666666666666666,0.16666666666666666,0.16666666666666666,0.2222222222222222,0.2222222222222222,0.4444444444444444,0.0,0.1111111111111111,0.16666666666666666,0.2222222222222222,0.1111111111111111,0.1111111111111111,0.3333333333333333,0.1111111111111111,0.2777777777777778,0.1111111111111111,0.3333333333333333,0.16666666666666666,0.2777777777777778,0.1111111111111111,0.2777777777777778,0.1111111111111111,0.3333333333333333,0.1111111111111111,0.0,0.2222222222222222,0.2777777777777778,0.05555555555555555,0.16666666666666666,0.2222222222222222,0.16666666666666666,0.16666666666666666
P-1865,0.2777777777777778,0.2777777777777778,0.2222222222222222,0.1111111111111111,0.2222222222222222,0.3333333333333333,0.16666666666666666,0.1111111111111111,0.2222222222222222,0.2222222222222222,0.3333333333333333,0.16666666666666666,0.3333333333333333,0.1111111111111111,0.1111111111111111,0.3888888888888889,0.2777777777777778,0.1111111111111111,0.1111111111111111,0.4444444444444444,0.0,0.2777777777777778,0.1111111111111111,0.3333333333333333,0.1111111111111111,0.3888888888888889,0.2777777777777778,0.2777777777777778,0.1111111111111111,0.3333333333333333,0.1111111111111111,0.0,0.3333333333333333,0.5,0.2222222222222222,0.0,0.5,0.16666666666666666,0.05555555555555555
P-1867,0.42105263157894735,0.15789473684210525,0.15789473684210525,0.21052631578947367,0.21052631578947367,0.10526315789473684,0.2631578947368421,0.2631578947368421,0.05263157894736842,0.2631578947368421,0.2631578947368421,0.05263157894736842,0.3684210526315789,0.05263157894736842,0.05263157894736842,0.42105263157894735,0.15789473684210525,0.15789473684210525,0.3157894736842105,0.21052631578947367,0.21052631578947367,0.3157894736842105,0.21052631578947367,0.10526315789473684,0.15789473684210525,0.15789473684210525,0.42105263157894735,0.3684210526315789,0.15789473684210525,0.15789473684210525,0.10526315789473684,0.0,0.3684210526315789,0.3157894736842105,0.3157894736842105,0.10526315789473684,0.15789473684210525,0.2631578947368421,0.42105263157894735
P-1868,0.10526315789473684,0.42105263157894735,0.10526315789473684,0.2631578947368421,0.2631578947368421,0.05263157894736842,0.3157894736842105,0.21052631578947367,0.0,0.0,0.5263157894736842,0.0,0.3684210526315789,0.15789473684210525,0.05263157894736842,0.21052631578947367,0.3157894736842105,0.10526315789473684,0.21052631578947367,0.3157894736842105,0.21052631578947367,0.3157894736842105,0.10526315789473684,0.10526315789473684,0.10526315789473684,0.42105263157894735,0.10526315789473684,0.3157894736842105,0.10526315789473684,0.10526315789473684,0.15789473684210525,0.05263157894736842,0.2631578947368421,0.3684210526315789,0.15789473684210525,0.2631578947368421,0.42105263157894735,0.10526315789473684,0.10526315789473684
P-1869,0.15789473684210525,0.10526315789473684,0.3157894736842105,0.10526315789473684,0.47368421052631576,0.0,0.10526315789473684,0.3684210526315789,0.0,0.10526315789473684,0.3684210526315789,0.0,0.10526315789473684,0.2631578947368421,0.05263157894736842,0.3157894736842105,0.21052631578947367,0.10526315789473684,0.10526315789473684,0.2631578947368421,0.10526315789473684,0.10526315789473684,0.3684210526315789,0.21052631578947367,0.21052631578947367,0.15789473684210525,0.10526315789473684,0.21052631578947367,0.3684210526315789,0.21052631578947367,0.05263157894736842,0.05263157894736842,0.21052631578947367,0.2631578947368421,0.15789473684210525,0.3157894736842105,0.15789473684210525,0.3684210526315789,0.10526315789473684
P-1870,0.3684210526315789,0.21052631578947367,0.21052631578947367,0.21052631578947367,0.3684210526315789,0.10526315789473684,0.05263157894736842,0.42105263157894735,0.05263157894736842,0.21052631578947367,0.2631578947368421,0.10526315789473684,0.15789473684210525,0.3157894736842105,0.10526315789473684,0.2631578947368421,0.2631578947368421,0.15789473684210525,0.15789473684210525,0.3157894736842105,0.15789473684210525,0.42105263157894735,0.10526315789473684,0.15789473684210525,0.15789473684210525,0.21052631578947367,0.3684210526315789,0.42105263157894735,0.10526315789473684,0.15789473684210525,0.10526315789473684,0.0,0.47368421052631576,0.21052631578947367,0.2631578947368421,0.15789473684210525,0.42105263157894735,0.10526315789473684,0.15789473684210525
P-1871,0.10526315789473684,0.10526315789473684,0.42105263157894735,0.5789473684210527,0.0,0.0,0.5789473684210527,0.0,0.0,0.15789473684210525,0.2631578947368421,0.2631578947368421,0.5263157894736842,0.0,0.0,0.10526315789473684,0.10526315789473684,0.42105263157894735,0.0,0.10526315789473684,0.42105263157894735,0.5263157894736842,0.0,0.05263157894736842,0.42105263157894735,0.10526315789473684,0.10526315789473684,0.5263157894736842,0.0,0.05263157894736842,0.05263157894736842,0.0,0.05263157894736842,0.2631578947368421,0.05263157894736842,0.2631578947368421,0.15789473684210525,0.2631578947368421,0.05263157894736842
P-1872,0.3157894736842105,0.15789473684210525,0.05263157894736842,0.47368421052631576,0.05263157894736842,0.15789473684210525,0.21052631578947367,0.10526315789473684,0.10526315789473684,0.3684210526315789,0.21052631578947367,0.10526315789473684,0.47368421052631576,0.05263157894736842,0.05263157894736842,0.3157894736842105,0.15789473684210525,0.05263157894736842,0.15789473684210525,0.3157894736842105,0.21052631578947367,0.3684210526315789,0.05263157894736842,0.2631578947368421,0.10526315789473684,0.21052631578947367,0.2631578947368421,0.3684210526315789,0.05263157894736842,0.2631578947368421,0.15789473684210525,0.05263157894736842,0.3157894736842105,0.3157894736842105,0.10526315789473684,0.10526315789473684,0.42105263157894735,0.15789473684210525,0.05263157894736842
P-1873,0.15789473684210525,0.21052631578947367,0.10526315789473684,0.3157894736842105,0.10526315789473684,0.3157894736842105,0.21052631578947367,0.10526315789473684,0.3157894736842105,0.21052631578947367,0.2631578947368421,0.05263157894736842,0.2631578947368421,0.2631578947368421,0.15789473684210525,0.10526315789473684,0.2631578947368421,0.05263157894736842,0.10526315789473684,0.15789473684210525,0.3684210526315789,0.15789473684210525,0.21052631578947367,0.3157894736842105,0.10526315789473684,0.21052631578947367,0.15789473684210525,0.15789473684210525,0.10526315789473684,0.42105263157894735,0.15789473684210525,0.05263157894736842,0.10526315789473684,0.10526315789473684,0.3684210526315789,0.21052631578947367,0.3157894736842105,0.05263157894736842,0.05263157894736842
P-1874,0.2631578947368421,0.15789473684210525,0.2631578947368421,0.47368421052631576,0.05263157894736842,0.05263157894736842,0.5263157894736842,0.0,0.0,0.2631578947368421,0.2631578947368421,0.15789473684210525,0.3684210526315789,0.05263157894736842,0.05263157894736842,0.2631578947368421,0.15789473684210525,0.2631578947368421,0.2631578947368421,0.15789473684210525,0.2631578947368421,0.3684210526315789,0.15789473684210525,0.15789473684210525,0.2631578947368421,0.15789473684210525,0.2631578947368421,0.3684210526315789,0.15789473684210525,0.15789473684210525,0.21052631578947367,0.0,0.0,0.15789473684210525,0.2631578947368421,0.3684210526315789,0.3157894736842105,0.21052631578947367,0.10526315789473684
P-1875,0.21052631578947367,0.15789473684210525,0.05263157894736842,0.3684210526315789,0.05263157894736842,0.05263157894736842,0.21052631578947367,0.05263157894736842,0.05263157894736842,0.3157894736842105,0.15789473684210525,0.05263157894736842,0.2631578947368421,0.10526315789473684,0.0,0.15789473684210525,0.21052631578947367,0.0,0.15789473684210525,0.3157894736842105,0.05263157894736842,0.05263157894736842,0.10526315789473684,0.2631578947368421,0.0,0.21052631578947367,0.15789473684210525,0.05263157894736842,0.10526315789473684,0.2631578947368421,0.15789473684210525,0.10526315789473684,0.21052631578947367,0.21052631578947367,0.10526315789473684,0.10526315789473684,0.15789473684210525,0.10526315789473684,0.21052631578947367
P-1877,0.05263157894736842,0.42105263157894735,0.2631578947368421,0.21052631578947367,0.3684210526315789,0.21052631578947367,0.21052631578947367,0.3684210526315789,0.21052631578947367,0.10526315789473684,0.47368421052631576,0.10526315789473684,0.3157894736842105,0.2631578947368421,0.15789473684210525,0.10526315789473684,0.5789473684210527,0.10526315789473684,0.10526315789473684,0.3157894736842105,0.2631578947368421,0.2631578947368421,0.15789473684210525,0.15789473684210525,0.10526315789473684,0.47368421052631576,0.10526315789473684,0.2631578947368421,0.05263157894736842,0.2631578947368421,0.0,0.0,0.3157894736842105,0.21052631578947367,0.15789473684210525,0.3157894736842105,0.42105263157894735,0.2631578947368421,0.05263157894736842
P-1880,0.10526315789473684,0.15789473684210525,0.3684210526315789,0.3157894736842105,0.15789473684210525,0.2631578947368421,0.21052631578947367,0.2631578947368421,0.15789473684210525,0.10526315789473684,0.3157894736842105,0.21052631578947367,0.631578947368421,0.0,0.10526315789473684,0.10526315789473684,0.15789473684210525,0.3684210526315789,0.0,0.21052631578947367,0.42105263157894735,0.5263157894736842,0.05263157894736842,0.10526315789473684,0.3684210526315789,0.15789473684210525,0.10526315789473684,0.5263157894736842,0.05263157894736842,0.10526315789473684,0.15789473684210525,0.0,0.10526315789473684,0.2631578947368421,0.3157894736842105,0.05263157894736842,0.15789473684210525,0.2631578947368421,0.10526315789473684
P-1881,0.3157894736842105,0.10526315789473684,0.10526315789473684,0.3684210526315789,0.21052631578947367,0.05263157894736842,0.15789473684210525,0.10526315789473684,0.05263157894736842,0.2631578947368421,0.15789473684210525,0.05263157894736842,0.05263157894736842,0.15789473684210525,0.05263157894736842,0.3684210526315789,0.10526315789473684,0.0,0.2631578947368421,0.10526315789473684,0.10526315789473684,0.15789473684210525,0.2631578947368421,0.2631578947368421,0.10526315789473684,0.10526315789473684,0.3157894736842105,0.21052631578947367,0.2631578947368421,0.2631578947368421,0.15789473684210525,0.15789473684210525,0.15789473684210525,0.05263157894736842,0.2631578947368421,0.15789473684210525,0.2631578947368421,0.15789473684210525,0.15789473684210525
P-1883,0.15789473684210525,0.2631578947368421,0.2631578947368421,0.3157894736842105,0.3157894736842105,0.10526315789473684,0.10526315789473684,0.3684210526315789,0.0,0.2631578947368421,0.3684210526315789,0.15789473684210525,0.3157894736842105,0.3157894736842105,0.10526315789473684,0.21052631578947367,0.21052631578947367,0.2631578947368421,0.10526315789473684,0.3157894736842105,0.3157894736842105,0.3684210526315789,0.05263157894736842,0.10526315789473684,0.2631578947368421,0.2631578947368421,0.15789473684210525,0.3684210526315789,0.05263157894736842,0.10526315789473684,0.0,0.0,0.10526315789473684,0.21052631578947367,0.21052631578947367,0.3157894736842105,0.42105263157894735,0.21052631578947367,0.0
P-1884,0.15,0.1,0.3,0.1,0.45,0.05,0.1,0.4,0.0,0.1,0.35,0.05,0.1,0.25,0.05,0.35,0.2,0.1,0.1,0.25,0.1,0.1,0.4,0.2,0.25,0.15,0.1,0.2,0.4,0.2,0.05,0.05,0.2,0.3,0.15,0.3,0.15,0.4,0.1
P-1886,0.25,0.0,0.4,0.15,0.25,0.25,0.1,0.3,0.2,0.25,0.2,0.3,0.3,0.1,0.1,0.15,0.2,0.2,0.15,0.2,0.2,0.15,0.35,0.15,0.3,0.2,0.15,0.1,0.3,0.2,0.1,0.0,0.15,0.2,0.3,0.2,0.0,0.45,0.25
P-1887,0.15,0.1,0.3,0.35,0.1,0.0,0.25,0.1,0.0,0.05,0.1,0.3,0.5,0.0,0.0,0.1,0.15,0.25,0.05,0.1,0.4,0.25,0.1,0.05,0.25,0.15,0.1,0.25,0.1,0.05,0.15,0.0,0.0,0.1,0.35,0.1,0.0,0.05,0.25
P-1892,0.2,0.15,0.15,0.35,0.1,0.2,0.3,0.15,0.15,0.2,0.2,0.2,0.4,0.0,0.1,0.15,0.2,0.1,0.2,0.3,0.1,0.25,0.1,0.35,0.15,0.25,0.1,0.25,0.1,0.35,0.15,0.0,0.2,0.25,0.1,0.15,0.2,0.2,0.15
P-1893,0.05,0.1,0.3,0.2,0.25,0.15,0.2,0.25,0.15,0.1,0.4,0.1,0.4,0.1,0.0,0.15,0.1,0.3,0.15,0.25,0.25,0.2,0.25,0.1,0.4,0.1,0.05,0.2,0.25,0.1,0.05,0.0,0.1,0.2,0.15,0.3,0.1,0.3,0.05
P-1894,0.1,0.1,0.3,0.3,0.1,0.0,0.2,0.1,0.0,0.05,0.1,0.3,0.5,0.0,0.0,0.05,0.15,0.25,0.0,0.1,0.4,0.3,0.0,0.1,0.25,0.15,0.05,0.3,0.0,0.1,0.1,0.0,0.0,0.2,0.3,0.15,0.1,0.05,0.1
P-1895,0.25,0.3,0.2,0.3,0.2,0.2,0.15,0.25,0.15,0.15,0.35,0.15,0.3,0.2,0.1,0.35,0.3,0.2,0.15,0.4,0.1,0.25,0.25,0.25,0.15,0.35,0.3,0.25,0.25,0.25,0.3,0.0,0.25,0.35,0.25,0.1,0.35,0.15,0.2
P-1897,0.2,0.35,0.05,0.2,0.25,0.2,0.15,0.3,0.15,0.2,0.35,0.1,0.25,0.3,0.0,0.05,0.35,0.05,0.05,0.5,0.05,0.2,0.15,0.3,0.05,0.4,0.05,0.2,0.15,0.3,0.25,0.05,0.3,0.2,0.2,0.15,0.4,0.0,0.15
P-1898,0.3333333333333333,0.23809523809523808,0.14285714285714285,0.19047619047619047,0.19047619047619047,0.2857142857142857,0.14285714285714285,0.3333333333333333,0.14285714285714285,0.09523809523809523,0.19047619047619047,0.19047619047619047,0.19047619047619047,0.09523809523809523,0.09523809523809523,0.23809523809523808,0.3333333333333333,0.047619047619047616,0.19047619047619047,0.19047619047619047,0.09523809523809523,0.23809523809523808,0.09523809523809523,0.2857142857142857,0.047619047619047616,0.3333333333333333,0.3333333333333333,0.19047619047619047,0.047619047619047616,0.3333333333333333,0.14285714285714285,0.047619047619047616,0.2857142857142857,0.09523809523809523,0.23809523809523808,0.19047619047619047,0.2857142857142857,0.09523809523809523,0.2857142857142857
P-1900,0.38095238095238093,0.2857142857142857,0.19047619047619047,0.23809523809523808,0.38095238095238093,0.09523809523809523,0.14285714285714285,0.38095238095238093,0.09523809523809523,0.23809523809523808,0.42857142857142855,0.14285714285714285,0.5238095238095238,0.14285714285714285,0.047619047619047616,0.3333333333333333,0.3333333333333333,0.14285714285714285,0.09523809523809523,0.47619047619047616,0.19047619047619047,0.2857142857142857,0.19047619047619047,0.047619047619047616,0.19047619047619047,0.38095238095238093,0.2857142857142857,0.2857142857142857,0.19047619047619047,0.047619047619047616,0.047619047619047616,0.0,0.3333333333333333,0.23809523809523808,0.047619047619047616,0.23809523809523808,0.47619047619047616,0.09523809523809523,0.19047619047619047
P-1901,0.3333333333333333,0.23809523809523808,0.23809523809523808,0.23809523809523808,0.38095238095238093,0.09523809523809523,0.14285714285714285,0.38095238095238093,0.09523809523809523,0.23809523809523808,0.42857142857142855,0.14285714285714285,0.5238095238095238,0.14285714285714285,0.047619047619047616,0.2857142857142857,0.2857142857142857,0.19047619047619047,0.09523809523809523,0.47619047619047616,0.19047619047619047,0.2857142857142857,0.19047619047619047,0.047619047619047616,0.23809523809523808,0.3333333333333333,0.23809523809523808,0.2857142857142857,0.19047619047619047,0.047619047619047616,0.047619047619047616,0.0,0.23809523809523808,0.23809523809523808,0.14285714285714285,0.23809523809523808,0.38095238095238093,0.19047619047619047,0.19047619047619047
P-1902,0.38095238095238093,0.19047619047619047,0.2857142857142857,0.19047619047619047,0.3333333333333333,0.14285714285714285,0.14285714285714285,0.38095238095238093,0.09523809523809523,0.19047619047619047,0.38095238095238093,0.19047619047619047,0.42857142857142855,0.14285714285714285,0.047619047619047616,0.3333333333333333,0.23809523809523808,0.23809523809523808,0.09523809523809523,0.38095238095238093,0.19047619047619047,0.38095238095238093,0.19047619047619047,0.047619047619047616,0.2857142857142857,0.2857142857142857,0.2857142857142857,0.38095238095238093,0.19047619047619047,0.047619047619047616,0.047619047619047616,0.0,0.23809523809523808,0.23809523809523808,0.14285714285714285,0.23809523809523808,0.3333333333333333,0.14285714285714285,0.23809523809523808
P-1905,0.3333333333333333,0.23809523809523808,0.23809523809523808,0.23809523809523808,0.3333333333333333,0.14285714285714285,0.14285714285714285,0.3333333333333333,0.14285714285714285,0.23809523809523808,0.42857142857142855,0.14285714285714285,0.5238095238095238,0.14285714285714285,0.047619047619047616,0.2857142857142857,0.2857142857142857,0.19047619047619047,0.09523809523809523,0.47619047619047616,0.19047619047619047,0.2857142857142857,0.19047619047619047,0.09523809523809523,0.23809523809523808,0.3333333333333333,0.23809523809523808,0.2857142857142857,0.19047619047619047,0.09523809523809523,0.09523809523809523,0.0,0.19047619047619047,0.23809523809523808,0.14285714285714285,0.23809523809523808,0.38095238095238093,0.19047619047619047,0.19047619047619047
P-1906,0.47619047619047616,0.19047619047619047,0.19047619047619047,0.2857142857142857,0.2857142857142857,0.09523809523809523,0.19047619047619047,0.2857142857142857,0.09523809523809523,0.23809523809523808,0.3333333333333333,0.14285714285714285,0.42857142857142855,0.14285714285714285,0.047619047619047616,0.42857142857142855,0.23809523809523808,0.14285714285714285,0.09523809523809523,0.38095238095238093,0.19047619047619047,0.3333333333333333,0.23809523809523808,0.047619047619047616,0.19047619047619047,0.2857142857142857,0.38095238095238093,0.3333333333333333,0.23809523809523808,0.047619047619047616,0.09523809523809523,0.0,0.2857142857142857,0.23809523809523808,0.14285714285714285,0.23809523809523808,0.38095238095238093,0.09523809523809523,0.2857142857142857
P-1907,0.2857142857142857,0.14285714285714285,0.19047619047619047,0.14285714285714285,0.19047619047619047,0.14285714285714285,0.14285714285714285,0.2857142857142857,0.047619047619047616,0.09523809523809523,0.14285714285714285,0.19047619047619047,0.3333333333333333,0.0,0.0,0.23809523809523808,0.19047619047619047,0.14285714285714285,0.38095238095238093,0.14285714285714285,0.19047619047619047,0.2857142857142857,0.09523809523809523,0.19047619047619047,0.19047619047619047,0.14285714285714285,0.2857142857142857,0.23809523809523808,0.047619047619047616,0.23809523809523808,0.14285714285714285,0.047619047619047616,0.19047619047619047,0.14285714285714285,0.14285714285714285,0.23809523809523808,0.14285714285714285,0.09523809523809523,0.2857142857142857
P-1908,0.3333333333333333,0.19047619047619047,0.23809523809523808,0.23809523809523808,0.3333333333333333,0.09523809523809523,0.14285714285714285,0.3333333333333333,0.09523809523809523,0.23809523809523808,0.38095238095238093,0.14285714285714285,0.47619047619047616,0.14285714285714285,0.047619047619047616,0.2857142857142857,0.23809523809523808,0.19047619047619047,0.09523809523809523,0.42857142857142855,0.19047619047619047,0.2857142857142857,0.19047619047619047,0.047619047619047616,0.23809523809523808,0.2857142857142857,0.23809523809523808,0.2857142857142857,0.19047619047619047,0.047619047619047616,0.047619047619047616,0.0,0.19047619047619047,0.23809523809523808,0.14285714285714285,0.23809523809523808,0.3333333333333333,0.19047619047619047,0.19047619047619047
P-1909,0.38095238095238093,0.23809523809523808,0.23809523809523808,0.23809523809523808,0.38095238095238093,0.09523809523809523,0.14285714285714285,0.38095238095238093,0.09523809523809523,0.23809523809523808,0.42857142857142855,0.14285714285714285,0.5238095238095238,0.14285714285714285,0.047619047619047616,0.3333333333333333,0.2857142857142857,0.19047619047619047,0.09523809523809523,0.47619047619047616,0.19047619047619047,0.3333333333333333,0.19047619047619047,0.047619047619047616,0.23809523809523808,0.3333333333333333,0.2857142857142857,0.3333333333333333,0.19047619047619047,0.047619047619047616,0.047619047619047616,0.0,0.2857142857142857,0.23809523809523808,0.09523809523809523,0.23809523809523808,0.42857142857142855,0.14285714285714285,0.19047619047619047
P-1910,0.3333333333333333,0.19047619047619047,0.2857142857142857,0.23809523809523808,0.38095238095238093,0.09523809523809523,0.14285714285714285,0.38095238095238093,0.09523809523809523,0.23809523809523808,0.42857142857142855,0.14285714285714285,0.5238095238095238,0.14285714285714285,0.047619047619047616,0.2857142857142857,0.23809523809523808,0.23809523809523808,0.09523809523809523,0.47619047619047616,0.19047619047619047,0.3333333333333333,0.19047619047619047,0.047619047619047616,0.2857142857142857,0.2857142857142857,0.23809523809523808,0.3333333333333333,0.19047619047619047,0.047619047619047616,0.047619047619047616,0.0,0.19047619047619047,0.23809523809523808,0.19047619047619047,0.23809523809523808,0.3333333333333333,0.23809523809523808,0.19047619047619047
P-1911,0.09523809523809523,0.42857142857142855,0.23809523809523808,0.19047619047619047,0.3333333333333333,0.23809523809523808,0.19047619047619047,0.3333333333333333,0.23809523809523808,0.09523809523809523,0.47619047619047616,0.09523809523809523,0.3333333333333333,0.23809523809523808,0.14285714285714285,0.14285714285714285,0.5714285714285714,0.09523809523809523,0.14285714285714285,0.3333333333333333,0.23809523809523808,0.2857142857142857,0.14285714285714285,0.19047619047619047,0.09523809523809523,0.47619047619047616,0.14285714285714285,0.2857142857142857,0.047619047619047616,0.2857142857142857,0.047619047619047616,0.0,0.2857142857142857,0.19047619047619047,0.14285714285714285,0.2857142857142857,0.42857142857142855,0.23809523809523808,0.09523809523809523
P-1914,0.2727272727272727,0.13636363636363635,0.13636363636363635,0.36363636363636365,0.09090909090909091,0.18181818181818182,0.3181818181818182,0.13636363636363635,0.13636363636363635,0.22727272727272727,0.18181818181818182,0.18181818181818182,0.36363636363636365,0.0,0.09090909090909091,0.22727272727272727,0.18181818181818182,0.09090909090909091,0.22727272727272727,0.2727272727272727,0.09090909090909091,0.22727272727272727,0.13636363636363635,0.3181818181818182,0.13636363636363635,0.22727272727272727,0.18181818181818182,0.22727272727272727,0.13636363636363635,0.3181818181818182,0.18181818181818182,0.0,0.22727272727272727,0.22727272727272727,0.13636363636363635,0.13636363636363635,0.22727272727272727,0.18181818181818182,0.18181818181818182
P-1915,0.4090909090909091,0.13636363636363635,0.13636363636363635,0.22727272727272727,0.18181818181818182,0.045454545454545456,0.2727272727272727,0.22727272727272727,0.0,0.36363636363636365,0.18181818181818182,0.13636363636363635,0.22727272727272727,0.09090909090909091,0.09090909090909091,0.36363636363636365,0.13636363636363635,0.13636363636363635,0.18181818181818182,0.2727272727272727,0.045454545454545456,0.3181818181818182,0.2727272727272727,0.045454545454545456,0.13636363636363635,0.18181818181818182,0.36363636363636365,0.3181818181818182,0.2727272727272727,0.045454545454545456,0.18181818181818182,0.09090909090909091,0.2727272727272727,0.18181818181818182,0.18181818181818182,0.22727272727272727,0.3181818181818182,0.18181818181818182,0.22727272727272727
P-1916,0.3181818181818182,0.3181818181818182,0.09090909090909091,0.22727272727272727,0.2727272727272727,0.13636363636363635,0.2727272727272727,0.3181818181818182,0.09090909090909091,0.13636363636363635,0.36363636363636365,0.13636363636363635,0.22727272727272727,0.2727272727272727,0.045454545454545456,0.18181818181818182,0.36363636363636365,0.045454545454545456,0.045454545454545456,0.45454545454545453,0.045454545454545456,0.13636363636363635,0.18181818181818182,0.36363636363636365,0.045454545454545456,0.45454545454545453,0.18181818181818182,0.13636363636363635,0.18181818181818182,0.36363636363636365,0.2727272727272727,0.09090909090909091,0.18181818181818182,0.4090909090909091,0.13636363636363635,0.18181818181818182,0.3181818181818182,0.09090909090909091,0.3181818181818182
P-1918,0.13636363636363635,0.22727272727272727,0.22727272727272727,0.4090909090909091,0.18181818181818182,0.09090909090909091,0.4090909090909091,0.18181818181818182,0.09090909090909091,0.13636363636363635,0.4090909090909091,0.045454545454545456,0.2727272727272727,0.2727272727272727,0.09090909090909091,0.09090909090909091,0.2727272727272727,0.18181818181818182,0.09090909090909091,0.18181818181818182,0.36363636363636365,0.22727272727272727,0.13636363636363635,0.2727272727272727,0.18181818181818182,0.2727272727272727,0.09090909090909091,0.22727272727272727,0.13636363636363635,0.2727272727272727,0.13636363636363635,0.0,0.09090909090909091,0.18181818181818182,0.09090909090909091,0.18181818181818182,0.22727272727272727,0.22727272727272727,0.13636363636363635
P-1920,0.0,0.0,0.5652173913043478,0.2608695652173913,0.30434782608695654,0.13043478260869565,0.21739130434782608,0.34782608695652173,0.08695652173913043,0.08695652173913043,0.08695652173913043,0.4782608695652174,0.4782608695652174,0.08695652173913043,0.0,0.08695652173913043,0.08695652173913043,0.4782608695652174,0.0,0.0,0.5652173913043478,0.5652173913043478,0.0,0.0,0.5652173913043478,0.0,0.0,0.5652173913043478,0.0,0.0,0.0,0.0,0.0,0.08695652173913043,0.2608695652173913,0.30434782608695654,0.0,0.17391304347826086,0.0
P-1922,0.13043478260869565,0.043478260869565216,0.30434782608695654,0.34782608695652173,0.08695652173913043,0.21739130434782608,0.2608695652173913,0.17391304347826086,0.13043478260869565,0.13043478260869565,0.043478260869565216,0.30434782608695654,0.30434782608695654,0.043478260869565216,0.13043478260869565,0.13043478260869565,0.043478260869565216,0.30434782608695654,0.17391304347826086,0.08695652173913043,0.2608695652173913,0.43478260869565216,0.08695652173913043,0.17391304347826086,0.30434782608695654,0.043478260869565216,0.13043478260869565,0.43478260869565216,0.08695652173913043,0.17391304347826086,0.08695652173913043,0.0,0.08695652173913043,0.17391304347826086,0.21739130434782608,0.21739130434782608,0.13043478260869565,0.13043478260869565,0.043478260869565216
P-1923,0.2608695652173913,0.17391304347826086,0.2608695652173913,0.13043478260869565,0.21739130434782608,0.391304347826087,0.08695652173913043,0.43478260869565216,0.17391304347826086,0.2608695652173913,0.17391304347826086,0.2608695652173913,0.34782608695652173,0.17391304347826086,0.0,0.17391304347826086,0.2608695652173913,0.17391304347826086,0.17391304347826086,0.2608695652173913,0.2608695652173913,0.34782608695652173,0.17391304347826086,0.17391304347826086,0.2608695652173913,0.17391304347826086,0.2608695652173913,0.2608695652173913,0.08695652173913043,0.2608695652173913,0.34782608695652173,0.0,0.08695652173913043,0.21739130434782608,0.391304347826087,0.13043478260869565,0.2608695652173913,0.2608695652173913,0.17391304347826086
P-1924,0.21739130434782608,0.17391304347826086,0.2608695652173913,0.34782608695652173,0.17391304347826086,0.17391304347826086,0.2608695652173913,0.2608695652173913,0.08695652173913043,0.30434782608695654,0.30434782608695654,0.13043478260869565,0.5652173913043478,0.043478260869565216,0.043478260869565216,0.17391304347826086,0.21739130434782608,0.21739130434782608,0.0,0.2608695652173913,0.34782608695652173,0.2608695652173913,0.17391304347826086,0.17391304347826086,0.21739130434782608,0.21739130434782608,0.17391304347826086,0.2608695652173913,0.17391304347826086,0.17391304347826086,0.08695652173913043,0.0,0.13043478260869565,0.30434782608695654,0.21739130434782608,0.043478260869565216,0.17391304347826086,0.34782608695652173,0.21739130434782608
P-1926,0.0,0.0,0.6666666666666666,0.3333333333333333,0.4166666666666667,0.08333333333333333,0.25,0.4166666666666667,0.08333333333333333,0.041666666666666664,0.041666666666666664,0.625,0.75,0.0,0.0,0.041666666666666664,0.041666666666666664,0.625,0.0,0.0,0.75,0.6666666666666666,0.0,0.0,0.6666666666666666,0.0,0.0,0.6666666666666666,0.0,0.0,0.0,0.0,0.0,0.041666666666666664,0.4583333333333333,0.2916666666666667,0.0,0.08333333333333333,0.0
P-1927,0.2916666666666667,0.125,0.125,0.4166666666666667,0.08333333333333333,0.16666666666666666,0.3333333333333333,0.125,0.125,0.25,0.16666666666666666,0.16666666666666666,0.4166666666666667,0.0,0.08333333333333333,0.20833333333333334,0.16666666666666666,0.08333333333333333,0.20833333333333334,0.2916666666666667,0.125,0.20833333333333334,0.16666666666666666,0.2916666666666667,0.125,0.20833333333333334,0.16666666666666666,0.20833333333333334,0.16666666666666666,0.2916666666666667,0.16666666666666666,0.0,0.25,0.20833333333333334,0.20833333333333334,0.125,0.20833333333333334,0.16666666666666666,0.20833333333333334
P-1928,0.3333333333333333,0.16666666666666666,0.20833333333333334,0.375,0.125,0.08333333333333333,0.2916666666666667,0.16666666666666666,0.041666666666666664,0.20833333333333334,0.2916666666666667,0.08333333333333333,0.2916666666666667,0.20833333333333334,0.0,0.3333333333333333,0.16666666666666666,0.20833333333333334,0.125,0.2916666666666667,0.20833333333333334,0.25,0.2916666666666667,0.20833333333333334,0.20833333333333334,0.16666666666666666,0.3333333333333333,0.25,0.2916666666666667,0.20833333333333334,0.25,0.0,0.08333333333333333,0.08333333333333333,0.4583333333333333,0.125,0.25,0.16666666666666666,0.25
P-1929,0.3333333333333333,0.16666666666666666,0.20833333333333334,0.2916666666666667,0.20833333333333334,0.16666666666666666,0.25,0.2916666666666667,0.08333333333333333,0.08333333333333333,0.4166666666666667,0.125,0.2916666666666667,0.20833333333333334,0.0,0.3333333333333333,0.16666666666666666,0.20833333333333334,0.125,0.2916666666666667,0.20833333333333334,0.20833333333333334,0.3333333333333333,0.25,0.2916666666666667,0.25,0.25,0.20833333333333334,0.3333333333333333,0.25,0.25,0.0,0.08333333333333333,0.16666666666666666,0.375,0.20833333333333334,0.16666666666666666,0.16666666666666666,0.3333333333333333
P-1931,0.375,0.16666666666666666,0.25,0.2916666666666667,0.25,0.20833333333333334,0.20833333333333334,0.25,0.20833333333333334,0.125,0.4166666666666667,0.041666666666666664,0.4583333333333333,0.08333333333333333,0.0,0.16666666666666666,0.3333333333333333,0.08333333333333333,0.16666666666666666,0.375,0.16666666666666666,0.2916666666666667,0.125,0.4166666666666667,0.16666666666666666,0.2916666666666667,0.25,0.20833333333333334,0.041666666666666664,0.5,0.20833333333333334,0.125,0.2916666666666667,0.25,0.2916666666666667,0.041666666666666664,0.25,0.25,0.2916666666666667
P-1937,0.28,0.24,0.24,0.16,0.16,0.32,0.08,0.32,0.16,0.24,0.16,0.32,0.2,0.12,0.12,0.2,0.4,0.08,0.16,0.16,0.16,0.24,0.08,0.16,0.08,0.4,0.28,0.2,0.04,0.2,0.16,0.0,0.2,0.2,0.28,0.12,0.36,0.2,0.16
P-1938,0.11538461538461539,0.3076923076923077,0.15384615384615385,0.2692307692307692,0.23076923076923078,0.15384615384615385,0.23076923076923078,0.23076923076923078,0.07692307692307693,0.15384615384615385,0.4230769230769231,0.038461538461538464,0.34615384615384615,0.15384615384615385,0.07692307692307693,0.23076923076923078,0.2692307692307692,0.11538461538461539,0.19230769230769232,0.23076923076923078,0.2692307692307692,0.3076923076923077,0.15384615384615385,0.15384615384615385,0.15384615384615385,0.3076923076923077,0.11538461538461539,0.3076923076923077,0.15384615384615385,0.15384615384615385,0.15384615384615385,0.07692307692307693,0.19230769230769232,0.2692307692307692,0.23076923076923078,0.2692307692307692,0.34615384615384615,0.15384615384615385,0.07692307692307693
P-1940,0.3333333333333333,0.18518518518518517,0.1111111111111111,0.37037037037037035,0.1111111111111111,0.18518518518518517,0.2962962962962963,0.18518518518518517,0.1111111111111111,0.25925925925925924,0.18518518518518517,0.18518518518518517,0.4444444444444444,0.07407407407407407,0.07407407407407407,0.2222222222222222,0.2222222222222222,0.07407407407407407,0.14814814814814814,0.4444444444444444,0.07407407407407407,0.2222222222222222,0.1111111111111111,0.2962962962962963,0.1111111111111111,0.25925925925925924,0.18518518518518517,0.2222222222222222,0.1111111111111111,0.2962962962962963,0.18518518518518517,0.0,0.3333333333333333,0.25925925925925924,0.14814814814814814,0.1111111111111111,0.2962962962962963,0.14814814814814814,0.2222222222222222
P-1941,0.1111111111111111,0.2962962962962963,0.14814814814814814,0.3333333333333333,0.1111111111111111,0.18518518518518517,0.2962962962962963,0.2222222222222222,0.07407407407407407,0.1111111111111111,0.3333333333333333,0.18518518518518517,0.4444444444444444,0.07407407407407407,0.07407407407407407,0.14814814814814814,0.3333333333333333,0.1111111111111111,0.07407407407407407,0.3333333333333333,0.18518518518518517,0.3333333333333333,0.18518518518518517,0.18518518518518517,0.18518518518518517,0.3333333333333333,0.07407407407407407,0.3333333333333333,0.1111111111111111,0.25925925925925924,0.18518518518518517,0.037037037037037035,0.2962962962962963,0.37037037037037035,0.14814814814814814,0.1111111111111111,0.3333333333333333,0.18518518518518517,0.07407407407407407
P-1949,0.14285714285714285,0.07142857142857142,0.2857142857142857,0.35714285714285715,0.07142857142857142,0.21428571428571427,0.2857142857142857,0.14285714285714285,0.14285714285714285,0.14285714285714285,0.07142857142857142,0.2857142857142857,0.32142857142857145,0.03571428571428571,0.10714285714285714,0.10714285714285714,0.10714285714285714,0.25,0.14285714285714285,0.14285714285714285,0.21428571428571427,0.35714285714285715,0.07142857142857142,0.2857142857142857,0.25,0.10714285714285714,0.10714285714285714,0.35714285714285715,0.07142857142857142,0.2857142857142857,0.14285714285714285,0.0,0.07142857142857142,0.17857142857142858,0.17857142857142858,0.17857142857142858,0.14285714285714285,0.14285714285714285,0.07142857142857142
P-1950,0.07142857142857142,0.10714285714285714,0.35714285714285715,0.10714285714285714,0.42857142857142855,0.10714285714285714,0.10714285714285714,0.5,0.03571428571428571,0.03571428571428571,0.21428571428571427,0.32142857142857145,0.25,0.2857142857142857,0.14285714285714285,0.07142857142857142,0.10714285714285714,0.35714285714285715,0.07142857142857142,0.17857142857142858,0.35714285714285715,0.35714285714285715,0.14285714285714285,0.14285714285714285,0.42857142857142855,0.10714285714285714,0.07142857142857142,0.2857142857142857,0.14285714285714285,0.14285714285714285,0.07142857142857142,0.0,0.10714285714285714,0.25,0.10714285714285714,0.32142857142857145,0.10714285714285714,0.2857142857142857,0.07142857142857142
P-1956,0.39285714285714285,0.17857142857142858,0.10714285714285714,0.21428571428571427,0.25,0.10714285714285714,0.14285714285714285,0.25,0.10714285714285714,0.17857142857142858,0.35714285714285715,0.0,0.32142857142857145,0.14285714285714285,0.07142857142857142,0.42857142857142855,0.17857142857142858,0.10714285714285714,0.07142857142857142,0.35714285714285715,0.10714285714285714,0.21428571428571427,0.32142857142857145,0.21428571428571427,0.10714285714285714,0.25,0.35714285714285715,0.21428571428571427,0.32142857142857145,0.21428571428571427,0.14285714285714285,0.0,0.21428571428571427,0.17857142857142858,0.2857142857142857,0.21428571428571427,0.25,0.17857142857142858,0.32142857142857145
P-1957,0.3793103448275862,0.13793103448275862,0.20689655172413793,0.1724137931034483,0.13793103448275862,0.20689655172413793,0.20689655172413793,0.20689655172413793,0.13793103448275862,0.2413793103448276,0.1724137931034483,0.2413793103448276,0.3103448275862069,0.1724137931034483,0.10344827586206896,0.2413793103448276,0.20689655172413793,0.13793103448275862,0.13793103448275862,0.3793103448275862,0.10344827586206896,0.20689655172413793,0.10344827586206896,0.06896551724137931,0.1724137931034483,0.2413793103448276,0.27586206896551724,0.1724137931034483,0.06896551724137931,0.10344827586206896,0.1724137931034483,0.0,0.20689655172413793,0.3793103448275862,0.13793103448275862,0.10344827586206896,0.3448275862068966,0.10344827586206896,0.1724137931034483
P-1959,0.2,0.3333333333333333,0.13333333333333333,0.23333333333333334,0.13333333333333333,0.26666666666666666,0.23333333333333334,0.13333333333333333,0.13333333333333333,0.2,0.26666666666666666,0.2,0.36666666666666664,0.16666666666666666,0.16666666666666666,0.3333333333333333,0.3333333333333333,0.06666666666666667,0.1,0.43333333333333335,0.1,0.26666666666666666,0.13333333333333333,0.3,0.06666666666666667,0.4,0.26666666666666666,0.26666666666666666,0.13333333333333333,0.3,0.16666666666666666,0.0,0.3,0.4666666666666667,0.26666666666666666,0.06666666666666667,0.5333333333333333,0.13333333333333333,0.0
P-1960,0.26666666666666666,0.23333333333333334,0.2,0.13333333333333333,0.16666666666666666,0.26666666666666666,0.1,0.26666666666666666,0.16666666666666666,0.16666666666666666,0.2,0.23333333333333334,0.2,0.1,0.13333333333333333,0.2,0.36666666666666664,0.06666666666666667,0.2,0.13333333333333333,0.16666666666666666,0.23333333333333334,0.03333333333333333,0.2,0.06666666666666667,0.36666666666666664,0.26666666666666666,0.2,0.0,0.23333333333333334,0.06666666666666667,0.0,0.26666666666666666,0.16666666666666666,0.23333333333333334,0.2,0.3333333333333333,0.16666666666666666,0.16666666666666666
P-1961,0.3333333333333333,0.23333333333333334,0.13333333333333333,0.16666666666666666,0.16666666666666666,0.23333333333333334,0.13333333333333333,0.26666666666666666,0.13333333333333333,0.16666666666666666,0.2,0.16666666666666666,0.2,0.1,0.1,0.26666666666666666,0.3,0.06666666666666667,0.23333333333333334,0.13333333333333333,0.16666666666666666,0.26666666666666666,0.06666666666666667,0.16666666666666666,0.06666666666666667,0.3,0.3333333333333333,0.23333333333333334,0.03333333333333333,0.2,0.1,0.0,0.26666666666666666,0.1,0.26666666666666666,0.2,0.3333333333333333,0.1,0.23333333333333334
P-1962,0.16666666666666666,0.1,0.26666666666666666,0.36666666666666664,0.1,0.2,0.3,0.16666666666666666,0.13333333333333333,0.13333333333333333,0.13333333333333333,0.26666666666666666,0.36666666666666664,0.03333333333333333,0.1,0.1,0.13333333333333333,0.23333333333333334,0.13333333333333333,0.2,0.2,0.3333333333333333,0.06666666666666667,0.3,0.23333333333333334,0.16666666666666666,0.1,0.3333333333333333,0.06666666666666667,0.3,0.13333333333333333,0.0,0.13333333333333333,0.23333333333333334,0.16666666666666666,0.16666666666666666,0.16666666666666666,0.13333333333333333,0.1
P-1963,0.2903225806451613,0.22580645161290322,0.1935483870967742,0.12903225806451613,0.16129032258064516,0.25806451612903225,0.0967741935483871,0.25806451612903225,0.16129032258064516,0.16129032258064516,0.1935483870967742,0.22580645161290322,0.1935483870967742,0.0967741935483871,0.12903225806451613,0.22580645161290322,0.3548387096774194,0.06451612903225806,0.22580645161290322,0.12903225806451613,0.16129032258064516,0.25806451612903225,0.03225806451612903,0.1935483870967742,0.06451612903225806,0.3548387096774194,0.2903225806451613,0.22580645161290322,0.0,0.22580645161290322,0.06451612903225806,0.0,0.25806451612903225,0.16129032258064516,0.22580645161290322,0.1935483870967742,0.3225806451612903,0.16129032258064516,0.1935483870967742
P-1964,0.3225806451612903,0.22580645161290322,0.16129032258064516,0.16129032258064516,0.16129032258064516,0.22580645161290322,0.12903225806451613,0.25806451612903225,0.12903225806451613,0.16129032258064516,0.1935483870967742,0.1935483870967742,0.1935483870967742,0.0967741935483871,0.0967741935483871,0.25806451612903225,0.3225806451612903,0.06451612903225806,0.22580645161290322,0.12903225806451613,0.16129032258064516,0.25806451612903225,0.06451612903225806,0.1935483870967742,0.06451612903225806,0.3225806451612903,0.3225806451612903,0.22580645161290322,0.03225806451612903,0.22580645161290322,0.0967741935483871,0.0,0.25806451612903225,0.12903225806451613,0.25806451612903225,0.1935483870967742,0.3225806451612903,0.12903225806451613,0.22580645161290322
P-1965,0.3125,0.21875,0.1875,0.15625,0.15625,0.25,0.125,0.25,0.15625,0.15625,0.1875,0.21875,0.1875,0.09375,0.125,0.25,0.34375,0.0625,0.21875,0.125,0.15625,0.25,0.0625,0.1875,0.0625,0.34375,0.3125,0.21875,0.03125,0.21875,0.09375,0.0,0.25,0.15625,0.25,0.1875,0.3125,0.15625,0.21875
P-1966,0.21875,0.28125,0.21875,0.40625,0.1875,0.09375,0.375,0.21875,0.0625,0.125,0.34375,0.1875,0.5,0.09375,0.09375,0.21875,0.3125,0.1875,0.0625,0.375,0.21875,0.1875,0.21875,0.125,0.1875,0.34375,0.21875,0.25,0.21875,0.125,0.25,0.0,0.125,0.25,0.1875,0.125,0.40625,0.09375,0.09375
P-1967,0.25,0.25,0.1875,0.40625,0.125,0.09375,0.375,0.15625,0.0625,0.15625,0.3125,0.15625,0.4375,0.09375,0.09375,0.25,0.28125,0.15625,0.09375,0.34375,0.1875,0.1875,0.21875,0.125,0.15625,0.3125,0.25,0.25,0.21875,0.125,0.25,0.0,0.125,0.25,0.1875,0.125,0.40625,0.09375,0.09375
P-1970,0.12121212121212122,0.18181818181818182,0.2727272727272727,0.21212121212121213,0.18181818181818182,0.21212121212121213,0.18181818181818182,0.21212121212121213,0.18181818181818182,0.15151515151515152,0.30303030303030304,0.15151515151515152,0.36363636363636365,0.15151515151515152,0.09090909090909091,0.15151515151515152,0.3333333333333333,0.12121212121212122,0.030303030303030304,0.30303030303030304,0.21212121212121213,0.30303030303030304,0.21212121212121213,0.15151515151515152,0.21212121212121213,0.24242424242424243,0.12121212121212122,0.21212121212121213,0.18181818181818182,0.18181818181818182,0.12121212121212122,0.06060606060606061,0.06060606060606061,0.2727272727272727,0.30303030303030304,0.09090909090909091,0.24242424242424243,0.2727272727272727,0.06060606060606061
P-1971,0.0,0.058823529411764705,0.35294117647058826,0.08823529411764706,0.08823529411764706,0.38235294117647056,0.08823529411764706,0.14705882352941177,0.3235294117647059,0.029411764705882353,0.14705882352941177,0.2647058823529412,0.20588235294117646,0.14705882352941177,0.11764705882352941,0.0,0.23529411764705882,0.17647058823529413,0.0,0.058823529411764705,0.29411764705882354,0.17647058823529413,0.058823529411764705,0.14705882352941177,0.29411764705882354,0.11764705882352941,0.0,0.11764705882352941,0.058823529411764705,0.14705882352941177,0.058823529411764705,0.0,0.0,0.11764705882352941,0.08823529411764706,0.20588235294117646,0.058823529411764705,0.23529411764705882,0.0
P-1972,0.29411764705882354,0.20588235294117646,0.17647058823529413,0.17647058823529413,0.14705882352941177,0.23529411764705882,0.14705882352941177,0.23529411764705882,0.14705882352941177,0.14705882352941177,0.17647058823529413,0.20588235294117646,0.17647058823529413,0.08823529411764706,0.11764705882352941,0.23529411764705882,0.3235294117647059,0.058823529411764705,0.20588235294117646,0.11764705882352941,0.14705882352941177,0.23529411764705882,0.058823529411764705,0.20588235294117646,0.058823529411764705,0.3235294117647059,0.29411764705882354,0.20588235294117646,0.029411764705882353,0.23529411764705882,0.08823529411764706,0.029411764705882353,0.2647058823529412,0.14705882352941177,0.23529411764705882,0.17647058823529413,0.29411764705882354,0.14705882352941177,0.20588235294117646
P-1973,0.29411764705882354,0.23529411764705882,0.17647058823529413,0.17647058823529413,0.14705882352941177,0.2647058823529412,0.14705882352941177,0.2647058823529412,0.14705882352941177,0.14705882352941177,0.17647058823529413,0.23529411764705882,0.17647058823529413,0.11764705882352941,0.11764705882352941,0.23529411764705882,0.35294117647058826,0.058823529411764705,0.20588235294117646,0.14705882352941177,0.14705882352941177,0.23529411764705882,0.058823529411764705,0.20588235294117646,0.058823529411764705,0.35294117647058826,0.29411764705882354,0.20588235294117646,0.029411764705882353,0.23529411764705882,0.11764705882352941,0.029411764705882353,0.23529411764705882,0.17647058823529413,0.23529411764705882,0.17647058823529413,0.3235294117647059,0.14705882352941177,0.20588235294117646
P-1974,0.3235294117647059,0.23529411764705882,0.17647058823529413,0.17647058823529413,0.14705882352941177,0.2647058823529412,0.11764705882352941,0.2647058823529412,0.14705882352941177,0.17647058823529413,0.17647058823529413,0.23529411764705882,0.17647058823529413,0.11764705882352941,0.11764705882352941,0.2647058823529412,0.35294117647058826,0.058823529411764705,0.20588235294117646,0.14705882352941177,0.14705882352941177,0.23529411764705882,0.08823529411764706,0.17647058823529413,0.058823529411764705,0.35294117647058826,0.3235294117647059,0.20588235294117646,0.058823529411764705,0.20588235294117646,0.14705882352941177,0.0,0.23529411764705882,0.17647058823529413,0.2647058823529412,0.17647058823529413,0.3235294117647059,0.14705882352941177,0.23529411764705882
P-1978,0.3055555555555556,0.2222222222222222,0.16666666666666666,0.19444444444444445,0.1388888888888889,0.25,0.1388888888888889,0.25,0.1388888888888889,0.16666666666666666,0.16666666666666666,0.2222222222222222,0.16666666666666666,0.1111111111111111,0.1111111111111111,0.25,0.3333333333333333,0.05555555555555555,0.19444444444444445,0.1388888888888889,0.1388888888888889,0.2222222222222222,0.08333333333333333,0.19444444444444445,0.05555555555555555,0.3333333333333333,0.3055555555555556,0.19444444444444445,0.05555555555555555,0.2222222222222222,0.1388888888888889,0.027777777777777776,0.25,0.16666666666666666,0.25,0.16666666666666666,0.3055555555555556,0.1388888888888889,0.2222222222222222
P-1980,0.23076923076923078,0.10256410256410256,0.23076923076923078,0.3333333333333333,0.10256410256410256,0.20512820512820512,0.28205128205128205,0.20512820512820512,0.10256410256410256,0.1794871794871795,0.10256410256410256,0.28205128205128205,0.38461538461538464,0.05128205128205128,0.10256410256410256,0.15384615384615385,0.1282051282051282,0.20512820512820512,0.1282051282051282,0.2564102564102564,0.1794871794871795,0.2564102564102564,0.1282051282051282,0.23076923076923078,0.23076923076923078,0.15384615384615385,0.1282051282051282,0.2564102564102564,0.1282051282051282,0.23076923076923078,0.15384615384615385,0.0,0.1794871794871795,0.23076923076923078,0.1794871794871795,0.15384615384615385,0.1794871794871795,0.15384615384615385,0.15384615384615385
P-1981,0.23076923076923078,0.15384615384615385,0.23076923076923078,0.3076923076923077,0.1282051282051282,0.23076923076923078,0.23076923076923078,0.20512820512820512,0.15384615384615385,0.1794871794871795,0.15384615384615385,0.28205128205128205,0.41025641025641024,0.07692307692307693,0.07692307692307693,0.1794871794871795,0.20512820512820512,0.1794871794871795,0.1282051282051282,0.3076923076923077,0.1794871794871795,0.28205128205128205,0.10256410256410256,0.2564102564102564,0.20512820512820512,0.23076923076923078,0.15384615384615385,0.28205128205128205,0.10256410256410256,0.2564102564102564,0.15384615384615385,0.0,0.23076923076923078,0.23076923076923078,0.1794871794871795,0.15384615384615385,0.2564102564102564,0.1794871794871795,0.1282051282051282
P-1982,0.2564102564102564,0.1282051282051282,0.20512820512820512,0.358974358974359,0.1282051282051282,0.1794871794871795,0.28205128205128205,0.20512820512820512,0.10256410256410256,0.20512820512820512,0.1282051282051282,0.2564102564102564,0.41025641025641024,0.07692307692307693,0.07692307692307693,0.1794871794871795,0.15384615384615385,0.1794871794871795,0.1282051282051282,0.3076923076923077,0.1794871794871795,0.23076923076923078,0.10256410256410256,0.2564102564102564,0.20512820512820512,0.1794871794871795,0.15384615384615385,0.23076923076923078,0.10256410256410256,0.2564102564102564,0.15384615384615385,0.0,0.23076923076923078,0.23076923076923078,0.1794871794871795,0.15384615384615385,0.23076923076923078,0.15384615384615385,0.15384615384615385
P-1983,0.2564102564102564,0.1282051282051282,0.20512820512820512,0.358974358974359,0.1282051282051282,0.1794871794871795,0.28205128205128205,0.20512820512820512,0.10256410256410256,0.20512820512820512,0.1282051282051282,0.2564102564102564,0.41025641025641024,0.07692307692307693,0.07692307692307693,0.1794871794871795,0.15384615384615385,0.1794871794871795,0.1282051282051282,0.3076923076923077,0.1794871794871795,0.23076923076923078,0.10256410256410256,0.2564102564102564,0.20512820512820512,0.1794871794871795,0.15384615384615385,0.23076923076923078,0.10256410256410256,0.2564102564102564,0.15384615384615385,0.0,0.23076923076923078,0.23076923076923078,0.1794871794871795,0.15384615384615385,0.23076923076923078,0.15384615384615385,0.15384615384615385
P-1984,0.2564102564102564,0.1282051282051282,0.20512820512820512,0.358974358974359,0.1282051282051282,0.1794871794871795,0.28205128205128205,0.20512820512820512,0.10256410256410256,0.20512820512820512,0.1282051282051282,0.2564102564102564,0.41025641025641024,0.07692307692307693,0.07692307692307693,0.1794871794871795,0.15384615384615385,0.1794871794871795,0.1282051282051282,0.3076923076923077,0.1794871794871795,0.23076923076923078,0.15384615384615385,0.2564102564102564,0.20512820512820512,0.1794871794871795,0.15384615384615385,0.23076923076923078,0.15384615384615385,0.2564102564102564,0.15384615384615385,0.0,0.23076923076923078,0.23076923076923078,0.23076923076923078,0.10256410256410256,0.20512820512820512,0.1794871794871795,0.1794871794871795
P-1985,0.2564102564102564,0.1282051282051282,0.20512820512820512,0.358974358974359,0.1282051282051282,0.1794871794871795,0.28205128205128205,0.20512820512820512,0.10256410256410256,0.20512820512820512,0.1282051282051282,0.2564102564102564,0.41025641025641024,0.07692307692307693,0.07692307692307693,0.1794871794871795,0.15384615384615385,0.1794871794871795,0.1282051282051282,0.3076923076923077,0.1794871794871795,0.28205128205128205,0.10256410256410256,0.20512820512820512,0.20512820512820512,0.1794871794871795,0.15384615384615385,0.28205128205128205,0.10256410256410256,0.20512820512820512,0.15384615384615385,0.0,0.23076923076923078,0.23076923076923078,0.1794871794871795,0.15384615384615385,0.23076923076923078,0.10256410256410256,0.15384615384615385
P-1986,0.2564102564102564,0.1282051282051282,0.20512820512820512,0.3333333333333333,0.15384615384615385,0.20512820512820512,0.2564102564102564,0.23076923076923078,0.1282051282051282,0.23076923076923078,0.15384615384615385,0.23076923076923078,0.41025641025641024,0.07692307692307693,0.07692307692307693,0.20512820512820512,0.1794871794871795,0.15384615384615385,0.1282051282051282,0.3076923076923077,0.1794871794871795,0.2564102564102564,0.1282051282051282,0.23076923076923078,0.20512820512820512,0.1794871794871795,0.15384615384615385,0.28205128205128205,0.10256410256410256,0.2564102564102564,0.15384615384615385,0.0,0.23076923076923078,0.20512820512820512,0.20512820512820512,0.1282051282051282,0.23076923076923078,0.15384615384615385,0.15384615384615385
P-1987,0.2564102564102564,0.1282051282051282,0.20512820512820512,0.358974358974359,0.1282051282051282,0.1794871794871795,0.28205128205128205,0.20512820512820512,0.10256410256410256,0.20512820512820512,0.1282051282051282,0.2564102564102564,0.41025641025641024,0.07692307692307693,0.07692307692307693,0.1794871794871795,0.15384615384615385,0.1794871794871795,0.1282051282051282,0.3076923076923077,0.1794871794871795,0.28205128205128205,0.10256410256410256,0.2564102564102564,0.20512820512820512,0.1794871794871795,0.15384615384615385,0.28205128205128205,0.10256410256410256,0.2564102564102564,0.15384615384615385,0.0,0.23076923076923078,0.23076923076923078,0.1794871794871795,0.15384615384615385,0.23076923076923078,0.15384615384615385,0.15384615384615385
P-1988,0.2564102564102564,0.1282051282051282,0.20512820512820512,0.3333333333333333,0.15384615384615385,0.20512820512820512,0.2564102564102564,0.23076923076923078,0.1282051282051282,0.23076923076923078,0.15384615384615385,0.23076923076923078,0.41025641025641024,0.07692307692307693,0.07692307692307693,0.20512820512820512,0.1794871794871795,0.15384615384615385,0.1282051282051282,0.3076923076923077,0.1794871794871795,0.28205128205128205,0.10256410256410256,0.2564102564102564,0.20512820512820512,0.1794871794871795,0.15384615384615385,0.28205128205128205,0.10256410256410256,0.2564102564102564,0.15384615384615385,0.0,0.23076923076923078,0.23076923076923078,0.1794871794871795,0.15384615384615385,0.23076923076923078,0.20512820512820512,0.15384615384615385
P-1989,0.2564102564102564,0.1282051282051282,0.20512820512820512,0.3333333333333333,0.15384615384615385,0.20512820512820512,0.2564102564102564,0.23076923076923078,0.1282051282051282,0.23076923076923078,0.15384615384615385,0.23076923076923078,0.41025641025641024,0.07692307692307693,0.07692307692307693,0.20512820512820512,0.1794871794871795,0.15384615384615385,0.1282051282051282,0.3076923076923077,0.1794871794871795,0.28205128205128205,0.10256410256410256,0.2564102564102564,0.20512820512820512,0.1794871794871795,0.15384615384615385,0.28205128205128205,0.10256410256410256,0.2564102564102564,0.15384615384615385,0.0,0.23076923076923078,0.23076923076923078,0.1794871794871795,0.15384615384615385,0.23076923076923078,0.20512820512820512,0.15384615384615385
P-1990,0.2564102564102564,0.1282051282051282,0.1794871794871795,0.358974358974359,0.07692307692307693,0.23076923076923078,0.3076923076923077,0.15384615384615385,0.15384615384615385,0.20512820512820512,0.1282051282051282,0.23076923076923078,0.38461538461538464,0.05128205128205128,0.10256410256410256,0.1794871794871795,0.15384615384615385,0.15384615384615385,0.1282051282051282,0.3076923076923077,0.1282051282051282,0.2564102564102564,0.10256410256410256,0.2564102564102564,0.1794871794871795,0.1794871794871795,0.15384615384615385,0.2564102564102564,0.10256410256410256,0.2564102564102564,0.15384615384615385,0.0,0.23076923076923078,0.28205128205128205,0.15384615384615385,0.1282051282051282,0.23076923076923078,0.15384615384615385,0.15384615384615385
P-1991,0.2564102564102564,0.1282051282051282,0.20512820512820512,0.358974358974359,0.1282051282051282,0.1794871794871795,0.28205128205128205,0.20512820512820512,0.10256410256410256,0.20512820512820512,0.1282051282051282,0.2564102564102564,0.41025641025641024,0.07692307692307693,0.07692307692307693,0.1794871794871795,0.15384615384615385,0.1794871794871795,0.07692307692307693,0.3076923076923077,0.1794871794871795,0.2564102564102564,0.1282051282051282,0.23076923076923078,0.20512820512820512,0.1794871794871795,0.15384615384615385,0.2564102564102564,0.1282051282051282,0.23076923076923078,0.15384615384615385,0.0,0.23076923076923078,0.23076923076923078,0.1794871794871795,0.15384615384615385,0.23076923076923078,0.15384615384615385,0.15384615384615385
P-1992,0.28205128205128205,0.10256410256410256,0.23076923076923078,0.3333333333333333,0.15384615384615385,0.20512820512820512,0.2564102564102564,0.23076923076923078,0.1282051282051282,0.20512820512820512,0.1282051282051282,0.2564102564102564,0.41025641025641024,0.07692307692307693,0.07692307692307693,0.1794871794871795,0.15384615384615385,0.1794871794871795,0.1282051282051282,0.3076923076923077,0.1794871794871795,0.23076923076923078,0.10256410256410256,0.3076923076923077,0.20512820512820512,0.1794871794871795,0.15384615384615385,0.23076923076923078,0.10256410256410256,0.3076923076923077,0.15384615384615385,0.0,0.23076923076923078,0.2564102564102564,0.15384615384615385,0.1282051282051282,0.20512820512820512,0.1794871794871795,0.1794871794871795
P-1993,0.2564102564102564,0.1282051282051282,0.20512820512820512,0.3333333333333333,0.15384615384615385,0.20512820512820512,0.28205128205128205,0.2564102564102564,0.10256410256410256,0.20512820512820512,0.1282051282051282,0.2564102564102564,0.41025641025641024,0.07692307692307693,0.07692307692307693,0.1794871794871795,0.15384615384615385,0.1794871794871795,0.15384615384615385,0.28205128205128205,0.20512820512820512,0.23076923076923078,0.10256410256410256,0.2564102564102564,0.20512820512820512,0.1794871794871795,0.15384615384615385,0.28205128205128205,0.10256410256410256,0.2564102564102564,0.15384615384615385,0.0,0.23076923076923078,0.23076923076923078,0.1794871794871795,0.15384615384615385,0.20512820512820512,0.1794871794871795,0.1794871794871795
P-1994,0.2564102564102564,0.1282051282051282,0.20512820512820512,0.358974358974359,0.1282051282051282,0.1794871794871795,0.28205128205128205,0.20512820512820512,0.10256410256410256,0.20512820512820512,0.1282051282051282,0.2564102564102564,0.41025641025641024,0.07692307692307693,0.07692307692307693,0.1794871794871795,0.15384615384615385,0.1794871794871795,0.1282051282051282,0.3076923076923077,0.1794871794871795,0.28205128205128205,0.10256410256410256,0.2564102564102564,0.20512820512820512,0.1794871794871795,0.15384615384615385,0.28205128205128205,0.10256410256410256,0.2564102564102564,0.15384615384615385,0.0,0.23076923076923078,0.23076923076923078,0.1794871794871795,0.15384615384615385,0.23076923076923078,0.15384615384615385,0.15384615384615385
P-1995,0.23076923076923078,0.15384615384615385,0.1794871794871795,0.358974358974359,0.1282051282051282,0.1794871794871795,0.3076923076923077,0.1794871794871795,0.1282051282051282,0.1794871794871795,0.15384615384615385,0.23076923076923078,0.41025641025641024,0.07692307692307693,0.07692307692307693,0.15384615384615385,0.1794871794871795,0.15384615384615385,0.1282051282051282,0.3076923076923077,0.1794871794871795,0.2564102564102564,0.07692307692307693,0.23076923076923078,0.1794871794871795,0.20512820512820512,0.1282051282051282,0.2564102564102564,0.07692307692307693,0.23076923076923078,0.15384615384615385,0.0,0.23076923076923078,0.23076923076923078,0.1794871794871795,0.15384615384615385,0.20512820512820512,0.1282051282051282,0.1794871794871795
P-1996,0.23076923076923078,0.15384615384615385,0.1794871794871795,0.358974358974359,0.1282051282051282,0.1794871794871795,0.3076923076923077,0.1794871794871795,0.1282051282051282,0.1794871794871795,0.15384615384615385,0.23076923076923078,0.41025641025641024,0.07692307692307693,0.07692307692307693,0.15384615384615385,0.1794871794871795,0.15384615384615385,0.1282051282051282,0.3076923076923077,0.1794871794871795,0.2564102564102564,0.07692307692307693,0.28205128205128205,0.1794871794871795,0.20512820512820512,0.1282051282051282,0.2564102564102564,0.07692307692307693,0.28205128205128205,0.15384615384615385,0.0,0.23076923076923078,0.23076923076923078,0.1794871794871795,0.15384615384615385,0.23076923076923078,0.15384615384615385,0.15384615384615385
P-1997,0.28205128205128205,0.10256410256410256,0.23076923076923078,0.358974358974359,0.1282051282051282,0.1794871794871795,0.28205128205128205,0.20512820512820512,0.10256410256410256,0.20512820512820512,0.1282051282051282,0.2564102564102564,0.41025641025641024,0.07692307692307693,0.07692307692307693,0.1794871794871795,0.15384615384615385,0.1794871794871795,0.15384615384615385,0.28205128205128205,0.20512820512820512,0.3076923076923077,0.1282051282051282,0.23076923076923078,0.23076923076923078,0.15384615384615385,0.1794871794871795,0.28205128205128205,0.10256410256410256,0.2564102564102564,0.15384615384615385,0.0,0.23076923076923078,0.20512820512820512,0.20512820512820512,0.1794871794871795,0.20512820512820512,0.1794871794871795,0.1794871794871795
P-1998,0.3076923076923077,0.07692307692307693,0.20512820512820512,0.3333333333333333,0.15384615384615385,0.15384615384615385,0.20512820512820512,0.23076923076923078,0.07692307692307693,0.23076923076923078,0.10256410256410256,0.23076923076923078,0.41025641025641024,0.07692307692307693,0.07692307692307693,0.23076923076923078,0.10256410256410256,0.1794871794871795,0.15384615384615385,0.28205128205128205,0.20512820512820512,0.28205128205128205,0.10256410256410256,0.20512820512820512,0.20512820512820512,0.1282051282051282,0.20512820512820512,0.28205128205128205,0.10256410256410256,0.20512820512820512,0.10256410256410256,0.0,0.23076923076923078,0.28205128205128205,0.23076923076923078,0.10256410256410256,0.20512820512820512,0.1794871794871795,0.1794871794871795
P-1999,0.2564102564102564,0.1282051282051282,0.20512820512820512,0.3333333333333333,0.15384615384615385,0.15384615384615385,0.28205128205128205,0.20512820512820512,0.10256410256410256,0.1794871794871795,0.15384615384615385,0.23076923076923078,0.41025641025641024,0.07692307692307693,0.07692307692307693,0.1794871794871795,0.15384615384615385,0.1794871794871795,0.15384615384615385,0.28205128205128205,0.20512820512820512,0.3076923076923077,0.07692307692307693,0.23076923076923078,0.20512820512820512,0.1794871794871795,0.15384615384615385,0.3076923076923077,0.07692307692307693,0.23076923076923078,0.10256410256410256,0.0,0.23076923076923078,0.28205128205128205,0.1794871794871795,0.15384615384615385,0.20512820512820512,0.1794871794871795,0.1794871794871795
P-2000,0.2564102564102564,0.1282051282051282,0.20512820512820512,0.3076923076923077,0.1282051282051282,0.1794871794871795,0.28205128205128205,0.20512820512820512,0.10256410256410256,0.20512820512820512,0.1282051282051282,0.2564102564102564,0.41025641025641024,0.07692307692307693,0.07692307692307693,0.1794871794871795,0.15384615384615385,0.1794871794871795,0.1282051282051282,0.3076923076923077,0.1794871794871795,0.28205128205128205,0.10256410256410256,0.20512820512820512,0.20512820512820512,0.1794871794871795,0.15384615384615385,0.28205128205128205,0.10256410256410256,0.20512820512820512,0.15384615384615385,0.0,0.23076923076923078,0.23076923076923078,0.1794871794871795,0.15384615384615385,0.23076923076923078,0.15384615384615385,0.15384615384615385
P-2001,0.2564102564102564,0.1282051282051282,0.20512820512820512,0.3333333333333333,0.15384615384615385,0.20512820512820512,0.2564102564102564,0.23076923076923078,0.1282051282051282,0.20512820512820512,0.1282051282051282,0.2564102564102564,0.41025641025641024,0.07692307692307693,0.07692307692307693,0.1794871794871795,0.15384615384615385,0.1794871794871795,0.15384615384615385,0.28205128205128205,0.20512820512820512,0.3076923076923077,0.1282051282051282,0.23076923076923078,0.20512820512820512,0.1794871794871795,0.20512820512820512,0.28205128205128205,0.10256410256410256,0.2564102564102564,0.15384615384615385,0.0,0.23076923076923078,0.23076923076923078,0.23076923076923078,0.15384615384615385,0.23076923076923078,0.15384615384615385,0.15384615384615385
P-2002,0.2564102564102564,0.1282051282051282,0.20512820512820512,0.3333333333333333,0.15384615384615385,0.20512820512820512,0.2564102564102564,0.23076923076923078,0.1282051282051282,0.1794871794871795,0.15384615384615385,0.28205128205128205,0.41025641025641024,0.07692307692307693,0.07692307692307693,0.1794871794871795,0.15384615384615385,0.1794871794871795,0.1282051282051282,0.3076923076923077,0.1794871794871795,0.28205128205128205,0.10256410256410256,0.2564102564102564,0.20512820512820512,0.23076923076923078,0.15384615384615385,0.28205128205128205,0.10256410256410256,0.2564102564102564,0.15384615384615385,0.0,0.23076923076923078,0.28205128205128205,0.1794871794871795,0.15384615384615385,0.23076923076923078,0.15384615384615385,0.15384615384615385
P-2003,0.2564102564102564,0.1282051282051282,0.20512820512820512,0.3333333333333333,0.15384615384615385,0.20512820512820512,0.2564102564102564,0.23076923076923078,0.1282051282051282,0.1794871794871795,0.15384615384615385,0.28205128205128205,0.41025641025641024,0.07692307692307693,0.07692307692307693,0.1794871794871795,0.15384615384615385,0.1794871794871795,0.15384615384615385,0.28205128205128205,0.20512820512820512,0.3076923076923077,0.07692307692307693,0.3076923076923077,0.20512820512820512,0.23076923076923078,0.15384615384615385,0.3076923076923077,0.07692307692307693,0.3076923076923077,0.15384615384615385,0.0,0.1794871794871795,0.3076923076923077,0.1794871794871795,0.15384615384615385,0.23076923076923078,0.1794871794871795,0.15384615384615385
P-2004,0.3076923076923077,0.07692307692307693,0.20512820512820512,0.358974358974359,0.1282051282051282,0.1794871794871795,0.28205128205128205,0.20512820512820512,0.10256410256410256,0.23076923076923078,0.10256410256410256,0.23076923076923078,0.41025641025641024,0.02564102564102564,0.07692307692307693,0.1794871794871795,0.10256410256410256,0.1794871794871795,0.1794871794871795,0.2564102564102564,0.1794871794871795,0.3076923076923077,0.1282051282051282,0.23076923076923078,0.20512820512820512,0.1282051282051282,0.20512820512820512,0.28205128205128205,0.10256410256410256,0.2564102564102564,0.15384615384615385,0.0,0.23076923076923078,0.1794871794871795,0.23076923076923078,0.15384615384615385,0.1794871794871795,0.15384615384615385,0.20512820512820512
P-2005,0.20512820512820512,0.1794871794871795,0.20512820512820512,0.358974358974359,0.1282051282051282,0.1794871794871795,0.3333333333333333,0.20512820512820512,0.10256410256410256,0.15384615384615385,0.1794871794871795,0.2564102564102564,0.41025641025641024,0.07692307692307693,0.07692307692307693,0.1282051282051282,0.20512820512820512,0.1794871794871795,0.1282051282051282,0.3076923076923077,0.1794871794871795,0.28205128205128205,0.10256410256410256,0.2564102564102564,0.20512820512820512,0.23076923076923078,0.10256410256410256,0.28205128205128205,0.10256410256410256,0.2564102564102564,0.15384615384615385,0.0,0.23076923076923078,0.2564102564102564,0.15384615384615385,0.1794871794871795,0.23076923076923078,0.15384615384615385,0.15384615384615385
P-2006,0.20512820512820512,0.1794871794871795,0.20512820512820512,0.358974358974359,0.1282051282051282,0.1794871794871795,0.3333333333333333,0.20512820512820512,0.10256410256410256,0.15384615384615385,0.1794871794871795,0.2564102564102564,0.41025641025641024,0.07692307692307693,0.07692307692307693,0.1282051282051282,0.20512820512820512,0.1794871794871795,0.1282051282051282,0.3076923076923077,0.1794871794871795,0.28205128205128205,0.10256410256410256,0.20512820512820512,0.20512820512820512,0.23076923076923078,0.10256410256410256,0.28205128205128205,0.10256410256410256,0.20512820512820512,0.15384615384615385,0.0,0.23076923076923078,0.2564102564102564,0.15384615384615385,0.1794871794871795,0.23076923076923078,0.10256410256410256,0.15384615384615385
P-2007,0.20512820512820512,0.1794871794871795,0.20512820512820512,0.358974358974359,0.1282051282051282,0.1794871794871795,0.3333333333333333,0.20512820512820512,0.10256410256410256,0.15384615384615385,0.1794871794871795,0.2564102564102564,0.41025641025641024,0.07692307692307693,0.07692307692307693,0.1282051282051282,0.20512820512820512,0.1794871794871795,0.15384615384615385,0.28205128205128205,0.20512820512820512,0.23076923076923078,0.10256410256410256,0.2564102564102564,0.20512820512820512,0.23076923076923078,0.10256410256410256,0.23076923076923078,0.10256410256410256,0.2564102564102564,0.15384615384615385,0.0,0.23076923076923078,0.2564102564102564,0.15384615384615385,0.1794871794871795,0.23076923076923078,0.15384615384615385,0.15384615384615385
P-2008,0.20512820512820512,0.15384615384615385,0.1794871794871795,0.358974358974359,0.1282051282051282,0.1794871794871795,0.3076923076923077,0.1794871794871795,0.1282051282051282,0.15384615384615385,0.15384615384615385,0.23076923076923078,0.41025641025641024,0.07692307692307693,0.07692307692307693,0.1282051282051282,0.1794871794871795,0.15384615384615385,0.1282051282051282,0.28205128205128205,0.20512820512820512,0.2564102564102564,0.07692307692307693,0.28205128205128205,0.1794871794871795,0.20512820512820512,0.10256410256410256,0.2564102564102564,0.07692307692307693,0.28205128205128205,0.15384615384615385,0.0,0.20512820512820512,0.23076923076923078,0.1794871794871795,0.15384615384615385,0.20512820512820512,0.15384615384615385,0.15384615384615385
P-2009,0.21951219512195122,0.14634146341463414,0.24390243902439024,0.2926829268292683,0.17073170731707318,0.17073170731707318,0.2682926829268293,0.2682926829268293,0.07317073170731707,0.17073170731707318,0.14634146341463414,0.2926829268292683,0.36585365853658536,0.0975609756097561,0.0975609756097561,0.14634146341463414,0.17073170731707318,0.21951219512195122,0.12195121951219512,0.2926829268292683,0.17073170731707318,0.2926829268292683,0.0975609756097561,0.1951219512195122,0.24390243902439024,0.1951219512195122,0.12195121951219512,0.2926829268292683,0.0975609756097561,0.1951219512195122,0.14634146341463414,0.0,0.21951219512195122,0.2682926829268293,0.1951219512195122,0.12195121951219512,0.21951219512195122,0.0975609756097561,0.14634146341463414
P-2010,0.21951219512195122,0.14634146341463414,0.24390243902439024,0.3170731707317073,0.14634146341463414,0.1951219512195122,0.2926829268292683,0.24390243902439024,0.0975609756097561,0.17073170731707318,0.14634146341463414,0.2926829268292683,0.36585365853658536,0.0975609756097561,0.0975609756097561,0.14634146341463414,0.17073170731707318,0.21951219512195122,0.12195121951219512,0.2926829268292683,0.17073170731707318,0.2926829268292683,0.0975609756097561,0.1951219512195122,0.24390243902439024,0.1951219512195122,0.12195121951219512,0.2926829268292683,0.0975609756097561,0.1951219512195122,0.14634146341463414,0.0,0.21951219512195122,0.2926829268292683,0.17073170731707318,0.14634146341463414,0.21951219512195122,0.0975609756097561,0.14634146341463414
P-2011,0.24390243902439024,0.12195121951219512,0.21951219512195122,0.2682926829268293,0.14634146341463414,0.24390243902439024,0.1951219512195122,0.24390243902439024,0.14634146341463414,0.1951219512195122,0.12195121951219512,0.2682926829268293,0.36585365853658536,0.0975609756097561,0.14634146341463414,0.17073170731707318,0.14634146341463414,0.1951219512195122,0.12195121951219512,0.2926829268292683,0.17073170731707318,0.2926829268292683,0.0975609756097561,0.1951219512195122,0.21951219512195122,0.17073170731707318,0.14634146341463414,0.2926829268292683,0.0975609756097561,0.1951219512195122,0.0975609756097561,0.0,0.2682926829268293,0.24390243902439024,0.12195121951219512,0.14634146341463414,0.21951219512195122,0.0975609756097561,0.14634146341463414
P-2012,0.24390243902439024,0.12195121951219512,0.21951219512195122,0.2926829268292683,0.12195121951219512,0.21951219512195122,0.21951219512195122,0.21951219512195122,0.12195121951219512,0.1951219512195122,0.12195121951219512,0.2682926829268293,0.3902439024390244,0.07317073170731707,0.12195121951219512,0.17073170731707318,0.14634146341463414,0.1951219512195122,0.12195121951219512,0.2926829268292683,0.17073170731707318,0.3170731707317073,0.07317073170731707,0.17073170731707318,0.21951219512195122,0.17073170731707318,0.14634146341463414,0.3170731707317073,0.07317073170731707,0.17073170731707318,0.0975609756097561,0.0,0.2682926829268293,0.24390243902439024,0.12195121951219512,0.14634146341463414,0.21951219512195122,0.0975609756097561,0.14634146341463414
P-2013,0.24390243902439024,0.12195121951219512,0.21951219512195122,0.34146341463414637,0.12195121951219512,0.21951219512195122,0.2682926829268293,0.21951219512195122,0.12195121951219512,0.1951219512195122,0.12195121951219512,0.2682926829268293,0.3902439024390244,0.07317073170731707,0.12195121951219512,0.17073170731707318,0.14634146341463414,0.1951219512195122,0.12195121951219512,0.2926829268292683,0.17073170731707318,0.2926829268292683,0.0975609756097561,0.1951219512195122,0.21951219512195122,0.17073170731707318,0.14634146341463414,0.2926829268292683,0.0975609756097561,0.1951219512195122,0.14634146341463414,0.0,0.21951219512195122,0.24390243902439024,0.17073170731707318,0.14634146341463414,0.21951219512195122,0.0975609756097561,0.14634146341463414
P-2014,0.24390243902439024,0.12195121951219512,0.21951219512195122,0.34146341463414637,0.12195121951219512,0.21951219512195122,0.2682926829268293,0.21951219512195122,0.12195121951219512,0.1951219512195122,0.12195121951219512,0.2682926829268293,0.3902439024390244,0.07317073170731707,0.12195121951219512,0.17073170731707318,0.14634146341463414,0.1951219512195122,0.12195121951219512,0.2926829268292683,0.17073170731707318,0.2926829268292683,0.0975609756097561,0.24390243902439024,0.21951219512195122,0.17073170731707318,0.14634146341463414,0.2926829268292683,0.0975609756097561,0.24390243902439024,0.14634146341463414,0.0,0.21951219512195122,0.24390243902439024,0.17073170731707318,0.14634146341463414,0.21951219512195122,0.14634146341463414,0.14634146341463414
P-2015,0.24390243902439024,0.12195121951219512,0.21951219512195122,0.2926829268292683,0.12195121951219512,0.21951219512195122,0.21951219512195122,0.21951219512195122,0.12195121951219512,0.1951219512195122,0.12195121951219512,0.2682926829268293,0.3902439024390244,0.07317073170731707,0.12195121951219512,0.17073170731707318,0.14634146341463414,0.1951219512195122,0.12195121951219512,0.2926829268292683,0.17073170731707318,0.2682926829268293,0.07317073170731707,0.21951219512195122,0.21951219512195122,0.17073170731707318,0.14634146341463414,0.2682926829268293,0.07317073170731707,0.21951219512195122,0.12195121951219512,0.024390243902439025,0.24390243902439024,0.2682926829268293,0.0975609756097561,0.12195121951219512,0.21951219512195122,0.0975609756097561,0.14634146341463414
P-2016,0.24390243902439024,0.12195121951219512,0.21951219512195122,0.34146341463414637,0.12195121951219512,0.21951219512195122,0.2682926829268293,0.21951219512195122,0.12195121951219512,0.1951219512195122,0.12195121951219512,0.2682926829268293,0.3902439024390244,0.07317073170731707,0.12195121951219512,0.17073170731707318,0.14634146341463414,0.1951219512195122,0.12195121951219512,0.2926829268292683,0.17073170731707318,0.24390243902439024,0.0975609756097561,0.24390243902439024,0.21951219512195122,0.17073170731707318,0.14634146341463414,0.24390243902439024,0.0975609756097561,0.24390243902439024,0.17073170731707318,0.024390243902439025,0.1951219512195122,0.2682926829268293,0.14634146341463414,0.12195121951219512,0.21951219512195122,0.0975609756097561,0.14634146341463414
P-2017,0.24390243902439024,0.12195121951219512,0.2682926829268293,0.34146341463414637,0.17073170731707318,0.21951219512195122,0.2682926829268293,0.2682926829268293,0.12195121951219512,0.1951219512195122,0.12195121951219512,0.3170731707317073,0.3902439024390244,0.12195121951219512,0.12195121951219512,0.17073170731707318,0.14634146341463414,0.24390243902439024,0.12195121951219512,0.2926829268292683,0.21951219512195122,0.2926829268292683,0.14634146341463414,0.1951219512195122,0.2682926829268293,0.17073170731707318,0.14634146341463414,0.2926829268292683,0.14634146341463414,0.1951219512195122,0.14634146341463414,0.0,0.21951219512195122,0.24390243902439024,0.17073170731707318,0.1951219512195122,0.21951219512195122,0.0975609756097561,0.14634146341463414
P-2018,0.24390243902439024,0.12195121951219512,0.2682926829268293,0.36585365853658536,0.14634146341463414,0.1951219512195122,0.2926829268292683,0.24390243902439024,0.0975609756097561,0.1951219512195122,0.12195121951219512,0.3170731707317073,0.4146341463414634,0.0975609756097561,0.0975609756097561,0.17073170731707318,0.14634146341463414,0.24390243902439024,0.12195121951219512,0.2926829268292683,0.21951219512195122,0.3170731707317073,0.12195121951219512,0.17073170731707318,0.2682926829268293,0.17073170731707318,0.14634146341463414,0.3170731707317073,0.12195121951219512,0.17073170731707318,0.14634146341463414,0.0,0.21951219512195122,0.24390243902439024,0.17073170731707318,0.1951219512195122,0.21951219512195122,0.0975609756097561,0.14634146341463414
P-2023,0.26,0.24,0.2,0.36,0.18,0.14,0.24,0.2,0.08,0.3,0.36,0.08,0.24,0.26,0.06,0.32,0.26,0.18,0.16,0.22,0.28,0.32,0.14,0.06,0.2,0.24,0.26,0.3,0.12,0.08,0.16,0.0,0.12,0.14,0.22,0.26,0.36,0.26,0.14
P-2025,0.21153846153846154,0.23076923076923078,0.19230769230769232,0.28846153846153844,0.25,0.1346153846153846,0.19230769230769232,0.2692307692307692,0.07692307692307693,0.23076923076923078,0.36538461538461536,0.09615384615384616,0.23076923076923078,0.2692307692307692,0.07692307692307693,0.2692307692307692,0.25,0.17307692307692307,0.19230769230769232,0.25,0.25,0.2692307692307692,0.15384615384615385,0.038461538461538464,0.21153846153846154,0.25,0.19230769230769232,0.25,0.1346153846153846,0.057692307692307696,0.15384615384615385,0.0,0.1346153846153846,0.15384615384615385,0.15384615384615385,0.34615384615384615,0.28846153846153844,0.2692307692307692,0.15384615384615385
P-2026,0.23636363636363636,0.09090909090909091,0.2545454545454545,0.2545454545454545,0.16363636363636364,0.14545454545454545,0.2,0.12727272727272726,0.12727272727272726,0.2,0.12727272727272726,0.21818181818181817,0.3090909090909091,0.07272727272727272,0.01818181818181818,0.23636363636363636,0.12727272727272726,0.16363636363636364,0.21818181818181817,0.10909090909090909,0.2727272727272727,0.18181818181818182,0.2727272727272727,0.10909090909090909,0.2,0.14545454545454545,0.21818181818181817,0.2,0.18181818181818182,0.2,0.18181818181818182,0.0,0.03636363636363636,0.10909090909090909,0.4,0.12727272727272726,0.10909090909090909,0.14545454545454545,0.21818181818181817
P-2028,0.265625,0.0625,0.25,0.234375,0.203125,0.140625,0.1875,0.15625,0.125,0.203125,0.125,0.21875,0.3125,0.09375,0.03125,0.25,0.109375,0.140625,0.203125,0.125,0.28125,0.1875,0.296875,0.109375,0.203125,0.140625,0.28125,0.171875,0.21875,0.1875,0.15625,0.0,0.046875,0.125,0.390625,0.15625,0.078125,0.1875,0.25
P-2030,0.23076923076923078,0.0641025641025641,0.2948717948717949,0.5256410256410257,0.0641025641025641,0.0641025641025641,0.47435897435897434,0.08974358974358974,0.038461538461538464,0.20512820512820512,0.14102564102564102,0.19230769230769232,0.358974358974359,0.02564102564102564,0.02564102564102564,0.24358974358974358,0.10256410256410256,0.2564102564102564,0.23076923076923078,0.08974358974358974,0.2948717948717949,0.358974358974359,0.16666666666666666,0.14102564102564102,0.2564102564102564,0.07692307692307693,0.24358974358974358,0.358974358974359,0.16666666666666666,0.14102564102564102,0.16666666666666666,0.0641025641025641,0.11538461538461539,0.28205128205128205,0.24358974358974358,0.15384615384615385,0.16666666666666666,0.23076923076923078,0.1282051282051282
