,CTDC_hydrophobicity_PRAM900101.G1,CTDC_hydrophobicity_PRAM900101.G2,CTDC_hydrophobicity_PRAM900101.G3,CTDC_hydrophobicity_ARGP820101.G1,CTDC_hydrophobicity_ARGP820101.G2,CTDC_hydrophobicity_ARGP820101.G3,CTDC_hydrophobicity_ZIMJ680101.G1,CTDC_hydrophobicity_ZIMJ680101.G2,CTDC_hydrophobicity_ZIMJ680101.G3,CTDC_hydrophobicity_PONP930101.G1,CTDC_hydrophobicity_PONP930101.G2,CTDC_hydrophobicity_PONP930101.G3,CTDC_hydrophobicity_CASG920101.G1,CTDC_hydrophobicity_CASG920101.G2,CTDC_hydrophobicity_CASG920101.G3,CTDC_hydrophobicity_ENGD860101.G1,CTDC_hydrophobicity_ENGD860101.G2,CTDC_hydrophobicity_ENGD860101.G3,CTDC_hydrophobicity_FASG890101.G1,CTDC_hydrophobicity_FASG890101.G2,CTDC_hydrophobicity_FASG890101.G3,CTDC_normwaalsvolume.G1,CTDC_normwaalsvolume.G2,CTDC_normwaalsvolume.G3,CTDC_polarity.G1,CTDC_polarity.G2,CTDC_polarity.G3,CTDC_polarizability.G1,CTDC_polarizability.G2,CTDC_polarizability.G3,CTDC_charge.G1,CTDC_charge.G2,CTDC_charge.G3,CTDC_secondarystruct.G1,CTDC_secondarystruct.G2,CTDC_secondarystruct.G3,CTDC_solventaccess.G1,CTDC_solventaccess.G2,CTDC_solventaccess.G3
P-0001,0.3333333333333333,0.6666666666666666,1.1102230246251565e-16,0.6666666666666666,0.0,0.33333333333333337,0.6666666666666666,0.0,0.33333333333333337,0.3333333333333333,0.3333333333333333,0.3333333333333334,0.6666666666666666,0.3333333333333333,5.551115123125783e-17,0.6666666666666666,0.3333333333333333,5.551115123125783e-17,0.3333333333333333,0.3333333333333333,0.3333333333333334,0.3333333333333333,0.3333333333333333,0.3333333333333334,0.3333333333333333,0.3333333333333333,0.3333333333333334,0.3333333333333333,0.3333333333333333,0.3333333333333334,0.0,0.6666666666666666,0.33333333333333337,0.3333333333333333,0.3333333333333333,0.3333333333333334,0.3333333333333333,0.3333333333333333,0.3333333333333334
P-0004,1.0,0.0,0.0,1.0,0.0,0.0,1.0,0.0,0.0,1.0,0.0,0.0,1.0,0.0,0.0,1.0,0.0,0.0,0.5,0.5,0.0,0.0,1.0,0.0,0.0,0.0,1.0,0.0,1.0,0.0,0.0,1.0,0.0,0.5,0.0,0.5,0.0,1.0,0.0
P-0006,0.0,0.6,0.4,0.4,0.2,0.39999999999999997,0.6,0.0,0.4,0.4,0.2,0.39999999999999997,0.4,0.4,0.19999999999999996,0.0,0.6,0.4,0.4,0.0,0.6,0.6,0.4,0.0,0.4,0.6,0.0,0.6,0.4,0.0,0.0,1.0,0.0,0.4,0.2,0.39999999999999997,0.6,0.0,0.4
P-0007,0.2,0.8,0.0,0.6,0.2,0.2,0.8,0.0,0.19999999999999996,0.6,0.4,0.0,0.8,0.2,-5.551115123125783e-17,0.4,0.6,0.0,0.2,0.6,0.20000000000000007,0.8,0.2,-5.551115123125783e-17,0.0,0.8,0.19999999999999996,0.6,0.4,0.0,0.0,0.8,0.19999999999999996,0.4,0.2,0.39999999999999997,0.4,0.2,0.39999999999999997
P-0008,0.6,0.0,0.4,0.4,0.2,0.39999999999999997,0.4,0.2,0.39999999999999997,0.6,0.0,0.4,0.6,0.0,0.4,0.6,0.0,0.4,0.4,0.2,0.39999999999999997,0.2,0.2,0.6000000000000001,0.4,0.0,0.6,0.2,0.2,0.6000000000000001,0.2,0.6,0.20000000000000007,0.2,0.4,0.4,0.4,0.6,0.0
P-0009,0.2,0.2,0.6000000000000001,0.2,0.0,0.8,0.2,0.0,0.8,0.2,0.0,0.8,0.2,0.4,0.4,0.4,0.0,0.6,0.2,0.0,0.8,0.2,0.2,0.6000000000000001,0.8,0.0,0.19999999999999996,0.2,0.2,0.6000000000000001,0.0,0.8,0.19999999999999996,0.2,0.6,0.20000000000000007,0.6,0.2,0.2
P-0010,0.0,0.4,0.6,0.2,0.2,0.6000000000000001,0.4,0.0,0.6,0.0,0.4,0.6,0.2,0.4,0.4,0.0,0.4,0.6,0.0,0.2,0.8,0.4,0.4,0.19999999999999996,0.6,0.4,0.0,0.4,0.4,0.19999999999999996,0.0,1.0,0.0,0.4,0.4,0.19999999999999996,1.0,0.0,0.0
P-0011,0.0,0.4,0.6,0.2,0.4,0.4,0.2,0.4,0.4,0.2,0.2,0.6000000000000001,0.2,0.6,0.20000000000000007,0.2,0.2,0.6000000000000001,0.2,0.0,0.8,0.2,0.4,0.4,0.6,0.2,0.2,0.2,0.4,0.4,0.0,1.0,0.0,0.4,0.4,0.19999999999999996,0.6,0.0,0.4
P-0012,0.0,0.4,0.6,0.2,0.6,0.20000000000000007,0.4,0.4,0.19999999999999996,0.0,0.4,0.6,0.2,0.6,0.20000000000000007,0.0,0.4,0.6,0.0,0.2,0.8,0.4,0.6,0.0,0.6,0.4,0.0,0.4,0.6,0.0,0.0,1.0,0.0,0.2,0.6,0.20000000000000007,1.0,0.0,0.0
P-0013,0.2,0.0,0.8,0.0,0.4,0.6,0.0,0.4,0.6,0.2,0.0,0.8,0.2,0.4,0.4,0.2,0.0,0.8,0.2,0.0,0.8,0.0,0.4,0.6,0.8,0.0,0.19999999999999996,0.0,0.4,0.6,0.2,0.8,0.0,0.4,0.6,0.0,0.8,0.2,-5.551115123125783e-17
P-0014,0.4,0.0,0.6,0.2,0.6,0.20000000000000007,0.4,0.4,0.19999999999999996,0.2,0.2,0.6000000000000001,0.4,0.6,0.0,0.4,0.0,0.6,0.4,0.0,0.6,0.0,0.8,0.19999999999999996,0.6,0.0,0.4,0.0,0.8,0.19999999999999996,0.2,0.8,0.0,0.6,0.4,0.0,0.6,0.4,0.0
P-0015,0.0,0.2,0.8,0.0,0.4,0.6,0.2,0.2,0.6000000000000001,0.0,0.2,0.8,0.0,0.6,0.4,0.0,0.2,0.8,0.0,0.0,1.0,0.2,0.4,0.4,0.8,0.2,-5.551115123125783e-17,0.2,0.4,0.4,0.0,1.0,0.0,0.4,0.6,0.0,1.0,0.0,0.0
P-0016,0.2,0.4,0.4,0.6,0.2,0.2,0.6,0.2,0.2,0.4,0.2,0.39999999999999997,0.6,0.2,0.2,0.2,0.4,0.4,0.2,0.4,0.4,0.4,0.4,0.19999999999999996,0.4,0.4,0.19999999999999996,0.4,0.4,0.19999999999999996,0.0,1.0,0.0,0.0,0.4,0.6,0.6,0.2,0.2
P-0018,0.2,0.4,0.4,0.4,0.4,0.19999999999999996,0.6,0.2,0.2,0.2,0.4,0.4,0.4,0.4,0.19999999999999996,0.2,0.4,0.4,0.2,0.2,0.6000000000000001,0.4,0.6,0.0,0.4,0.4,0.19999999999999996,0.4,0.6,0.0,0.0,1.0,0.0,0.4,0.4,0.19999999999999996,0.8,0.2,-5.551115123125783e-17
P-0020,0.6,0.4,0.0,0.6,0.4,0.0,1.0,0.0,0.0,0.6,0.4,0.0,0.8,0.2,-5.551115123125783e-17,0.6,0.4,0.0,0.6,0.2,0.2,0.6,0.2,0.2,0.0,0.4,0.6,0.6,0.2,0.2,0.2,0.6,0.20000000000000007,0.4,0.0,0.6,0.2,0.6,0.20000000000000007
P-0021,0.2,0.4,0.4,0.6,0.2,0.2,0.6,0.2,0.2,0.6,0.0,0.4,0.6,0.2,0.2,0.2,0.4,0.4,0.6,0.0,0.4,0.4,0.4,0.19999999999999996,0.4,0.4,0.19999999999999996,0.4,0.4,0.19999999999999996,0.0,0.8,0.19999999999999996,0.2,0.4,0.4,0.4,0.2,0.39999999999999997
P-0022,0.16666666666666666,0.8333333333333334,0.0,0.16666666666666666,0.8333333333333334,0.0,1.0,0.0,0.0,0.16666666666666666,0.8333333333333334,0.0,0.16666666666666666,0.8333333333333334,0.0,0.16666666666666666,0.8333333333333334,0.0,0.16666666666666666,0.0,0.8333333333333334,0.8333333333333334,0.16666666666666666,-2.7755575615628914e-17,0.0,0.8333333333333334,0.16666666666666663,0.8333333333333334,0.16666666666666666,-2.7755575615628914e-17,0.0,1.0,0.0,1.0,0.0,0.0,0.8333333333333334,0.16666666666666666,-2.7755575615628914e-17
P-0024,0.16666666666666666,0.3333333333333333,0.5,0.16666666666666666,0.3333333333333333,0.5,0.6666666666666666,0.0,0.33333333333333337,0.16666666666666666,0.3333333333333333,0.5,0.16666666666666666,0.3333333333333333,0.5,0.16666666666666666,0.5,0.33333333333333337,0.16666666666666666,0.0,0.8333333333333334,0.5,0.16666666666666666,0.33333333333333337,0.5,0.3333333333333333,0.16666666666666669,0.5,0.16666666666666666,0.33333333333333337,0.0,0.8333333333333334,0.16666666666666663,0.3333333333333333,0.5,0.16666666666666674,0.8333333333333334,0.16666666666666666,-2.7755575615628914e-17
P-0025,0.0,0.6666666666666666,0.33333333333333337,0.3333333333333333,0.3333333333333333,0.3333333333333334,0.8333333333333334,0.0,0.16666666666666663,0.0,0.6666666666666666,0.33333333333333337,0.3333333333333333,0.3333333333333333,0.3333333333333334,0.0,0.8333333333333334,0.16666666666666663,0.0,0.3333333333333333,0.6666666666666667,0.6666666666666666,0.16666666666666666,0.1666666666666667,0.3333333333333333,0.6666666666666666,1.1102230246251565e-16,0.6666666666666666,0.16666666666666666,0.1666666666666667,0.0,1.0,0.0,0.3333333333333333,0.3333333333333333,0.3333333333333334,1.0,0.0,0.0
P-0026,0.16666666666666666,0.5,0.33333333333333337,0.3333333333333333,0.3333333333333333,0.3333333333333334,0.6666666666666666,0.0,0.33333333333333337,0.16666666666666666,0.5,0.33333333333333337,0.3333333333333333,0.3333333333333333,0.3333333333333334,0.16666666666666666,0.5,0.33333333333333337,0.16666666666666666,0.16666666666666666,0.6666666666666667,0.5,0.5,0.0,0.3333333333333333,0.5,0.16666666666666674,0.5,0.5,0.0,0.0,1.0,0.0,0.5,0.3333333333333333,0.16666666666666669,0.8333333333333334,0.16666666666666666,-2.7755575615628914e-17
P-0027,0.16666666666666666,0.6666666666666666,0.16666666666666674,0.5,0.3333333333333333,0.16666666666666669,0.8333333333333334,0.0,0.16666666666666663,0.5,0.3333333333333333,0.16666666666666669,0.5,0.5,0.0,0.16666666666666666,0.6666666666666666,0.16666666666666674,0.5,0.0,0.5,0.6666666666666666,0.3333333333333333,5.551115123125783e-17,0.16666666666666666,0.6666666666666666,0.16666666666666674,0.6666666666666666,0.3333333333333333,5.551115123125783e-17,0.0,1.0,0.0,0.6666666666666666,0.0,0.33333333333333337,0.5,0.16666666666666666,0.33333333333333337
P-0028,0.3333333333333333,0.6666666666666666,1.1102230246251565e-16,0.0,0.6666666666666666,0.33333333333333337,0.3333333333333333,0.3333333333333333,0.3333333333333334,0.6666666666666666,0.3333333333333333,5.551115123125783e-17,0.6666666666666666,0.3333333333333333,5.551115123125783e-17,0.6666666666666666,0.3333333333333333,5.551115123125783e-17,0.3333333333333333,0.3333333333333333,0.3333333333333334,0.6666666666666666,0.0,0.33333333333333337,0.0,0.6666666666666666,0.33333333333333337,0.3333333333333333,0.3333333333333333,0.3333333333333334,0.3333333333333333,0.6666666666666666,1.1102230246251565e-16,0.6666666666666666,0.0,0.33333333333333337,0.3333333333333333,0.3333333333333333,0.3333333333333334
P-0029,0.16666666666666666,0.6666666666666666,0.16666666666666674,0.16666666666666666,0.6666666666666666,0.16666666666666674,0.8333333333333334,0.0,0.16666666666666663,0.16666666666666666,0.6666666666666666,0.16666666666666674,0.16666666666666666,0.8333333333333334,0.0,0.16666666666666666,0.6666666666666666,0.16666666666666674,0.16666666666666666,0.0,0.8333333333333334,0.6666666666666666,0.3333333333333333,5.551115123125783e-17,0.16666666666666666,0.6666666666666666,0.16666666666666674,0.6666666666666666,0.3333333333333333,5.551115123125783e-17,0.0,1.0,0.0,1.0,0.0,0.0,0.8333333333333334,0.16666666666666666,-2.7755575615628914e-17
P-0031,0.0,0.6666666666666666,0.33333333333333337,0.16666666666666666,0.6666666666666666,0.16666666666666674,0.5,0.3333333333333333,0.16666666666666669,0.16666666666666666,0.3333333333333333,0.5,0.16666666666666666,0.8333333333333334,0.0,0.16666666666666666,0.5,0.33333333333333337,0.0,0.16666666666666666,0.8333333333333334,0.5,0.3333333333333333,0.16666666666666669,0.5,0.5,0.0,0.5,0.3333333333333333,0.16666666666666669,0.0,1.0,0.0,0.3333333333333333,0.6666666666666666,1.1102230246251565e-16,0.6666666666666666,0.0,0.33333333333333337
P-0032,0.3333333333333333,0.5,0.16666666666666674,0.5,0.5,0.0,0.8333333333333334,0.16666666666666666,-2.7755575615628914e-17,0.5,0.3333333333333333,0.16666666666666669,0.5,0.5,0.0,0.3333333333333333,0.5,0.16666666666666674,0.3333333333333333,0.16666666666666666,0.5000000000000001,0.6666666666666666,0.3333333333333333,5.551115123125783e-17,0.16666666666666666,0.5,0.33333333333333337,0.6666666666666666,0.3333333333333333,5.551115123125783e-17,0.0,0.8333333333333334,0.16666666666666663,0.5,0.3333333333333333,0.16666666666666669,0.5,0.3333333333333333,0.16666666666666669
P-0033,0.0,0.5,0.5,0.3333333333333333,0.5,0.16666666666666674,0.5,0.3333333333333333,0.16666666666666669,0.0,0.5,0.5,0.3333333333333333,0.3333333333333333,0.3333333333333334,0.0,0.5,0.5,0.0,0.3333333333333333,0.6666666666666667,0.6666666666666666,0.3333333333333333,5.551115123125783e-17,0.5,0.5,0.0,0.5,0.5,0.0,0.0,1.0,0.0,0.16666666666666666,0.5,0.33333333333333337,1.0,0.0,0.0
P-0034,0.3333333333333333,0.5,0.16666666666666674,0.6666666666666666,0.3333333333333333,5.551115123125783e-17,0.8333333333333334,0.16666666666666666,-2.7755575615628914e-17,0.3333333333333333,0.5,0.16666666666666674,0.6666666666666666,0.3333333333333333,5.551115123125783e-17,0.3333333333333333,0.5,0.16666666666666674,0.3333333333333333,0.3333333333333333,0.3333333333333334,0.6666666666666666,0.3333333333333333,5.551115123125783e-17,0.16666666666666666,0.5,0.33333333333333337,0.6666666666666666,0.3333333333333333,5.551115123125783e-17,0.0,0.8333333333333334,0.16666666666666663,0.3333333333333333,0.16666666666666666,0.5000000000000001,0.6666666666666666,0.3333333333333333,5.551115123125783e-17
P-0035,0.3333333333333333,0.3333333333333333,0.3333333333333334,0.5,0.3333333333333333,0.16666666666666669,0.6666666666666666,0.16666666666666666,0.1666666666666667,0.5,0.16666666666666666,0.33333333333333337,0.5,0.3333333333333333,0.16666666666666669,0.3333333333333333,0.3333333333333333,0.3333333333333334,0.5,0.0,0.5,0.5,0.5,0.0,0.3333333333333333,0.3333333333333333,0.3333333333333334,0.5,0.5,0.0,0.0,0.6666666666666666,0.33333333333333337,0.3333333333333333,0.3333333333333333,0.3333333333333334,0.5,0.3333333333333333,0.16666666666666669
P-0038,0.5,0.5,0.0,0.6666666666666666,0.3333333333333333,5.551115123125783e-17,0.8333333333333334,0.16666666666666666,-2.7755575615628914e-17,0.6666666666666666,0.3333333333333333,5.551115123125783e-17,0.8333333333333334,0.16666666666666666,-2.7755575615628914e-17,0.5,0.5,0.0,0.5,0.3333333333333333,0.16666666666666669,0.5,0.3333333333333333,0.16666666666666669,0.0,0.5,0.5,0.5,0.3333333333333333,0.16666666666666669,0.16666666666666666,0.6666666666666666,0.16666666666666674,0.5,0.0,0.5,0.3333333333333333,0.5,0.16666666666666674
P-0039,0.6666666666666666,0.3333333333333333,5.551115123125783e-17,0.5,0.5,0.0,0.6666666666666666,0.3333333333333333,5.551115123125783e-17,0.8333333333333334,0.16666666666666666,-2.7755575615628914e-17,0.8333333333333334,0.16666666666666666,-2.7755575615628914e-17,0.6666666666666666,0.3333333333333333,5.551115123125783e-17,0.8333333333333334,0.0,0.16666666666666663,0.5,0.16666666666666666,0.33333333333333337,0.0,0.3333333333333333,0.6666666666666667,0.5,0.16666666666666666,0.33333333333333337,0.3333333333333333,0.3333333333333333,0.3333333333333334,0.6666666666666666,0.0,0.33333333333333337,0.16666666666666666,0.6666666666666666,0.16666666666666674
P-0040,0.5,0.5,0.0,0.5,0.3333333333333333,0.16666666666666669,0.6666666666666666,0.16666666666666666,0.1666666666666667,0.8333333333333334,0.16666666666666666,-2.7755575615628914e-17,0.8333333333333334,0.16666666666666666,-2.7755575615628914e-17,0.6666666666666666,0.3333333333333333,5.551115123125783e-17,0.5,0.3333333333333333,0.16666666666666669,0.5,0.3333333333333333,0.16666666666666669,0.0,0.5,0.5,0.3333333333333333,0.5,0.16666666666666674,0.16666666666666666,0.5,0.33333333333333337,0.6666666666666666,0.16666666666666666,0.1666666666666667,0.16666666666666666,0.5,0.33333333333333337
P-0042,0.16666666666666666,0.3333333333333333,0.5,0.3333333333333333,0.5,0.16666666666666674,0.5,0.3333333333333333,0.16666666666666669,0.3333333333333333,0.16666666666666666,0.5000000000000001,0.3333333333333333,0.5,0.16666666666666674,0.16666666666666666,0.3333333333333333,0.5,0.16666666666666666,0.16666666666666666,0.6666666666666667,0.3333333333333333,0.5,0.16666666666666674,0.5,0.3333333333333333,0.16666666666666669,0.3333333333333333,0.5,0.16666666666666674,0.0,0.8333333333333334,0.16666666666666663,0.3333333333333333,0.6666666666666666,1.1102230246251565e-16,0.6666666666666666,0.16666666666666666,0.1666666666666667
P-0043,0.16666666666666666,0.5,0.33333333333333337,0.3333333333333333,0.16666666666666666,0.5000000000000001,0.5,0.0,0.5,0.5,0.16666666666666666,0.33333333333333337,0.5,0.16666666666666666,0.33333333333333337,0.3333333333333333,0.3333333333333333,0.3333333333333334,0.16666666666666666,0.3333333333333333,0.5,0.5,0.3333333333333333,0.16666666666666669,0.3333333333333333,0.5,0.16666666666666674,0.3333333333333333,0.5,0.16666666666666674,0.0,1.0,0.0,0.16666666666666666,0.3333333333333333,0.5,0.5,0.16666666666666666,0.33333333333333337
P-0044,0.3333333333333333,0.5,0.16666666666666674,0.5,0.16666666666666666,0.33333333333333337,0.6666666666666666,0.0,0.33333333333333337,0.5,0.3333333333333333,0.16666666666666669,0.6666666666666666,0.16666666666666666,0.1666666666666667,0.5,0.3333333333333333,0.16666666666666669,0.3333333333333333,0.3333333333333333,0.3333333333333334,0.5,0.3333333333333333,0.16666666666666669,0.16666666666666666,0.5,0.33333333333333337,0.3333333333333333,0.5,0.16666666666666674,0.0,1.0,0.0,0.5,0.16666666666666666,0.33333333333333337,0.5,0.3333333333333333,0.16666666666666669
P-0045,0.16666666666666666,0.8333333333333334,0.0,0.5,0.16666666666666666,0.33333333333333337,0.6666666666666666,0.0,0.33333333333333337,0.16666666666666666,0.5,0.33333333333333337,0.5,0.5,0.0,0.5,0.5,0.0,0.16666666666666666,0.3333333333333333,0.5,0.5,0.16666666666666666,0.33333333333333337,0.3333333333333333,0.5,0.16666666666666674,0.5,0.16666666666666666,0.33333333333333337,0.0,1.0,0.0,0.3333333333333333,0.3333333333333333,0.3333333333333334,0.5,0.16666666666666666,0.33333333333333337
P-0046,0.0,1.0,0.0,0.8333333333333334,0.16666666666666666,-2.7755575615628914e-17,1.0,0.0,0.0,0.3333333333333333,0.6666666666666666,1.1102230246251565e-16,0.8333333333333334,0.16666666666666666,-2.7755575615628914e-17,0.0,1.0,0.0,0.3333333333333333,0.5,0.16666666666666674,1.0,0.0,0.0,0.0,1.0,0.0,1.0,0.0,0.0,0.0,1.0,0.0,0.16666666666666666,0.0,0.8333333333333334,0.6666666666666666,0.0,0.33333333333333337
P-0047,0.16666666666666666,0.5,0.33333333333333337,0.3333333333333333,0.3333333333333333,0.3333333333333334,0.5,0.16666666666666666,0.33333333333333337,0.16666666666666666,0.3333333333333333,0.5,0.3333333333333333,0.5,0.16666666666666674,0.3333333333333333,0.3333333333333333,0.3333333333333334,0.0,0.3333333333333333,0.6666666666666667,0.3333333333333333,0.3333333333333333,0.3333333333333334,0.5,0.3333333333333333,0.16666666666666669,0.3333333333333333,0.3333333333333333,0.3333333333333334,0.0,1.0,0.0,0.16666666666666666,0.5,0.33333333333333337,0.6666666666666666,0.16666666666666666,0.1666666666666667
P-0048,0.5,0.5,0.0,0.6666666666666666,0.16666666666666666,0.1666666666666667,0.8333333333333334,0.0,0.16666666666666663,0.5,0.3333333333333333,0.16666666666666669,0.6666666666666666,0.3333333333333333,5.551115123125783e-17,0.6666666666666666,0.3333333333333333,5.551115123125783e-17,0.5,0.16666666666666666,0.33333333333333337,0.3333333333333333,0.5,0.16666666666666674,0.16666666666666666,0.3333333333333333,0.5,0.3333333333333333,0.5,0.16666666666666674,0.0,1.0,0.0,0.6666666666666666,0.16666666666666666,0.1666666666666667,0.3333333333333333,0.5,0.16666666666666674
P-0049,0.3333333333333333,0.16666666666666666,0.5000000000000001,0.3333333333333333,0.16666666666666666,0.5000000000000001,0.6666666666666666,0.0,0.33333333333333337,0.3333333333333333,0.16666666666666666,0.5000000000000001,0.3333333333333333,0.16666666666666666,0.5000000000000001,0.3333333333333333,0.3333333333333333,0.3333333333333334,0.3333333333333333,0.0,0.6666666666666667,0.5,0.16666666666666666,0.33333333333333337,0.5,0.16666666666666666,0.33333333333333337,0.5,0.16666666666666666,0.33333333333333337,0.0,0.6666666666666666,0.33333333333333337,0.16666666666666666,0.5,0.33333333333333337,0.6666666666666666,0.3333333333333333,5.551115123125783e-17
P-0050,0.0,0.6666666666666666,0.33333333333333337,0.5,0.16666666666666666,0.33333333333333337,0.8333333333333334,0.0,0.16666666666666663,0.16666666666666666,0.5,0.33333333333333337,0.5,0.16666666666666666,0.33333333333333337,0.0,0.8333333333333334,0.16666666666666663,0.16666666666666666,0.3333333333333333,0.5,0.6666666666666666,0.16666666666666666,0.1666666666666667,0.3333333333333333,0.6666666666666666,1.1102230246251565e-16,0.6666666666666666,0.16666666666666666,0.1666666666666667,0.0,1.0,0.0,0.16666666666666666,0.3333333333333333,0.5,0.8333333333333334,0.0,0.16666666666666663
P-0051,0.0,0.3333333333333333,0.6666666666666667,0.16666666666666666,0.3333333333333333,0.5,0.3333333333333333,0.16666666666666666,0.5000000000000001,0.0,0.3333333333333333,0.6666666666666667,0.16666666666666666,0.5,0.33333333333333337,0.0,0.3333333333333333,0.6666666666666667,0.0,0.16666666666666666,0.8333333333333334,0.3333333333333333,0.5,0.16666666666666674,0.6666666666666666,0.3333333333333333,5.551115123125783e-17,0.3333333333333333,0.5,0.16666666666666674,0.0,1.0,0.0,0.5,0.3333333333333333,0.16666666666666669,0.8333333333333334,0.0,0.16666666666666663
P-0052,0.0,0.6666666666666666,0.33333333333333337,0.5,0.16666666666666666,0.33333333333333337,0.6666666666666666,0.0,0.33333333333333337,0.5,0.16666666666666666,0.33333333333333337,0.5,0.3333333333333333,0.16666666666666669,0.0,0.6666666666666666,0.33333333333333337,0.3333333333333333,0.16666666666666666,0.5000000000000001,0.6666666666666666,0.3333333333333333,5.551115123125783e-17,0.3333333333333333,0.6666666666666666,1.1102230246251565e-16,0.6666666666666666,0.3333333333333333,5.551115123125783e-17,0.0,1.0,0.0,0.3333333333333333,0.3333333333333333,0.3333333333333334,0.5,0.0,0.5
P-0054,0.5,0.3333333333333333,0.16666666666666669,0.6666666666666666,0.16666666666666666,0.1666666666666667,0.8333333333333334,0.0,0.16666666666666663,0.6666666666666666,0.16666666666666666,0.1666666666666667,0.6666666666666666,0.16666666666666666,0.1666666666666667,0.5,0.3333333333333333,0.16666666666666669,0.16666666666666666,0.5,0.33333333333333337,0.3333333333333333,0.6666666666666666,1.1102230246251565e-16,0.16666666666666666,0.3333333333333333,0.5,0.3333333333333333,0.6666666666666666,1.1102230246251565e-16,0.0,1.0,0.0,0.16666666666666666,0.16666666666666666,0.6666666666666667,0.3333333333333333,0.5,0.16666666666666674
P-0058,0.16666666666666666,0.5,0.33333333333333337,0.3333333333333333,0.3333333333333333,0.3333333333333334,0.6666666666666666,0.0,0.33333333333333337,0.3333333333333333,0.3333333333333333,0.3333333333333334,0.3333333333333333,0.6666666666666666,1.1102230246251565e-16,0.16666666666666666,0.5,0.33333333333333337,0.16666666666666666,0.16666666666666666,0.6666666666666667,0.5,0.5,0.0,0.3333333333333333,0.5,0.16666666666666674,0.5,0.5,0.0,0.0,1.0,0.0,0.8333333333333334,0.16666666666666666,-2.7755575615628914e-17,0.6666666666666666,0.16666666666666666,0.1666666666666667
P-0059,0.3333333333333333,0.5,0.16666666666666674,0.5,0.16666666666666666,0.33333333333333337,0.6666666666666666,0.0,0.33333333333333337,0.5,0.16666666666666666,0.33333333333333337,0.5,0.5,0.0,0.5,0.3333333333333333,0.16666666666666669,0.3333333333333333,0.16666666666666666,0.5000000000000001,0.3333333333333333,0.5,0.16666666666666674,0.3333333333333333,0.3333333333333333,0.3333333333333334,0.3333333333333333,0.5,0.16666666666666674,0.0,0.6666666666666666,0.33333333333333337,0.6666666666666666,0.3333333333333333,5.551115123125783e-17,0.3333333333333333,0.3333333333333333,0.3333333333333334
P-0060,0.16666666666666666,0.5,0.33333333333333337,0.5,0.16666666666666666,0.33333333333333337,0.8333333333333334,0.0,0.16666666666666663,0.5,0.16666666666666666,0.33333333333333337,0.5,0.3333333333333333,0.16666666666666669,0.16666666666666666,0.6666666666666666,0.16666666666666674,0.5,0.0,0.5,0.5,0.3333333333333333,0.16666666666666669,0.3333333333333333,0.5,0.16666666666666674,0.5,0.3333333333333333,0.16666666666666669,0.0,1.0,0.0,0.5,0.16666666666666666,0.33333333333333337,0.5,0.16666666666666666,0.33333333333333337
P-0061,0.3333333333333333,0.5,0.16666666666666674,0.5,0.3333333333333333,0.16666666666666669,0.8333333333333334,0.0,0.16666666666666663,0.5,0.3333333333333333,0.16666666666666669,0.5,0.5,0.0,0.3333333333333333,0.5,0.16666666666666674,0.3333333333333333,0.16666666666666666,0.5000000000000001,0.6666666666666666,0.3333333333333333,5.551115123125783e-17,0.16666666666666666,0.5,0.33333333333333337,0.6666666666666666,0.3333333333333333,5.551115123125783e-17,0.0,0.8333333333333334,0.16666666666666663,0.6666666666666666,0.16666666666666666,0.1666666666666667,0.5,0.3333333333333333,0.16666666666666669
P-0062,0.0,0.6666666666666666,0.33333333333333337,0.0,1.0,0.0,0.6666666666666666,0.3333333333333333,5.551115123125783e-17,0.0,0.6666666666666666,0.33333333333333337,0.0,1.0,0.0,0.0,0.6666666666666666,0.33333333333333337,0.0,0.0,1.0,0.6666666666666666,0.0,0.33333333333333337,0.3333333333333333,0.6666666666666666,1.1102230246251565e-16,0.6666666666666666,0.0,0.33333333333333337,0.0,1.0,0.0,1.0,0.0,0.0,0.6666666666666666,0.0,0.33333333333333337
P-0063,0.3333333333333333,0.3333333333333333,0.3333333333333334,0.5,0.3333333333333333,0.16666666666666669,0.6666666666666666,0.16666666666666666,0.1666666666666667,0.5,0.16666666666666666,0.33333333333333337,0.5,0.3333333333333333,0.16666666666666669,0.3333333333333333,0.3333333333333333,0.3333333333333334,0.0,0.5,0.5,0.3333333333333333,0.5,0.16666666666666674,0.3333333333333333,0.3333333333333333,0.3333333333333334,0.3333333333333333,0.5,0.16666666666666674,0.0,1.0,0.0,0.3333333333333333,0.3333333333333333,0.3333333333333334,0.3333333333333333,0.3333333333333333,0.3333333333333334
P-0064,0.5,0.5,0.0,0.3333333333333333,0.6666666666666666,1.1102230246251565e-16,0.6666666666666666,0.3333333333333333,5.551115123125783e-17,0.6666666666666666,0.3333333333333333,5.551115123125783e-17,0.6666666666666666,0.3333333333333333,5.551115123125783e-17,0.5,0.5,0.0,0.3333333333333333,0.3333333333333333,0.3333333333333334,0.5,0.16666666666666666,0.33333333333333337,0.0,0.5,0.5,0.5,0.16666666666666666,0.33333333333333337,0.3333333333333333,0.6666666666666666,1.1102230246251565e-16,0.6666666666666666,0.16666666666666666,0.1666666666666667,0.3333333333333333,0.5,0.16666666666666674
P-0065,0.16666666666666666,0.3333333333333333,0.5,0.16666666666666666,0.5,0.33333333333333337,0.3333333333333333,0.3333333333333333,0.3333333333333334,0.16666666666666666,0.3333333333333333,0.5,0.16666666666666666,0.6666666666666666,0.16666666666666674,0.3333333333333333,0.16666666666666666,0.5000000000000001,0.0,0.16666666666666666,0.8333333333333334,0.16666666666666666,0.5,0.33333333333333337,0.5,0.16666666666666666,0.33333333333333337,0.16666666666666666,0.5,0.33333333333333337,0.0,1.0,0.0,0.5,0.3333333333333333,0.16666666666666669,0.6666666666666666,0.16666666666666666,0.1666666666666667
P-0066,0.6666666666666666,0.3333333333333333,5.551115123125783e-17,0.8333333333333334,0.16666666666666666,-2.7755575615628914e-17,1.0,0.0,0.0,0.8333333333333334,0.16666666666666666,-2.7755575615628914e-17,0.8333333333333334,0.16666666666666666,-2.7755575615628914e-17,0.6666666666666666,0.3333333333333333,5.551115123125783e-17,0.16666666666666666,0.6666666666666666,0.16666666666666674,0.3333333333333333,0.6666666666666666,1.1102230246251565e-16,0.0,0.3333333333333333,0.6666666666666667,0.3333333333333333,0.6666666666666666,1.1102230246251565e-16,0.0,1.0,0.0,0.16666666666666666,0.0,0.8333333333333334,0.16666666666666666,0.6666666666666666,0.16666666666666674
P-0067,0.3333333333333333,0.6666666666666666,1.1102230246251565e-16,0.6666666666666666,0.16666666666666666,0.1666666666666667,0.8333333333333334,0.0,0.16666666666666663,0.6666666666666666,0.16666666666666666,0.1666666666666667,0.6666666666666666,0.3333333333333333,5.551115123125783e-17,0.5,0.5,0.0,0.3333333333333333,0.3333333333333333,0.3333333333333334,0.5,0.3333333333333333,0.16666666666666669,0.16666666666666666,0.5,0.33333333333333337,0.5,0.3333333333333333,0.16666666666666669,0.0,1.0,0.0,0.16666666666666666,0.16666666666666666,0.6666666666666667,0.16666666666666666,0.3333333333333333,0.5
P-0068,0.5,0.5,0.0,0.0,0.6666666666666666,0.33333333333333337,0.16666666666666666,0.5,0.33333333333333337,0.8333333333333334,0.16666666666666666,-2.7755575615628914e-17,0.8333333333333334,0.16666666666666666,-2.7755575615628914e-17,0.8333333333333334,0.16666666666666666,-2.7755575615628914e-17,0.5,0.3333333333333333,0.16666666666666669,0.5,0.0,0.5,0.0,0.5,0.5,0.16666666666666666,0.3333333333333333,0.5,0.5,0.5,0.0,0.6666666666666666,0.0,0.33333333333333337,0.16666666666666666,0.5,0.33333333333333337
P-0069,0.3333333333333333,0.5,0.16666666666666674,0.3333333333333333,0.5,0.16666666666666674,0.8333333333333334,0.0,0.16666666666666663,0.3333333333333333,0.5,0.16666666666666674,0.3333333333333333,0.6666666666666666,1.1102230246251565e-16,0.3333333333333333,0.5,0.16666666666666674,0.3333333333333333,0.0,0.6666666666666667,0.5,0.5,0.0,0.16666666666666666,0.5,0.33333333333333337,0.5,0.5,0.0,0.0,1.0,0.0,1.0,0.0,0.0,0.6666666666666666,0.3333333333333333,5.551115123125783e-17
P-0070,0.3333333333333333,0.6666666666666666,1.1102230246251565e-16,0.3333333333333333,0.5,0.16666666666666674,0.8333333333333334,0.0,0.16666666666666663,0.5,0.5,0.0,0.5,0.5,0.0,0.5,0.5,0.0,0.3333333333333333,0.16666666666666666,0.5000000000000001,0.6666666666666666,0.3333333333333333,5.551115123125783e-17,0.0,0.6666666666666666,0.33333333333333337,0.5,0.5,0.0,0.0,1.0,0.0,0.8333333333333334,0.0,0.16666666666666663,0.5,0.3333333333333333,0.16666666666666669
P-0071,0.16666666666666666,0.3333333333333333,0.5,0.3333333333333333,0.16666666666666666,0.5000000000000001,0.5,0.0,0.5,0.3333333333333333,0.16666666666666666,0.5000000000000001,0.3333333333333333,0.16666666666666666,0.5000000000000001,0.16666666666666666,0.3333333333333333,0.5,0.3333333333333333,0.0,0.6666666666666667,0.3333333333333333,0.5,0.16666666666666674,0.5,0.3333333333333333,0.16666666666666669,0.3333333333333333,0.5,0.16666666666666674,0.0,1.0,0.0,0.3333333333333333,0.5,0.16666666666666674,0.6666666666666666,0.16666666666666666,0.1666666666666667
P-0072,0.3333333333333333,0.3333333333333333,0.3333333333333334,0.16666666666666666,0.5,0.33333333333333337,0.3333333333333333,0.3333333333333333,0.3333333333333334,0.3333333333333333,0.16666666666666666,0.5000000000000001,0.3333333333333333,0.5,0.16666666666666674,0.5,0.16666666666666666,0.33333333333333337,0.3333333333333333,0.0,0.6666666666666667,0.16666666666666666,0.5,0.33333333333333337,0.5,0.16666666666666666,0.33333333333333337,0.16666666666666666,0.5,0.33333333333333337,0.16666666666666666,0.8333333333333334,0.0,0.5,0.5,0.0,0.5,0.3333333333333333,0.16666666666666669
P-0073,0.16666666666666666,0.8333333333333334,0.0,0.5,0.3333333333333333,0.16666666666666669,0.8333333333333334,0.0,0.16666666666666663,0.3333333333333333,0.6666666666666666,1.1102230246251565e-16,0.6666666666666666,0.3333333333333333,5.551115123125783e-17,0.3333333333333333,0.6666666666666666,1.1102230246251565e-16,0.16666666666666666,0.5,0.33333333333333337,0.8333333333333334,0.16666666666666666,-2.7755575615628914e-17,0.0,0.8333333333333334,0.16666666666666663,0.6666666666666666,0.3333333333333333,5.551115123125783e-17,0.0,1.0,0.0,0.5,0.0,0.5,0.6666666666666666,0.16666666666666666,0.1666666666666667
P-0074,0.16666666666666666,0.8333333333333334,0.0,0.6666666666666666,0.3333333333333333,5.551115123125783e-17,1.0,0.0,0.0,0.5,0.5,0.0,0.6666666666666666,0.3333333333333333,5.551115123125783e-17,0.16666666666666666,0.8333333333333334,0.0,0.3333333333333333,0.3333333333333333,0.3333333333333334,0.8333333333333334,0.16666666666666666,-2.7755575615628914e-17,0.0,0.8333333333333334,0.16666666666666663,0.8333333333333334,0.16666666666666666,-2.7755575615628914e-17,0.0,1.0,0.0,0.3333333333333333,0.0,0.6666666666666667,0.5,0.16666666666666666,0.33333333333333337
P-0075,0.6666666666666666,0.3333333333333333,5.551115123125783e-17,0.8333333333333334,0.16666666666666666,-2.7755575615628914e-17,1.0,0.0,0.0,0.8333333333333334,0.16666666666666666,-2.7755575615628914e-17,0.8333333333333334,0.16666666666666666,-2.7755575615628914e-17,0.6666666666666666,0.3333333333333333,5.551115123125783e-17,0.6666666666666666,0.16666666666666666,0.1666666666666667,0.3333333333333333,0.6666666666666666,1.1102230246251565e-16,0.0,0.3333333333333333,0.6666666666666667,0.3333333333333333,0.6666666666666666,1.1102230246251565e-16,0.0,1.0,0.0,0.6666666666666666,0.0,0.33333333333333337,0.16666666666666666,0.6666666666666666,0.16666666666666674
P-0076,0.6666666666666666,0.3333333333333333,5.551115123125783e-17,0.6666666666666666,0.3333333333333333,5.551115123125783e-17,1.0,0.0,0.0,0.6666666666666666,0.3333333333333333,5.551115123125783e-17,0.8333333333333334,0.16666666666666666,-2.7755575615628914e-17,0.6666666666666666,0.3333333333333333,5.551115123125783e-17,0.6666666666666666,0.16666666666666666,0.1666666666666667,0.3333333333333333,0.5,0.16666666666666674,0.0,0.3333333333333333,0.6666666666666667,0.3333333333333333,0.5,0.16666666666666674,0.16666666666666666,0.8333333333333334,0.0,0.6666666666666666,0.0,0.33333333333333337,0.16666666666666666,0.6666666666666666,0.16666666666666674
P-0077,0.16666666666666666,0.8333333333333334,0.0,0.6666666666666666,0.16666666666666666,0.1666666666666667,0.8333333333333334,0.0,0.16666666666666663,0.6666666666666666,0.16666666666666666,0.1666666666666667,0.6666666666666666,0.3333333333333333,5.551115123125783e-17,0.3333333333333333,0.6666666666666666,1.1102230246251565e-16,0.5,0.16666666666666666,0.33333333333333337,0.6666666666666666,0.16666666666666666,0.1666666666666667,0.16666666666666666,0.6666666666666666,0.16666666666666674,0.6666666666666666,0.16666666666666666,0.1666666666666667,0.0,1.0,0.0,0.16666666666666666,0.16666666666666666,0.6666666666666667,0.16666666666666666,0.16666666666666666,0.6666666666666667
P-0078,0.16666666666666666,0.8333333333333334,0.0,0.3333333333333333,0.5,0.16666666666666674,0.6666666666666666,0.16666666666666666,0.1666666666666667,0.3333333333333333,0.5,0.16666666666666674,0.3333333333333333,0.6666666666666666,1.1102230246251565e-16,0.5,0.5,0.0,0.16666666666666666,0.16666666666666666,0.6666666666666667,0.5,0.16666666666666666,0.33333333333333337,0.16666666666666666,0.5,0.33333333333333337,0.5,0.16666666666666666,0.33333333333333337,0.0,1.0,0.0,0.6666666666666666,0.3333333333333333,5.551115123125783e-17,0.3333333333333333,0.16666666666666666,0.5000000000000001
P-0080,0.3333333333333333,0.3333333333333333,0.3333333333333334,0.5,0.16666666666666666,0.33333333333333337,0.8333333333333334,0.0,0.16666666666666663,0.5,0.16666666666666666,0.33333333333333337,0.5,0.3333333333333333,0.16666666666666669,0.3333333333333333,0.5,0.16666666666666674,0.3333333333333333,0.16666666666666666,0.5000000000000001,0.5,0.3333333333333333,0.16666666666666669,0.3333333333333333,0.3333333333333333,0.3333333333333334,0.5,0.3333333333333333,0.16666666666666669,0.0,0.8333333333333334,0.16666666666666663,0.5,0.3333333333333333,0.16666666666666669,0.5,0.3333333333333333,0.16666666666666669
P-0081,0.16666666666666666,0.6666666666666666,0.16666666666666674,0.5,0.5,0.0,0.8333333333333334,0.16666666666666666,-2.7755575615628914e-17,0.5,0.3333333333333333,0.16666666666666669,0.6666666666666666,0.3333333333333333,5.551115123125783e-17,0.16666666666666666,0.6666666666666666,0.16666666666666674,0.16666666666666666,0.5,0.33333333333333337,0.6666666666666666,0.16666666666666666,0.1666666666666667,0.16666666666666666,0.6666666666666666,0.16666666666666674,0.6666666666666666,0.16666666666666666,0.1666666666666667,0.16666666666666666,0.8333333333333334,0.0,0.3333333333333333,0.6666666666666666,1.1102230246251565e-16,0.3333333333333333,0.16666666666666666,0.5000000000000001
P-0083,0.16666666666666666,0.5,0.33333333333333337,0.3333333333333333,0.5,0.16666666666666674,0.6666666666666666,0.16666666666666666,0.1666666666666667,0.3333333333333333,0.3333333333333333,0.3333333333333334,0.3333333333333333,0.5,0.16666666666666674,0.16666666666666666,0.5,0.33333333333333337,0.16666666666666666,0.16666666666666666,0.6666666666666667,0.5,0.3333333333333333,0.16666666666666669,0.3333333333333333,0.5,0.16666666666666674,0.5,0.3333333333333333,0.16666666666666669,0.0,1.0,0.0,0.5,0.5,0.0,0.6666666666666666,0.16666666666666666,0.1666666666666667
P-0084,0.16666666666666666,0.5,0.33333333333333337,0.5,0.3333333333333333,0.16666666666666669,0.6666666666666666,0.16666666666666666,0.1666666666666667,0.5,0.16666666666666666,0.33333333333333337,0.5,0.3333333333333333,0.16666666666666669,0.16666666666666666,0.5,0.33333333333333337,0.3333333333333333,0.16666666666666666,0.5000000000000001,0.6666666666666666,0.16666666666666666,0.1666666666666667,0.3333333333333333,0.5,0.16666666666666674,0.6666666666666666,0.16666666666666666,0.1666666666666667,0.0,0.8333333333333334,0.16666666666666663,0.16666666666666666,0.5,0.33333333333333337,0.5,0.16666666666666666,0.33333333333333337
P-0085,0.3333333333333333,0.5,0.16666666666666674,0.5,0.5,0.0,0.8333333333333334,0.16666666666666666,-2.7755575615628914e-17,0.5,0.3333333333333333,0.16666666666666669,0.5,0.5,0.0,0.3333333333333333,0.5,0.16666666666666674,0.3333333333333333,0.16666666666666666,0.5000000000000001,0.6666666666666666,0.3333333333333333,5.551115123125783e-17,0.16666666666666666,0.5,0.33333333333333337,0.6666666666666666,0.3333333333333333,5.551115123125783e-17,0.0,0.8333333333333334,0.16666666666666663,0.5,0.3333333333333333,0.16666666666666669,0.5,0.3333333333333333,0.16666666666666669
P-0087,0.0,0.6666666666666666,0.33333333333333337,0.5,0.5,0.0,0.6666666666666666,0.3333333333333333,5.551115123125783e-17,0.3333333333333333,0.3333333333333333,0.3333333333333334,0.5,0.5,0.0,0.0,0.6666666666666666,0.33333333333333337,0.0,0.5,0.5,0.6666666666666666,0.3333333333333333,5.551115123125783e-17,0.3333333333333333,0.6666666666666666,1.1102230246251565e-16,0.6666666666666666,0.3333333333333333,5.551115123125783e-17,0.0,1.0,0.0,0.16666666666666666,0.6666666666666666,0.16666666666666674,0.6666666666666666,0.0,0.33333333333333337
P-0088,0.3333333333333333,0.6666666666666666,1.1102230246251565e-16,0.3333333333333333,0.5,0.16666666666666674,0.8333333333333334,0.0,0.16666666666666663,0.3333333333333333,0.5,0.16666666666666674,0.3333333333333333,0.6666666666666666,1.1102230246251565e-16,0.5,0.5,0.0,0.16666666666666666,0.16666666666666666,0.6666666666666667,0.5,0.3333333333333333,0.16666666666666669,0.16666666666666666,0.5,0.33333333333333337,0.5,0.3333333333333333,0.16666666666666669,0.0,1.0,0.0,0.6666666666666666,0.16666666666666666,0.1666666666666667,0.5,0.3333333333333333,0.16666666666666669
P-0089,0.0,0.5,0.5,0.16666666666666666,0.6666666666666666,0.16666666666666674,0.3333333333333333,0.5,0.16666666666666674,0.16666666666666666,0.16666666666666666,0.6666666666666667,0.16666666666666666,0.6666666666666666,0.16666666666666674,0.16666666666666666,0.3333333333333333,0.5,0.0,0.16666666666666666,0.8333333333333334,0.5,0.3333333333333333,0.16666666666666669,0.6666666666666666,0.3333333333333333,5.551115123125783e-17,0.3333333333333333,0.5,0.16666666666666674,0.0,1.0,0.0,0.16666666666666666,0.8333333333333334,0.0,0.6666666666666666,0.0,0.33333333333333337
P-0090,0.0,0.3333333333333333,0.6666666666666667,0.3333333333333333,0.3333333333333333,0.3333333333333334,0.3333333333333333,0.3333333333333333,0.3333333333333334,0.0,0.3333333333333333,0.6666666666666667,0.3333333333333333,0.16666666666666666,0.5000000000000001,0.0,0.3333333333333333,0.6666666666666667,0.0,0.3333333333333333,0.6666666666666667,0.5,0.5,0.0,0.6666666666666666,0.3333333333333333,5.551115123125783e-17,0.3333333333333333,0.6666666666666666,1.1102230246251565e-16,0.0,1.0,0.0,0.0,0.6666666666666666,0.33333333333333337,1.0,0.0,0.0
P-0092,0.3333333333333333,0.5,0.16666666666666674,0.6666666666666666,0.16666666666666666,0.1666666666666667,0.6666666666666666,0.16666666666666666,0.1666666666666667,0.6666666666666666,0.16666666666666666,0.1666666666666667,0.8333333333333334,0.0,0.16666666666666663,0.5,0.3333333333333333,0.16666666666666669,0.16666666666666666,0.6666666666666666,0.16666666666666674,0.6666666666666666,0.3333333333333333,5.551115123125783e-17,0.16666666666666666,0.5,0.33333333333333337,0.3333333333333333,0.6666666666666666,1.1102230246251565e-16,0.0,1.0,0.0,0.0,0.16666666666666666,0.8333333333333334,0.3333333333333333,0.3333333333333333,0.3333333333333334
P-0093,0.3333333333333333,0.16666666666666666,0.5000000000000001,0.16666666666666666,0.5,0.33333333333333337,0.16666666666666666,0.5,0.33333333333333337,0.3333333333333333,0.0,0.6666666666666667,0.3333333333333333,0.3333333333333333,0.3333333333333334,0.5,0.0,0.5,0.3333333333333333,0.0,0.6666666666666667,0.16666666666666666,0.5,0.33333333333333337,0.6666666666666666,0.0,0.33333333333333337,0.0,0.6666666666666666,0.33333333333333337,0.16666666666666666,0.8333333333333334,0.0,0.3333333333333333,0.6666666666666666,1.1102230246251565e-16,0.5,0.3333333333333333,0.16666666666666669
P-0094,0.3333333333333333,0.16666666666666666,0.5000000000000001,0.5,0.3333333333333333,0.16666666666666669,0.5,0.3333333333333333,0.16666666666666669,0.3333333333333333,0.16666666666666666,0.5000000000000001,0.5,0.16666666666666666,0.33333333333333337,0.3333333333333333,0.16666666666666666,0.5000000000000001,0.16666666666666666,0.3333333333333333,0.5,0.3333333333333333,0.6666666666666666,1.1102230246251565e-16,0.5,0.16666666666666666,0.33333333333333337,0.16666666666666666,0.8333333333333334,0.0,0.0,1.0,0.0,0.16666666666666666,0.5,0.33333333333333337,0.6666666666666666,0.3333333333333333,5.551115123125783e-17
P-0100,0.5,0.5,0.0,0.6666666666666666,0.16666666666666666,0.1666666666666667,0.8333333333333334,0.0,0.16666666666666663,0.5,0.3333333333333333,0.16666666666666669,0.6666666666666666,0.3333333333333333,5.551115123125783e-17,0.6666666666666666,0.3333333333333333,5.551115123125783e-17,0.5,0.16666666666666666,0.33333333333333337,0.5,0.3333333333333333,0.16666666666666669,0.16666666666666666,0.3333333333333333,0.5,0.5,0.3333333333333333,0.16666666666666669,0.0,0.8333333333333334,0.16666666666666663,0.5,0.16666666666666666,0.33333333333333337,0.3333333333333333,0.5,0.16666666666666674
P-0101,0.16666666666666666,0.5,0.33333333333333337,0.3333333333333333,0.5,0.16666666666666674,0.5,0.3333333333333333,0.16666666666666669,0.3333333333333333,0.16666666666666666,0.5000000000000001,0.3333333333333333,0.6666666666666666,1.1102230246251565e-16,0.3333333333333333,0.3333333333333333,0.3333333333333334,0.16666666666666666,0.16666666666666666,0.6666666666666667,0.5,0.3333333333333333,0.16666666666666669,0.5,0.3333333333333333,0.16666666666666669,0.5,0.3333333333333333,0.16666666666666669,0.0,0.8333333333333334,0.16666666666666663,0.16666666666666666,0.6666666666666666,0.16666666666666674,0.5,0.16666666666666666,0.33333333333333337
P-0102,0.3333333333333333,0.3333333333333333,0.3333333333333334,0.3333333333333333,0.5,0.16666666666666674,0.5,0.3333333333333333,0.16666666666666669,0.5,0.16666666666666666,0.33333333333333337,0.5,0.3333333333333333,0.16666666666666669,0.3333333333333333,0.3333333333333333,0.3333333333333334,0.5,0.0,0.5,0.5,0.3333333333333333,0.16666666666666669,0.3333333333333333,0.3333333333333333,0.3333333333333334,0.5,0.3333333333333333,0.16666666666666669,0.16666666666666666,0.6666666666666666,0.16666666666666674,0.3333333333333333,0.3333333333333333,0.3333333333333334,0.5,0.3333333333333333,0.16666666666666669
P-0103,0.3333333333333333,0.16666666666666666,0.5000000000000001,0.5,0.3333333333333333,0.16666666666666669,0.5,0.3333333333333333,0.16666666666666669,0.5,0.0,0.5,0.5,0.16666666666666666,0.33333333333333337,0.3333333333333333,0.16666666666666666,0.5000000000000001,0.16666666666666666,0.3333333333333333,0.5,0.5,0.5,0.0,0.5,0.16666666666666666,0.33333333333333337,0.3333333333333333,0.6666666666666666,1.1102230246251565e-16,0.0,0.8333333333333334,0.16666666666666663,0.0,0.6666666666666666,0.33333333333333337,0.5,0.3333333333333333,0.16666666666666669
P-0106,0.6666666666666666,0.16666666666666666,0.1666666666666667,0.8333333333333334,0.0,0.16666666666666663,0.8333333333333334,0.0,0.16666666666666663,0.8333333333333334,0.0,0.16666666666666663,0.8333333333333334,0.0,0.16666666666666663,0.6666666666666666,0.16666666666666666,0.1666666666666667,0.3333333333333333,0.5,0.16666666666666674,0.3333333333333333,0.5,0.16666666666666674,0.16666666666666666,0.16666666666666666,0.6666666666666667,0.3333333333333333,0.5,0.16666666666666674,0.0,0.6666666666666666,0.33333333333333337,0.16666666666666666,0.3333333333333333,0.5,0.16666666666666666,0.6666666666666666,0.16666666666666674
P-0107,0.3333333333333333,0.16666666666666666,0.5000000000000001,0.5,0.3333333333333333,0.16666666666666669,0.5,0.3333333333333333,0.16666666666666669,0.5,0.0,0.5,0.5,0.3333333333333333,0.16666666666666669,0.3333333333333333,0.16666666666666666,0.5000000000000001,0.3333333333333333,0.16666666666666666,0.5000000000000001,0.3333333333333333,0.6666666666666666,1.1102230246251565e-16,0.5,0.16666666666666666,0.33333333333333337,0.3333333333333333,0.6666666666666666,1.1102230246251565e-16,0.0,0.6666666666666666,0.33333333333333337,0.16666666666666666,0.6666666666666666,0.16666666666666674,0.5,0.3333333333333333,0.16666666666666669
P-0108,0.5,0.16666666666666666,0.33333333333333337,0.3333333333333333,0.3333333333333333,0.3333333333333334,0.3333333333333333,0.3333333333333333,0.3333333333333334,0.5,0.16666666666666666,0.33333333333333337,0.5,0.16666666666666666,0.33333333333333337,0.6666666666666666,0.0,0.33333333333333337,0.3333333333333333,0.16666666666666666,0.5000000000000001,0.16666666666666666,0.16666666666666666,0.6666666666666667,0.3333333333333333,0.0,0.6666666666666667,0.16666666666666666,0.16666666666666666,0.6666666666666667,0.16666666666666666,0.6666666666666666,0.16666666666666674,0.3333333333333333,0.3333333333333333,0.3333333333333334,0.3333333333333333,0.5,0.16666666666666674
P-0110,0.16666666666666666,0.3333333333333333,0.5,0.3333333333333333,0.3333333333333333,0.3333333333333334,0.3333333333333333,0.3333333333333333,0.3333333333333334,0.16666666666666666,0.3333333333333333,0.5,0.3333333333333333,0.16666666666666666,0.5000000000000001,0.3333333333333333,0.16666666666666666,0.5000000000000001,0.16666666666666666,0.16666666666666666,0.6666666666666667,0.5,0.3333333333333333,0.16666666666666669,0.5,0.16666666666666666,0.33333333333333337,0.3333333333333333,0.5,0.16666666666666674,0.0,0.8333333333333334,0.16666666666666663,0.16666666666666666,0.5,0.33333333333333337,0.6666666666666666,0.16666666666666666,0.1666666666666667
P-0111,0.16666666666666666,0.16666666666666666,0.6666666666666667,0.16666666666666666,0.3333333333333333,0.5,0.3333333333333333,0.3333333333333333,0.3333333333333334,0.16666666666666666,0.16666666666666666,0.6666666666666667,0.16666666666666666,0.16666666666666666,0.6666666666666667,0.3333333333333333,0.16666666666666666,0.5000000000000001,0.16666666666666666,0.0,0.8333333333333334,0.3333333333333333,0.3333333333333333,0.3333333333333334,0.6666666666666666,0.0,0.33333333333333337,0.16666666666666666,0.5,0.33333333333333337,0.0,0.8333333333333334,0.16666666666666663,0.16666666666666666,0.6666666666666666,0.16666666666666674,0.6666666666666666,0.16666666666666666,0.1666666666666667
P-0112,0.3333333333333333,0.16666666666666666,0.5000000000000001,0.3333333333333333,0.16666666666666666,0.5000000000000001,0.3333333333333333,0.16666666666666666,0.5000000000000001,0.3333333333333333,0.16666666666666666,0.5000000000000001,0.3333333333333333,0.5,0.16666666666666674,0.5,0.0,0.5,0.3333333333333333,0.0,0.6666666666666667,0.3333333333333333,0.5,0.16666666666666674,0.5,0.0,0.5,0.3333333333333333,0.5,0.16666666666666674,0.0,0.6666666666666666,0.33333333333333337,0.5,0.16666666666666666,0.33333333333333337,0.5,0.3333333333333333,0.16666666666666669
P-0113,0.5,0.0,0.5,0.5,0.16666666666666666,0.33333333333333337,0.5,0.16666666666666666,0.33333333333333337,0.5,0.0,0.5,0.5,0.3333333333333333,0.16666666666666669,0.5,0.0,0.5,0.5,0.0,0.5,0.3333333333333333,0.6666666666666666,1.1102230246251565e-16,0.5,0.0,0.5,0.3333333333333333,0.6666666666666666,1.1102230246251565e-16,0.0,0.5,0.5,0.3333333333333333,0.3333333333333333,0.3333333333333334,0.5,0.5,0.0
P-0115,1.0,0.0,0.0,0.6666666666666666,0.3333333333333333,5.551115123125783e-17,0.6666666666666666,0.3333333333333333,5.551115123125783e-17,1.0,0.0,0.0,1.0,0.0,0.0,1.0,0.0,0.0,1.0,0.0,0.0,0.16666666666666666,0.5,0.33333333333333337,0.0,0.0,1.0,0.16666666666666666,0.5,0.33333333333333337,0.3333333333333333,0.0,0.6666666666666667,0.8333333333333334,0.0,0.16666666666666663,0.0,1.0,0.0
P-0116,0.5,0.16666666666666666,0.33333333333333337,0.5,0.16666666666666666,0.33333333333333337,0.5,0.16666666666666666,0.33333333333333337,0.5,0.16666666666666666,0.33333333333333337,0.6666666666666666,0.3333333333333333,5.551115123125783e-17,0.5,0.16666666666666666,0.33333333333333337,0.3333333333333333,0.3333333333333333,0.3333333333333334,0.3333333333333333,0.5,0.16666666666666674,0.3333333333333333,0.16666666666666666,0.5000000000000001,0.3333333333333333,0.5,0.16666666666666674,0.16666666666666666,0.6666666666666666,0.16666666666666674,0.5,0.0,0.5,0.5,0.5,0.0
P-0117,0.3333333333333333,0.3333333333333333,0.3333333333333334,0.6666666666666666,0.0,0.33333333333333337,0.6666666666666666,0.0,0.33333333333333337,0.6666666666666666,0.0,0.33333333333333337,0.6666666666666666,0.16666666666666666,0.1666666666666667,0.3333333333333333,0.3333333333333333,0.3333333333333334,0.3333333333333333,0.3333333333333333,0.3333333333333334,0.5,0.5,0.0,0.3333333333333333,0.3333333333333333,0.3333333333333334,0.5,0.5,0.0,0.0,0.8333333333333334,0.16666666666666663,0.3333333333333333,0.5,0.16666666666666674,0.3333333333333333,0.3333333333333333,0.3333333333333334
P-0118,0.5,0.3333333333333333,0.16666666666666669,0.6666666666666666,0.16666666666666666,0.1666666666666667,0.8333333333333334,0.0,0.16666666666666663,0.5,0.3333333333333333,0.16666666666666669,0.8333333333333334,0.16666666666666666,-2.7755575615628914e-17,0.5,0.3333333333333333,0.16666666666666669,0.5,0.3333333333333333,0.16666666666666669,0.5,0.3333333333333333,0.16666666666666669,0.16666666666666666,0.3333333333333333,0.5,0.5,0.3333333333333333,0.16666666666666669,0.16666666666666666,0.6666666666666666,0.16666666666666674,0.5,0.16666666666666666,0.33333333333333337,0.3333333333333333,0.5,0.16666666666666674
P-0119,0.5,0.16666666666666666,0.33333333333333337,0.6666666666666666,0.0,0.33333333333333337,0.6666666666666666,0.0,0.33333333333333337,0.6666666666666666,0.0,0.33333333333333337,0.6666666666666666,0.0,0.33333333333333337,0.5,0.16666666666666666,0.33333333333333337,0.16666666666666666,0.5,0.33333333333333337,0.3333333333333333,0.5,0.16666666666666674,0.3333333333333333,0.16666666666666666,0.5000000000000001,0.3333333333333333,0.5,0.16666666666666674,0.0,0.8333333333333334,0.16666666666666663,0.0,0.5,0.5,0.3333333333333333,0.5,0.16666666666666674
P-0120,0.5,0.16666666666666666,0.33333333333333337,0.3333333333333333,0.3333333333333333,0.3333333333333334,0.3333333333333333,0.3333333333333333,0.3333333333333334,0.5,0.0,0.5,0.5,0.3333333333333333,0.16666666666666669,0.6666666666666666,0.0,0.33333333333333337,0.5,0.0,0.5,0.16666666666666666,0.5,0.33333333333333337,0.5,0.0,0.5,0.16666666666666666,0.5,0.33333333333333337,0.16666666666666666,0.6666666666666666,0.16666666666666674,0.3333333333333333,0.5,0.16666666666666674,0.3333333333333333,0.5,0.16666666666666674
P-0121,0.5,0.5,0.0,0.8333333333333334,0.16666666666666666,-2.7755575615628914e-17,1.0,0.0,0.0,0.8333333333333334,0.16666666666666666,-2.7755575615628914e-17,0.8333333333333334,0.16666666666666666,-2.7755575615628914e-17,0.5,0.5,0.0,0.5,0.3333333333333333,0.16666666666666669,0.6666666666666666,0.3333333333333333,5.551115123125783e-17,0.0,0.5,0.5,0.6666666666666666,0.3333333333333333,5.551115123125783e-17,0.0,0.8333333333333334,0.16666666666666663,0.3333333333333333,0.16666666666666666,0.5000000000000001,0.16666666666666666,0.5,0.33333333333333337
P-0122,0.6666666666666666,0.16666666666666666,0.1666666666666667,0.6666666666666666,0.16666666666666666,0.1666666666666667,0.8333333333333334,0.16666666666666666,-2.7755575615628914e-17,0.6666666666666666,0.16666666666666666,0.1666666666666667,0.8333333333333334,0.0,0.16666666666666663,0.6666666666666666,0.3333333333333333,5.551115123125783e-17,0.5,0.3333333333333333,0.16666666666666669,0.3333333333333333,0.3333333333333333,0.3333333333333334,0.16666666666666666,0.16666666666666666,0.6666666666666667,0.3333333333333333,0.3333333333333333,0.3333333333333334,0.16666666666666666,0.6666666666666666,0.16666666666666674,0.3333333333333333,0.16666666666666666,0.5000000000000001,0.3333333333333333,0.6666666666666666,1.1102230246251565e-16
P-0123,0.6666666666666666,0.3333333333333333,5.551115123125783e-17,1.0,0.0,0.0,1.0,0.0,0.0,0.8333333333333334,0.16666666666666666,-2.7755575615628914e-17,1.0,0.0,0.0,0.6666666666666666,0.3333333333333333,5.551115123125783e-17,0.5,0.5,0.0,0.5,0.5,0.0,0.0,0.3333333333333333,0.6666666666666667,0.5,0.5,0.0,0.0,0.8333333333333334,0.16666666666666663,0.16666666666666666,0.0,0.8333333333333334,0.16666666666666666,0.6666666666666666,0.16666666666666674
P-0124,0.16666666666666666,0.3333333333333333,0.5,0.5,0.16666666666666666,0.33333333333333337,0.5,0.16666666666666666,0.33333333333333337,0.5,0.0,0.5,0.5,0.3333333333333333,0.16666666666666669,0.16666666666666666,0.3333333333333333,0.5,0.5,0.0,0.5,0.5,0.5,0.0,0.5,0.3333333333333333,0.16666666666666669,0.5,0.5,0.0,0.0,0.8333333333333334,0.16666666666666663,0.16666666666666666,0.3333333333333333,0.5,0.5,0.16666666666666666,0.33333333333333337
P-0125,0.5,0.5,0.0,0.5,0.3333333333333333,0.16666666666666669,0.6666666666666666,0.16666666666666666,0.1666666666666667,0.8333333333333334,0.16666666666666666,-2.7755575615628914e-17,0.8333333333333334,0.16666666666666666,-2.7755575615628914e-17,0.6666666666666666,0.3333333333333333,5.551115123125783e-17,0.5,0.3333333333333333,0.16666666666666669,0.6666666666666666,0.16666666666666666,0.1666666666666667,0.0,0.5,0.5,0.5,0.3333333333333333,0.16666666666666669,0.16666666666666666,0.5,0.33333333333333337,0.5,0.16666666666666666,0.33333333333333337,0.16666666666666666,0.5,0.33333333333333337
P-0127,0.3333333333333333,0.5,0.16666666666666674,0.8333333333333334,0.16666666666666666,-2.7755575615628914e-17,0.8333333333333334,0.16666666666666666,-2.7755575615628914e-17,0.5,0.3333333333333333,0.16666666666666669,0.8333333333333334,0.16666666666666666,-2.7755575615628914e-17,0.3333333333333333,0.5,0.16666666666666674,0.5,0.3333333333333333,0.16666666666666669,0.6666666666666666,0.3333333333333333,5.551115123125783e-17,0.16666666666666666,0.5,0.33333333333333337,0.6666666666666666,0.3333333333333333,5.551115123125783e-17,0.0,0.8333333333333334,0.16666666666666663,0.16666666666666666,0.16666666666666666,0.6666666666666667,0.5,0.3333333333333333,0.16666666666666669
P-0128,0.6666666666666666,0.16666666666666666,0.1666666666666667,0.6666666666666666,0.3333333333333333,5.551115123125783e-17,0.8333333333333334,0.16666666666666666,-2.7755575615628914e-17,0.5,0.3333333333333333,0.16666666666666669,0.8333333333333334,0.16666666666666666,-2.7755575615628914e-17,0.6666666666666666,0.16666666666666666,0.1666666666666667,0.3333333333333333,0.5,0.16666666666666674,0.3333333333333333,0.5,0.16666666666666674,0.16666666666666666,0.16666666666666666,0.6666666666666667,0.3333333333333333,0.5,0.16666666666666674,0.16666666666666666,0.6666666666666666,0.16666666666666674,0.16666666666666666,0.16666666666666666,0.6666666666666667,0.3333333333333333,0.6666666666666666,1.1102230246251565e-16
P-0129,0.5,0.16666666666666666,0.33333333333333337,0.6666666666666666,0.16666666666666666,0.1666666666666667,0.6666666666666666,0.16666666666666666,0.1666666666666667,0.6666666666666666,0.0,0.33333333333333337,0.6666666666666666,0.16666666666666666,0.1666666666666667,0.5,0.16666666666666666,0.33333333333333337,0.6666666666666666,0.0,0.33333333333333337,0.5,0.5,0.0,0.3333333333333333,0.16666666666666666,0.5000000000000001,0.5,0.5,0.0,0.0,0.5,0.5,0.16666666666666666,0.3333333333333333,0.5,0.3333333333333333,0.5,0.16666666666666674
P-0130,0.16666666666666666,0.3333333333333333,0.5,0.16666666666666666,0.3333333333333333,0.5,0.3333333333333333,0.16666666666666666,0.5000000000000001,0.16666666666666666,0.16666666666666666,0.6666666666666667,0.16666666666666666,0.8333333333333334,0.0,0.3333333333333333,0.16666666666666666,0.5000000000000001,0.16666666666666666,0.0,0.8333333333333334,0.16666666666666666,0.6666666666666666,0.16666666666666674,0.6666666666666666,0.16666666666666666,0.1666666666666667,0.16666666666666666,0.6666666666666666,0.16666666666666674,0.0,0.8333333333333334,0.16666666666666663,0.6666666666666666,0.3333333333333333,5.551115123125783e-17,0.6666666666666666,0.16666666666666666,0.1666666666666667
P-0131,0.16666666666666666,0.5,0.33333333333333337,0.5,0.3333333333333333,0.16666666666666669,0.6666666666666666,0.16666666666666666,0.1666666666666667,0.5,0.16666666666666666,0.33333333333333337,0.5,0.3333333333333333,0.16666666666666669,0.16666666666666666,0.5,0.33333333333333337,0.3333333333333333,0.16666666666666666,0.5000000000000001,0.5,0.3333333333333333,0.16666666666666669,0.3333333333333333,0.5,0.16666666666666674,0.5,0.3333333333333333,0.16666666666666669,0.0,0.8333333333333334,0.16666666666666663,0.3333333333333333,0.5,0.16666666666666674,0.5,0.16666666666666666,0.33333333333333337
P-0132,0.16666666666666666,0.5,0.33333333333333337,0.3333333333333333,0.5,0.16666666666666674,0.5,0.3333333333333333,0.16666666666666669,0.3333333333333333,0.16666666666666666,0.5000000000000001,0.3333333333333333,0.6666666666666666,1.1102230246251565e-16,0.3333333333333333,0.3333333333333333,0.3333333333333334,0.16666666666666666,0.16666666666666666,0.6666666666666667,0.3333333333333333,0.5,0.16666666666666674,0.5,0.3333333333333333,0.16666666666666669,0.3333333333333333,0.5,0.16666666666666674,0.0,0.8333333333333334,0.16666666666666663,0.3333333333333333,0.6666666666666666,1.1102230246251565e-16,0.5,0.16666666666666666,0.33333333333333337
P-0134,0.3333333333333333,0.3333333333333333,0.3333333333333334,0.6666666666666666,0.16666666666666666,0.1666666666666667,0.6666666666666666,0.16666666666666666,0.1666666666666667,0.6666666666666666,0.0,0.33333333333333337,0.6666666666666666,0.16666666666666666,0.1666666666666667,0.3333333333333333,0.3333333333333333,0.3333333333333334,0.6666666666666666,0.0,0.33333333333333337,0.5,0.5,0.0,0.3333333333333333,0.3333333333333333,0.3333333333333334,0.5,0.5,0.0,0.0,0.6666666666666666,0.33333333333333337,0.16666666666666666,0.3333333333333333,0.5,0.3333333333333333,0.3333333333333333,0.3333333333333334
P-0136,0.6666666666666666,0.3333333333333333,5.551115123125783e-17,0.6666666666666666,0.3333333333333333,5.551115123125783e-17,0.8333333333333334,0.16666666666666666,-2.7755575615628914e-17,0.8333333333333334,0.16666666666666666,-2.7755575615628914e-17,0.8333333333333334,0.16666666666666666,-2.7755575615628914e-17,0.6666666666666666,0.3333333333333333,5.551115123125783e-17,0.8333333333333334,0.0,0.16666666666666663,0.3333333333333333,0.5,0.16666666666666674,0.0,0.3333333333333333,0.6666666666666667,0.3333333333333333,0.5,0.16666666666666674,0.16666666666666666,0.3333333333333333,0.5,0.8333333333333334,0.0,0.16666666666666663,0.16666666666666666,0.6666666666666666,0.16666666666666674
P-0137,1.0,0.0,0.0,0.6666666666666666,0.3333333333333333,5.551115123125783e-17,0.6666666666666666,0.3333333333333333,5.551115123125783e-17,1.0,0.0,0.0,1.0,0.0,0.0,1.0,0.0,0.0,1.0,0.0,0.0,0.0,0.6666666666666666,0.33333333333333337,0.0,0.0,1.0,0.0,0.6666666666666666,0.33333333333333337,0.3333333333333333,0.0,0.6666666666666667,1.0,0.0,0.0,0.0,1.0,0.0
P-0138,0.6666666666666666,0.16666666666666666,0.1666666666666667,0.5,0.3333333333333333,0.16666666666666669,0.5,0.3333333333333333,0.16666666666666669,0.8333333333333334,0.0,0.16666666666666663,0.8333333333333334,0.16666666666666666,-2.7755575615628914e-17,0.8333333333333334,0.0,0.16666666666666663,0.6666666666666666,0.16666666666666666,0.1666666666666667,0.16666666666666666,0.6666666666666666,0.16666666666666674,0.16666666666666666,0.16666666666666666,0.6666666666666667,0.0,0.8333333333333334,0.16666666666666663,0.16666666666666666,0.5,0.33333333333333337,0.6666666666666666,0.16666666666666666,0.1666666666666667,0.16666666666666666,0.6666666666666666,0.16666666666666674
P-0139,0.6666666666666666,0.3333333333333333,5.551115123125783e-17,0.6666666666666666,0.3333333333333333,5.551115123125783e-17,0.8333333333333334,0.16666666666666666,-2.7755575615628914e-17,0.8333333333333334,0.16666666666666666,-2.7755575615628914e-17,0.8333333333333334,0.16666666666666666,-2.7755575615628914e-17,0.6666666666666666,0.3333333333333333,5.551115123125783e-17,0.8333333333333334,0.0,0.16666666666666663,0.3333333333333333,0.5,0.16666666666666674,0.0,0.3333333333333333,0.6666666666666667,0.3333333333333333,0.5,0.16666666666666674,0.16666666666666666,0.3333333333333333,0.5,0.8333333333333334,0.0,0.16666666666666663,0.16666666666666666,0.6666666666666666,0.16666666666666674
P-0140,0.6666666666666666,0.16666666666666666,0.1666666666666667,0.6666666666666666,0.16666666666666666,0.1666666666666667,0.6666666666666666,0.16666666666666666,0.1666666666666667,0.8333333333333334,0.0,0.16666666666666663,0.8333333333333334,0.16666666666666666,-2.7755575615628914e-17,0.6666666666666666,0.16666666666666666,0.1666666666666667,0.8333333333333334,0.0,0.16666666666666663,0.16666666666666666,0.6666666666666666,0.16666666666666674,0.16666666666666666,0.16666666666666666,0.6666666666666667,0.16666666666666666,0.6666666666666666,0.16666666666666674,0.16666666666666666,0.3333333333333333,0.5,0.8333333333333334,0.0,0.16666666666666663,0.16666666666666666,0.6666666666666666,0.16666666666666674
P-0141,0.6666666666666666,0.16666666666666666,0.1666666666666667,0.3333333333333333,0.5,0.16666666666666674,0.3333333333333333,0.5,0.16666666666666674,0.8333333333333334,0.0,0.16666666666666663,0.8333333333333334,0.16666666666666666,-2.7755575615628914e-17,0.8333333333333334,0.0,0.16666666666666663,0.6666666666666666,0.16666666666666666,0.1666666666666667,0.16666666666666666,0.5,0.33333333333333337,0.16666666666666666,0.16666666666666666,0.6666666666666667,0.0,0.6666666666666666,0.33333333333333337,0.3333333333333333,0.3333333333333333,0.3333333333333334,0.6666666666666666,0.16666666666666666,0.1666666666666667,0.16666666666666666,0.6666666666666666,0.16666666666666674
P-0142,0.16666666666666666,0.3333333333333333,0.5,0.3333333333333333,0.3333333333333333,0.3333333333333334,0.3333333333333333,0.3333333333333333,0.3333333333333334,0.16666666666666666,0.16666666666666666,0.6666666666666667,0.3333333333333333,0.6666666666666666,1.1102230246251565e-16,0.3333333333333333,0.16666666666666666,0.5000000000000001,0.16666666666666666,0.16666666666666666,0.6666666666666667,0.16666666666666666,0.6666666666666666,0.16666666666666674,0.6666666666666666,0.16666666666666666,0.1666666666666667,0.16666666666666666,0.6666666666666666,0.16666666666666674,0.0,0.8333333333333334,0.16666666666666663,0.3333333333333333,0.5,0.16666666666666674,0.6666666666666666,0.16666666666666666,0.1666666666666667
P-0143,0.3333333333333333,0.5,0.16666666666666674,0.6666666666666666,0.16666666666666666,0.1666666666666667,0.6666666666666666,0.16666666666666666,0.1666666666666667,0.6666666666666666,0.16666666666666666,0.1666666666666667,0.6666666666666666,0.3333333333333333,5.551115123125783e-17,0.5,0.3333333333333333,0.16666666666666669,0.6666666666666666,0.0,0.33333333333333337,0.5,0.3333333333333333,0.16666666666666669,0.16666666666666666,0.3333333333333333,0.5,0.5,0.3333333333333333,0.16666666666666669,0.0,0.6666666666666666,0.33333333333333337,0.5,0.0,0.5,0.16666666666666666,0.3333333333333333,0.5
P-0144,0.16666666666666666,0.5,0.33333333333333337,0.3333333333333333,0.3333333333333333,0.3333333333333334,0.5,0.16666666666666666,0.33333333333333337,0.3333333333333333,0.3333333333333333,0.3333333333333334,0.5,0.3333333333333333,0.16666666666666669,0.3333333333333333,0.3333333333333333,0.3333333333333334,0.16666666666666666,0.3333333333333333,0.5,0.5,0.5,0.0,0.3333333333333333,0.5,0.16666666666666674,0.3333333333333333,0.6666666666666666,1.1102230246251565e-16,0.0,0.8333333333333334,0.16666666666666663,0.3333333333333333,0.3333333333333333,0.3333333333333334,0.6666666666666666,0.16666666666666666,0.1666666666666667
P-0145,0.6666666666666666,0.3333333333333333,5.551115123125783e-17,0.5,0.3333333333333333,0.16666666666666669,0.6666666666666666,0.16666666666666666,0.1666666666666667,0.6666666666666666,0.16666666666666666,0.1666666666666667,0.6666666666666666,0.3333333333333333,5.551115123125783e-17,0.8333333333333334,0.16666666666666666,-2.7755575615628914e-17,0.6666666666666666,0.0,0.33333333333333337,0.3333333333333333,0.3333333333333333,0.3333333333333334,0.16666666666666666,0.16666666666666666,0.6666666666666667,0.3333333333333333,0.3333333333333333,0.3333333333333334,0.16666666666666666,0.3333333333333333,0.5,0.6666666666666666,0.16666666666666666,0.1666666666666667,0.16666666666666666,0.6666666666666666,0.16666666666666674
P-0146,1.0,0.0,0.0,0.5,0.5,0.0,0.5,0.5,0.0,1.0,0.0,0.0,1.0,0.0,0.0,1.0,0.0,0.0,1.0,0.0,0.0,0.0,0.5,0.5,0.0,0.0,1.0,0.0,0.5,0.5,0.5,0.0,0.5,1.0,0.0,0.0,0.0,1.0,0.0
P-0148,0.5,0.3333333333333333,0.16666666666666669,0.5,0.3333333333333333,0.16666666666666669,0.5,0.3333333333333333,0.16666666666666669,0.8333333333333334,0.0,0.16666666666666663,0.8333333333333334,0.16666666666666666,-2.7755575615628914e-17,0.6666666666666666,0.16666666666666666,0.1666666666666667,0.5,0.3333333333333333,0.16666666666666669,0.3333333333333333,0.5,0.16666666666666674,0.16666666666666666,0.3333333333333333,0.5,0.16666666666666666,0.6666666666666666,0.16666666666666674,0.16666666666666666,0.6666666666666666,0.16666666666666674,0.5,0.3333333333333333,0.16666666666666669,0.16666666666666666,0.5,0.33333333333333337
P-0149,0.5,0.5,0.0,0.6666666666666666,0.3333333333333333,5.551115123125783e-17,0.8333333333333334,0.16666666666666666,-2.7755575615628914e-17,0.8333333333333334,0.16666666666666666,-2.7755575615628914e-17,0.8333333333333334,0.16666666666666666,-2.7755575615628914e-17,0.5,0.5,0.0,0.6666666666666666,0.16666666666666666,0.1666666666666667,0.5,0.3333333333333333,0.16666666666666669,0.0,0.5,0.5,0.5,0.3333333333333333,0.16666666666666669,0.16666666666666666,0.5,0.33333333333333337,0.6666666666666666,0.16666666666666666,0.1666666666666667,0.16666666666666666,0.5,0.33333333333333337
P-0150,0.5,0.3333333333333333,0.16666666666666669,0.5,0.16666666666666666,0.33333333333333337,0.5,0.16666666666666666,0.33333333333333337,0.8333333333333334,0.0,0.16666666666666663,0.8333333333333334,0.16666666666666666,-2.7755575615628914e-17,0.6666666666666666,0.16666666666666666,0.1666666666666667,0.6666666666666666,0.16666666666666666,0.1666666666666667,0.3333333333333333,0.5,0.16666666666666674,0.16666666666666666,0.3333333333333333,0.5,0.16666666666666666,0.6666666666666666,0.16666666666666674,0.16666666666666666,0.5,0.33333333333333337,0.6666666666666666,0.0,0.33333333333333337,0.16666666666666666,0.5,0.33333333333333337
P-0151,0.5,0.16666666666666666,0.33333333333333337,0.5,0.0,0.5,0.5,0.0,0.5,0.5,0.0,0.5,0.5,0.3333333333333333,0.16666666666666669,0.6666666666666666,0.0,0.33333333333333337,0.3333333333333333,0.16666666666666666,0.5000000000000001,0.0,0.8333333333333334,0.16666666666666663,0.5,0.0,0.5,0.0,0.8333333333333334,0.16666666666666663,0.0,0.8333333333333334,0.16666666666666663,0.5,0.3333333333333333,0.16666666666666669,0.3333333333333333,0.5,0.16666666666666674
P-0152,0.5,0.16666666666666666,0.33333333333333337,0.3333333333333333,0.3333333333333333,0.3333333333333334,0.3333333333333333,0.3333333333333333,0.3333333333333334,0.6666666666666666,0.0,0.33333333333333337,0.6666666666666666,0.3333333333333333,5.551115123125783e-17,0.6666666666666666,0.0,0.33333333333333337,0.5,0.16666666666666666,0.33333333333333337,0.16666666666666666,0.6666666666666666,0.16666666666666674,0.3333333333333333,0.16666666666666666,0.5000000000000001,0.0,0.8333333333333334,0.16666666666666663,0.16666666666666666,0.5,0.33333333333333337,0.6666666666666666,0.16666666666666666,0.1666666666666667,0.3333333333333333,0.5,0.16666666666666674
P-0153,0.5,0.16666666666666666,0.33333333333333337,0.5,0.5,0.0,0.5,0.5,0.0,0.6666666666666666,0.0,0.33333333333333337,0.6666666666666666,0.3333333333333333,5.551115123125783e-17,0.5,0.16666666666666666,0.33333333333333337,0.5,0.16666666666666666,0.33333333333333337,0.16666666666666666,0.5,0.33333333333333337,0.3333333333333333,0.16666666666666666,0.5000000000000001,0.16666666666666666,0.5,0.33333333333333337,0.16666666666666666,0.6666666666666666,0.16666666666666674,0.6666666666666666,0.3333333333333333,5.551115123125783e-17,0.16666666666666666,0.5,0.33333333333333337
P-0154,0.5,0.3333333333333333,0.16666666666666669,0.5,0.3333333333333333,0.16666666666666669,0.5,0.3333333333333333,0.16666666666666669,0.8333333333333334,0.0,0.16666666666666663,0.8333333333333334,0.16666666666666666,-2.7755575615628914e-17,0.6666666666666666,0.16666666666666666,0.1666666666666667,0.5,0.3333333333333333,0.16666666666666669,0.3333333333333333,0.5,0.16666666666666674,0.16666666666666666,0.3333333333333333,0.5,0.16666666666666666,0.6666666666666666,0.16666666666666674,0.16666666666666666,0.5,0.33333333333333337,0.5,0.3333333333333333,0.16666666666666669,0.16666666666666666,0.5,0.33333333333333337
P-0155,0.5,0.5,0.0,0.5,0.16666666666666666,0.33333333333333337,0.6666666666666666,0.0,0.33333333333333337,0.8333333333333334,0.16666666666666666,-2.7755575615628914e-17,1.0,0.0,0.0,0.8333333333333334,0.16666666666666666,-2.7755575615628914e-17,0.5,0.5,0.0,0.5,0.3333333333333333,0.16666666666666669,0.0,0.5,0.5,0.16666666666666666,0.6666666666666666,0.16666666666666674,0.16666666666666666,0.5,0.33333333333333337,0.5,0.16666666666666666,0.33333333333333337,0.0,0.5,0.5
P-0156,0.6666666666666666,0.16666666666666666,0.1666666666666667,0.3333333333333333,0.5,0.16666666666666674,0.3333333333333333,0.5,0.16666666666666674,0.8333333333333334,0.0,0.16666666666666663,0.8333333333333334,0.16666666666666666,-2.7755575615628914e-17,0.8333333333333334,0.0,0.16666666666666663,0.6666666666666666,0.16666666666666666,0.1666666666666667,0.16666666666666666,0.5,0.33333333333333337,0.16666666666666666,0.16666666666666666,0.6666666666666667,0.0,0.6666666666666666,0.33333333333333337,0.3333333333333333,0.3333333333333333,0.3333333333333334,0.6666666666666666,0.16666666666666666,0.1666666666666667,0.16666666666666666,0.6666666666666666,0.16666666666666674
P-0157,0.5,0.16666666666666666,0.33333333333333337,0.3333333333333333,0.3333333333333333,0.3333333333333334,0.3333333333333333,0.3333333333333333,0.3333333333333334,0.5,0.0,0.5,0.5,0.3333333333333333,0.16666666666666669,0.6666666666666666,0.0,0.33333333333333337,0.5,0.0,0.5,0.0,0.6666666666666666,0.33333333333333337,0.5,0.0,0.5,0.0,0.6666666666666666,0.33333333333333337,0.16666666666666666,0.6666666666666666,0.16666666666666674,0.5,0.5,0.0,0.3333333333333333,0.5,0.16666666666666674
P-0158,0.3333333333333333,0.3333333333333333,0.3333333333333334,0.3333333333333333,0.16666666666666666,0.5000000000000001,0.5,0.0,0.5,0.16666666666666666,0.3333333333333333,0.5,0.5,0.16666666666666666,0.33333333333333337,0.5,0.16666666666666666,0.33333333333333337,0.3333333333333333,0.16666666666666666,0.5000000000000001,0.16666666666666666,0.16666666666666666,0.6666666666666667,0.5,0.16666666666666666,0.33333333333333337,0.16666666666666666,0.16666666666666666,0.6666666666666667,0.16666666666666666,0.6666666666666666,0.16666666666666674,0.3333333333333333,0.5,0.16666666666666674,0.5,0.3333333333333333,0.16666666666666669
P-0159,0.6666666666666666,0.0,0.33333333333333337,0.3333333333333333,0.5,0.16666666666666674,0.5,0.3333333333333333,0.16666666666666669,0.5,0.16666666666666666,0.33333333333333337,0.6666666666666666,0.16666666666666666,0.1666666666666667,0.6666666666666666,0.0,0.33333333333333337,0.6666666666666666,0.0,0.33333333333333337,0.0,0.6666666666666666,0.33333333333333337,0.3333333333333333,0.0,0.6666666666666667,0.0,0.6666666666666666,0.33333333333333337,0.3333333333333333,0.3333333333333333,0.3333333333333334,0.6666666666666666,0.3333333333333333,5.551115123125783e-17,0.3333333333333333,0.6666666666666666,1.1102230246251565e-16
P-0160,0.8333333333333334,0.16666666666666666,-2.7755575615628914e-17,0.6666666666666666,0.3333333333333333,5.551115123125783e-17,0.6666666666666666,0.3333333333333333,5.551115123125783e-17,1.0,0.0,0.0,1.0,0.0,0.0,0.8333333333333334,0.16666666666666666,-2.7755575615628914e-17,1.0,0.0,0.0,0.3333333333333333,0.3333333333333333,0.3333333333333334,0.0,0.16666666666666666,0.8333333333333334,0.3333333333333333,0.3333333333333333,0.3333333333333334,0.3333333333333333,0.16666666666666666,0.5000000000000001,0.6666666666666666,0.0,0.33333333333333337,0.0,0.8333333333333334,0.16666666666666663
P-0161,0.6666666666666666,0.3333333333333333,5.551115123125783e-17,1.0,0.0,0.0,1.0,0.0,0.0,1.0,0.0,0.0,1.0,0.0,0.0,0.6666666666666666,0.3333333333333333,5.551115123125783e-17,0.3333333333333333,0.6666666666666666,1.1102230246251565e-16,0.3333333333333333,0.6666666666666666,1.1102230246251565e-16,0.0,0.3333333333333333,0.6666666666666667,0.3333333333333333,0.6666666666666666,1.1102230246251565e-16,0.0,0.8333333333333334,0.16666666666666663,0.16666666666666666,0.16666666666666666,0.6666666666666667,0.0,0.6666666666666666,0.33333333333333337
P-0162,0.5,0.5,0.0,0.6666666666666666,0.16666666666666666,0.1666666666666667,0.6666666666666666,0.16666666666666666,0.1666666666666667,1.0,0.0,0.0,1.0,0.0,0.0,0.6666666666666666,0.3333333333333333,5.551115123125783e-17,0.5,0.5,0.0,0.5,0.3333333333333333,0.16666666666666669,0.0,0.5,0.5,0.3333333333333333,0.5,0.16666666666666674,0.16666666666666666,0.5,0.33333333333333337,0.5,0.3333333333333333,0.16666666666666669,0.0,0.5,0.5
P-0164,0.16666666666666666,0.16666666666666666,0.6666666666666667,0.3333333333333333,0.3333333333333333,0.3333333333333334,0.3333333333333333,0.3333333333333333,0.3333333333333334,0.3333333333333333,0.0,0.6666666666666667,0.3333333333333333,0.3333333333333333,0.3333333333333334,0.16666666666666666,0.16666666666666666,0.6666666666666667,0.16666666666666666,0.16666666666666666,0.6666666666666667,0.16666666666666666,0.8333333333333334,0.0,0.6666666666666666,0.16666666666666666,0.1666666666666667,0.16666666666666666,0.8333333333333334,0.0,0.0,0.8333333333333334,0.16666666666666663,0.16666666666666666,0.8333333333333334,0.0,0.6666666666666666,0.16666666666666666,0.1666666666666667
P-0166,0.16666666666666666,0.5,0.33333333333333337,0.5,0.3333333333333333,0.16666666666666669,0.5,0.3333333333333333,0.16666666666666669,0.5,0.0,0.5,0.5,0.5,0.0,0.3333333333333333,0.3333333333333333,0.3333333333333334,0.16666666666666666,0.3333333333333333,0.5,0.3333333333333333,0.5,0.16666666666666674,0.5,0.3333333333333333,0.16666666666666669,0.3333333333333333,0.5,0.16666666666666674,0.0,0.8333333333333334,0.16666666666666663,0.16666666666666666,0.8333333333333334,0.0,0.3333333333333333,0.16666666666666666,0.5000000000000001
P-0167,0.5,0.0,0.5,0.3333333333333333,0.3333333333333333,0.3333333333333334,0.3333333333333333,0.3333333333333333,0.3333333333333334,0.5,0.0,0.5,0.5,0.5,0.0,0.5,0.0,0.5,0.5,0.0,0.5,0.16666666666666666,0.6666666666666666,0.16666666666666674,0.5,0.0,0.5,0.16666666666666666,0.6666666666666666,0.16666666666666674,0.16666666666666666,0.5,0.33333333333333337,0.6666666666666666,0.16666666666666666,0.1666666666666667,0.5,0.5,0.0
P-0168,0.16666666666666666,0.5,0.33333333333333337,0.6666666666666666,0.3333333333333333,5.551115123125783e-17,0.6666666666666666,0.3333333333333333,5.551115123125783e-17,0.5,0.16666666666666666,0.33333333333333337,0.6666666666666666,0.3333333333333333,5.551115123125783e-17,0.16666666666666666,0.5,0.33333333333333337,0.16666666666666666,0.5,0.33333333333333337,0.5,0.5,0.0,0.3333333333333333,0.5,0.16666666666666674,0.5,0.5,0.0,0.0,0.8333333333333334,0.16666666666666663,0.16666666666666666,0.6666666666666666,0.16666666666666674,0.5,0.16666666666666666,0.33333333333333337
P-0170,0.3333333333333333,0.5,0.16666666666666674,0.6666666666666666,0.0,0.33333333333333337,0.6666666666666666,0.0,0.33333333333333337,0.6666666666666666,0.0,0.33333333333333337,0.6666666666666666,0.16666666666666666,0.1666666666666667,0.5,0.3333333333333333,0.16666666666666669,0.5,0.16666666666666666,0.33333333333333337,0.3333333333333333,0.3333333333333333,0.3333333333333334,0.3333333333333333,0.3333333333333333,0.3333333333333334,0.3333333333333333,0.3333333333333333,0.3333333333333334,0.0,0.8333333333333334,0.16666666666666663,0.16666666666666666,0.3333333333333333,0.5,0.16666666666666666,0.3333333333333333,0.5
P-0172,0.0,0.5,0.5,0.16666666666666666,0.5,0.33333333333333337,0.3333333333333333,0.3333333333333333,0.3333333333333334,0.16666666666666666,0.16666666666666666,0.6666666666666667,0.16666666666666666,0.6666666666666666,0.16666666666666674,0.16666666666666666,0.3333333333333333,0.5,0.0,0.16666666666666666,0.8333333333333334,0.3333333333333333,0.3333333333333333,0.3333333333333334,0.6666666666666666,0.3333333333333333,5.551115123125783e-17,0.3333333333333333,0.3333333333333333,0.3333333333333334,0.0,1.0,0.0,0.16666666666666666,0.8333333333333334,0.0,0.6666666666666666,0.0,0.33333333333333337
P-0173,0.16666666666666666,0.6666666666666666,0.16666666666666674,0.6666666666666666,0.16666666666666666,0.1666666666666667,0.8333333333333334,0.0,0.16666666666666663,0.6666666666666666,0.16666666666666666,0.1666666666666667,0.6666666666666666,0.16666666666666666,0.1666666666666667,0.16666666666666666,0.6666666666666666,0.16666666666666674,0.3333333333333333,0.3333333333333333,0.3333333333333334,0.8333333333333334,0.0,0.16666666666666663,0.16666666666666666,0.6666666666666666,0.16666666666666674,0.8333333333333334,0.0,0.16666666666666663,0.0,0.8333333333333334,0.16666666666666663,0.16666666666666666,0.5,0.33333333333333337,0.3333333333333333,0.16666666666666666,0.5000000000000001
P-0175,0.5,0.16666666666666666,0.33333333333333337,0.6666666666666666,0.0,0.33333333333333337,0.6666666666666666,0.0,0.33333333333333337,0.6666666666666666,0.0,0.33333333333333337,0.6666666666666666,0.0,0.33333333333333337,0.5,0.16666666666666666,0.33333333333333337,0.3333333333333333,0.3333333333333333,0.3333333333333334,0.16666666666666666,0.5,0.33333333333333337,0.3333333333333333,0.16666666666666666,0.5000000000000001,0.16666666666666666,0.5,0.33333333333333337,0.0,0.8333333333333334,0.16666666666666663,0.16666666666666666,0.3333333333333333,0.5,0.3333333333333333,0.5,0.16666666666666674
P-0176,0.5,0.0,0.5,0.5,0.0,0.5,0.5,0.0,0.5,0.5,0.0,0.5,0.5,0.16666666666666666,0.33333333333333337,0.5,0.0,0.5,0.0,0.5,0.5,0.0,0.6666666666666666,0.33333333333333337,0.5,0.0,0.5,0.0,0.6666666666666666,0.33333333333333337,0.0,1.0,0.0,0.16666666666666666,0.3333333333333333,0.5,0.5,0.5,0.0
P-0178,0.16666666666666666,0.5,0.33333333333333337,0.16666666666666666,0.16666666666666666,0.6666666666666667,0.16666666666666666,0.16666666666666666,0.6666666666666667,0.5,0.0,0.5,0.5,0.16666666666666666,0.33333333333333337,0.5,0.16666666666666666,0.33333333333333337,0.16666666666666666,0.3333333333333333,0.5,0.3333333333333333,0.0,0.6666666666666667,0.5,0.3333333333333333,0.16666666666666669,0.16666666666666666,0.16666666666666666,0.6666666666666667,0.16666666666666666,0.8333333333333334,0.0,0.16666666666666666,0.6666666666666666,0.16666666666666674,0.3333333333333333,0.16666666666666666,0.5000000000000001
P-0179,0.0,0.5,0.5,0.3333333333333333,0.16666666666666666,0.5000000000000001,0.5,0.0,0.5,0.16666666666666666,0.3333333333333333,0.5,0.3333333333333333,0.16666666666666666,0.5000000000000001,0.0,0.5,0.5,0.16666666666666666,0.16666666666666666,0.6666666666666667,0.5,0.16666666666666666,0.33333333333333337,0.5,0.5,0.0,0.5,0.16666666666666666,0.33333333333333337,0.0,1.0,0.0,0.16666666666666666,0.5,0.33333333333333337,0.8333333333333334,0.0,0.16666666666666663
P-0181,0.16666666666666666,0.6666666666666666,0.16666666666666674,0.8333333333333334,0.0,0.16666666666666663,0.8333333333333334,0.0,0.16666666666666663,0.16666666666666666,0.6666666666666666,0.16666666666666674,0.8333333333333334,0.0,0.16666666666666663,0.16666666666666666,0.6666666666666666,0.16666666666666674,0.0,0.8333333333333334,0.16666666666666663,0.6666666666666666,0.16666666666666666,0.1666666666666667,0.16666666666666666,0.6666666666666666,0.16666666666666674,0.6666666666666666,0.16666666666666666,0.1666666666666667,0.0,1.0,0.0,0.0,0.16666666666666666,0.8333333333333334,0.8333333333333334,0.16666666666666666,-2.7755575615628914e-17
P-0182,0.3333333333333333,0.5,0.16666666666666674,0.6666666666666666,0.16666666666666666,0.1666666666666667,0.8333333333333334,0.0,0.16666666666666663,0.5,0.3333333333333333,0.16666666666666669,0.6666666666666666,0.16666666666666666,0.1666666666666667,0.3333333333333333,0.5,0.16666666666666674,0.0,0.6666666666666666,0.33333333333333337,0.5,0.3333333333333333,0.16666666666666669,0.16666666666666666,0.5,0.33333333333333337,0.5,0.3333333333333333,0.16666666666666669,0.0,1.0,0.0,0.16666666666666666,0.3333333333333333,0.5,0.5,0.3333333333333333,0.16666666666666669
P-0183,0.3333333333333333,0.5,0.16666666666666674,0.8333333333333334,0.0,0.16666666666666663,0.8333333333333334,0.0,0.16666666666666663,0.5,0.3333333333333333,0.16666666666666669,0.8333333333333334,0.0,0.16666666666666663,0.3333333333333333,0.5,0.16666666666666674,0.3333333333333333,0.5,0.16666666666666674,0.5,0.3333333333333333,0.16666666666666669,0.16666666666666666,0.5,0.33333333333333337,0.5,0.3333333333333333,0.16666666666666669,0.0,1.0,0.0,0.16666666666666666,0.16666666666666666,0.6666666666666667,0.5,0.3333333333333333,0.16666666666666669
P-0184,0.16666666666666666,0.6666666666666666,0.16666666666666674,0.6666666666666666,0.16666666666666666,0.1666666666666667,0.8333333333333334,0.0,0.16666666666666663,0.5,0.3333333333333333,0.16666666666666669,0.6666666666666666,0.16666666666666666,0.1666666666666667,0.16666666666666666,0.6666666666666666,0.16666666666666674,0.16666666666666666,0.5,0.33333333333333337,0.6666666666666666,0.16666666666666666,0.1666666666666667,0.16666666666666666,0.6666666666666666,0.16666666666666674,0.6666666666666666,0.16666666666666666,0.1666666666666667,0.0,1.0,0.0,0.16666666666666666,0.3333333333333333,0.5,0.5,0.16666666666666666,0.33333333333333337
P-0185,0.3333333333333333,0.5,0.16666666666666674,0.6666666666666666,0.16666666666666666,0.1666666666666667,0.8333333333333334,0.0,0.16666666666666663,0.3333333333333333,0.5,0.16666666666666674,0.8333333333333334,0.0,0.16666666666666663,0.3333333333333333,0.5,0.16666666666666674,0.3333333333333333,0.5,0.16666666666666674,0.5,0.16666666666666666,0.33333333333333337,0.16666666666666666,0.5,0.33333333333333337,0.5,0.16666666666666666,0.33333333333333337,0.16666666666666666,0.8333333333333334,0.0,0.16666666666666666,0.16666666666666666,0.6666666666666667,0.5,0.3333333333333333,0.16666666666666669
P-0186,0.0,0.5,0.5,0.5,0.0,0.5,0.5,0.0,0.5,0.3333333333333333,0.16666666666666666,0.5000000000000001,0.5,0.0,0.5,0.0,0.5,0.5,0.16666666666666666,0.3333333333333333,0.5,0.5,0.16666666666666666,0.33333333333333337,0.5,0.5,0.0,0.5,0.16666666666666666,0.33333333333333337,0.0,1.0,0.0,0.0,0.6666666666666666,0.33333333333333337,0.6666666666666666,0.0,0.33333333333333337
P-0187,0.16666666666666666,0.5,0.33333333333333337,0.3333333333333333,0.16666666666666666,0.5000000000000001,0.3333333333333333,0.16666666666666666,0.5000000000000001,0.5,0.16666666666666666,0.33333333333333337,0.5,0.16666666666666666,0.33333333333333337,0.5,0.16666666666666666,0.33333333333333337,0.3333333333333333,0.16666666666666666,0.5000000000000001,0.5,0.16666666666666666,0.33333333333333337,0.3333333333333333,0.3333333333333333,0.3333333333333334,0.3333333333333333,0.3333333333333333,0.3333333333333334,0.0,0.8333333333333334,0.16666666666666663,0.16666666666666666,0.3333333333333333,0.5,0.3333333333333333,0.16666666666666666,0.5000000000000001
P-0188,0.3333333333333333,0.3333333333333333,0.3333333333333334,0.5,0.0,0.5,0.5,0.0,0.5,0.5,0.0,0.5,0.5,0.16666666666666666,0.33333333333333337,0.5,0.16666666666666666,0.33333333333333337,0.0,0.5,0.5,0.16666666666666666,0.5,0.33333333333333337,0.5,0.16666666666666666,0.33333333333333337,0.16666666666666666,0.5,0.33333333333333337,0.0,1.0,0.0,0.0,0.6666666666666666,0.33333333333333337,0.3333333333333333,0.3333333333333333,0.3333333333333334
P-0190,0.3333333333333333,0.16666666666666666,0.5000000000000001,0.3333333333333333,0.16666666666666666,0.5000000000000001,0.3333333333333333,0.16666666666666666,0.5000000000000001,0.3333333333333333,0.16666666666666666,0.5000000000000001,0.5,0.0,0.5,0.3333333333333333,0.16666666666666666,0.5000000000000001,0.3333333333333333,0.16666666666666666,0.5000000000000001,0.16666666666666666,0.5,0.33333333333333337,0.5,0.16666666666666666,0.33333333333333337,0.16666666666666666,0.5,0.33333333333333337,0.16666666666666666,0.8333333333333334,0.0,0.3333333333333333,0.5,0.16666666666666674,0.6666666666666666,0.3333333333333333,5.551115123125783e-17
P-0192,0.0,0.5,0.5,0.3333333333333333,0.3333333333333333,0.3333333333333334,0.3333333333333333,0.3333333333333333,0.3333333333333334,0.3333333333333333,0.16666666666666666,0.5000000000000001,0.3333333333333333,0.5,0.16666666666666674,0.16666666666666666,0.3333333333333333,0.5,0.3333333333333333,0.0,0.6666666666666667,0.3333333333333333,0.3333333333333333,0.3333333333333334,0.5,0.3333333333333333,0.16666666666666669,0.3333333333333333,0.3333333333333333,0.3333333333333334,0.0,1.0,0.0,0.3333333333333333,0.3333333333333333,0.3333333333333334,0.5,0.0,0.5
P-0194,0.3333333333333333,0.0,0.6666666666666667,0.3333333333333333,0.16666666666666666,0.5000000000000001,0.3333333333333333,0.16666666666666666,0.5000000000000001,0.3333333333333333,0.0,0.6666666666666667,0.3333333333333333,0.3333333333333333,0.3333333333333334,0.3333333333333333,0.0,0.6666666666666667,0.16666666666666666,0.16666666666666666,0.6666666666666667,0.16666666666666666,0.3333333333333333,0.5,0.6666666666666666,0.0,0.33333333333333337,0.16666666666666666,0.3333333333333333,0.5,0.0,0.8333333333333334,0.16666666666666663,0.3333333333333333,0.3333333333333333,0.3333333333333334,0.5,0.3333333333333333,0.16666666666666669
P-0195,0.3333333333333333,0.16666666666666666,0.5000000000000001,0.5,0.16666666666666666,0.33333333333333337,0.5,0.16666666666666666,0.33333333333333337,0.5,0.0,0.5,0.5,0.3333333333333333,0.16666666666666669,0.3333333333333333,0.16666666666666666,0.5000000000000001,0.3333333333333333,0.16666666666666666,0.5000000000000001,0.3333333333333333,0.3333333333333333,0.3333333333333334,0.5,0.16666666666666666,0.33333333333333337,0.3333333333333333,0.3333333333333333,0.3333333333333334,0.0,0.8333333333333334,0.16666666666666663,0.3333333333333333,0.16666666666666666,0.5000000000000001,0.3333333333333333,0.3333333333333333,0.3333333333333334
P-0196,0.3333333333333333,0.3333333333333333,0.3333333333333334,0.5,0.16666666666666666,0.33333333333333337,0.5,0.16666666666666666,0.33333333333333337,0.3333333333333333,0.3333333333333333,0.3333333333333334,0.6666666666666666,0.0,0.33333333333333337,0.3333333333333333,0.3333333333333333,0.3333333333333334,0.16666666666666666,0.5,0.33333333333333337,0.3333333333333333,0.16666666666666666,0.5000000000000001,0.3333333333333333,0.3333333333333333,0.3333333333333334,0.3333333333333333,0.16666666666666666,0.5000000000000001,0.16666666666666666,0.8333333333333334,0.0,0.16666666666666666,0.3333333333333333,0.5,0.6666666666666666,0.3333333333333333,5.551115123125783e-17
P-0197,0.3333333333333333,0.5,0.16666666666666674,0.6666666666666666,0.0,0.33333333333333337,0.6666666666666666,0.0,0.33333333333333337,0.5,0.3333333333333333,0.16666666666666669,0.8333333333333334,0.0,0.16666666666666663,0.5,0.3333333333333333,0.16666666666666669,0.16666666666666666,0.6666666666666666,0.16666666666666674,0.5,0.3333333333333333,0.16666666666666669,0.16666666666666666,0.5,0.33333333333333337,0.3333333333333333,0.5,0.16666666666666674,0.0,1.0,0.0,0.16666666666666666,0.16666666666666666,0.6666666666666667,0.5,0.3333333333333333,0.16666666666666669
P-0198,0.6666666666666666,0.16666666666666666,0.1666666666666667,0.6666666666666666,0.0,0.33333333333333337,0.6666666666666666,0.0,0.33333333333333337,0.6666666666666666,0.0,0.33333333333333337,0.6666666666666666,0.16666666666666666,0.1666666666666667,0.8333333333333334,0.0,0.16666666666666663,0.0,0.6666666666666666,0.33333333333333337,0.0,0.6666666666666666,0.33333333333333337,0.3333333333333333,0.0,0.6666666666666667,0.0,0.6666666666666666,0.33333333333333337,0.0,1.0,0.0,0.0,0.3333333333333333,0.6666666666666667,0.16666666666666666,0.6666666666666666,0.16666666666666674
P-0199,0.3333333333333333,0.16666666666666666,0.5000000000000001,0.16666666666666666,0.3333333333333333,0.5,0.16666666666666666,0.3333333333333333,0.5,0.3333333333333333,0.0,0.6666666666666667,0.3333333333333333,0.3333333333333333,0.3333333333333334,0.5,0.0,0.5,0.3333333333333333,0.0,0.6666666666666667,0.0,0.5,0.5,0.6666666666666666,0.0,0.33333333333333337,0.0,0.5,0.5,0.16666666666666666,0.8333333333333334,0.0,0.3333333333333333,0.6666666666666666,1.1102230246251565e-16,0.5,0.3333333333333333,0.16666666666666669
P-0200,0.8333333333333334,0.0,0.16666666666666663,0.5,0.3333333333333333,0.16666666666666669,0.5,0.3333333333333333,0.16666666666666669,0.8333333333333334,0.0,0.16666666666666663,0.8333333333333334,0.0,0.16666666666666663,0.8333333333333334,0.0,0.16666666666666663,0.8333333333333334,0.0,0.16666666666666663,0.0,0.5,0.5,0.16666666666666666,0.0,0.8333333333333334,0.0,0.5,0.5,0.3333333333333333,0.6666666666666666,1.1102230246251565e-16,0.8333333333333334,0.16666666666666666,-2.7755575615628914e-17,0.16666666666666666,0.8333333333333334,0.0
P-0201,0.5,0.3333333333333333,0.16666666666666669,0.6666666666666666,0.0,0.33333333333333337,0.6666666666666666,0.0,0.33333333333333337,0.8333333333333334,0.0,0.16666666666666663,0.8333333333333334,0.0,0.16666666666666663,0.6666666666666666,0.16666666666666666,0.1666666666666667,0.6666666666666666,0.16666666666666666,0.1666666666666667,0.3333333333333333,0.5,0.16666666666666674,0.16666666666666666,0.3333333333333333,0.5,0.16666666666666666,0.6666666666666666,0.16666666666666674,0.0,1.0,0.0,0.5,0.16666666666666666,0.33333333333333337,0.16666666666666666,0.5,0.33333333333333337
P-0202,0.16666666666666666,0.5,0.33333333333333337,0.3333333333333333,0.16666666666666666,0.5000000000000001,0.5,0.0,0.5,0.5,0.16666666666666666,0.33333333333333337,0.5,0.16666666666666666,0.33333333333333337,0.3333333333333333,0.3333333333333333,0.3333333333333334,0.16666666666666666,0.3333333333333333,0.5,0.5,0.3333333333333333,0.16666666666666669,0.3333333333333333,0.5,0.16666666666666674,0.3333333333333333,0.5,0.16666666666666674,0.0,1.0,0.0,0.16666666666666666,0.3333333333333333,0.5,0.5,0.16666666666666666,0.33333333333333337
P-0203,0.3333333333333333,0.3333333333333333,0.3333333333333334,0.5,0.16666666666666666,0.33333333333333337,0.6666666666666666,0.16666666666666666,0.1666666666666667,0.6666666666666666,0.0,0.33333333333333337,0.6666666666666666,0.0,0.33333333333333337,0.3333333333333333,0.5,0.16666666666666674,0.6666666666666666,0.0,0.33333333333333337,0.5,0.0,0.5,0.3333333333333333,0.3333333333333333,0.3333333333333334,0.5,0.0,0.5,0.16666666666666666,0.6666666666666666,0.16666666666666674,0.16666666666666666,0.3333333333333333,0.5,0.3333333333333333,0.3333333333333333,0.3333333333333334
P-0204,0.3333333333333333,0.5,0.16666666666666674,0.6666666666666666,0.16666666666666666,0.1666666666666667,0.8333333333333334,0.0,0.16666666666666663,0.6666666666666666,0.16666666666666666,0.1666666666666667,0.6666666666666666,0.16666666666666666,0.1666666666666667,0.3333333333333333,0.5,0.16666666666666674,0.16666666666666666,0.5,0.33333333333333337,0.5,0.3333333333333333,0.16666666666666669,0.16666666666666666,0.5,0.33333333333333337,0.5,0.3333333333333333,0.16666666666666669,0.0,1.0,0.0,0.16666666666666666,0.3333333333333333,0.5,0.3333333333333333,0.3333333333333333,0.3333333333333334
P-0205,0.16666666666666666,0.16666666666666666,0.6666666666666667,0.3333333333333333,0.0,0.6666666666666667,0.3333333333333333,0.0,0.6666666666666667,0.3333333333333333,0.0,0.6666666666666667,0.3333333333333333,0.0,0.6666666666666667,0.16666666666666666,0.16666666666666666,0.6666666666666667,0.16666666666666666,0.16666666666666666,0.6666666666666667,0.16666666666666666,0.3333333333333333,0.5,0.6666666666666666,0.16666666666666666,0.1666666666666667,0.16666666666666666,0.3333333333333333,0.5,0.0,1.0,0.0,0.16666666666666666,0.8333333333333334,0.0,0.6666666666666666,0.16666666666666666,0.1666666666666667
P-0206,0.3333333333333333,0.5,0.16666666666666674,0.5,0.16666666666666666,0.33333333333333337,0.5,0.16666666666666666,0.33333333333333337,0.8333333333333334,0.0,0.16666666666666663,0.8333333333333334,0.0,0.16666666666666663,0.5,0.3333333333333333,0.16666666666666669,0.3333333333333333,0.5,0.16666666666666674,0.5,0.16666666666666666,0.33333333333333337,0.16666666666666666,0.5,0.33333333333333337,0.3333333333333333,0.3333333333333333,0.3333333333333334,0.16666666666666666,0.6666666666666666,0.16666666666666674,0.3333333333333333,0.5,0.16666666666666674,0.16666666666666666,0.3333333333333333,0.5
P-0209,0.3333333333333333,0.16666666666666666,0.5000000000000001,0.3333333333333333,0.3333333333333333,0.3333333333333334,0.3333333333333333,0.3333333333333333,0.3333333333333334,0.3333333333333333,0.16666666666666666,0.5000000000000001,0.3333333333333333,0.5,0.16666666666666674,0.5,0.0,0.5,0.16666666666666666,0.16666666666666666,0.6666666666666667,0.0,0.6666666666666666,0.33333333333333337,0.5,0.0,0.5,0.0,0.6666666666666666,0.33333333333333337,0.0,1.0,0.0,0.5,0.3333333333333333,0.16666666666666669,0.5,0.3333333333333333,0.16666666666666669
P-0210,0.0,0.5,0.5,0.0,0.0,1.0,0.0,0.0,1.0,0.0,0.0,1.0,0.0,0.8333333333333334,0.16666666666666663,0.5,0.0,0.5,0.0,0.0,1.0,0.0,0.3333333333333333,0.6666666666666667,1.0,0.0,0.0,0.0,0.3333333333333333,0.6666666666666667,0.0,1.0,0.0,0.3333333333333333,0.6666666666666666,1.1102230246251565e-16,0.5,0.0,0.5
P-0211,0.16666666666666666,0.6666666666666666,0.16666666666666674,0.3333333333333333,0.16666666666666666,0.5000000000000001,0.3333333333333333,0.16666666666666666,0.5000000000000001,0.6666666666666666,0.0,0.33333333333333337,0.6666666666666666,0.16666666666666666,0.1666666666666667,0.5,0.3333333333333333,0.16666666666666669,0.16666666666666666,0.5,0.33333333333333337,0.5,0.0,0.5,0.3333333333333333,0.5,0.16666666666666674,0.3333333333333333,0.16666666666666666,0.5000000000000001,0.16666666666666666,0.8333333333333334,0.0,0.16666666666666666,0.6666666666666666,0.16666666666666674,0.16666666666666666,0.16666666666666666,0.6666666666666667
P-0212,0.0,0.6666666666666666,0.33333333333333337,0.3333333333333333,0.3333333333333333,0.3333333333333334,0.8333333333333334,0.0,0.16666666666666663,0.0,0.6666666666666666,0.33333333333333337,0.3333333333333333,0.3333333333333333,0.3333333333333334,0.0,0.8333333333333334,0.16666666666666663,0.0,0.3333333333333333,0.6666666666666667,0.6666666666666666,0.16666666666666666,0.1666666666666667,0.3333333333333333,0.6666666666666666,1.1102230246251565e-16,0.6666666666666666,0.16666666666666666,0.1666666666666667,0.0,1.0,0.0,0.3333333333333333,0.3333333333333333,0.3333333333333334,1.0,0.0,0.0
P-0213,0.3333333333333333,0.5,0.16666666666666674,0.5,0.5,0.0,0.8333333333333334,0.16666666666666666,-2.7755575615628914e-17,0.3333333333333333,0.5,0.16666666666666674,0.5,0.5,0.0,0.3333333333333333,0.5,0.16666666666666674,0.3333333333333333,0.16666666666666666,0.5000000000000001,0.6666666666666666,0.3333333333333333,5.551115123125783e-17,0.16666666666666666,0.5,0.33333333333333337,0.6666666666666666,0.3333333333333333,5.551115123125783e-17,0.0,0.8333333333333334,0.16666666666666663,0.5,0.16666666666666666,0.33333333333333337,0.6666666666666666,0.3333333333333333,5.551115123125783e-17
P-0214,0.3333333333333333,0.5,0.16666666666666674,0.6666666666666666,0.3333333333333333,5.551115123125783e-17,0.8333333333333334,0.16666666666666666,-2.7755575615628914e-17,0.3333333333333333,0.5,0.16666666666666674,0.6666666666666666,0.3333333333333333,5.551115123125783e-17,0.3333333333333333,0.5,0.16666666666666674,0.3333333333333333,0.3333333333333333,0.3333333333333334,0.6666666666666666,0.3333333333333333,5.551115123125783e-17,0.16666666666666666,0.5,0.33333333333333337,0.6666666666666666,0.3333333333333333,5.551115123125783e-17,0.0,0.8333333333333334,0.16666666666666663,0.3333333333333333,0.16666666666666666,0.5000000000000001,0.6666666666666666,0.3333333333333333,5.551115123125783e-17
P-0215,0.16666666666666666,0.5,0.33333333333333337,0.5,0.16666666666666666,0.33333333333333337,0.6666666666666666,0.0,0.33333333333333337,0.3333333333333333,0.3333333333333333,0.3333333333333334,0.5,0.16666666666666666,0.33333333333333337,0.16666666666666666,0.5,0.33333333333333337,0.16666666666666666,0.3333333333333333,0.5,0.5,0.3333333333333333,0.16666666666666669,0.3333333333333333,0.5,0.16666666666666674,0.5,0.3333333333333333,0.16666666666666669,0.0,1.0,0.0,0.16666666666666666,0.3333333333333333,0.5,0.6666666666666666,0.16666666666666666,0.1666666666666667
P-0216,0.0,0.5,0.5,0.3333333333333333,0.16666666666666666,0.5000000000000001,0.5,0.0,0.5,0.0,0.5,0.5,0.3333333333333333,0.3333333333333333,0.3333333333333334,0.0,0.5,0.5,0.0,0.3333333333333333,0.6666666666666667,0.5,0.5,0.0,0.5,0.5,0.0,0.5,0.5,0.0,0.0,1.0,0.0,0.3333333333333333,0.3333333333333333,0.3333333333333334,1.0,0.0,0.0
P-0217,0.0,0.6666666666666666,0.33333333333333337,0.5,0.16666666666666666,0.33333333333333337,0.6666666666666666,0.0,0.33333333333333337,0.3333333333333333,0.3333333333333333,0.3333333333333334,0.5,0.3333333333333333,0.16666666666666669,0.0,0.6666666666666666,0.33333333333333337,0.3333333333333333,0.16666666666666666,0.5000000000000001,0.6666666666666666,0.3333333333333333,5.551115123125783e-17,0.3333333333333333,0.6666666666666666,1.1102230246251565e-16,0.6666666666666666,0.3333333333333333,5.551115123125783e-17,0.0,1.0,0.0,0.3333333333333333,0.16666666666666666,0.5000000000000001,0.6666666666666666,0.0,0.33333333333333337
P-0219,0.0,0.6666666666666666,0.33333333333333337,0.3333333333333333,0.5,0.16666666666666674,0.5,0.3333333333333333,0.16666666666666669,0.16666666666666666,0.3333333333333333,0.5,0.3333333333333333,0.6666666666666666,1.1102230246251565e-16,0.16666666666666666,0.5,0.33333333333333337,0.0,0.3333333333333333,0.6666666666666667,0.5,0.3333333333333333,0.16666666666666669,0.5,0.5,0.0,0.5,0.3333333333333333,0.16666666666666669,0.0,1.0,0.0,0.16666666666666666,0.6666666666666666,0.16666666666666674,0.6666666666666666,0.0,0.33333333333333337
P-0220,0.16666666666666666,0.16666666666666666,0.6666666666666667,0.3333333333333333,0.16666666666666666,0.5000000000000001,0.3333333333333333,0.16666666666666666,0.5000000000000001,0.16666666666666666,0.16666666666666666,0.6666666666666667,0.3333333333333333,0.16666666666666666,0.5000000000000001,0.16666666666666666,0.16666666666666666,0.6666666666666667,0.16666666666666666,0.16666666666666666,0.6666666666666667,0.5,0.3333333333333333,0.16666666666666669,0.6666666666666666,0.16666666666666666,0.1666666666666667,0.3333333333333333,0.5,0.16666666666666674,0.0,0.8333333333333334,0.16666666666666663,0.16666666666666666,0.5,0.33333333333333337,0.8333333333333334,0.16666666666666666,-2.7755575615628914e-17
P-0221,0.16666666666666666,0.3333333333333333,0.5,0.3333333333333333,0.3333333333333333,0.3333333333333334,0.3333333333333333,0.3333333333333333,0.3333333333333334,0.16666666666666666,0.3333333333333333,0.5,0.3333333333333333,0.16666666666666666,0.5000000000000001,0.3333333333333333,0.16666666666666666,0.5000000000000001,0.16666666666666666,0.16666666666666666,0.6666666666666667,0.5,0.3333333333333333,0.16666666666666669,0.5,0.16666666666666666,0.33333333333333337,0.3333333333333333,0.5,0.16666666666666674,0.0,0.8333333333333334,0.16666666666666663,0.16666666666666666,0.5,0.33333333333333337,0.6666666666666666,0.16666666666666666,0.1666666666666667
P-0223,0.3333333333333333,0.16666666666666666,0.5000000000000001,0.5,0.16666666666666666,0.33333333333333337,0.6666666666666666,0.16666666666666666,0.1666666666666667,0.3333333333333333,0.16666666666666666,0.5000000000000001,0.5,0.16666666666666666,0.33333333333333337,0.3333333333333333,0.3333333333333333,0.3333333333333334,0.3333333333333333,0.16666666666666666,0.5000000000000001,0.3333333333333333,0.5,0.16666666666666674,0.5,0.16666666666666666,0.33333333333333337,0.3333333333333333,0.5,0.16666666666666674,0.0,0.6666666666666666,0.33333333333333337,0.16666666666666666,0.5,0.33333333333333337,0.6666666666666666,0.3333333333333333,5.551115123125783e-17
P-0224,0.16666666666666666,0.6666666666666666,0.16666666666666674,0.6666666666666666,0.3333333333333333,5.551115123125783e-17,0.8333333333333334,0.16666666666666666,-2.7755575615628914e-17,0.5,0.3333333333333333,0.16666666666666669,0.6666666666666666,0.3333333333333333,5.551115123125783e-17,0.16666666666666666,0.6666666666666666,0.16666666666666674,0.3333333333333333,0.3333333333333333,0.3333333333333334,0.6666666666666666,0.3333333333333333,5.551115123125783e-17,0.16666666666666666,0.6666666666666666,0.16666666666666674,0.6666666666666666,0.3333333333333333,5.551115123125783e-17,0.0,0.8333333333333334,0.16666666666666663,0.3333333333333333,0.3333333333333333,0.3333333333333334,0.5,0.16666666666666666,0.33333333333333337
P-0226,0.3333333333333333,0.3333333333333333,0.3333333333333334,0.5,0.16666666666666666,0.33333333333333337,0.6666666666666666,0.0,0.33333333333333337,0.16666666666666666,0.5,0.33333333333333337,0.6666666666666666,0.0,0.33333333333333337,0.3333333333333333,0.3333333333333333,0.3333333333333334,0.3333333333333333,0.3333333333333333,0.3333333333333334,0.3333333333333333,0.16666666666666666,0.5000000000000001,0.3333333333333333,0.3333333333333333,0.3333333333333334,0.3333333333333333,0.16666666666666666,0.5000000000000001,0.16666666666666666,0.6666666666666666,0.16666666666666674,0.3333333333333333,0.3333333333333333,0.3333333333333334,0.6666666666666666,0.3333333333333333,5.551115123125783e-17
P-0227,0.3333333333333333,0.5,0.16666666666666674,0.6666666666666666,0.0,0.33333333333333337,0.8333333333333334,0.0,0.16666666666666663,0.5,0.16666666666666666,0.33333333333333337,0.6666666666666666,0.16666666666666666,0.1666666666666667,0.5,0.5,0.0,0.3333333333333333,0.3333333333333333,0.3333333333333334,0.5,0.16666666666666666,0.33333333333333337,0.3333333333333333,0.3333333333333333,0.3333333333333334,0.5,0.16666666666666666,0.33333333333333337,0.0,0.6666666666666666,0.33333333333333337,0.16666666666666666,0.5,0.33333333333333337,0.3333333333333333,0.3333333333333333,0.3333333333333334
P-0229,0.5,0.16666666666666666,0.33333333333333337,0.6666666666666666,0.0,0.33333333333333337,0.6666666666666666,0.0,0.33333333333333337,0.5,0.16666666666666666,0.33333333333333337,0.6666666666666666,0.0,0.33333333333333337,0.5,0.16666666666666666,0.33333333333333337,0.5,0.16666666666666666,0.33333333333333337,0.16666666666666666,0.5,0.33333333333333337,0.3333333333333333,0.16666666666666666,0.5000000000000001,0.16666666666666666,0.5,0.33333333333333337,0.0,1.0,0.0,0.5,0.3333333333333333,0.16666666666666669,0.5,0.5,0.0
P-0230,0.0,0.6666666666666666,0.33333333333333337,0.3333333333333333,0.0,0.6666666666666667,0.3333333333333333,0.0,0.6666666666666667,0.3333333333333333,0.16666666666666666,0.5000000000000001,0.5,0.16666666666666666,0.33333333333333337,0.3333333333333333,0.3333333333333333,0.3333333333333334,0.0,0.5,0.5,0.5,0.0,0.5,0.5,0.5,0.0,0.3333333333333333,0.16666666666666666,0.5000000000000001,0.0,1.0,0.0,0.0,0.6666666666666666,0.33333333333333337,0.5,0.0,0.5
P-0231,0.3333333333333333,0.5,0.16666666666666674,0.6666666666666666,0.16666666666666666,0.1666666666666667,0.8333333333333334,0.0,0.16666666666666663,0.3333333333333333,0.5,0.16666666666666674,0.6666666666666666,0.16666666666666666,0.1666666666666667,0.3333333333333333,0.5,0.16666666666666674,0.0,0.6666666666666666,0.33333333333333337,0.5,0.3333333333333333,0.16666666666666669,0.16666666666666666,0.5,0.33333333333333337,0.5,0.3333333333333333,0.16666666666666669,0.0,1.0,0.0,0.16666666666666666,0.16666666666666666,0.6666666666666667,0.6666666666666666,0.3333333333333333,5.551115123125783e-17
P-0232,0.3333333333333333,0.5,0.16666666666666674,0.8333333333333334,0.0,0.16666666666666663,0.8333333333333334,0.0,0.16666666666666663,0.5,0.3333333333333333,0.16666666666666669,0.8333333333333334,0.0,0.16666666666666663,0.3333333333333333,0.5,0.16666666666666674,0.3333333333333333,0.5,0.16666666666666674,0.5,0.3333333333333333,0.16666666666666669,0.16666666666666666,0.5,0.33333333333333337,0.5,0.3333333333333333,0.16666666666666669,0.0,1.0,0.0,0.16666666666666666,0.16666666666666666,0.6666666666666667,0.5,0.3333333333333333,0.16666666666666669
P-0233,0.16666666666666666,0.6666666666666666,0.16666666666666674,0.6666666666666666,0.16666666666666666,0.1666666666666667,0.8333333333333334,0.0,0.16666666666666663,0.3333333333333333,0.5,0.16666666666666674,0.6666666666666666,0.16666666666666666,0.1666666666666667,0.16666666666666666,0.6666666666666666,0.16666666666666674,0.16666666666666666,0.5,0.33333333333333337,0.6666666666666666,0.16666666666666666,0.1666666666666667,0.16666666666666666,0.6666666666666666,0.16666666666666674,0.6666666666666666,0.16666666666666666,0.1666666666666667,0.0,1.0,0.0,0.16666666666666666,0.16666666666666666,0.6666666666666667,0.6666666666666666,0.16666666666666666,0.1666666666666667
P-0234,0.3333333333333333,0.5,0.16666666666666674,0.6666666666666666,0.16666666666666666,0.1666666666666667,0.8333333333333334,0.0,0.16666666666666663,0.3333333333333333,0.5,0.16666666666666674,0.8333333333333334,0.0,0.16666666666666663,0.3333333333333333,0.5,0.16666666666666674,0.3333333333333333,0.5,0.16666666666666674,0.5,0.16666666666666666,0.33333333333333337,0.16666666666666666,0.5,0.33333333333333337,0.5,0.16666666666666666,0.33333333333333337,0.16666666666666666,0.8333333333333334,0.0,0.16666666666666666,0.16666666666666666,0.6666666666666667,0.5,0.3333333333333333,0.16666666666666669
P-0235,0.3333333333333333,0.3333333333333333,0.3333333333333334,0.5,0.16666666666666666,0.33333333333333337,0.5,0.16666666666666666,0.33333333333333337,0.3333333333333333,0.3333333333333333,0.3333333333333334,0.6666666666666666,0.0,0.33333333333333337,0.3333333333333333,0.3333333333333333,0.3333333333333334,0.16666666666666666,0.5,0.33333333333333337,0.3333333333333333,0.16666666666666666,0.5000000000000001,0.3333333333333333,0.3333333333333333,0.3333333333333334,0.3333333333333333,0.16666666666666666,0.5000000000000001,0.16666666666666666,0.8333333333333334,0.0,0.16666666666666666,0.3333333333333333,0.5,0.6666666666666666,0.3333333333333333,5.551115123125783e-17
P-0236,0.3333333333333333,0.5,0.16666666666666674,0.6666666666666666,0.16666666666666666,0.1666666666666667,0.8333333333333334,0.0,0.16666666666666663,0.5,0.3333333333333333,0.16666666666666669,0.6666666666666666,0.16666666666666666,0.1666666666666667,0.3333333333333333,0.5,0.16666666666666674,0.16666666666666666,0.5,0.33333333333333337,0.5,0.3333333333333333,0.16666666666666669,0.16666666666666666,0.5,0.33333333333333337,0.5,0.3333333333333333,0.16666666666666669,0.0,1.0,0.0,0.16666666666666666,0.16666666666666666,0.6666666666666667,0.5,0.3333333333333333,0.16666666666666669
P-0237,0.3333333333333333,0.5,0.16666666666666674,0.6666666666666666,0.0,0.33333333333333337,0.6666666666666666,0.0,0.33333333333333337,0.6666666666666666,0.16666666666666666,0.1666666666666667,0.8333333333333334,0.0,0.16666666666666663,0.5,0.3333333333333333,0.16666666666666669,0.0,0.8333333333333334,0.16666666666666663,0.5,0.3333333333333333,0.16666666666666669,0.16666666666666666,0.5,0.33333333333333337,0.3333333333333333,0.5,0.16666666666666674,0.0,1.0,0.0,0.0,0.3333333333333333,0.6666666666666667,0.3333333333333333,0.3333333333333333,0.3333333333333334
P-0238,0.0,0.6666666666666666,0.33333333333333337,0.5,0.0,0.5,0.5,0.0,0.5,0.3333333333333333,0.3333333333333333,0.3333333333333334,0.6666666666666666,0.0,0.33333333333333337,0.16666666666666666,0.5,0.33333333333333337,0.16666666666666666,0.5,0.33333333333333337,0.6666666666666666,0.0,0.33333333333333337,0.3333333333333333,0.6666666666666666,1.1102230246251565e-16,0.5,0.16666666666666666,0.33333333333333337,0.0,1.0,0.0,0.0,0.3333333333333333,0.6666666666666667,0.6666666666666666,0.0,0.33333333333333337
P-0239,0.3333333333333333,0.5,0.16666666666666674,0.6666666666666666,0.0,0.33333333333333337,0.6666666666666666,0.0,0.33333333333333337,0.6666666666666666,0.16666666666666666,0.1666666666666667,0.8333333333333334,0.0,0.16666666666666663,0.5,0.3333333333333333,0.16666666666666669,0.5,0.3333333333333333,0.16666666666666669,0.5,0.3333333333333333,0.16666666666666669,0.16666666666666666,0.5,0.33333333333333337,0.3333333333333333,0.5,0.16666666666666674,0.0,1.0,0.0,0.3333333333333333,0.16666666666666666,0.5000000000000001,0.3333333333333333,0.3333333333333333,0.3333333333333334
P-0240,0.0,0.6666666666666666,0.33333333333333337,0.6666666666666666,0.0,0.33333333333333337,0.6666666666666666,0.0,0.33333333333333337,0.3333333333333333,0.3333333333333333,0.3333333333333334,0.6666666666666666,0.0,0.33333333333333337,0.0,0.6666666666666666,0.33333333333333337,0.3333333333333333,0.3333333333333333,0.3333333333333334,0.6666666666666666,0.0,0.33333333333333337,0.3333333333333333,0.6666666666666666,1.1102230246251565e-16,0.6666666666666666,0.0,0.33333333333333337,0.0,1.0,0.0,0.0,0.3333333333333333,0.6666666666666667,0.6666666666666666,0.0,0.33333333333333337
P-0241,0.5,0.3333333333333333,0.16666666666666669,0.8333333333333334,0.0,0.16666666666666663,0.8333333333333334,0.0,0.16666666666666663,0.6666666666666666,0.16666666666666666,0.1666666666666667,0.8333333333333334,0.0,0.16666666666666663,0.5,0.3333333333333333,0.16666666666666669,0.16666666666666666,0.6666666666666666,0.16666666666666674,0.3333333333333333,0.5,0.16666666666666674,0.16666666666666666,0.3333333333333333,0.5,0.3333333333333333,0.5,0.16666666666666674,0.0,1.0,0.0,0.0,0.16666666666666666,0.8333333333333334,0.3333333333333333,0.5,0.16666666666666674
P-0242,0.3333333333333333,0.5,0.16666666666666674,0.8333333333333334,0.0,0.16666666666666663,0.8333333333333334,0.0,0.16666666666666663,0.3333333333333333,0.5,0.16666666666666674,0.8333333333333334,0.0,0.16666666666666663,0.3333333333333333,0.5,0.16666666666666674,0.16666666666666666,0.6666666666666666,0.16666666666666674,0.5,0.3333333333333333,0.16666666666666669,0.16666666666666666,0.5,0.33333333333333337,0.5,0.3333333333333333,0.16666666666666669,0.0,1.0,0.0,0.16666666666666666,0.16666666666666666,0.6666666666666667,0.6666666666666666,0.3333333333333333,5.551115123125783e-17
P-0243,0.3333333333333333,0.3333333333333333,0.3333333333333334,0.5,0.16666666666666666,0.33333333333333337,0.5,0.16666666666666666,0.33333333333333337,0.3333333333333333,0.3333333333333333,0.3333333333333334,0.6666666666666666,0.0,0.33333333333333337,0.3333333333333333,0.3333333333333333,0.3333333333333334,0.16666666666666666,0.5,0.33333333333333337,0.3333333333333333,0.16666666666666666,0.5000000000000001,0.3333333333333333,0.3333333333333333,0.3333333333333334,0.3333333333333333,0.16666666666666666,0.5000000000000001,0.16666666666666666,0.8333333333333334,0.0,0.16666666666666666,0.3333333333333333,0.5,0.6666666666666666,0.3333333333333333,5.551115123125783e-17
P-0244,0.16666666666666666,0.8333333333333334,0.0,0.8333333333333334,0.16666666666666666,-2.7755575615628914e-17,0.8333333333333334,0.16666666666666666,-2.7755575615628914e-17,0.16666666666666666,0.8333333333333334,0.0,0.8333333333333334,0.16666666666666666,-2.7755575615628914e-17,0.3333333333333333,0.6666666666666666,1.1102230246251565e-16,0.0,0.8333333333333334,0.16666666666666663,0.6666666666666666,0.16666666666666666,0.1666666666666667,0.0,0.6666666666666666,0.33333333333333337,0.6666666666666666,0.16666666666666666,0.1666666666666667,0.0,1.0,0.0,0.16666666666666666,0.0,0.8333333333333334,0.6666666666666666,0.16666666666666666,0.1666666666666667
P-0245,0.3333333333333333,0.6666666666666666,1.1102230246251565e-16,1.0,0.0,0.0,1.0,0.0,0.0,0.3333333333333333,0.6666666666666666,1.1102230246251565e-16,1.0,0.0,0.0,0.3333333333333333,0.6666666666666666,1.1102230246251565e-16,0.0,1.0,0.0,0.6666666666666666,0.3333333333333333,5.551115123125783e-17,0.0,0.6666666666666666,0.33333333333333337,0.6666666666666666,0.3333333333333333,5.551115123125783e-17,0.0,1.0,0.0,0.0,0.0,1.0,0.6666666666666666,0.3333333333333333,5.551115123125783e-17
P-0246,0.16666666666666666,0.5,0.33333333333333337,0.6666666666666666,0.16666666666666666,0.1666666666666667,0.6666666666666666,0.16666666666666666,0.1666666666666667,0.16666666666666666,0.5,0.33333333333333337,0.6666666666666666,0.16666666666666666,0.1666666666666667,0.16666666666666666,0.5,0.33333333333333337,0.0,0.6666666666666666,0.33333333333333337,0.5,0.16666666666666666,0.33333333333333337,0.3333333333333333,0.5,0.16666666666666674,0.5,0.16666666666666666,0.33333333333333337,0.0,1.0,0.0,0.16666666666666666,0.16666666666666666,0.6666666666666667,0.6666666666666666,0.16666666666666666,0.1666666666666667
P-0247,0.16666666666666666,0.8333333333333334,0.0,0.8333333333333334,0.16666666666666666,-2.7755575615628914e-17,1.0,0.0,0.0,0.16666666666666666,0.8333333333333334,0.0,0.8333333333333334,0.16666666666666666,-2.7755575615628914e-17,0.16666666666666666,0.8333333333333334,0.0,0.0,0.8333333333333334,0.16666666666666663,0.8333333333333334,0.16666666666666666,-2.7755575615628914e-17,0.0,0.8333333333333334,0.16666666666666663,0.8333333333333334,0.16666666666666666,-2.7755575615628914e-17,0.0,1.0,0.0,0.16666666666666666,0.0,0.8333333333333334,0.8333333333333334,0.16666666666666666,-2.7755575615628914e-17
P-0248,0.16666666666666666,0.8333333333333334,0.0,0.8333333333333334,0.16666666666666666,-2.7755575615628914e-17,0.8333333333333334,0.16666666666666666,-2.7755575615628914e-17,0.16666666666666666,0.8333333333333334,0.0,0.8333333333333334,0.16666666666666666,-2.7755575615628914e-17,0.3333333333333333,0.6666666666666666,1.1102230246251565e-16,0.0,0.8333333333333334,0.16666666666666663,0.6666666666666666,0.16666666666666666,0.1666666666666667,0.0,0.6666666666666666,0.33333333333333337,0.6666666666666666,0.16666666666666666,0.1666666666666667,0.0,1.0,0.0,0.16666666666666666,0.0,0.8333333333333334,0.6666666666666666,0.16666666666666666,0.1666666666666667
P-0249,0.3333333333333333,0.6666666666666666,1.1102230246251565e-16,1.0,0.0,0.0,1.0,0.0,0.0,0.5,0.5,0.0,1.0,0.0,0.0,0.3333333333333333,0.6666666666666666,1.1102230246251565e-16,0.16666666666666666,0.8333333333333334,0.0,0.6666666666666666,0.3333333333333333,5.551115123125783e-17,0.0,0.6666666666666666,0.33333333333333337,0.6666666666666666,0.3333333333333333,5.551115123125783e-17,0.0,1.0,0.0,0.0,0.0,1.0,0.5,0.3333333333333333,0.16666666666666669
P-0250,0.16666666666666666,0.8333333333333334,0.0,0.8333333333333334,0.16666666666666666,-2.7755575615628914e-17,1.0,0.0,0.0,0.3333333333333333,0.6666666666666666,1.1102230246251565e-16,0.8333333333333334,0.16666666666666666,-2.7755575615628914e-17,0.16666666666666666,0.8333333333333334,0.0,0.16666666666666666,0.6666666666666666,0.16666666666666674,0.8333333333333334,0.16666666666666666,-2.7755575615628914e-17,0.0,0.8333333333333334,0.16666666666666663,0.8333333333333334,0.16666666666666666,-2.7755575615628914e-17,0.0,1.0,0.0,0.16666666666666666,0.0,0.8333333333333334,0.6666666666666666,0.16666666666666666,0.1666666666666667
P-0251,0.16666666666666666,0.5,0.33333333333333337,0.6666666666666666,0.16666666666666666,0.1666666666666667,0.6666666666666666,0.16666666666666666,0.1666666666666667,0.16666666666666666,0.5,0.33333333333333337,0.6666666666666666,0.16666666666666666,0.1666666666666667,0.16666666666666666,0.5,0.33333333333333337,0.0,0.6666666666666666,0.33333333333333337,0.5,0.16666666666666666,0.33333333333333337,0.3333333333333333,0.5,0.16666666666666674,0.5,0.16666666666666666,0.33333333333333337,0.0,1.0,0.0,0.16666666666666666,0.16666666666666666,0.6666666666666667,0.6666666666666666,0.16666666666666666,0.1666666666666667
P-0252,0.16666666666666666,0.8333333333333334,0.0,0.6666666666666666,0.3333333333333333,5.551115123125783e-17,1.0,0.0,0.0,0.16666666666666666,0.8333333333333334,0.0,0.6666666666666666,0.3333333333333333,5.551115123125783e-17,0.16666666666666666,0.8333333333333334,0.0,0.0,0.6666666666666666,0.33333333333333337,0.8333333333333334,0.16666666666666666,-2.7755575615628914e-17,0.0,0.8333333333333334,0.16666666666666663,0.8333333333333334,0.16666666666666666,-2.7755575615628914e-17,0.0,1.0,0.0,0.3333333333333333,0.0,0.6666666666666667,0.8333333333333334,0.16666666666666666,-2.7755575615628914e-17
P-0253,0.3333333333333333,0.6666666666666666,1.1102230246251565e-16,0.8333333333333334,0.16666666666666666,-2.7755575615628914e-17,1.0,0.0,0.0,0.3333333333333333,0.6666666666666666,1.1102230246251565e-16,0.8333333333333334,0.16666666666666666,-2.7755575615628914e-17,0.3333333333333333,0.6666666666666666,1.1102230246251565e-16,0.16666666666666666,0.6666666666666666,0.16666666666666674,0.8333333333333334,0.16666666666666666,-2.7755575615628914e-17,0.0,0.6666666666666666,0.33333333333333337,0.8333333333333334,0.16666666666666666,-2.7755575615628914e-17,0.0,0.8333333333333334,0.16666666666666663,0.16666666666666666,0.0,0.8333333333333334,0.6666666666666666,0.3333333333333333,5.551115123125783e-17
P-0254,0.16666666666666666,0.8333333333333334,0.0,0.8333333333333334,0.16666666666666666,-2.7755575615628914e-17,0.8333333333333334,0.16666666666666666,-2.7755575615628914e-17,0.16666666666666666,0.8333333333333334,0.0,0.8333333333333334,0.16666666666666666,-2.7755575615628914e-17,0.3333333333333333,0.6666666666666666,1.1102230246251565e-16,0.0,0.8333333333333334,0.16666666666666663,0.6666666666666666,0.16666666666666666,0.1666666666666667,0.0,0.6666666666666666,0.33333333333333337,0.6666666666666666,0.16666666666666666,0.1666666666666667,0.0,1.0,0.0,0.16666666666666666,0.0,0.8333333333333334,0.6666666666666666,0.16666666666666666,0.1666666666666667
P-0255,0.3333333333333333,0.6666666666666666,1.1102230246251565e-16,1.0,0.0,0.0,1.0,0.0,0.0,0.5,0.5,0.0,1.0,0.0,0.0,0.3333333333333333,0.6666666666666666,1.1102230246251565e-16,0.16666666666666666,0.8333333333333334,0.0,0.6666666666666666,0.3333333333333333,5.551115123125783e-17,0.0,0.6666666666666666,0.33333333333333337,0.6666666666666666,0.3333333333333333,5.551115123125783e-17,0.0,1.0,0.0,0.0,0.0,1.0,0.5,0.3333333333333333,0.16666666666666669
P-0256,0.16666666666666666,0.6666666666666666,0.16666666666666674,0.6666666666666666,0.16666666666666666,0.1666666666666667,0.8333333333333334,0.0,0.16666666666666663,0.3333333333333333,0.5,0.16666666666666674,0.6666666666666666,0.3333333333333333,5.551115123125783e-17,0.16666666666666666,0.6666666666666666,0.16666666666666674,0.16666666666666666,0.5,0.33333333333333337,0.6666666666666666,0.3333333333333333,5.551115123125783e-17,0.16666666666666666,0.6666666666666666,0.16666666666666674,0.6666666666666666,0.3333333333333333,5.551115123125783e-17,0.0,1.0,0.0,0.3333333333333333,0.0,0.6666666666666667,0.6666666666666666,0.16666666666666666,0.1666666666666667
P-0257,0.5,0.5,0.0,1.0,0.0,0.0,1.0,0.0,0.0,0.6666666666666666,0.3333333333333333,5.551115123125783e-17,1.0,0.0,0.0,0.5,0.5,0.0,0.6666666666666666,0.3333333333333333,5.551115123125783e-17,0.5,0.5,0.0,0.0,0.5,0.5,0.5,0.5,0.0,0.0,1.0,0.0,0.5,0.0,0.5,0.3333333333333333,0.5,0.16666666666666674
P-0258,0.3333333333333333,0.6666666666666666,1.1102230246251565e-16,0.6666666666666666,0.16666666666666666,0.1666666666666667,0.8333333333333334,0.0,0.16666666666666663,0.16666666666666666,0.6666666666666666,0.16666666666666674,0.8333333333333334,0.16666666666666666,-2.7755575615628914e-17,0.5,0.5,0.0,0.16666666666666666,0.6666666666666666,0.16666666666666674,0.5,0.16666666666666666,0.33333333333333337,0.16666666666666666,0.5,0.33333333333333337,0.5,0.16666666666666666,0.33333333333333337,0.16666666666666666,0.8333333333333334,0.0,0.16666666666666666,0.16666666666666666,0.6666666666666667,0.5,0.3333333333333333,0.16666666666666669
P-0260,0.0,0.5,0.5,0.3333333333333333,0.5,0.16666666666666674,0.5,0.3333333333333333,0.16666666666666669,0.0,0.5,0.5,0.3333333333333333,0.5,0.16666666666666674,0.0,0.5,0.5,0.0,0.3333333333333333,0.6666666666666667,0.5,0.5,0.0,0.5,0.5,0.0,0.5,0.5,0.0,0.0,1.0,0.0,0.16666666666666666,0.5,0.33333333333333337,1.0,0.0,0.0
P-0261,0.0,0.6666666666666666,0.33333333333333337,0.5,0.0,0.5,0.5,0.0,0.5,0.0,0.5,0.5,0.5,0.5,0.0,0.16666666666666666,0.5,0.33333333333333337,0.0,0.5,0.5,0.5,0.3333333333333333,0.16666666666666669,0.5,0.5,0.0,0.5,0.3333333333333333,0.16666666666666669,0.0,1.0,0.0,0.3333333333333333,0.16666666666666666,0.5000000000000001,0.8333333333333334,0.0,0.16666666666666663
P-0262,0.0,0.6666666666666666,0.33333333333333337,0.5,0.16666666666666666,0.33333333333333337,0.5,0.16666666666666666,0.33333333333333337,0.0,0.5,0.5,0.5,0.5,0.0,0.16666666666666666,0.5,0.33333333333333337,0.0,0.5,0.5,0.5,0.16666666666666666,0.33333333333333337,0.5,0.5,0.0,0.5,0.16666666666666666,0.33333333333333337,0.0,1.0,0.0,0.3333333333333333,0.16666666666666666,0.5000000000000001,0.6666666666666666,0.0,0.33333333333333337
P-0263,0.5,0.5,0.0,0.8333333333333334,0.0,0.16666666666666663,0.8333333333333334,0.0,0.16666666666666663,0.5,0.3333333333333333,0.16666666666666669,0.8333333333333334,0.16666666666666666,-2.7755575615628914e-17,0.6666666666666666,0.3333333333333333,5.551115123125783e-17,0.5,0.3333333333333333,0.16666666666666669,0.3333333333333333,0.5,0.16666666666666674,0.16666666666666666,0.3333333333333333,0.5,0.3333333333333333,0.5,0.16666666666666674,0.0,1.0,0.0,0.5,0.16666666666666666,0.33333333333333337,0.3333333333333333,0.5,0.16666666666666674
P-0264,0.3333333333333333,0.6666666666666666,1.1102230246251565e-16,0.6666666666666666,0.0,0.33333333333333337,0.6666666666666666,0.0,0.33333333333333337,0.3333333333333333,0.3333333333333333,0.3333333333333334,0.6666666666666666,0.3333333333333333,5.551115123125783e-17,0.6666666666666666,0.3333333333333333,5.551115123125783e-17,0.3333333333333333,0.3333333333333333,0.3333333333333334,0.3333333333333333,0.3333333333333333,0.3333333333333334,0.3333333333333333,0.3333333333333333,0.3333333333333334,0.3333333333333333,0.3333333333333333,0.3333333333333334,0.0,1.0,0.0,0.3333333333333333,0.3333333333333333,0.3333333333333334,0.3333333333333333,0.3333333333333333,0.3333333333333334
P-0265,0.0,0.6666666666666666,0.33333333333333337,0.5,0.16666666666666666,0.33333333333333337,0.5,0.16666666666666666,0.33333333333333337,0.0,0.5,0.5,0.5,0.5,0.0,0.16666666666666666,0.5,0.33333333333333337,0.0,0.5,0.5,0.5,0.3333333333333333,0.16666666666666669,0.5,0.5,0.0,0.5,0.3333333333333333,0.16666666666666669,0.0,1.0,0.0,0.16666666666666666,0.3333333333333333,0.5,0.8333333333333334,0.0,0.16666666666666663
P-0266,0.3333333333333333,0.6666666666666666,1.1102230246251565e-16,0.6666666666666666,0.0,0.33333333333333337,0.6666666666666666,0.0,0.33333333333333337,0.3333333333333333,0.3333333333333333,0.3333333333333334,0.6666666666666666,0.3333333333333333,5.551115123125783e-17,0.6666666666666666,0.3333333333333333,5.551115123125783e-17,0.16666666666666666,0.5,0.33333333333333337,0.3333333333333333,0.3333333333333333,0.3333333333333334,0.3333333333333333,0.3333333333333333,0.3333333333333334,0.3333333333333333,0.3333333333333333,0.3333333333333334,0.0,1.0,0.0,0.16666666666666666,0.3333333333333333,0.5,0.3333333333333333,0.3333333333333333,0.3333333333333334
P-0268,0.3333333333333333,0.3333333333333333,0.3333333333333334,0.5,0.16666666666666666,0.33333333333333337,0.5,0.16666666666666666,0.33333333333333337,0.5,0.16666666666666666,0.33333333333333337,0.6666666666666666,0.0,0.33333333333333337,0.3333333333333333,0.3333333333333333,0.3333333333333334,0.16666666666666666,0.5,0.33333333333333337,0.3333333333333333,0.5,0.16666666666666674,0.3333333333333333,0.3333333333333333,0.3333333333333334,0.3333333333333333,0.5,0.16666666666666674,0.16666666666666666,0.8333333333333334,0.0,0.16666666666666666,0.5,0.33333333333333337,0.5,0.3333333333333333,0.16666666666666669
P-0269,0.3333333333333333,0.3333333333333333,0.3333333333333334,0.3333333333333333,0.3333333333333333,0.3333333333333334,0.5,0.16666666666666666,0.33333333333333337,0.3333333333333333,0.3333333333333333,0.3333333333333334,0.5,0.3333333333333333,0.16666666666666669,0.3333333333333333,0.3333333333333333,0.3333333333333334,0.16666666666666666,0.3333333333333333,0.5,0.3333333333333333,0.5,0.16666666666666674,0.3333333333333333,0.3333333333333333,0.3333333333333334,0.3333333333333333,0.5,0.16666666666666674,0.16666666666666666,0.8333333333333334,0.0,0.5,0.16666666666666666,0.33333333333333337,0.6666666666666666,0.3333333333333333,5.551115123125783e-17
P-0270,0.0,0.3333333333333333,0.6666666666666667,0.16666666666666666,0.5,0.33333333333333337,0.3333333333333333,0.3333333333333333,0.3333333333333334,0.0,0.3333333333333333,0.6666666666666667,0.16666666666666666,0.5,0.33333333333333337,0.0,0.3333333333333333,0.6666666666666667,0.0,0.16666666666666666,0.8333333333333334,0.3333333333333333,0.6666666666666666,1.1102230246251565e-16,0.6666666666666666,0.3333333333333333,5.551115123125783e-17,0.3333333333333333,0.6666666666666666,1.1102230246251565e-16,0.0,1.0,0.0,0.16666666666666666,0.6666666666666666,0.16666666666666674,1.0,0.0,0.0
P-0271,0.5,0.5,0.0,0.5,0.3333333333333333,0.16666666666666669,0.6666666666666666,0.16666666666666666,0.1666666666666667,0.5,0.3333333333333333,0.16666666666666669,0.6666666666666666,0.3333333333333333,5.551115123125783e-17,0.6666666666666666,0.3333333333333333,5.551115123125783e-17,0.5,0.16666666666666666,0.33333333333333337,0.3333333333333333,0.3333333333333333,0.3333333333333334,0.16666666666666666,0.3333333333333333,0.5,0.3333333333333333,0.3333333333333333,0.3333333333333334,0.16666666666666666,0.8333333333333334,0.0,0.6666666666666666,0.16666666666666666,0.1666666666666667,0.3333333333333333,0.5,0.16666666666666674
P-0272,0.5,0.5,0.0,0.6666666666666666,0.16666666666666666,0.1666666666666667,0.6666666666666666,0.16666666666666666,0.1666666666666667,0.5,0.3333333333333333,0.16666666666666669,0.8333333333333334,0.16666666666666666,-2.7755575615628914e-17,0.6666666666666666,0.3333333333333333,5.551115123125783e-17,0.5,0.3333333333333333,0.16666666666666669,0.3333333333333333,0.3333333333333333,0.3333333333333334,0.16666666666666666,0.3333333333333333,0.5,0.3333333333333333,0.3333333333333333,0.3333333333333334,0.16666666666666666,0.8333333333333334,0.0,0.5,0.16666666666666666,0.33333333333333337,0.3333333333333333,0.5,0.16666666666666674
P-0274,0.16666666666666666,0.16666666666666666,0.6666666666666667,0.3333333333333333,0.16666666666666666,0.5000000000000001,0.3333333333333333,0.16666666666666666,0.5000000000000001,0.16666666666666666,0.16666666666666666,0.6666666666666667,0.3333333333333333,0.3333333333333333,0.3333333333333334,0.16666666666666666,0.16666666666666666,0.6666666666666667,0.0,0.3333333333333333,0.6666666666666667,0.16666666666666666,0.5,0.33333333333333337,0.6666666666666666,0.16666666666666666,0.1666666666666667,0.16666666666666666,0.5,0.33333333333333337,0.0,1.0,0.0,0.3333333333333333,0.3333333333333333,0.3333333333333334,0.6666666666666666,0.16666666666666666,0.1666666666666667
P-0278,0.16666666666666666,0.5,0.33333333333333337,0.5,0.3333333333333333,0.16666666666666669,0.6666666666666666,0.16666666666666666,0.1666666666666667,0.3333333333333333,0.3333333333333333,0.3333333333333334,0.5,0.5,0.0,0.16666666666666666,0.5,0.33333333333333337,0.3333333333333333,0.16666666666666666,0.5000000000000001,0.5,0.3333333333333333,0.16666666666666669,0.3333333333333333,0.5,0.16666666666666674,0.5,0.3333333333333333,0.16666666666666669,0.0,1.0,0.0,0.6666666666666666,0.0,0.33333333333333337,0.5,0.16666666666666666,0.33333333333333337
P-0279,0.16666666666666666,0.5,0.33333333333333337,0.3333333333333333,0.5,0.16666666666666674,0.6666666666666666,0.16666666666666666,0.1666666666666667,0.16666666666666666,0.5,0.33333333333333337,0.5,0.5,0.0,0.16666666666666666,0.5,0.33333333333333337,0.3333333333333333,0.16666666666666666,0.5000000000000001,0.5,0.16666666666666666,0.33333333333333337,0.3333333333333333,0.5,0.16666666666666674,0.5,0.16666666666666666,0.33333333333333337,0.16666666666666666,0.8333333333333334,0.0,0.6666666666666666,0.0,0.33333333333333337,0.5,0.16666666666666666,0.33333333333333337
P-0280,0.0,0.3333333333333333,0.6666666666666667,0.3333333333333333,0.5,0.16666666666666674,0.3333333333333333,0.5,0.16666666666666674,0.0,0.3333333333333333,0.6666666666666667,0.3333333333333333,0.6666666666666666,1.1102230246251565e-16,0.0,0.3333333333333333,0.6666666666666667,0.0,0.3333333333333333,0.6666666666666667,0.3333333333333333,0.16666666666666666,0.5000000000000001,0.6666666666666666,0.3333333333333333,5.551115123125783e-17,0.3333333333333333,0.16666666666666666,0.5000000000000001,0.0,1.0,0.0,0.6666666666666666,0.0,0.33333333333333337,0.5,0.0,0.5
P-0281,0.16666666666666666,0.5,0.33333333333333337,0.5,0.3333333333333333,0.16666666666666669,0.6666666666666666,0.16666666666666666,0.1666666666666667,0.16666666666666666,0.5,0.33333333333333337,0.5,0.3333333333333333,0.16666666666666669,0.16666666666666666,0.5,0.33333333333333337,0.0,0.5,0.5,0.5,0.16666666666666666,0.33333333333333337,0.3333333333333333,0.5,0.16666666666666674,0.5,0.16666666666666666,0.33333333333333337,0.0,1.0,0.0,0.3333333333333333,0.16666666666666666,0.5000000000000001,0.6666666666666666,0.16666666666666666,0.1666666666666667
P-0282,0.16666666666666666,0.5,0.33333333333333337,0.6666666666666666,0.16666666666666666,0.1666666666666667,0.6666666666666666,0.16666666666666666,0.1666666666666667,0.3333333333333333,0.3333333333333333,0.3333333333333334,0.6666666666666666,0.16666666666666666,0.1666666666666667,0.16666666666666666,0.5,0.33333333333333337,0.0,0.6666666666666666,0.33333333333333337,0.5,0.16666666666666666,0.33333333333333337,0.3333333333333333,0.5,0.16666666666666674,0.5,0.16666666666666666,0.33333333333333337,0.0,1.0,0.0,0.16666666666666666,0.3333333333333333,0.5,0.5,0.16666666666666666,0.33333333333333337
P-0283,0.3333333333333333,0.3333333333333333,0.3333333333333334,0.6666666666666666,0.16666666666666666,0.1666666666666667,0.6666666666666666,0.16666666666666666,0.1666666666666667,0.5,0.16666666666666666,0.33333333333333337,0.6666666666666666,0.3333333333333333,5.551115123125783e-17,0.3333333333333333,0.3333333333333333,0.3333333333333334,0.3333333333333333,0.3333333333333333,0.3333333333333334,0.5,0.3333333333333333,0.16666666666666669,0.3333333333333333,0.3333333333333333,0.3333333333333334,0.5,0.3333333333333333,0.16666666666666669,0.0,0.8333333333333334,0.16666666666666663,0.3333333333333333,0.0,0.6666666666666667,0.3333333333333333,0.3333333333333333,0.3333333333333334
P-0284,0.16666666666666666,0.16666666666666666,0.6666666666666667,0.3333333333333333,0.16666666666666666,0.5000000000000001,0.3333333333333333,0.16666666666666666,0.5000000000000001,0.16666666666666666,0.16666666666666666,0.6666666666666667,0.3333333333333333,0.16666666666666666,0.5000000000000001,0.16666666666666666,0.16666666666666666,0.6666666666666667,0.0,0.3333333333333333,0.6666666666666667,0.3333333333333333,0.5,0.16666666666666674,0.6666666666666666,0.16666666666666666,0.1666666666666667,0.16666666666666666,0.6666666666666666,0.16666666666666674,0.0,1.0,0.0,0.16666666666666666,0.5,0.33333333333333337,0.8333333333333334,0.16666666666666666,-2.7755575615628914e-17
P-0285,0.5,0.16666666666666666,0.33333333333333337,0.6666666666666666,0.0,0.33333333333333337,0.6666666666666666,0.0,0.33333333333333337,0.5,0.16666666666666666,0.33333333333333337,0.6666666666666666,0.16666666666666666,0.1666666666666667,0.5,0.16666666666666666,0.33333333333333337,0.0,0.6666666666666666,0.33333333333333337,0.16666666666666666,0.6666666666666666,0.16666666666666674,0.3333333333333333,0.16666666666666666,0.5000000000000001,0.16666666666666666,0.6666666666666666,0.16666666666666674,0.0,1.0,0.0,0.16666666666666666,0.16666666666666666,0.6666666666666667,0.5,0.5,0.0
P-0286,0.16666666666666666,0.6666666666666666,0.16666666666666674,0.5,0.5,0.0,0.8333333333333334,0.16666666666666666,-2.7755575615628914e-17,0.16666666666666666,0.6666666666666666,0.16666666666666674,0.5,0.5,0.0,0.16666666666666666,0.6666666666666666,0.16666666666666674,0.0,0.5,0.5,0.6666666666666666,0.3333333333333333,5.551115123125783e-17,0.16666666666666666,0.6666666666666666,0.16666666666666674,0.6666666666666666,0.3333333333333333,5.551115123125783e-17,0.0,1.0,0.0,0.3333333333333333,0.16666666666666666,0.5000000000000001,0.8333333333333334,0.16666666666666666,-2.7755575615628914e-17
P-0287,0.3333333333333333,0.5,0.16666666666666674,0.6666666666666666,0.3333333333333333,5.551115123125783e-17,0.8333333333333334,0.16666666666666666,-2.7755575615628914e-17,0.3333333333333333,0.5,0.16666666666666674,0.6666666666666666,0.3333333333333333,5.551115123125783e-17,0.3333333333333333,0.5,0.16666666666666674,0.16666666666666666,0.5,0.33333333333333337,0.6666666666666666,0.3333333333333333,5.551115123125783e-17,0.16666666666666666,0.5,0.33333333333333337,0.6666666666666666,0.3333333333333333,5.551115123125783e-17,0.0,0.8333333333333334,0.16666666666666663,0.16666666666666666,0.16666666666666666,0.6666666666666667,0.6666666666666666,0.3333333333333333,5.551115123125783e-17
P-0288,0.16666666666666666,0.8333333333333334,0.0,0.8333333333333334,0.16666666666666666,-2.7755575615628914e-17,0.8333333333333334,0.16666666666666666,-2.7755575615628914e-17,0.16666666666666666,0.8333333333333334,0.0,0.8333333333333334,0.16666666666666666,-2.7755575615628914e-17,0.3333333333333333,0.6666666666666666,1.1102230246251565e-16,0.0,0.8333333333333334,0.16666666666666663,0.6666666666666666,0.16666666666666666,0.1666666666666667,0.0,0.6666666666666666,0.33333333333333337,0.6666666666666666,0.16666666666666666,0.1666666666666667,0.0,1.0,0.0,0.16666666666666666,0.0,0.8333333333333334,0.6666666666666666,0.16666666666666666,0.1666666666666667
P-0289,0.3333333333333333,0.6666666666666666,1.1102230246251565e-16,0.6666666666666666,0.3333333333333333,5.551115123125783e-17,1.0,0.0,0.0,0.5,0.5,0.0,0.6666666666666666,0.3333333333333333,5.551115123125783e-17,0.3333333333333333,0.6666666666666666,1.1102230246251565e-16,0.0,0.6666666666666666,0.33333333333333337,0.6666666666666666,0.3333333333333333,5.551115123125783e-17,0.0,0.6666666666666666,0.33333333333333337,0.6666666666666666,0.3333333333333333,5.551115123125783e-17,0.0,1.0,0.0,0.3333333333333333,0.16666666666666666,0.5000000000000001,0.5,0.3333333333333333,0.16666666666666669
P-0290,0.8333333333333334,0.16666666666666666,-2.7755575615628914e-17,1.0,0.0,0.0,1.0,0.0,0.0,0.8333333333333334,0.16666666666666666,-2.7755575615628914e-17,1.0,0.0,0.0,0.8333333333333334,0.16666666666666666,-2.7755575615628914e-17,0.3333333333333333,0.6666666666666666,1.1102230246251565e-16,0.16666666666666666,0.8333333333333334,0.0,0.0,0.16666666666666666,0.8333333333333334,0.16666666666666666,0.8333333333333334,0.0,0.0,1.0,0.0,0.3333333333333333,0.0,0.6666666666666667,0.16666666666666666,0.8333333333333334,0.0
P-0291,0.6666666666666666,0.3333333333333333,5.551115123125783e-17,0.6666666666666666,0.16666666666666666,0.1666666666666667,0.8333333333333334,0.0,0.16666666666666663,0.5,0.3333333333333333,0.16666666666666669,0.8333333333333334,0.16666666666666666,-2.7755575615628914e-17,0.8333333333333334,0.16666666666666666,-2.7755575615628914e-17,0.3333333333333333,0.5,0.16666666666666674,0.16666666666666666,0.5,0.33333333333333337,0.16666666666666666,0.16666666666666666,0.6666666666666667,0.16666666666666666,0.5,0.33333333333333337,0.16666666666666666,0.8333333333333334,0.0,0.3333333333333333,0.16666666666666666,0.5000000000000001,0.16666666666666666,0.6666666666666666,0.16666666666666674
P-0292,0.3333333333333333,0.6666666666666666,1.1102230246251565e-16,0.8333333333333334,0.0,0.16666666666666663,0.8333333333333334,0.0,0.16666666666666663,0.6666666666666666,0.3333333333333333,5.551115123125783e-17,1.0,0.0,0.0,0.5,0.5,0.0,0.16666666666666666,0.8333333333333334,0.0,0.6666666666666666,0.3333333333333333,5.551115123125783e-17,0.0,0.6666666666666666,0.33333333333333337,0.5,0.5,0.0,0.0,1.0,0.0,0.0,0.0,1.0,0.3333333333333333,0.3333333333333333,0.3333333333333334
P-0293,0.3333333333333333,0.6666666666666666,1.1102230246251565e-16,0.8333333333333334,0.0,0.16666666666666663,0.8333333333333334,0.0,0.16666666666666663,0.6666666666666666,0.16666666666666666,0.1666666666666667,0.8333333333333334,0.16666666666666666,-2.7755575615628914e-17,0.5,0.5,0.0,0.3333333333333333,0.5,0.16666666666666674,0.5,0.3333333333333333,0.16666666666666669,0.16666666666666666,0.5,0.33333333333333337,0.5,0.3333333333333333,0.16666666666666669,0.0,1.0,0.0,0.0,0.16666666666666666,0.8333333333333334,0.16666666666666666,0.3333333333333333,0.5
P-0295,0.3333333333333333,0.5,0.16666666666666674,0.8333333333333334,0.0,0.16666666666666663,0.8333333333333334,0.0,0.16666666666666663,0.5,0.3333333333333333,0.16666666666666669,0.8333333333333334,0.0,0.16666666666666663,0.3333333333333333,0.5,0.16666666666666674,0.3333333333333333,0.5,0.16666666666666674,0.5,0.3333333333333333,0.16666666666666669,0.16666666666666666,0.5,0.33333333333333337,0.5,0.3333333333333333,0.16666666666666669,0.0,1.0,0.0,0.16666666666666666,0.16666666666666666,0.6666666666666667,0.5,0.3333333333333333,0.16666666666666669
P-0296,0.16666666666666666,0.6666666666666666,0.16666666666666674,0.5,0.3333333333333333,0.16666666666666669,0.8333333333333334,0.0,0.16666666666666663,0.3333333333333333,0.5,0.16666666666666674,0.5,0.5,0.0,0.16666666666666666,0.6666666666666666,0.16666666666666674,0.16666666666666666,0.3333333333333333,0.5,0.6666666666666666,0.3333333333333333,5.551115123125783e-17,0.16666666666666666,0.6666666666666666,0.16666666666666674,0.6666666666666666,0.3333333333333333,5.551115123125783e-17,0.0,1.0,0.0,0.5,0.0,0.5,0.6666666666666666,0.16666666666666666,0.1666666666666667
P-0297,0.16666666666666666,0.6666666666666666,0.16666666666666674,0.6666666666666666,0.16666666666666666,0.1666666666666667,0.8333333333333334,0.0,0.16666666666666663,0.5,0.3333333333333333,0.16666666666666669,0.6666666666666666,0.3333333333333333,5.551115123125783e-17,0.16666666666666666,0.6666666666666666,0.16666666666666674,0.16666666666666666,0.5,0.33333333333333337,0.6666666666666666,0.3333333333333333,5.551115123125783e-17,0.16666666666666666,0.6666666666666666,0.16666666666666674,0.6666666666666666,0.3333333333333333,5.551115123125783e-17,0.0,1.0,0.0,0.3333333333333333,0.16666666666666666,0.5000000000000001,0.5,0.16666666666666666,0.33333333333333337
P-0298,0.3333333333333333,0.3333333333333333,0.3333333333333334,0.6666666666666666,0.3333333333333333,5.551115123125783e-17,0.6666666666666666,0.3333333333333333,5.551115123125783e-17,0.5,0.16666666666666666,0.33333333333333337,0.6666666666666666,0.16666666666666666,0.1666666666666667,0.3333333333333333,0.3333333333333333,0.3333333333333334,0.0,0.6666666666666666,0.33333333333333337,0.5,0.5,0.0,0.3333333333333333,0.3333333333333333,0.3333333333333334,0.3333333333333333,0.6666666666666666,1.1102230246251565e-16,0.0,1.0,0.0,0.0,0.5,0.5,0.5,0.3333333333333333,0.16666666666666669
P-0300,0.3333333333333333,0.16666666666666666,0.5000000000000001,0.5,0.3333333333333333,0.16666666666666669,0.5,0.3333333333333333,0.16666666666666669,0.3333333333333333,0.16666666666666666,0.5000000000000001,0.5,0.16666666666666666,0.33333333333333337,0.3333333333333333,0.16666666666666666,0.5000000000000001,0.0,0.5,0.5,0.3333333333333333,0.6666666666666666,1.1102230246251565e-16,0.5,0.16666666666666666,0.33333333333333337,0.16666666666666666,0.8333333333333334,0.0,0.0,1.0,0.0,0.0,0.5,0.5,0.6666666666666666,0.3333333333333333,5.551115123125783e-17
P-0301,0.5,0.3333333333333333,0.16666666666666669,0.5,0.16666666666666666,0.33333333333333337,0.5,0.16666666666666666,0.33333333333333337,0.5,0.16666666666666666,0.33333333333333337,0.6666666666666666,0.16666666666666666,0.1666666666666667,0.6666666666666666,0.16666666666666666,0.1666666666666667,0.16666666666666666,0.5,0.33333333333333337,0.16666666666666666,0.3333333333333333,0.5,0.3333333333333333,0.16666666666666666,0.5000000000000001,0.16666666666666666,0.3333333333333333,0.5,0.16666666666666666,0.8333333333333334,0.0,0.16666666666666666,0.3333333333333333,0.5,0.3333333333333333,0.5,0.16666666666666674
P-0302,0.5,0.5,0.0,1.0,0.0,0.0,1.0,0.0,0.0,0.6666666666666666,0.3333333333333333,5.551115123125783e-17,1.0,0.0,0.0,0.5,0.5,0.0,0.6666666666666666,0.3333333333333333,5.551115123125783e-17,0.8333333333333334,0.16666666666666666,-2.7755575615628914e-17,0.0,0.5,0.5,0.8333333333333334,0.16666666666666666,-2.7755575615628914e-17,0.0,0.6666666666666666,0.33333333333333337,0.16666666666666666,0.0,0.8333333333333334,0.3333333333333333,0.5,0.16666666666666674
P-0303,0.3333333333333333,0.3333333333333333,0.3333333333333334,0.3333333333333333,0.3333333333333333,0.3333333333333334,0.3333333333333333,0.3333333333333333,0.3333333333333334,0.3333333333333333,0.16666666666666666,0.5000000000000001,0.5,0.3333333333333333,0.16666666666666669,0.5,0.16666666666666666,0.33333333333333337,0.3333333333333333,0.16666666666666666,0.5000000000000001,0.16666666666666666,0.5,0.33333333333333337,0.5,0.16666666666666666,0.33333333333333337,0.16666666666666666,0.5,0.33333333333333337,0.16666666666666666,0.8333333333333334,0.0,0.3333333333333333,0.5,0.16666666666666674,0.5,0.3333333333333333,0.16666666666666669
P-0304,0.6666666666666666,0.3333333333333333,5.551115123125783e-17,1.0,0.0,0.0,1.0,0.0,0.0,0.8333333333333334,0.16666666666666666,-2.7755575615628914e-17,1.0,0.0,0.0,0.6666666666666666,0.3333333333333333,5.551115123125783e-17,0.3333333333333333,0.6666666666666666,1.1102230246251565e-16,0.3333333333333333,0.6666666666666666,1.1102230246251565e-16,0.0,0.3333333333333333,0.6666666666666667,0.3333333333333333,0.6666666666666666,1.1102230246251565e-16,0.0,1.0,0.0,0.3333333333333333,0.16666666666666666,0.5000000000000001,0.16666666666666666,0.6666666666666666,0.16666666666666674
P-0305,0.6666666666666666,0.3333333333333333,5.551115123125783e-17,0.8333333333333334,0.0,0.16666666666666663,0.8333333333333334,0.0,0.16666666666666663,0.6666666666666666,0.16666666666666666,0.1666666666666667,0.8333333333333334,0.16666666666666666,-2.7755575615628914e-17,0.8333333333333334,0.16666666666666666,-2.7755575615628914e-17,0.5,0.3333333333333333,0.16666666666666669,0.16666666666666666,0.6666666666666666,0.16666666666666674,0.16666666666666666,0.16666666666666666,0.6666666666666667,0.16666666666666666,0.6666666666666666,0.16666666666666674,0.0,1.0,0.0,0.5,0.16666666666666666,0.33333333333333337,0.16666666666666666,0.6666666666666666,0.16666666666666674
P-0306,0.5,0.5,0.0,0.8333333333333334,0.0,0.16666666666666663,0.8333333333333334,0.0,0.16666666666666663,0.6666666666666666,0.16666666666666666,0.1666666666666667,0.8333333333333334,0.16666666666666666,-2.7755575615628914e-17,0.6666666666666666,0.3333333333333333,5.551115123125783e-17,0.6666666666666666,0.16666666666666666,0.1666666666666667,0.3333333333333333,0.5,0.16666666666666674,0.16666666666666666,0.3333333333333333,0.5,0.3333333333333333,0.5,0.16666666666666674,0.0,1.0,0.0,0.5,0.16666666666666666,0.33333333333333337,0.16666666666666666,0.5,0.33333333333333337
P-0307,0.3333333333333333,0.6666666666666666,1.1102230246251565e-16,0.8333333333333334,0.0,0.16666666666666663,0.8333333333333334,0.0,0.16666666666666663,0.6666666666666666,0.16666666666666666,0.1666666666666667,0.8333333333333334,0.16666666666666666,-2.7755575615628914e-17,0.5,0.5,0.0,0.6666666666666666,0.16666666666666666,0.1666666666666667,0.5,0.3333333333333333,0.16666666666666669,0.16666666666666666,0.5,0.33333333333333337,0.5,0.3333333333333333,0.16666666666666669,0.0,1.0,0.0,0.3333333333333333,0.16666666666666666,0.5000000000000001,0.16666666666666666,0.3333333333333333,0.5
P-0308,0.16666666666666666,0.8333333333333334,0.0,0.8333333333333334,0.0,0.16666666666666663,0.8333333333333334,0.0,0.16666666666666663,0.6666666666666666,0.16666666666666666,0.1666666666666667,0.8333333333333334,0.16666666666666666,-2.7755575615628914e-17,0.3333333333333333,0.6666666666666666,1.1102230246251565e-16,0.6666666666666666,0.16666666666666666,0.1666666666666667,0.6666666666666666,0.16666666666666666,0.1666666666666667,0.16666666666666666,0.6666666666666666,0.16666666666666674,0.6666666666666666,0.16666666666666666,0.1666666666666667,0.0,1.0,0.0,0.16666666666666666,0.16666666666666666,0.6666666666666667,0.16666666666666666,0.16666666666666666,0.6666666666666667
P-0310,0.16666666666666666,0.5,0.33333333333333337,0.3333333333333333,0.3333333333333333,0.3333333333333334,0.6666666666666666,0.0,0.33333333333333337,0.0,0.6666666666666666,0.33333333333333337,0.5,0.16666666666666666,0.33333333333333337,0.16666666666666666,0.5,0.33333333333333337,0.16666666666666666,0.3333333333333333,0.5,0.5,0.3333333333333333,0.16666666666666669,0.3333333333333333,0.5,0.16666666666666674,0.5,0.3333333333333333,0.16666666666666669,0.16666666666666666,0.8333333333333334,0.0,0.3333333333333333,0.3333333333333333,0.3333333333333334,0.8333333333333334,0.16666666666666666,-2.7755575615628914e-17
P-0311,0.16666666666666666,0.8333333333333334,0.0,0.6666666666666666,0.3333333333333333,5.551115123125783e-17,1.0,0.0,0.0,0.5,0.5,0.0,0.6666666666666666,0.3333333333333333,5.551115123125783e-17,0.16666666666666666,0.8333333333333334,0.0,0.3333333333333333,0.3333333333333333,0.3333333333333334,0.8333333333333334,0.16666666666666666,-2.7755575615628914e-17,0.0,0.8333333333333334,0.16666666666666663,0.8333333333333334,0.16666666666666666,-2.7755575615628914e-17,0.0,1.0,0.0,0.3333333333333333,0.0,0.6666666666666667,0.5,0.16666666666666666,0.33333333333333337
P-0312,0.16666666666666666,0.6666666666666666,0.16666666666666674,0.8333333333333334,0.0,0.16666666666666663,0.8333333333333334,0.0,0.16666666666666663,0.3333333333333333,0.5,0.16666666666666674,0.8333333333333334,0.0,0.16666666666666663,0.16666666666666666,0.6666666666666666,0.16666666666666674,0.16666666666666666,0.6666666666666666,0.16666666666666674,0.6666666666666666,0.16666666666666666,0.1666666666666667,0.16666666666666666,0.6666666666666666,0.16666666666666674,0.6666666666666666,0.16666666666666666,0.1666666666666667,0.0,1.0,0.0,0.0,0.16666666666666666,0.8333333333333334,0.6666666666666666,0.16666666666666666,0.1666666666666667
P-0313,0.0,0.8333333333333334,0.16666666666666663,0.8333333333333334,0.0,0.16666666666666663,0.8333333333333334,0.0,0.16666666666666663,0.3333333333333333,0.5,0.16666666666666674,0.8333333333333334,0.0,0.16666666666666663,0.0,0.8333333333333334,0.16666666666666663,0.3333333333333333,0.5,0.16666666666666674,0.8333333333333334,0.0,0.16666666666666663,0.16666666666666666,0.8333333333333334,0.0,0.8333333333333334,0.0,0.16666666666666663,0.0,1.0,0.0,0.0,0.16666666666666666,0.8333333333333334,0.6666666666666666,0.0,0.33333333333333337
P-0314,0.16666666666666666,0.5,0.33333333333333337,0.5,0.3333333333333333,0.16666666666666669,0.5,0.3333333333333333,0.16666666666666669,0.3333333333333333,0.3333333333333333,0.3333333333333334,0.5,0.5,0.0,0.3333333333333333,0.3333333333333333,0.3333333333333334,0.3333333333333333,0.16666666666666666,0.5000000000000001,0.3333333333333333,0.5,0.16666666666666674,0.3333333333333333,0.3333333333333333,0.3333333333333334,0.3333333333333333,0.5,0.16666666666666674,0.0,0.8333333333333334,0.16666666666666663,0.5,0.16666666666666666,0.33333333333333337,0.5,0.16666666666666666,0.33333333333333337
P-0315,0.0,0.8571428571428571,0.1428571428571429,0.42857142857142855,0.42857142857142855,0.14285714285714285,0.8571428571428571,0.0,0.1428571428571429,0.2857142857142857,0.5714285714285714,0.1428571428571429,0.42857142857142855,0.42857142857142855,0.14285714285714285,0.0,0.8571428571428571,0.1428571428571429,0.14285714285714285,0.2857142857142857,0.5714285714285715,0.8571428571428571,0.14285714285714285,5.551115123125783e-17,0.14285714285714285,0.8571428571428571,1.1102230246251565e-16,0.8571428571428571,0.14285714285714285,5.551115123125783e-17,0.0,1.0,0.0,0.42857142857142855,0.2857142857142857,0.2857142857142857,0.7142857142857143,0.0,0.2857142857142857
P-0316,0.3333333333333333,0.5,0.16666666666666674,0.8333333333333334,0.0,0.16666666666666663,0.8333333333333334,0.0,0.16666666666666663,0.6666666666666666,0.16666666666666666,0.1666666666666667,0.8333333333333334,0.0,0.16666666666666663,0.3333333333333333,0.5,0.16666666666666674,0.16666666666666666,0.6666666666666666,0.16666666666666674,0.5,0.3333333333333333,0.16666666666666669,0.16666666666666666,0.5,0.33333333333333337,0.5,0.3333333333333333,0.16666666666666669,0.0,1.0,0.0,0.0,0.3333333333333333,0.6666666666666667,0.3333333333333333,0.3333333333333333,0.3333333333333334
P-0317,0.16666666666666666,0.8333333333333334,0.0,0.8333333333333334,0.16666666666666666,-2.7755575615628914e-17,1.0,0.0,0.0,0.5,0.5,0.0,0.8333333333333334,0.16666666666666666,-2.7755575615628914e-17,0.16666666666666666,0.8333333333333334,0.0,0.3333333333333333,0.5,0.16666666666666674,0.8333333333333334,0.16666666666666666,-2.7755575615628914e-17,0.0,0.8333333333333334,0.16666666666666663,0.8333333333333334,0.16666666666666666,-2.7755575615628914e-17,0.0,1.0,0.0,0.16666666666666666,0.0,0.8333333333333334,0.5,0.16666666666666666,0.33333333333333337
P-0318,0.16666666666666666,0.3333333333333333,0.5,0.5,0.0,0.5,0.5,0.0,0.5,0.3333333333333333,0.16666666666666666,0.5000000000000001,0.5,0.0,0.5,0.16666666666666666,0.3333333333333333,0.5,0.0,0.5,0.5,0.3333333333333333,0.3333333333333333,0.3333333333333334,0.5,0.3333333333333333,0.16666666666666669,0.3333333333333333,0.3333333333333333,0.3333333333333334,0.0,1.0,0.0,0.0,0.6666666666666666,0.33333333333333337,0.6666666666666666,0.16666666666666666,0.1666666666666667
P-0319,0.0,0.5,0.5,0.5,0.0,0.5,0.5,0.0,0.5,0.3333333333333333,0.16666666666666666,0.5000000000000001,0.5,0.0,0.5,0.0,0.5,0.5,0.0,0.5,0.5,0.5,0.16666666666666666,0.33333333333333337,0.5,0.5,0.0,0.5,0.16666666666666666,0.33333333333333337,0.0,1.0,0.0,0.0,0.8333333333333334,0.16666666666666663,0.6666666666666666,0.0,0.33333333333333337
P-0320,0.3333333333333333,0.3333333333333333,0.3333333333333334,0.6666666666666666,0.0,0.33333333333333337,0.6666666666666666,0.0,0.33333333333333337,0.5,0.16666666666666666,0.33333333333333337,0.6666666666666666,0.0,0.33333333333333337,0.3333333333333333,0.3333333333333333,0.3333333333333334,0.3333333333333333,0.3333333333333333,0.3333333333333334,0.3333333333333333,0.3333333333333333,0.3333333333333334,0.3333333333333333,0.3333333333333333,0.3333333333333334,0.3333333333333333,0.3333333333333333,0.3333333333333334,0.0,0.8333333333333334,0.16666666666666663,0.3333333333333333,0.5,0.16666666666666674,0.5,0.3333333333333333,0.16666666666666669
P-0322,0.16666666666666666,0.5,0.33333333333333337,0.6666666666666666,0.0,0.33333333333333337,0.6666666666666666,0.0,0.33333333333333337,0.5,0.16666666666666666,0.33333333333333337,0.6666666666666666,0.0,0.33333333333333337,0.16666666666666666,0.5,0.33333333333333337,0.16666666666666666,0.5,0.33333333333333337,0.5,0.3333333333333333,0.16666666666666669,0.3333333333333333,0.5,0.16666666666666674,0.5,0.3333333333333333,0.16666666666666669,0.0,1.0,0.0,0.0,0.5,0.5,0.5,0.16666666666666666,0.33333333333333337
P-0326,0.0,0.3333333333333333,0.6666666666666667,0.3333333333333333,0.3333333333333333,0.3333333333333334,0.3333333333333333,0.3333333333333333,0.3333333333333334,0.16666666666666666,0.16666666666666666,0.6666666666666667,0.3333333333333333,0.5,0.16666666666666674,0.0,0.3333333333333333,0.6666666666666667,0.0,0.3333333333333333,0.6666666666666667,0.3333333333333333,0.3333333333333333,0.3333333333333334,0.6666666666666666,0.3333333333333333,5.551115123125783e-17,0.3333333333333333,0.3333333333333333,0.3333333333333334,0.0,1.0,0.0,0.3333333333333333,0.5,0.16666666666666674,0.6666666666666666,0.0,0.33333333333333337
P-0328,0.0,0.6666666666666666,0.33333333333333337,0.3333333333333333,0.6666666666666666,1.1102230246251565e-16,0.6666666666666666,0.3333333333333333,5.551115123125783e-17,0.16666666666666666,0.5,0.33333333333333337,0.3333333333333333,0.6666666666666666,1.1102230246251565e-16,0.0,0.6666666666666666,0.33333333333333337,0.0,0.3333333333333333,0.6666666666666667,0.6666666666666666,0.3333333333333333,5.551115123125783e-17,0.3333333333333333,0.6666666666666666,1.1102230246251565e-16,0.6666666666666666,0.3333333333333333,5.551115123125783e-17,0.0,1.0,0.0,0.3333333333333333,0.5,0.16666666666666674,0.8333333333333334,0.0,0.16666666666666663
P-0329,0.5,0.16666666666666666,0.33333333333333337,0.6666666666666666,0.16666666666666666,0.1666666666666667,0.6666666666666666,0.16666666666666666,0.1666666666666667,0.5,0.16666666666666666,0.33333333333333337,0.6666666666666666,0.16666666666666666,0.1666666666666667,0.5,0.16666666666666666,0.33333333333333337,0.16666666666666666,0.5,0.33333333333333337,0.16666666666666666,0.6666666666666666,0.16666666666666674,0.3333333333333333,0.16666666666666666,0.5000000000000001,0.16666666666666666,0.6666666666666666,0.16666666666666674,0.0,1.0,0.0,0.16666666666666666,0.3333333333333333,0.5,0.5,0.5,0.0
P-0330,0.0,0.5,0.5,0.3333333333333333,0.3333333333333333,0.3333333333333334,0.5,0.16666666666666666,0.33333333333333337,0.0,0.5,0.5,0.3333333333333333,0.3333333333333333,0.3333333333333334,0.0,0.5,0.5,0.0,0.3333333333333333,0.6666666666666667,0.5,0.5,0.0,0.5,0.5,0.0,0.5,0.5,0.0,0.0,1.0,0.0,0.16666666666666666,0.5,0.33333333333333337,1.0,0.0,0.0
P-0331,0.0,0.3333333333333333,0.6666666666666667,0.16666666666666666,0.3333333333333333,0.5,0.5,0.16666666666666666,0.33333333333333337,0.0,0.3333333333333333,0.6666666666666667,0.16666666666666666,0.3333333333333333,0.5,0.0,0.5,0.5,0.0,0.16666666666666666,0.8333333333333334,0.3333333333333333,0.5,0.16666666666666674,0.6666666666666666,0.3333333333333333,5.551115123125783e-17,0.3333333333333333,0.5,0.16666666666666674,0.0,1.0,0.0,0.16666666666666666,0.6666666666666666,0.16666666666666674,1.0,0.0,0.0
P-0332,0.6666666666666666,0.16666666666666666,0.1666666666666667,0.8333333333333334,0.16666666666666666,-2.7755575615628914e-17,0.8333333333333334,0.16666666666666666,-2.7755575615628914e-17,0.6666666666666666,0.16666666666666666,0.1666666666666667,0.8333333333333334,0.16666666666666666,-2.7755575615628914e-17,0.6666666666666666,0.16666666666666666,0.1666666666666667,0.0,0.8333333333333334,0.16666666666666663,0.16666666666666666,0.8333333333333334,0.0,0.16666666666666666,0.16666666666666666,0.6666666666666667,0.16666666666666666,0.8333333333333334,0.0,0.0,1.0,0.0,0.0,0.16666666666666666,0.8333333333333334,0.3333333333333333,0.6666666666666666,1.1102230246251565e-16
P-0333,0.16666666666666666,0.3333333333333333,0.5,0.3333333333333333,0.16666666666666666,0.5000000000000001,0.3333333333333333,0.16666666666666666,0.5000000000000001,0.16666666666666666,0.16666666666666666,0.6666666666666667,0.3333333333333333,0.5,0.16666666666666674,0.3333333333333333,0.16666666666666666,0.5000000000000001,0.0,0.3333333333333333,0.6666666666666667,0.16666666666666666,0.5,0.33333333333333337,0.6666666666666666,0.16666666666666666,0.1666666666666667,0.16666666666666666,0.5,0.33333333333333337,0.0,1.0,0.0,0.16666666666666666,0.5,0.33333333333333337,0.6666666666666666,0.16666666666666666,0.1666666666666667
P-0334,0.0,0.6666666666666666,0.33333333333333337,0.3333333333333333,0.3333333333333333,0.3333333333333334,0.5,0.16666666666666666,0.33333333333333337,0.16666666666666666,0.5,0.33333333333333337,0.5,0.3333333333333333,0.16666666666666669,0.16666666666666666,0.5,0.33333333333333337,0.0,0.5,0.5,0.6666666666666666,0.3333333333333333,5.551115123125783e-17,0.3333333333333333,0.6666666666666666,1.1102230246251565e-16,0.5,0.5,0.0,0.0,1.0,0.0,0.16666666666666666,0.3333333333333333,0.5,0.8333333333333334,0.0,0.16666666666666663
P-0335,0.3333333333333333,0.3333333333333333,0.3333333333333334,0.6666666666666666,0.3333333333333333,5.551115123125783e-17,0.6666666666666666,0.3333333333333333,5.551115123125783e-17,0.3333333333333333,0.3333333333333333,0.3333333333333334,0.6666666666666666,0.3333333333333333,5.551115123125783e-17,0.3333333333333333,0.3333333333333333,0.3333333333333334,0.3333333333333333,0.3333333333333333,0.3333333333333334,0.5,0.5,0.0,0.3333333333333333,0.3333333333333333,0.3333333333333334,0.5,0.5,0.0,0.0,0.8333333333333334,0.16666666666666663,0.16666666666666666,0.3333333333333333,0.5,0.6666666666666666,0.3333333333333333,5.551115123125783e-17
P-0336,0.0,0.5,0.5,0.5,0.16666666666666666,0.33333333333333337,0.5,0.16666666666666666,0.33333333333333337,0.3333333333333333,0.16666666666666666,0.5000000000000001,0.5,0.16666666666666666,0.33333333333333337,0.0,0.5,0.5,0.0,0.5,0.5,0.5,0.5,0.0,0.5,0.5,0.0,0.5,0.5,0.0,0.0,1.0,0.0,0.0,0.8333333333333334,0.16666666666666663,0.6666666666666666,0.0,0.33333333333333337
P-0337,0.16666666666666666,0.5,0.33333333333333337,0.3333333333333333,0.3333333333333333,0.3333333333333334,0.3333333333333333,0.3333333333333333,0.3333333333333334,0.3333333333333333,0.16666666666666666,0.5000000000000001,0.5,0.5,0.0,0.5,0.16666666666666666,0.33333333333333337,0.16666666666666666,0.3333333333333333,0.5,0.3333333333333333,0.5,0.16666666666666674,0.5,0.3333333333333333,0.16666666666666669,0.16666666666666666,0.6666666666666666,0.16666666666666674,0.0,1.0,0.0,0.16666666666666666,0.5,0.33333333333333337,0.5,0.16666666666666666,0.33333333333333337
P-0339,0.0,0.3333333333333333,0.6666666666666667,0.3333333333333333,0.6666666666666666,1.1102230246251565e-16,0.3333333333333333,0.6666666666666666,1.1102230246251565e-16,0.16666666666666666,0.16666666666666666,0.6666666666666667,0.3333333333333333,0.6666666666666666,1.1102230246251565e-16,0.0,0.3333333333333333,0.6666666666666667,0.0,0.3333333333333333,0.6666666666666667,0.3333333333333333,0.6666666666666666,1.1102230246251565e-16,0.6666666666666666,0.3333333333333333,5.551115123125783e-17,0.3333333333333333,0.6666666666666666,1.1102230246251565e-16,0.0,1.0,0.0,0.0,0.8333333333333334,0.16666666666666663,0.8333333333333334,0.0,0.16666666666666663
P-0341,0.0,0.8333333333333334,0.16666666666666663,0.6666666666666666,0.16666666666666666,0.1666666666666667,1.0,0.0,0.0,0.3333333333333333,0.5,0.16666666666666674,0.6666666666666666,0.16666666666666666,0.1666666666666667,0.0,1.0,0.0,0.3333333333333333,0.3333333333333333,0.3333333333333334,0.8333333333333334,0.0,0.16666666666666663,0.16666666666666666,0.8333333333333334,0.0,0.8333333333333334,0.0,0.16666666666666663,0.0,1.0,0.0,0.16666666666666666,0.16666666666666666,0.6666666666666667,0.6666666666666666,0.0,0.33333333333333337
P-0342,0.0,0.3333333333333333,0.6666666666666667,0.16666666666666666,0.16666666666666666,0.6666666666666667,0.16666666666666666,0.16666666666666666,0.6666666666666667,0.0,0.16666666666666666,0.8333333333333334,0.16666666666666666,0.3333333333333333,0.5,0.16666666666666666,0.16666666666666666,0.6666666666666667,0.0,0.16666666666666666,0.8333333333333334,0.3333333333333333,0.3333333333333333,0.3333333333333334,0.8333333333333334,0.16666666666666666,-2.7755575615628914e-17,0.16666666666666666,0.5,0.33333333333333337,0.0,1.0,0.0,0.16666666666666666,0.6666666666666666,0.16666666666666674,0.8333333333333334,0.0,0.16666666666666663
P-0343,0.16666666666666666,0.3333333333333333,0.5,0.3333333333333333,0.0,0.6666666666666667,0.3333333333333333,0.0,0.6666666666666667,0.16666666666666666,0.16666666666666666,0.6666666666666667,0.3333333333333333,0.3333333333333333,0.3333333333333334,0.3333333333333333,0.16666666666666666,0.5000000000000001,0.16666666666666666,0.16666666666666666,0.6666666666666667,0.16666666666666666,0.5,0.33333333333333337,0.6666666666666666,0.16666666666666666,0.1666666666666667,0.16666666666666666,0.5,0.33333333333333337,0.0,1.0,0.0,0.3333333333333333,0.5,0.16666666666666674,0.6666666666666666,0.16666666666666666,0.1666666666666667
P-0344,0.16666666666666666,0.3333333333333333,0.5,0.3333333333333333,0.0,0.6666666666666667,0.3333333333333333,0.0,0.6666666666666667,0.16666666666666666,0.16666666666666666,0.6666666666666667,0.3333333333333333,0.3333333333333333,0.3333333333333334,0.3333333333333333,0.16666666666666666,0.5000000000000001,0.0,0.3333333333333333,0.6666666666666667,0.16666666666666666,0.3333333333333333,0.5,0.6666666666666666,0.16666666666666666,0.1666666666666667,0.16666666666666666,0.3333333333333333,0.5,0.0,1.0,0.0,0.16666666666666666,0.5,0.33333333333333337,0.6666666666666666,0.16666666666666666,0.1666666666666667
P-0345,0.16666666666666666,0.3333333333333333,0.5,0.3333333333333333,0.16666666666666666,0.5000000000000001,0.3333333333333333,0.16666666666666666,0.5000000000000001,0.16666666666666666,0.16666666666666666,0.6666666666666667,0.3333333333333333,0.5,0.16666666666666674,0.3333333333333333,0.16666666666666666,0.5000000000000001,0.0,0.3333333333333333,0.6666666666666667,0.16666666666666666,0.3333333333333333,0.5,0.6666666666666666,0.16666666666666666,0.1666666666666667,0.16666666666666666,0.3333333333333333,0.5,0.0,1.0,0.0,0.3333333333333333,0.3333333333333333,0.3333333333333334,0.5,0.16666666666666666,0.33333333333333337
P-0346,0.16666666666666666,0.8333333333333334,0.0,0.8333333333333334,0.0,0.16666666666666663,0.8333333333333334,0.0,0.16666666666666663,0.5,0.3333333333333333,0.16666666666666669,0.8333333333333334,0.16666666666666666,-2.7755575615628914e-17,0.3333333333333333,0.6666666666666666,1.1102230246251565e-16,0.5,0.3333333333333333,0.16666666666666669,0.6666666666666666,0.16666666666666666,0.1666666666666667,0.16666666666666666,0.6666666666666666,0.16666666666666674,0.6666666666666666,0.16666666666666666,0.1666666666666667,0.0,1.0,0.0,0.16666666666666666,0.16666666666666666,0.6666666666666667,0.3333333333333333,0.16666666666666666,0.5000000000000001
P-0347,0.0,0.6666666666666666,0.33333333333333337,0.5,0.16666666666666666,0.33333333333333337,0.5,0.16666666666666666,0.33333333333333337,0.16666666666666666,0.3333333333333333,0.5,0.5,0.5,0.0,0.16666666666666666,0.5,0.33333333333333337,0.16666666666666666,0.3333333333333333,0.5,0.5,0.16666666666666666,0.33333333333333337,0.5,0.5,0.0,0.5,0.16666666666666666,0.33333333333333337,0.0,1.0,0.0,0.3333333333333333,0.16666666666666666,0.5000000000000001,0.5,0.0,0.5
P-0348,0.16666666666666666,0.6666666666666666,0.16666666666666674,0.5,0.16666666666666666,0.33333333333333337,0.6666666666666666,0.0,0.33333333333333337,0.16666666666666666,0.5,0.33333333333333337,0.5,0.3333333333333333,0.16666666666666669,0.3333333333333333,0.5,0.16666666666666674,0.16666666666666666,0.3333333333333333,0.5,0.5,0.16666666666666666,0.33333333333333337,0.3333333333333333,0.5,0.16666666666666674,0.5,0.16666666666666666,0.33333333333333337,0.0,1.0,0.0,0.3333333333333333,0.3333333333333333,0.3333333333333334,0.6666666666666666,0.16666666666666666,0.1666666666666667
P-0349,0.3333333333333333,0.6666666666666666,1.1102230246251565e-16,0.5,0.16666666666666666,0.33333333333333337,0.6666666666666666,0.0,0.33333333333333337,0.3333333333333333,0.3333333333333333,0.3333333333333334,0.5,0.5,0.0,0.6666666666666666,0.3333333333333333,5.551115123125783e-17,0.16666666666666666,0.3333333333333333,0.5,0.3333333333333333,0.3333333333333333,0.3333333333333334,0.3333333333333333,0.3333333333333333,0.3333333333333334,0.3333333333333333,0.3333333333333333,0.3333333333333334,0.0,1.0,0.0,0.3333333333333333,0.3333333333333333,0.3333333333333334,0.3333333333333333,0.3333333333333333,0.3333333333333334
P-0350,0.3333333333333333,0.6666666666666666,1.1102230246251565e-16,0.8333333333333334,0.0,0.16666666666666663,0.8333333333333334,0.0,0.16666666666666663,0.3333333333333333,0.5,0.16666666666666674,0.8333333333333334,0.16666666666666666,-2.7755575615628914e-17,0.5,0.5,0.0,0.3333333333333333,0.5,0.16666666666666674,0.5,0.3333333333333333,0.16666666666666669,0.16666666666666666,0.5,0.33333333333333337,0.5,0.3333333333333333,0.16666666666666669,0.0,1.0,0.0,0.3333333333333333,0.16666666666666666,0.5000000000000001,0.5,0.3333333333333333,0.16666666666666669
P-0351,0.5,0.3333333333333333,0.16666666666666669,0.6666666666666666,0.0,0.33333333333333337,0.6666666666666666,0.0,0.33333333333333337,0.5,0.16666666666666666,0.33333333333333337,0.6666666666666666,0.16666666666666666,0.1666666666666667,0.6666666666666666,0.16666666666666666,0.1666666666666667,0.5,0.16666666666666666,0.33333333333333337,0.16666666666666666,0.5,0.33333333333333337,0.3333333333333333,0.16666666666666666,0.5000000000000001,0.16666666666666666,0.5,0.33333333333333337,0.0,1.0,0.0,0.5,0.3333333333333333,0.16666666666666669,0.3333333333333333,0.5,0.16666666666666674
P-0352,0.5,0.5,0.0,0.6666666666666666,0.0,0.33333333333333337,0.6666666666666666,0.0,0.33333333333333337,0.5,0.16666666666666666,0.33333333333333337,0.6666666666666666,0.3333333333333333,5.551115123125783e-17,0.8333333333333334,0.16666666666666666,-2.7755575615628914e-17,0.5,0.16666666666666666,0.33333333333333337,0.16666666666666666,0.5,0.33333333333333337,0.3333333333333333,0.16666666666666666,0.5000000000000001,0.16666666666666666,0.5,0.33333333333333337,0.0,1.0,0.0,0.5,0.3333333333333333,0.16666666666666669,0.16666666666666666,0.5,0.33333333333333337
P-0354,0.16666666666666666,0.8333333333333334,0.0,0.6666666666666666,0.0,0.33333333333333337,0.6666666666666666,0.0,0.33333333333333337,0.3333333333333333,0.3333333333333333,0.3333333333333334,0.6666666666666666,0.3333333333333333,5.551115123125783e-17,0.5,0.5,0.0,0.3333333333333333,0.3333333333333333,0.3333333333333334,0.5,0.16666666666666666,0.33333333333333337,0.3333333333333333,0.5,0.16666666666666674,0.5,0.16666666666666666,0.33333333333333337,0.0,1.0,0.0,0.16666666666666666,0.3333333333333333,0.5,0.3333333333333333,0.16666666666666666,0.5000000000000001
P-0355,0.16666666666666666,0.3333333333333333,0.5,0.16666666666666666,0.3333333333333333,0.5,0.16666666666666666,0.3333333333333333,0.5,0.16666666666666666,0.16666666666666666,0.6666666666666667,0.3333333333333333,0.3333333333333333,0.3333333333333334,0.3333333333333333,0.16666666666666666,0.5000000000000001,0.16666666666666666,0.16666666666666666,0.6666666666666667,0.16666666666666666,0.5,0.33333333333333337,0.6666666666666666,0.16666666666666666,0.1666666666666667,0.16666666666666666,0.5,0.33333333333333337,0.16666666666666666,0.8333333333333334,0.0,0.16666666666666666,0.6666666666666666,0.16666666666666674,0.6666666666666666,0.16666666666666666,0.1666666666666667
P-0357,0.3333333333333333,0.6666666666666666,1.1102230246251565e-16,0.5,0.0,0.5,0.5,0.0,0.5,0.3333333333333333,0.16666666666666666,0.5000000000000001,0.5,0.5,0.0,0.8333333333333334,0.16666666666666666,-2.7755575615628914e-17,0.16666666666666666,0.3333333333333333,0.5,0.16666666666666666,0.3333333333333333,0.5,0.5,0.16666666666666666,0.33333333333333337,0.16666666666666666,0.3333333333333333,0.5,0.0,1.0,0.0,0.16666666666666666,0.5,0.33333333333333337,0.16666666666666666,0.3333333333333333,0.5
P-0359,0.0,0.6666666666666666,0.33333333333333337,0.16666666666666666,0.6666666666666666,0.16666666666666674,0.3333333333333333,0.5,0.16666666666666674,0.16666666666666666,0.3333333333333333,0.5,0.16666666666666666,0.8333333333333334,0.0,0.3333333333333333,0.3333333333333333,0.3333333333333334,0.0,0.16666666666666666,0.8333333333333334,0.3333333333333333,0.3333333333333333,0.3333333333333334,0.5,0.3333333333333333,0.16666666666666669,0.3333333333333333,0.3333333333333333,0.3333333333333334,0.0,1.0,0.0,0.3333333333333333,0.6666666666666666,1.1102230246251565e-16,0.5,0.0,0.5
P-0360,0.0,0.3333333333333333,0.6666666666666667,0.0,0.5,0.5,0.3333333333333333,0.3333333333333333,0.3333333333333334,0.0,0.3333333333333333,0.6666666666666667,0.0,0.5,0.5,0.16666666666666666,0.3333333333333333,0.5,0.0,0.0,1.0,0.16666666666666666,0.3333333333333333,0.5,0.6666666666666666,0.16666666666666666,0.1666666666666667,0.16666666666666666,0.3333333333333333,0.5,0.0,1.0,0.0,0.3333333333333333,0.6666666666666666,1.1102230246251565e-16,0.8333333333333334,0.0,0.16666666666666663
P-0361,0.5,0.3333333333333333,0.16666666666666669,0.6666666666666666,0.16666666666666666,0.1666666666666667,0.6666666666666666,0.16666666666666666,0.1666666666666667,0.5,0.3333333333333333,0.16666666666666669,0.6666666666666666,0.16666666666666666,0.1666666666666667,0.6666666666666666,0.16666666666666666,0.1666666666666667,0.3333333333333333,0.3333333333333333,0.3333333333333334,0.16666666666666666,0.5,0.33333333333333337,0.16666666666666666,0.16666666666666666,0.6666666666666667,0.16666666666666666,0.5,0.33333333333333337,0.0,1.0,0.0,0.5,0.16666666666666666,0.33333333333333337,0.3333333333333333,0.5,0.16666666666666674
P-0362,0.16666666666666666,0.8333333333333334,0.0,0.8333333333333334,0.16666666666666666,-2.7755575615628914e-17,0.8333333333333334,0.16666666666666666,-2.7755575615628914e-17,0.16666666666666666,0.8333333333333334,0.0,0.8333333333333334,0.16666666666666666,-2.7755575615628914e-17,0.3333333333333333,0.6666666666666666,1.1102230246251565e-16,0.0,0.8333333333333334,0.16666666666666663,0.6666666666666666,0.16666666666666666,0.1666666666666667,0.0,0.6666666666666666,0.33333333333333337,0.6666666666666666,0.16666666666666666,0.1666666666666667,0.0,1.0,0.0,0.16666666666666666,0.0,0.8333333333333334,0.6666666666666666,0.16666666666666666,0.1666666666666667
P-0363,0.16666666666666666,0.8333333333333334,0.0,0.8333333333333334,0.16666666666666666,-2.7755575615628914e-17,0.8333333333333334,0.16666666666666666,-2.7755575615628914e-17,0.16666666666666666,0.8333333333333334,0.0,0.8333333333333334,0.16666666666666666,-2.7755575615628914e-17,0.3333333333333333,0.6666666666666666,1.1102230246251565e-16,0.0,0.8333333333333334,0.16666666666666663,0.6666666666666666,0.16666666666666666,0.1666666666666667,0.0,0.6666666666666666,0.33333333333333337,0.6666666666666666,0.16666666666666666,0.1666666666666667,0.0,1.0,0.0,0.16666666666666666,0.0,0.8333333333333334,0.6666666666666666,0.16666666666666666,0.1666666666666667
P-0364,0.0,0.3333333333333333,0.6666666666666667,0.16666666666666666,0.3333333333333333,0.5,0.3333333333333333,0.3333333333333333,0.3333333333333334,0.0,0.3333333333333333,0.6666666666666667,0.16666666666666666,0.5,0.33333333333333337,0.16666666666666666,0.3333333333333333,0.5,0.0,0.16666666666666666,0.8333333333333334,0.16666666666666666,0.3333333333333333,0.5,0.6666666666666666,0.16666666666666666,0.1666666666666667,0.16666666666666666,0.3333333333333333,0.5,0.0,1.0,0.0,0.5,0.3333333333333333,0.16666666666666669,0.6666666666666666,0.0,0.33333333333333337
P-0369,0.16666666666666666,0.3333333333333333,0.5,0.3333333333333333,0.16666666666666666,0.5000000000000001,0.3333333333333333,0.16666666666666666,0.5000000000000001,0.3333333333333333,0.16666666666666666,0.5000000000000001,0.3333333333333333,0.5,0.16666666666666674,0.3333333333333333,0.16666666666666666,0.5000000000000001,0.0,0.3333333333333333,0.6666666666666667,0.16666666666666666,0.5,0.33333333333333337,0.5,0.16666666666666666,0.33333333333333337,0.16666666666666666,0.5,0.33333333333333337,0.0,1.0,0.0,0.5,0.3333333333333333,0.16666666666666669,0.5,0.16666666666666666,0.33333333333333337
P-0370,0.16666666666666666,0.3333333333333333,0.5,0.16666666666666666,0.5,0.33333333333333337,0.3333333333333333,0.3333333333333333,0.3333333333333334,0.16666666666666666,0.3333333333333333,0.5,0.16666666666666666,0.8333333333333334,0.0,0.3333333333333333,0.16666666666666666,0.5000000000000001,0.16666666666666666,0.0,0.8333333333333334,0.16666666666666666,0.6666666666666666,0.16666666666666674,0.5,0.16666666666666666,0.33333333333333337,0.16666666666666666,0.6666666666666666,0.16666666666666674,0.0,0.8333333333333334,0.16666666666666663,0.8333333333333334,0.16666666666666666,-2.7755575615628914e-17,0.6666666666666666,0.16666666666666666,0.1666666666666667
P-0371,0.0,0.3333333333333333,0.6666666666666667,0.0,0.5,0.5,0.0,0.5,0.5,0.0,0.16666666666666666,0.8333333333333334,0.0,0.8333333333333334,0.16666666666666663,0.3333333333333333,0.0,0.6666666666666667,0.0,0.0,1.0,0.0,0.5,0.5,0.8333333333333334,0.0,0.16666666666666663,0.0,0.5,0.5,0.0,1.0,0.0,0.5,0.5,0.0,0.5,0.0,0.5
P-0372,0.8333333333333334,0.16666666666666666,-2.7755575615628914e-17,0.8333333333333334,0.16666666666666666,-2.7755575615628914e-17,0.8333333333333334,0.16666666666666666,-2.7755575615628914e-17,0.8333333333333334,0.16666666666666666,-2.7755575615628914e-17,0.8333333333333334,0.16666666666666666,-2.7755575615628914e-17,1.0,0.0,0.0,0.0,0.8333333333333334,0.16666666666666663,0.0,0.8333333333333334,0.16666666666666663,0.0,0.0,1.0,0.0,0.8333333333333334,0.16666666666666663,0.0,1.0,0.0,0.16666666666666666,0.0,0.8333333333333334,0.0,0.8333333333333334,0.16666666666666663
P-0373,0.6666666666666666,0.3333333333333333,5.551115123125783e-17,0.8333333333333334,0.16666666666666666,-2.7755575615628914e-17,0.8333333333333334,0.16666666666666666,-2.7755575615628914e-17,0.8333333333333334,0.16666666666666666,-2.7755575615628914e-17,0.8333333333333334,0.16666666666666666,-2.7755575615628914e-17,0.8333333333333334,0.16666666666666666,-2.7755575615628914e-17,0.3333333333333333,0.5,0.16666666666666674,0.16666666666666666,0.6666666666666666,0.16666666666666674,0.0,0.16666666666666666,0.8333333333333334,0.16666666666666666,0.6666666666666666,0.16666666666666674,0.0,1.0,0.0,0.3333333333333333,0.0,0.6666666666666667,0.0,0.6666666666666666,0.33333333333333337
P-0374,0.3333333333333333,0.3333333333333333,0.3333333333333334,0.5,0.3333333333333333,0.16666666666666669,0.5,0.3333333333333333,0.16666666666666669,0.5,0.16666666666666666,0.33333333333333337,0.5,0.3333333333333333,0.16666666666666669,0.5,0.16666666666666666,0.33333333333333337,0.16666666666666666,0.3333333333333333,0.5,0.16666666666666666,0.5,0.33333333333333337,0.3333333333333333,0.16666666666666666,0.5000000000000001,0.16666666666666666,0.5,0.33333333333333337,0.0,1.0,0.0,0.16666666666666666,0.3333333333333333,0.5,0.3333333333333333,0.3333333333333333,0.3333333333333334
P-0375,0.5,0.5,0.0,0.6666666666666666,0.3333333333333333,5.551115123125783e-17,0.8333333333333334,0.16666666666666666,-2.7755575615628914e-17,0.6666666666666666,0.3333333333333333,5.551115123125783e-17,0.6666666666666666,0.3333333333333333,5.551115123125783e-17,0.6666666666666666,0.3333333333333333,5.551115123125783e-17,0.0,0.6666666666666666,0.33333333333333337,0.3333333333333333,0.5,0.16666666666666674,0.0,0.3333333333333333,0.6666666666666667,0.3333333333333333,0.5,0.16666666666666674,0.0,1.0,0.0,0.3333333333333333,0.16666666666666666,0.5000000000000001,0.16666666666666666,0.5,0.33333333333333337
P-0376,0.3333333333333333,0.6666666666666666,1.1102230246251565e-16,0.5,0.3333333333333333,0.16666666666666669,0.6666666666666666,0.16666666666666666,0.1666666666666667,0.5,0.5,0.0,0.6666666666666666,0.3333333333333333,5.551115123125783e-17,0.6666666666666666,0.3333333333333333,5.551115123125783e-17,0.16666666666666666,0.5,0.33333333333333337,0.5,0.3333333333333333,0.16666666666666669,0.0,0.5,0.5,0.3333333333333333,0.5,0.16666666666666674,0.0,0.8333333333333334,0.16666666666666663,0.5,0.0,0.5,0.3333333333333333,0.3333333333333333,0.3333333333333334
P-0377,0.5,0.16666666666666666,0.33333333333333337,0.5,0.16666666666666666,0.33333333333333337,0.5,0.16666666666666666,0.33333333333333337,0.5,0.16666666666666666,0.33333333333333337,0.5,0.3333333333333333,0.16666666666666669,0.6666666666666666,0.0,0.33333333333333337,0.16666666666666666,0.3333333333333333,0.5,0.0,0.6666666666666666,0.33333333333333337,0.3333333333333333,0.0,0.6666666666666667,0.0,0.6666666666666666,0.33333333333333337,0.0,1.0,0.0,0.5,0.16666666666666666,0.33333333333333337,0.3333333333333333,0.5,0.16666666666666674
P-0378,0.3333333333333333,0.3333333333333333,0.3333333333333334,0.16666666666666666,0.5,0.33333333333333337,0.16666666666666666,0.5,0.33333333333333337,0.3333333333333333,0.16666666666666666,0.5000000000000001,0.3333333333333333,0.5,0.16666666666666674,0.6666666666666666,0.0,0.33333333333333337,0.3333333333333333,0.0,0.6666666666666667,0.0,0.5,0.5,0.5,0.0,0.5,0.0,0.5,0.5,0.16666666666666666,0.8333333333333334,0.0,0.5,0.5,0.0,0.3333333333333333,0.3333333333333333,0.3333333333333334
P-0381,0.0,0.8333333333333334,0.16666666666666663,0.5,0.5,0.0,0.6666666666666666,0.3333333333333333,5.551115123125783e-17,0.5,0.3333333333333333,0.16666666666666669,0.5,0.5,0.0,0.16666666666666666,0.6666666666666666,0.16666666666666674,0.0,0.5,0.5,0.6666666666666666,0.16666666666666666,0.1666666666666667,0.16666666666666666,0.6666666666666666,0.16666666666666674,0.6666666666666666,0.16666666666666666,0.1666666666666667,0.0,1.0,0.0,0.3333333333333333,0.6666666666666666,1.1102230246251565e-16,0.3333333333333333,0.0,0.6666666666666667
P-0382,0.16666666666666666,0.3333333333333333,0.5,0.3333333333333333,0.16666666666666666,0.5000000000000001,0.3333333333333333,0.16666666666666666,0.5000000000000001,0.3333333333333333,0.16666666666666666,0.5000000000000001,0.3333333333333333,0.5,0.16666666666666674,0.3333333333333333,0.16666666666666666,0.5000000000000001,0.0,0.3333333333333333,0.6666666666666667,0.16666666666666666,0.5,0.33333333333333337,0.5,0.16666666666666666,0.33333333333333337,0.16666666666666666,0.5,0.33333333333333337,0.0,1.0,0.0,0.5,0.3333333333333333,0.16666666666666669,0.5,0.16666666666666666,0.33333333333333337
P-0384,0.3333333333333333,0.3333333333333333,0.3333333333333334,0.3333333333333333,0.3333333333333333,0.3333333333333334,0.6666666666666666,0.16666666666666666,0.1666666666666667,0.3333333333333333,0.3333333333333333,0.3333333333333334,0.3333333333333333,0.3333333333333333,0.3333333333333334,0.5,0.3333333333333333,0.16666666666666669,0.16666666666666666,0.16666666666666666,0.6666666666666667,0.16666666666666666,0.3333333333333333,0.5,0.3333333333333333,0.16666666666666666,0.5000000000000001,0.16666666666666666,0.3333333333333333,0.5,0.0,1.0,0.0,0.5,0.3333333333333333,0.16666666666666669,0.5,0.3333333333333333,0.16666666666666669
P-0385,0.3333333333333333,0.3333333333333333,0.3333333333333334,0.16666666666666666,0.5,0.33333333333333337,0.6666666666666666,0.16666666666666666,0.1666666666666667,0.16666666666666666,0.5,0.33333333333333337,0.3333333333333333,0.3333333333333333,0.3333333333333334,0.5,0.3333333333333333,0.16666666666666669,0.16666666666666666,0.16666666666666666,0.6666666666666667,0.16666666666666666,0.16666666666666666,0.6666666666666667,0.3333333333333333,0.16666666666666666,0.5000000000000001,0.16666666666666666,0.16666666666666666,0.6666666666666667,0.16666666666666666,0.8333333333333334,0.0,0.5,0.3333333333333333,0.16666666666666669,0.5,0.3333333333333333,0.16666666666666669
P-0386,0.16666666666666666,0.3333333333333333,0.5,0.16666666666666666,0.16666666666666666,0.6666666666666667,0.16666666666666666,0.16666666666666666,0.6666666666666667,0.16666666666666666,0.16666666666666666,0.6666666666666667,0.16666666666666666,0.3333333333333333,0.5,0.5,0.0,0.5,0.0,0.16666666666666666,0.8333333333333334,0.0,0.3333333333333333,0.6666666666666667,0.6666666666666666,0.0,0.33333333333333337,0.0,0.3333333333333333,0.6666666666666667,0.0,1.0,0.0,0.16666666666666666,0.6666666666666666,0.16666666666666674,0.5,0.16666666666666666,0.33333333333333337
P-0387,0.0,0.5,0.5,0.16666666666666666,0.5,0.33333333333333337,0.3333333333333333,0.3333333333333333,0.3333333333333334,0.16666666666666666,0.16666666666666666,0.6666666666666667,0.16666666666666666,0.6666666666666666,0.16666666666666674,0.16666666666666666,0.3333333333333333,0.5,0.0,0.16666666666666666,0.8333333333333334,0.3333333333333333,0.5,0.16666666666666674,0.6666666666666666,0.3333333333333333,5.551115123125783e-17,0.3333333333333333,0.5,0.16666666666666674,0.0,1.0,0.0,0.16666666666666666,0.8333333333333334,0.0,0.6666666666666666,0.0,0.33333333333333337
P-0389,0.5,0.16666666666666666,0.33333333333333337,0.5,0.16666666666666666,0.33333333333333337,0.6666666666666666,0.0,0.33333333333333337,0.5,0.16666666666666666,0.33333333333333337,0.6666666666666666,0.16666666666666666,0.1666666666666667,0.5,0.16666666666666666,0.33333333333333337,0.5,0.16666666666666666,0.33333333333333337,0.3333333333333333,0.5,0.16666666666666674,0.3333333333333333,0.16666666666666666,0.5000000000000001,0.3333333333333333,0.5,0.16666666666666674,0.16666666666666666,0.6666666666666666,0.16666666666666674,0.5,0.3333333333333333,0.16666666666666669,0.3333333333333333,0.5,0.16666666666666674
P-0390,0.3333333333333333,0.16666666666666666,0.5000000000000001,0.5,0.16666666666666666,0.33333333333333337,0.5,0.16666666666666666,0.33333333333333337,0.5,0.0,0.5,0.5,0.16666666666666666,0.33333333333333337,0.3333333333333333,0.16666666666666666,0.5000000000000001,0.5,0.0,0.5,0.3333333333333333,0.6666666666666666,1.1102230246251565e-16,0.5,0.16666666666666666,0.33333333333333337,0.3333333333333333,0.6666666666666666,1.1102230246251565e-16,0.0,0.6666666666666666,0.33333333333333337,0.16666666666666666,0.5,0.33333333333333337,0.5,0.3333333333333333,0.16666666666666669
P-0391,0.5,0.16666666666666666,0.33333333333333337,0.3333333333333333,0.5,0.16666666666666674,0.3333333333333333,0.5,0.16666666666666674,0.5,0.16666666666666666,0.33333333333333337,0.5,0.3333333333333333,0.16666666666666669,0.6666666666666666,0.0,0.33333333333333337,0.5,0.0,0.5,0.0,0.6666666666666666,0.33333333333333337,0.3333333333333333,0.0,0.6666666666666667,0.0,0.6666666666666666,0.33333333333333337,0.16666666666666666,0.5,0.33333333333333337,0.6666666666666666,0.3333333333333333,5.551115123125783e-17,0.3333333333333333,0.5,0.16666666666666674
P-0394,0.5,0.16666666666666666,0.33333333333333337,0.5,0.0,0.5,0.5,0.0,0.5,0.5,0.0,0.5,0.5,0.16666666666666666,0.33333333333333337,0.6666666666666666,0.0,0.33333333333333337,0.0,0.5,0.5,0.0,0.6666666666666666,0.33333333333333337,0.5,0.0,0.5,0.0,0.6666666666666666,0.33333333333333337,0.0,1.0,0.0,0.0,0.5,0.5,0.3333333333333333,0.5,0.16666666666666674
P-0395,0.3333333333333333,0.16666666666666666,0.5000000000000001,0.5,0.0,0.5,0.5,0.0,0.5,0.5,0.0,0.5,0.5,0.0,0.5,0.3333333333333333,0.16666666666666666,0.5000000000000001,0.3333333333333333,0.16666666666666666,0.5000000000000001,0.16666666666666666,0.6666666666666666,0.16666666666666674,0.5,0.16666666666666666,0.33333333333333337,0.16666666666666666,0.6666666666666666,0.16666666666666674,0.0,1.0,0.0,0.16666666666666666,0.5,0.33333333333333337,0.5,0.3333333333333333,0.16666666666666669
P-0396,0.16666666666666666,0.3333333333333333,0.5,0.3333333333333333,0.16666666666666666,0.5000000000000001,0.3333333333333333,0.16666666666666666,0.5000000000000001,0.3333333333333333,0.16666666666666666,0.5000000000000001,0.5,0.0,0.5,0.16666666666666666,0.3333333333333333,0.5,0.16666666666666666,0.3333333333333333,0.5,0.3333333333333333,0.5,0.16666666666666674,0.5,0.3333333333333333,0.16666666666666669,0.3333333333333333,0.5,0.16666666666666674,0.16666666666666666,0.8333333333333334,0.0,0.16666666666666666,0.6666666666666666,0.16666666666666674,0.6666666666666666,0.16666666666666666,0.1666666666666667
P-0397,0.3333333333333333,0.3333333333333333,0.3333333333333334,0.6666666666666666,0.0,0.33333333333333337,0.6666666666666666,0.0,0.33333333333333337,0.5,0.16666666666666666,0.33333333333333337,0.6666666666666666,0.0,0.33333333333333337,0.3333333333333333,0.3333333333333333,0.3333333333333334,0.16666666666666666,0.5,0.33333333333333337,0.3333333333333333,0.6666666666666666,1.1102230246251565e-16,0.3333333333333333,0.3333333333333333,0.3333333333333334,0.3333333333333333,0.6666666666666666,1.1102230246251565e-16,0.0,1.0,0.0,0.0,0.3333333333333333,0.6666666666666667,0.5,0.3333333333333333,0.16666666666666669
P-0399,0.16666666666666666,0.3333333333333333,0.5,0.3333333333333333,0.16666666666666666,0.5000000000000001,0.6666666666666666,0.0,0.33333333333333337,0.16666666666666666,0.3333333333333333,0.5,0.5,0.16666666666666666,0.33333333333333337,0.16666666666666666,0.5,0.33333333333333337,0.16666666666666666,0.3333333333333333,0.5,0.3333333333333333,0.3333333333333333,0.3333333333333334,0.5,0.3333333333333333,0.16666666666666669,0.3333333333333333,0.3333333333333333,0.3333333333333334,0.16666666666666666,0.8333333333333334,0.0,0.3333333333333333,0.5,0.16666666666666674,0.6666666666666666,0.16666666666666666,0.1666666666666667
P-0400,0.0,0.6666666666666666,0.33333333333333337,0.5,0.16666666666666666,0.33333333333333337,0.8333333333333334,0.0,0.16666666666666663,0.16666666666666666,0.5,0.33333333333333337,0.5,0.16666666666666666,0.33333333333333337,0.0,0.8333333333333334,0.16666666666666663,0.16666666666666666,0.3333333333333333,0.5,0.6666666666666666,0.16666666666666666,0.1666666666666667,0.3333333333333333,0.6666666666666666,1.1102230246251565e-16,0.6666666666666666,0.16666666666666666,0.1666666666666667,0.0,1.0,0.0,0.16666666666666666,0.3333333333333333,0.5,0.8333333333333334,0.0,0.16666666666666663
P-0402,0.0,0.16666666666666666,0.8333333333333334,0.16666666666666666,0.3333333333333333,0.5,0.16666666666666666,0.3333333333333333,0.5,0.0,0.16666666666666666,0.8333333333333334,0.16666666666666666,0.5,0.33333333333333337,0.0,0.16666666666666666,0.8333333333333334,0.0,0.16666666666666666,0.8333333333333334,0.16666666666666666,0.6666666666666666,0.16666666666666674,0.8333333333333334,0.16666666666666666,-2.7755575615628914e-17,0.16666666666666666,0.6666666666666666,0.16666666666666674,0.0,1.0,0.0,0.3333333333333333,0.5,0.16666666666666674,0.8333333333333334,0.0,0.16666666666666663
P-0403,0.0,0.5,0.5,0.3333333333333333,0.16666666666666666,0.5000000000000001,0.3333333333333333,0.16666666666666666,0.5000000000000001,0.16666666666666666,0.3333333333333333,0.5,0.3333333333333333,0.16666666666666666,0.5000000000000001,0.16666666666666666,0.3333333333333333,0.5,0.16666666666666666,0.16666666666666666,0.6666666666666667,0.3333333333333333,0.3333333333333333,0.3333333333333334,0.5,0.3333333333333333,0.16666666666666669,0.3333333333333333,0.3333333333333333,0.3333333333333334,0.0,1.0,0.0,0.16666666666666666,0.5,0.33333333333333337,0.6666666666666666,0.0,0.33333333333333337
P-0404,0.5,0.0,0.5,0.5,0.0,0.5,0.5,0.0,0.5,0.5,0.0,0.5,0.5,0.0,0.5,0.5,0.0,0.5,0.3333333333333333,0.16666666666666666,0.5000000000000001,0.0,0.8333333333333334,0.16666666666666663,0.5,0.0,0.5,0.0,0.8333333333333334,0.16666666666666663,0.0,0.8333333333333334,0.16666666666666663,0.3333333333333333,0.5,0.16666666666666674,0.5,0.5,0.0
P-0406,0.3333333333333333,0.16666666666666666,0.5000000000000001,0.3333333333333333,0.0,0.6666666666666667,0.3333333333333333,0.0,0.6666666666666667,0.5,0.0,0.5,0.5,0.0,0.5,0.5,0.0,0.5,0.3333333333333333,0.16666666666666666,0.5000000000000001,0.16666666666666666,0.6666666666666666,0.16666666666666674,0.5,0.16666666666666666,0.33333333333333337,0.0,0.8333333333333334,0.16666666666666663,0.0,0.8333333333333334,0.16666666666666663,0.3333333333333333,0.5,0.16666666666666674,0.5,0.3333333333333333,0.16666666666666669
P-0407,0.16666666666666666,0.3333333333333333,0.5,0.5,0.16666666666666666,0.33333333333333337,0.5,0.16666666666666666,0.33333333333333337,0.5,0.0,0.5,0.5,0.16666666666666666,0.33333333333333337,0.16666666666666666,0.3333333333333333,0.5,0.0,0.5,0.5,0.3333333333333333,0.6666666666666666,1.1102230246251565e-16,0.5,0.3333333333333333,0.16666666666666669,0.3333333333333333,0.6666666666666666,1.1102230246251565e-16,0.0,1.0,0.0,0.0,0.8333333333333334,0.16666666666666663,0.5,0.16666666666666666,0.33333333333333337
P-0409,0.3333333333333333,0.3333333333333333,0.3333333333333334,0.16666666666666666,0.5,0.33333333333333337,0.5,0.16666666666666666,0.33333333333333337,0.3333333333333333,0.3333333333333333,0.3333333333333334,0.3333333333333333,0.5,0.16666666666666674,0.3333333333333333,0.3333333333333333,0.3333333333333334,0.16666666666666666,0.16666666666666666,0.6666666666666667,0.3333333333333333,0.5,0.16666666666666674,0.3333333333333333,0.3333333333333333,0.3333333333333334,0.3333333333333333,0.5,0.16666666666666674,0.16666666666666666,0.8333333333333334,0.0,0.6666666666666666,0.16666666666666666,0.1666666666666667,0.6666666666666666,0.3333333333333333,5.551115123125783e-17
P-0411,0.3333333333333333,0.3333333333333333,0.3333333333333334,0.6666666666666666,0.0,0.33333333333333337,0.6666666666666666,0.0,0.33333333333333337,0.5,0.16666666666666666,0.33333333333333337,0.6666666666666666,0.16666666666666666,0.1666666666666667,0.3333333333333333,0.3333333333333333,0.3333333333333334,0.16666666666666666,0.5,0.33333333333333337,0.3333333333333333,0.6666666666666666,1.1102230246251565e-16,0.3333333333333333,0.3333333333333333,0.3333333333333334,0.3333333333333333,0.6666666666666666,1.1102230246251565e-16,0.0,1.0,0.0,0.16666666666666666,0.16666666666666666,0.6666666666666667,0.5,0.3333333333333333,0.16666666666666669
P-0412,0.3333333333333333,0.16666666666666666,0.5000000000000001,0.5,0.0,0.5,0.5,0.0,0.5,0.5,0.0,0.5,0.5,0.16666666666666666,0.33333333333333337,0.3333333333333333,0.16666666666666666,0.5000000000000001,0.3333333333333333,0.16666666666666666,0.5000000000000001,0.16666666666666666,0.8333333333333334,0.0,0.5,0.16666666666666666,0.33333333333333337,0.16666666666666666,0.8333333333333334,0.0,0.0,1.0,0.0,0.3333333333333333,0.3333333333333333,0.3333333333333334,0.5,0.3333333333333333,0.16666666666666669
P-0415,0.3333333333333333,0.3333333333333333,0.3333333333333334,0.5,0.0,0.5,0.5,0.0,0.5,0.5,0.0,0.5,0.5,0.3333333333333333,0.16666666666666669,0.5,0.16666666666666666,0.33333333333333337,0.16666666666666666,0.3333333333333333,0.5,0.3333333333333333,0.5,0.16666666666666674,0.5,0.16666666666666666,0.33333333333333337,0.3333333333333333,0.5,0.16666666666666674,0.0,0.8333333333333334,0.16666666666666663,0.16666666666666666,0.5,0.33333333333333337,0.3333333333333333,0.3333333333333333,0.3333333333333334
P-0416,0.5,0.16666666666666666,0.33333333333333337,0.6666666666666666,0.16666666666666666,0.1666666666666667,0.6666666666666666,0.16666666666666666,0.1666666666666667,0.6666666666666666,0.0,0.33333333333333337,0.6666666666666666,0.16666666666666666,0.1666666666666667,0.5,0.16666666666666666,0.33333333333333337,0.0,0.6666666666666666,0.33333333333333337,0.16666666666666666,0.6666666666666666,0.16666666666666674,0.3333333333333333,0.16666666666666666,0.5000000000000001,0.16666666666666666,0.6666666666666666,0.16666666666666674,0.0,1.0,0.0,0.16666666666666666,0.3333333333333333,0.5,0.16666666666666666,0.5,0.33333333333333337
P-0417,0.5,0.16666666666666666,0.33333333333333337,0.6666666666666666,0.16666666666666666,0.1666666666666667,0.6666666666666666,0.16666666666666666,0.1666666666666667,0.6666666666666666,0.0,0.33333333333333337,0.6666666666666666,0.16666666666666666,0.1666666666666667,0.5,0.16666666666666666,0.33333333333333337,0.16666666666666666,0.5,0.33333333333333337,0.16666666666666666,0.8333333333333334,0.0,0.3333333333333333,0.16666666666666666,0.5000000000000001,0.16666666666666666,0.8333333333333334,0.0,0.0,1.0,0.0,0.0,0.3333333333333333,0.6666666666666667,0.3333333333333333,0.5,0.16666666666666674
P-0418,0.16666666666666666,0.3333333333333333,0.5,0.16666666666666666,0.5,0.33333333333333337,0.3333333333333333,0.3333333333333333,0.3333333333333334,0.3333333333333333,0.16666666666666666,0.5000000000000001,0.3333333333333333,0.5,0.16666666666666674,0.3333333333333333,0.16666666666666666,0.5000000000000001,0.0,0.3333333333333333,0.6666666666666667,0.3333333333333333,0.3333333333333333,0.3333333333333334,0.5,0.3333333333333333,0.16666666666666669,0.16666666666666666,0.5,0.33333333333333337,0.0,1.0,0.0,0.5,0.16666666666666666,0.33333333333333337,0.3333333333333333,0.16666666666666666,0.5000000000000001
P-0420,0.3333333333333333,0.16666666666666666,0.5000000000000001,0.16666666666666666,0.3333333333333333,0.5,0.16666666666666666,0.3333333333333333,0.5,0.3333333333333333,0.0,0.6666666666666667,0.3333333333333333,0.3333333333333333,0.3333333333333334,0.5,0.0,0.5,0.3333333333333333,0.0,0.6666666666666667,0.0,0.6666666666666666,0.33333333333333337,0.6666666666666666,0.0,0.33333333333333337,0.0,0.6666666666666666,0.33333333333333337,0.16666666666666666,0.8333333333333334,0.0,0.3333333333333333,0.6666666666666666,1.1102230246251565e-16,0.5,0.3333333333333333,0.16666666666666669
P-0421,0.6666666666666666,0.16666666666666666,0.1666666666666667,0.8333333333333334,0.0,0.16666666666666663,0.8333333333333334,0.0,0.16666666666666663,0.8333333333333334,0.0,0.16666666666666663,0.8333333333333334,0.0,0.16666666666666663,0.6666666666666666,0.16666666666666666,0.1666666666666667,0.3333333333333333,0.5,0.16666666666666674,0.16666666666666666,0.8333333333333334,0.0,0.16666666666666666,0.16666666666666666,0.6666666666666667,0.16666666666666666,0.8333333333333334,0.0,0.0,1.0,0.0,0.16666666666666666,0.16666666666666666,0.6666666666666667,0.16666666666666666,0.6666666666666666,0.16666666666666674
P-0422,0.5,0.3333333333333333,0.16666666666666669,0.3333333333333333,0.3333333333333333,0.3333333333333334,0.5,0.16666666666666666,0.33333333333333337,0.6666666666666666,0.16666666666666666,0.1666666666666667,0.8333333333333334,0.0,0.16666666666666663,0.6666666666666666,0.16666666666666666,0.1666666666666667,0.5,0.3333333333333333,0.16666666666666669,0.3333333333333333,0.3333333333333333,0.3333333333333334,0.16666666666666666,0.3333333333333333,0.5,0.16666666666666666,0.5,0.33333333333333337,0.3333333333333333,0.6666666666666666,1.1102230246251565e-16,0.5,0.3333333333333333,0.16666666666666669,0.16666666666666666,0.5,0.33333333333333337
P-0423,0.3333333333333333,0.3333333333333333,0.3333333333333334,0.3333333333333333,0.3333333333333333,0.3333333333333334,0.5,0.16666666666666666,0.33333333333333337,0.3333333333333333,0.16666666666666666,0.5000000000000001,0.5,0.3333333333333333,0.16666666666666669,0.5,0.16666666666666666,0.33333333333333337,0.5,0.0,0.5,0.16666666666666666,0.5,0.33333333333333337,0.5,0.16666666666666666,0.33333333333333337,0.16666666666666666,0.5,0.33333333333333337,0.16666666666666666,0.8333333333333334,0.0,0.3333333333333333,0.5,0.16666666666666674,0.3333333333333333,0.3333333333333333,0.3333333333333334
P-0424,0.0,0.16666666666666666,0.8333333333333334,0.16666666666666666,0.0,0.8333333333333334,0.16666666666666666,0.0,0.8333333333333334,0.16666666666666666,0.0,0.8333333333333334,0.16666666666666666,0.16666666666666666,0.6666666666666667,0.0,0.16666666666666666,0.8333333333333334,0.16666666666666666,0.0,0.8333333333333334,0.16666666666666666,0.5,0.33333333333333337,0.8333333333333334,0.16666666666666666,-2.7755575615628914e-17,0.16666666666666666,0.5,0.33333333333333337,0.0,1.0,0.0,0.16666666666666666,0.6666666666666666,0.16666666666666674,0.8333333333333334,0.0,0.16666666666666663
P-0425,0.16666666666666666,0.5,0.33333333333333337,0.6666666666666666,0.0,0.33333333333333337,0.6666666666666666,0.0,0.33333333333333337,0.5,0.16666666666666666,0.33333333333333337,0.6666666666666666,0.16666666666666666,0.1666666666666667,0.16666666666666666,0.5,0.33333333333333337,0.5,0.16666666666666666,0.33333333333333337,0.6666666666666666,0.3333333333333333,5.551115123125783e-17,0.3333333333333333,0.5,0.16666666666666674,0.6666666666666666,0.3333333333333333,5.551115123125783e-17,0.0,0.8333333333333334,0.16666666666666663,0.16666666666666666,0.16666666666666666,0.6666666666666667,0.5,0.16666666666666666,0.33333333333333337
P-0428,0.16666666666666666,0.6666666666666666,0.16666666666666674,0.6666666666666666,0.16666666666666666,0.1666666666666667,0.6666666666666666,0.16666666666666666,0.1666666666666667,0.3333333333333333,0.5,0.16666666666666674,0.6666666666666666,0.16666666666666666,0.1666666666666667,0.3333333333333333,0.5,0.16666666666666674,0.16666666666666666,0.5,0.33333333333333337,0.5,0.3333333333333333,0.16666666666666669,0.16666666666666666,0.5,0.33333333333333337,0.5,0.3333333333333333,0.16666666666666669,0.0,1.0,0.0,0.3333333333333333,0.3333333333333333,0.3333333333333334,0.5,0.16666666666666666,0.33333333333333337
P-0431,0.16666666666666666,0.5,0.33333333333333337,0.3333333333333333,0.5,0.16666666666666674,0.6666666666666666,0.16666666666666666,0.1666666666666667,0.3333333333333333,0.3333333333333333,0.3333333333333334,0.5,0.3333333333333333,0.16666666666666669,0.16666666666666666,0.5,0.33333333333333337,0.16666666666666666,0.3333333333333333,0.5,0.5,0.3333333333333333,0.16666666666666669,0.3333333333333333,0.5,0.16666666666666674,0.5,0.3333333333333333,0.16666666666666669,0.16666666666666666,0.8333333333333334,0.0,0.3333333333333333,0.6666666666666666,1.1102230246251565e-16,0.5,0.16666666666666666,0.33333333333333337
P-0432,0.16666666666666666,0.3333333333333333,0.5,0.16666666666666666,0.3333333333333333,0.5,0.3333333333333333,0.16666666666666666,0.5000000000000001,0.3333333333333333,0.16666666666666666,0.5000000000000001,0.5,0.16666666666666666,0.33333333333333337,0.3333333333333333,0.16666666666666666,0.5000000000000001,0.16666666666666666,0.3333333333333333,0.5,0.3333333333333333,0.5,0.16666666666666674,0.5,0.3333333333333333,0.16666666666666669,0.16666666666666666,0.6666666666666666,0.16666666666666674,0.16666666666666666,0.8333333333333334,0.0,0.16666666666666666,0.6666666666666666,0.16666666666666674,0.5,0.16666666666666666,0.33333333333333337
P-0433,0.0,0.3333333333333333,0.6666666666666667,0.16666666666666666,0.5,0.33333333333333337,0.3333333333333333,0.3333333333333333,0.3333333333333334,0.16666666666666666,0.16666666666666666,0.6666666666666667,0.16666666666666666,0.5,0.33333333333333337,0.0,0.3333333333333333,0.6666666666666667,0.0,0.16666666666666666,0.8333333333333334,0.3333333333333333,0.6666666666666666,1.1102230246251565e-16,0.6666666666666666,0.3333333333333333,5.551115123125783e-17,0.3333333333333333,0.6666666666666666,1.1102230246251565e-16,0.0,1.0,0.0,0.16666666666666666,0.8333333333333334,0.0,0.8333333333333334,0.0,0.16666666666666663
P-0434,0.16666666666666666,0.3333333333333333,0.5,0.3333333333333333,0.3333333333333333,0.3333333333333334,0.3333333333333333,0.3333333333333333,0.3333333333333334,0.3333333333333333,0.0,0.6666666666666667,0.3333333333333333,0.3333333333333333,0.3333333333333334,0.3333333333333333,0.16666666666666666,0.5000000000000001,0.3333333333333333,0.0,0.6666666666666667,0.3333333333333333,0.5,0.16666666666666674,0.6666666666666666,0.16666666666666666,0.1666666666666667,0.16666666666666666,0.6666666666666666,0.16666666666666674,0.0,0.8333333333333334,0.16666666666666663,0.16666666666666666,0.6666666666666666,0.16666666666666674,0.5,0.16666666666666666,0.33333333333333337
P-0435,0.16666666666666666,0.3333333333333333,0.5,0.3333333333333333,0.16666666666666666,0.5000000000000001,0.5,0.16666666666666666,0.33333333333333337,0.3333333333333333,0.0,0.6666666666666667,0.3333333333333333,0.3333333333333333,0.3333333333333334,0.3333333333333333,0.3333333333333333,0.3333333333333334,0.3333333333333333,0.0,0.6666666666666667,0.16666666666666666,0.5,0.33333333333333337,0.6666666666666666,0.16666666666666666,0.1666666666666667,0.16666666666666666,0.5,0.33333333333333337,0.0,0.8333333333333334,0.16666666666666663,0.16666666666666666,0.6666666666666666,0.16666666666666674,0.5,0.16666666666666666,0.33333333333333337
P-0436,0.3333333333333333,0.16666666666666666,0.5000000000000001,0.3333333333333333,0.16666666666666666,0.5000000000000001,0.3333333333333333,0.16666666666666666,0.5000000000000001,0.3333333333333333,0.0,0.6666666666666667,0.3333333333333333,0.3333333333333333,0.3333333333333334,0.5,0.0,0.5,0.16666666666666666,0.16666666666666666,0.6666666666666667,0.0,0.6666666666666666,0.33333333333333337,0.6666666666666666,0.0,0.33333333333333337,0.0,0.6666666666666666,0.33333333333333337,0.0,1.0,0.0,0.16666666666666666,0.6666666666666666,0.16666666666666674,0.5,0.3333333333333333,0.16666666666666669
P-0437,0.16666666666666666,0.6666666666666666,0.16666666666666674,0.5,0.0,0.5,0.5,0.0,0.5,0.16666666666666666,0.3333333333333333,0.5,0.5,0.3333333333333333,0.16666666666666669,0.5,0.3333333333333333,0.16666666666666669,0.16666666666666666,0.3333333333333333,0.5,0.3333333333333333,0.3333333333333333,0.3333333333333334,0.5,0.3333333333333333,0.16666666666666669,0.3333333333333333,0.3333333333333333,0.3333333333333334,0.0,1.0,0.0,0.16666666666666666,0.5,0.33333333333333337,0.5,0.16666666666666666,0.33333333333333337
P-0438,0.3333333333333333,0.3333333333333333,0.3333333333333334,0.16666666666666666,0.5,0.33333333333333337,0.6666666666666666,0.16666666666666666,0.1666666666666667,0.3333333333333333,0.3333333333333333,0.3333333333333334,0.3333333333333333,0.3333333333333333,0.3333333333333334,0.3333333333333333,0.5,0.16666666666666674,0.3333333333333333,0.0,0.6666666666666667,0.5,0.16666666666666666,0.33333333333333337,0.3333333333333333,0.3333333333333333,0.3333333333333334,0.5,0.16666666666666666,0.33333333333333337,0.16666666666666666,0.6666666666666666,0.16666666666666674,0.5,0.3333333333333333,0.16666666666666669,0.6666666666666666,0.3333333333333333,5.551115123125783e-17
P-0441,0.5,0.3333333333333333,0.16666666666666669,0.3333333333333333,0.6666666666666666,1.1102230246251565e-16,0.5,0.5,0.0,0.5,0.3333333333333333,0.16666666666666669,0.6666666666666666,0.3333333333333333,5.551115123125783e-17,0.5,0.3333333333333333,0.16666666666666669,0.5,0.16666666666666666,0.33333333333333337,0.3333333333333333,0.3333333333333333,0.3333333333333334,0.16666666666666666,0.3333333333333333,0.5,0.3333333333333333,0.3333333333333333,0.3333333333333334,0.3333333333333333,0.5,0.16666666666666674,0.6666666666666666,0.16666666666666666,0.1666666666666667,0.5,0.5,0.0
P-0442,0.16666666666666666,0.5,0.33333333333333337,0.16666666666666666,0.6666666666666666,0.16666666666666674,0.3333333333333333,0.5,0.16666666666666674,0.3333333333333333,0.16666666666666666,0.5000000000000001,0.3333333333333333,0.6666666666666666,1.1102230246251565e-16,0.3333333333333333,0.3333333333333333,0.3333333333333334,0.16666666666666666,0.16666666666666666,0.6666666666666667,0.3333333333333333,0.3333333333333333,0.3333333333333334,0.5,0.3333333333333333,0.16666666666666669,0.3333333333333333,0.3333333333333333,0.3333333333333334,0.16666666666666666,0.8333333333333334,0.0,0.3333333333333333,0.6666666666666666,1.1102230246251565e-16,0.5,0.16666666666666666,0.33333333333333337
P-0445,0.3333333333333333,0.3333333333333333,0.3333333333333334,0.3333333333333333,0.16666666666666666,0.5000000000000001,0.5,0.16666666666666666,0.33333333333333337,0.5,0.0,0.5,0.5,0.16666666666666666,0.33333333333333337,0.5,0.3333333333333333,0.16666666666666669,0.5,0.0,0.5,0.3333333333333333,0.0,0.6666666666666667,0.5,0.16666666666666666,0.33333333333333337,0.3333333333333333,0.0,0.6666666666666667,0.16666666666666666,0.6666666666666666,0.16666666666666674,0.16666666666666666,0.5,0.33333333333333337,0.3333333333333333,0.3333333333333333,0.3333333333333334
P-0447,0.8333333333333334,0.16666666666666666,-2.7755575615628914e-17,0.6666666666666666,0.3333333333333333,5.551115123125783e-17,0.6666666666666666,0.3333333333333333,5.551115123125783e-17,1.0,0.0,0.0,1.0,0.0,0.0,0.8333333333333334,0.16666666666666666,-2.7755575615628914e-17,1.0,0.0,0.0,0.16666666666666666,0.5,0.33333333333333337,0.0,0.16666666666666666,0.8333333333333334,0.16666666666666666,0.5,0.33333333333333337,0.3333333333333333,0.16666666666666666,0.5000000000000001,0.8333333333333334,0.0,0.16666666666666663,0.0,0.8333333333333334,0.16666666666666663
P-0448,0.6666666666666666,0.16666666666666666,0.1666666666666667,0.3333333333333333,0.5,0.16666666666666674,0.3333333333333333,0.5,0.16666666666666674,0.8333333333333334,0.0,0.16666666666666663,0.8333333333333334,0.16666666666666666,-2.7755575615628914e-17,0.8333333333333334,0.0,0.16666666666666663,0.6666666666666666,0.16666666666666666,0.1666666666666667,0.16666666666666666,0.5,0.33333333333333337,0.16666666666666666,0.16666666666666666,0.6666666666666667,0.0,0.6666666666666666,0.33333333333333337,0.3333333333333333,0.3333333333333333,0.3333333333333334,0.6666666666666666,0.16666666666666666,0.1666666666666667,0.16666666666666666,0.6666666666666666,0.16666666666666674
P-0449,0.8333333333333334,0.16666666666666666,-2.7755575615628914e-17,0.6666666666666666,0.3333333333333333,5.551115123125783e-17,0.6666666666666666,0.3333333333333333,5.551115123125783e-17,1.0,0.0,0.0,1.0,0.0,0.0,0.8333333333333334,0.16666666666666666,-2.7755575615628914e-17,1.0,0.0,0.0,0.16666666666666666,0.5,0.33333333333333337,0.0,0.16666666666666666,0.8333333333333334,0.16666666666666666,0.5,0.33333333333333337,0.3333333333333333,0.16666666666666666,0.5000000000000001,0.8333333333333334,0.0,0.16666666666666663,0.0,0.8333333333333334,0.16666666666666663
P-0451,0.6666666666666666,0.3333333333333333,5.551115123125783e-17,0.5,0.3333333333333333,0.16666666666666669,0.6666666666666666,0.16666666666666666,0.1666666666666667,0.8333333333333334,0.16666666666666666,-2.7755575615628914e-17,1.0,0.0,0.0,0.8333333333333334,0.16666666666666666,-2.7755575615628914e-17,0.6666666666666666,0.3333333333333333,5.551115123125783e-17,0.3333333333333333,0.3333333333333333,0.3333333333333334,0.0,0.3333333333333333,0.6666666666666667,0.16666666666666666,0.5,0.33333333333333337,0.3333333333333333,0.3333333333333333,0.3333333333333334,0.6666666666666666,0.16666666666666666,0.1666666666666667,0.0,0.6666666666666666,0.33333333333333337
P-0452,0.5,0.3333333333333333,0.16666666666666669,0.6666666666666666,0.16666666666666666,0.1666666666666667,0.6666666666666666,0.16666666666666666,0.1666666666666667,0.6666666666666666,0.16666666666666666,0.1666666666666667,0.8333333333333334,0.0,0.16666666666666663,0.5,0.3333333333333333,0.16666666666666669,0.3333333333333333,0.5,0.16666666666666674,0.3333333333333333,0.3333333333333333,0.3333333333333334,0.16666666666666666,0.3333333333333333,0.5,0.3333333333333333,0.3333333333333333,0.3333333333333334,0.16666666666666666,0.6666666666666666,0.16666666666666674,0.3333333333333333,0.3333333333333333,0.3333333333333334,0.3333333333333333,0.5,0.16666666666666674
P-0453,0.16666666666666666,0.3333333333333333,0.5,0.0,0.6666666666666666,0.33333333333333337,0.16666666666666666,0.5,0.33333333333333337,0.16666666666666666,0.3333333333333333,0.5,0.16666666666666666,0.5,0.33333333333333337,0.3333333333333333,0.16666666666666666,0.5000000000000001,0.16666666666666666,0.0,0.8333333333333334,0.16666666666666666,0.5,0.33333333333333337,0.5,0.16666666666666666,0.33333333333333337,0.16666666666666666,0.5,0.33333333333333337,0.16666666666666666,0.8333333333333334,0.0,0.5,0.5,0.0,0.6666666666666666,0.16666666666666666,0.1666666666666667
P-0454,0.5,0.0,0.5,0.16666666666666666,0.5,0.33333333333333337,0.3333333333333333,0.5,0.16666666666666674,0.5,0.0,0.5,0.5,0.16666666666666666,0.33333333333333337,0.5,0.16666666666666666,0.33333333333333337,0.5,0.0,0.5,0.16666666666666666,0.3333333333333333,0.5,0.5,0.0,0.5,0.16666666666666666,0.3333333333333333,0.5,0.3333333333333333,0.5,0.16666666666666674,0.3333333333333333,0.5,0.16666666666666674,0.5,0.5,0.0
P-0455,1.0,0.0,0.0,0.5,0.5,0.0,0.5,0.5,0.0,1.0,0.0,0.0,1.0,0.0,0.0,1.0,0.0,0.0,1.0,0.0,0.0,0.0,0.5,0.5,0.0,0.0,1.0,0.0,0.5,0.5,0.5,0.0,0.5,1.0,0.0,0.0,0.0,1.0,0.0
P-0456,0.8333333333333334,0.16666666666666666,-2.7755575615628914e-17,0.3333333333333333,0.5,0.16666666666666674,0.3333333333333333,0.5,0.16666666666666674,1.0,0.0,0.0,1.0,0.0,0.0,1.0,0.0,0.0,0.8333333333333334,0.16666666666666666,-2.7755575615628914e-17,0.16666666666666666,0.3333333333333333,0.5,0.0,0.16666666666666666,0.8333333333333334,0.0,0.5,0.5,0.5,0.16666666666666666,0.33333333333333337,0.8333333333333334,0.0,0.16666666666666663,0.0,0.8333333333333334,0.16666666666666663
P-0457,0.8333333333333334,0.16666666666666666,-2.7755575615628914e-17,0.5,0.5,0.0,0.5,0.5,0.0,1.0,0.0,0.0,1.0,0.0,0.0,0.8333333333333334,0.16666666666666666,-2.7755575615628914e-17,1.0,0.0,0.0,0.16666666666666666,0.3333333333333333,0.5,0.0,0.16666666666666666,0.8333333333333334,0.16666666666666666,0.3333333333333333,0.5,0.5,0.16666666666666666,0.33333333333333337,0.8333333333333334,0.0,0.16666666666666663,0.0,0.8333333333333334,0.16666666666666663
P-0458,0.5,0.16666666666666666,0.33333333333333337,0.16666666666666666,0.5,0.33333333333333337,0.16666666666666666,0.5,0.33333333333333337,0.6666666666666666,0.0,0.33333333333333337,0.6666666666666666,0.3333333333333333,5.551115123125783e-17,0.5,0.16666666666666666,0.33333333333333337,0.5,0.16666666666666666,0.33333333333333337,0.16666666666666666,0.3333333333333333,0.5,0.3333333333333333,0.16666666666666666,0.5000000000000001,0.16666666666666666,0.3333333333333333,0.5,0.5,0.5,0.0,0.8333333333333334,0.16666666666666666,-2.7755575615628914e-17,0.3333333333333333,0.5,0.16666666666666674
P-0459,0.6666666666666666,0.16666666666666666,0.1666666666666667,0.3333333333333333,0.6666666666666666,1.1102230246251565e-16,0.3333333333333333,0.6666666666666666,1.1102230246251565e-16,0.8333333333333334,0.0,0.16666666666666663,0.8333333333333334,0.16666666666666666,-2.7755575615628914e-17,0.6666666666666666,0.16666666666666666,0.1666666666666667,0.6666666666666666,0.16666666666666666,0.1666666666666667,0.3333333333333333,0.16666666666666666,0.5000000000000001,0.16666666666666666,0.16666666666666666,0.6666666666666667,0.3333333333333333,0.16666666666666666,0.5000000000000001,0.5,0.3333333333333333,0.16666666666666669,0.5,0.3333333333333333,0.16666666666666669,0.16666666666666666,0.6666666666666666,0.16666666666666674
P-0460,0.3333333333333333,0.5,0.16666666666666674,0.3333333333333333,0.5,0.16666666666666674,0.6666666666666666,0.16666666666666666,0.1666666666666667,0.5,0.3333333333333333,0.16666666666666669,0.5,0.5,0.0,0.3333333333333333,0.5,0.16666666666666674,0.16666666666666666,0.3333333333333333,0.5,0.5,0.3333333333333333,0.16666666666666669,0.16666666666666666,0.5,0.33333333333333337,0.5,0.3333333333333333,0.16666666666666669,0.16666666666666666,0.8333333333333334,0.0,0.6666666666666666,0.16666666666666666,0.1666666666666667,0.5,0.3333333333333333,0.16666666666666669
P-0461,0.3333333333333333,0.0,0.6666666666666667,0.16666666666666666,0.16666666666666666,0.6666666666666667,0.16666666666666666,0.16666666666666666,0.6666666666666667,0.3333333333333333,0.0,0.6666666666666667,0.3333333333333333,0.16666666666666666,0.5000000000000001,0.3333333333333333,0.0,0.6666666666666667,0.3333333333333333,0.0,0.6666666666666667,0.0,0.6666666666666666,0.33333333333333337,0.6666666666666666,0.0,0.33333333333333337,0.0,0.6666666666666666,0.33333333333333337,0.16666666666666666,0.8333333333333334,0.0,0.5,0.5,0.0,0.6666666666666666,0.3333333333333333,5.551115123125783e-17
P-0462,0.3333333333333333,0.0,0.6666666666666667,0.16666666666666666,0.16666666666666666,0.6666666666666667,0.16666666666666666,0.16666666666666666,0.6666666666666667,0.3333333333333333,0.0,0.6666666666666667,0.3333333333333333,0.16666666666666666,0.5000000000000001,0.3333333333333333,0.0,0.6666666666666667,0.3333333333333333,0.0,0.6666666666666667,0.0,0.5,0.5,0.6666666666666666,0.0,0.33333333333333337,0.0,0.5,0.5,0.16666666666666666,0.8333333333333334,0.0,0.5,0.5,0.0,0.6666666666666666,0.3333333333333333,5.551115123125783e-17
P-0465,0.16666666666666666,0.16666666666666666,0.6666666666666667,0.0,0.5,0.5,0.16666666666666666,0.3333333333333333,0.5,0.16666666666666666,0.16666666666666666,0.6666666666666667,0.16666666666666666,0.5,0.33333333333333337,0.16666666666666666,0.16666666666666666,0.6666666666666667,0.16666666666666666,0.0,0.8333333333333334,0.16666666666666666,0.3333333333333333,0.5,0.6666666666666666,0.16666666666666666,0.1666666666666667,0.16666666666666666,0.3333333333333333,0.5,0.16666666666666666,0.8333333333333334,0.0,0.5,0.5,0.0,0.8333333333333334,0.16666666666666666,-2.7755575615628914e-17
P-0466,0.16666666666666666,0.5,0.33333333333333337,0.5,0.3333333333333333,0.16666666666666669,0.5,0.3333333333333333,0.16666666666666669,0.6666666666666666,0.0,0.33333333333333337,0.6666666666666666,0.3333333333333333,5.551115123125783e-17,0.16666666666666666,0.5,0.33333333333333337,0.6666666666666666,0.0,0.33333333333333337,0.5,0.3333333333333333,0.16666666666666669,0.3333333333333333,0.5,0.16666666666666674,0.5,0.3333333333333333,0.16666666666666669,0.16666666666666666,0.8333333333333334,0.0,0.3333333333333333,0.16666666666666666,0.5000000000000001,0.3333333333333333,0.16666666666666666,0.5000000000000001
P-0468,0.6666666666666666,0.3333333333333333,5.551115123125783e-17,0.6666666666666666,0.3333333333333333,5.551115123125783e-17,0.8333333333333334,0.16666666666666666,-2.7755575615628914e-17,0.6666666666666666,0.3333333333333333,5.551115123125783e-17,0.8333333333333334,0.16666666666666666,-2.7755575615628914e-17,0.6666666666666666,0.3333333333333333,5.551115123125783e-17,0.5,0.3333333333333333,0.16666666666666669,0.3333333333333333,0.5,0.16666666666666674,0.0,0.3333333333333333,0.6666666666666667,0.3333333333333333,0.5,0.16666666666666674,0.16666666666666666,0.5,0.33333333333333337,0.6666666666666666,0.0,0.33333333333333337,0.3333333333333333,0.6666666666666666,1.1102230246251565e-16
P-0469,0.5,0.5,0.0,0.5,0.3333333333333333,0.16666666666666669,0.6666666666666666,0.16666666666666666,0.1666666666666667,0.8333333333333334,0.16666666666666666,-2.7755575615628914e-17,0.8333333333333334,0.16666666666666666,-2.7755575615628914e-17,0.6666666666666666,0.3333333333333333,5.551115123125783e-17,0.6666666666666666,0.16666666666666666,0.1666666666666667,0.6666666666666666,0.16666666666666666,0.1666666666666667,0.0,0.5,0.5,0.5,0.3333333333333333,0.16666666666666669,0.16666666666666666,0.5,0.33333333333333337,0.5,0.0,0.5,0.16666666666666666,0.5,0.33333333333333337
P-0470,0.5,0.3333333333333333,0.16666666666666669,0.16666666666666666,0.5,0.33333333333333337,0.16666666666666666,0.5,0.33333333333333337,0.8333333333333334,0.0,0.16666666666666663,0.8333333333333334,0.16666666666666666,-2.7755575615628914e-17,0.6666666666666666,0.16666666666666666,0.1666666666666667,0.5,0.3333333333333333,0.16666666666666669,0.3333333333333333,0.16666666666666666,0.5000000000000001,0.16666666666666666,0.3333333333333333,0.5,0.16666666666666666,0.3333333333333333,0.5,0.5,0.5,0.0,0.6666666666666666,0.16666666666666666,0.1666666666666667,0.16666666666666666,0.5,0.33333333333333337
P-0471,0.5,0.3333333333333333,0.16666666666666669,0.5,0.3333333333333333,0.16666666666666669,0.5,0.3333333333333333,0.16666666666666669,0.8333333333333334,0.0,0.16666666666666663,0.8333333333333334,0.16666666666666666,-2.7755575615628914e-17,0.6666666666666666,0.16666666666666666,0.1666666666666667,0.5,0.3333333333333333,0.16666666666666669,0.3333333333333333,0.5,0.16666666666666674,0.16666666666666666,0.3333333333333333,0.5,0.16666666666666666,0.6666666666666666,0.16666666666666674,0.16666666666666666,0.6666666666666666,0.16666666666666674,0.5,0.3333333333333333,0.16666666666666669,0.16666666666666666,0.5,0.33333333333333337
P-0472,0.5,0.5,0.0,0.16666666666666666,0.6666666666666666,0.16666666666666674,0.5,0.3333333333333333,0.16666666666666669,0.6666666666666666,0.3333333333333333,5.551115123125783e-17,0.6666666666666666,0.3333333333333333,5.551115123125783e-17,0.6666666666666666,0.3333333333333333,5.551115123125783e-17,0.5,0.16666666666666666,0.33333333333333337,0.5,0.16666666666666666,0.33333333333333337,0.0,0.5,0.5,0.3333333333333333,0.3333333333333333,0.3333333333333334,0.3333333333333333,0.6666666666666666,1.1102230246251565e-16,0.8333333333333334,0.0,0.16666666666666663,0.3333333333333333,0.5,0.16666666666666674
P-0473,0.3333333333333333,0.5,0.16666666666666674,0.6666666666666666,0.16666666666666666,0.1666666666666667,0.6666666666666666,0.16666666666666666,0.1666666666666667,0.3333333333333333,0.5,0.16666666666666674,0.8333333333333334,0.0,0.16666666666666663,0.3333333333333333,0.5,0.16666666666666674,0.3333333333333333,0.5,0.16666666666666674,0.5,0.16666666666666666,0.33333333333333337,0.16666666666666666,0.5,0.33333333333333337,0.5,0.16666666666666666,0.33333333333333337,0.16666666666666666,0.8333333333333334,0.0,0.3333333333333333,0.16666666666666666,0.5000000000000001,0.6666666666666666,0.3333333333333333,5.551115123125783e-17
P-0474,0.3333333333333333,0.16666666666666666,0.5000000000000001,0.3333333333333333,0.16666666666666666,0.5000000000000001,0.3333333333333333,0.16666666666666666,0.5000000000000001,0.3333333333333333,0.16666666666666666,0.5000000000000001,0.5,0.0,0.5,0.3333333333333333,0.16666666666666666,0.5000000000000001,0.3333333333333333,0.16666666666666666,0.5000000000000001,0.16666666666666666,0.6666666666666666,0.16666666666666674,0.5,0.16666666666666666,0.33333333333333337,0.16666666666666666,0.6666666666666666,0.16666666666666674,0.16666666666666666,0.8333333333333334,0.0,0.3333333333333333,0.5,0.16666666666666674,0.6666666666666666,0.3333333333333333,5.551115123125783e-17
P-0475,0.5,0.16666666666666666,0.33333333333333337,0.16666666666666666,0.5,0.33333333333333337,0.16666666666666666,0.5,0.33333333333333337,0.5,0.0,0.5,0.5,0.3333333333333333,0.16666666666666669,0.6666666666666666,0.0,0.33333333333333337,0.5,0.0,0.5,0.0,0.5,0.5,0.5,0.0,0.5,0.0,0.5,0.5,0.3333333333333333,0.6666666666666666,1.1102230246251565e-16,0.5,0.5,0.0,0.3333333333333333,0.5,0.16666666666666674
P-0476,0.8333333333333334,0.16666666666666666,-2.7755575615628914e-17,0.5,0.5,0.0,0.6666666666666666,0.3333333333333333,5.551115123125783e-17,0.8333333333333334,0.16666666666666666,-2.7755575615628914e-17,0.8333333333333334,0.16666666666666666,-2.7755575615628914e-17,0.8333333333333334,0.16666666666666666,-2.7755575615628914e-17,0.8333333333333334,0.0,0.16666666666666663,0.16666666666666666,0.5,0.33333333333333337,0.0,0.16666666666666666,0.8333333333333334,0.16666666666666666,0.5,0.33333333333333337,0.3333333333333333,0.6666666666666666,1.1102230246251565e-16,1.0,0.0,0.0,0.16666666666666666,0.8333333333333334,0.0
P-0477,0.5,0.5,0.0,0.5,0.5,0.0,0.6666666666666666,0.3333333333333333,5.551115123125783e-17,0.8333333333333334,0.16666666666666666,-2.7755575615628914e-17,0.8333333333333334,0.16666666666666666,-2.7755575615628914e-17,0.5,0.5,0.0,0.6666666666666666,0.16666666666666666,0.1666666666666667,0.5,0.16666666666666666,0.33333333333333337,0.0,0.5,0.5,0.5,0.16666666666666666,0.33333333333333337,0.3333333333333333,0.5,0.16666666666666674,0.6666666666666666,0.16666666666666666,0.1666666666666667,0.16666666666666666,0.5,0.33333333333333337
P-0478,0.5,0.3333333333333333,0.16666666666666669,0.3333333333333333,0.3333333333333333,0.3333333333333334,0.3333333333333333,0.3333333333333333,0.3333333333333334,0.8333333333333334,0.0,0.16666666666666663,0.8333333333333334,0.16666666666666666,-2.7755575615628914e-17,0.6666666666666666,0.16666666666666666,0.1666666666666667,0.6666666666666666,0.16666666666666666,0.1666666666666667,0.3333333333333333,0.3333333333333333,0.3333333333333334,0.16666666666666666,0.3333333333333333,0.5,0.16666666666666666,0.5,0.33333333333333337,0.3333333333333333,0.5,0.16666666666666674,0.6666666666666666,0.0,0.33333333333333337,0.16666666666666666,0.5,0.33333333333333337
P-0479,0.3333333333333333,0.6666666666666666,1.1102230246251565e-16,0.5,0.3333333333333333,0.16666666666666669,0.5,0.3333333333333333,0.16666666666666669,0.8333333333333334,0.16666666666666666,-2.7755575615628914e-17,0.8333333333333334,0.16666666666666666,-2.7755575615628914e-17,0.6666666666666666,0.3333333333333333,5.551115123125783e-17,0.5,0.3333333333333333,0.16666666666666669,0.5,0.16666666666666666,0.33333333333333337,0.0,0.5,0.5,0.3333333333333333,0.3333333333333333,0.3333333333333334,0.16666666666666666,0.6666666666666666,0.16666666666666674,0.5,0.16666666666666666,0.33333333333333337,0.0,0.3333333333333333,0.6666666666666667
P-0480,0.5,0.16666666666666666,0.33333333333333337,0.5,0.16666666666666666,0.33333333333333337,0.5,0.16666666666666666,0.33333333333333337,0.6666666666666666,0.0,0.33333333333333337,0.6666666666666666,0.16666666666666666,0.1666666666666667,0.5,0.16666666666666666,0.33333333333333337,0.3333333333333333,0.3333333333333333,0.3333333333333334,0.16666666666666666,0.5,0.33333333333333337,0.3333333333333333,0.16666666666666666,0.5000000000000001,0.16666666666666666,0.5,0.33333333333333337,0.16666666666666666,0.8333333333333334,0.0,0.3333333333333333,0.16666666666666666,0.5000000000000001,0.3333333333333333,0.5,0.16666666666666674
P-0481,0.5,0.3333333333333333,0.16666666666666669,0.5,0.5,0.0,0.5,0.5,0.0,0.6666666666666666,0.16666666666666666,0.1666666666666667,0.8333333333333334,0.16666666666666666,-2.7755575615628914e-17,0.5,0.3333333333333333,0.16666666666666669,0.5,0.3333333333333333,0.16666666666666669,0.3333333333333333,0.3333333333333333,0.3333333333333334,0.16666666666666666,0.3333333333333333,0.5,0.3333333333333333,0.3333333333333333,0.3333333333333334,0.3333333333333333,0.5,0.16666666666666674,0.5,0.3333333333333333,0.16666666666666669,0.3333333333333333,0.5,0.16666666666666674
P-0482,0.6666666666666666,0.16666666666666666,0.1666666666666667,0.5,0.5,0.0,0.5,0.5,0.0,0.8333333333333334,0.0,0.16666666666666663,0.8333333333333334,0.16666666666666666,-2.7755575615628914e-17,0.6666666666666666,0.16666666666666666,0.1666666666666667,0.6666666666666666,0.16666666666666666,0.1666666666666667,0.16666666666666666,0.5,0.33333333333333337,0.16666666666666666,0.16666666666666666,0.6666666666666667,0.16666666666666666,0.5,0.33333333333333337,0.3333333333333333,0.5,0.16666666666666674,0.6666666666666666,0.3333333333333333,5.551115123125783e-17,0.16666666666666666,0.6666666666666666,0.16666666666666674
P-0483,0.5,0.3333333333333333,0.16666666666666669,0.5,0.5,0.0,0.5,0.5,0.0,0.6666666666666666,0.16666666666666666,0.1666666666666667,0.8333333333333334,0.16666666666666666,-2.7755575615628914e-17,0.5,0.3333333333333333,0.16666666666666669,0.5,0.3333333333333333,0.16666666666666669,0.3333333333333333,0.3333333333333333,0.3333333333333334,0.16666666666666666,0.3333333333333333,0.5,0.3333333333333333,0.3333333333333333,0.3333333333333334,0.3333333333333333,0.6666666666666666,1.1102230246251565e-16,0.5,0.3333333333333333,0.16666666666666669,0.3333333333333333,0.5,0.16666666666666674
P-0484,0.3333333333333333,0.16666666666666666,0.5000000000000001,0.16666666666666666,0.5,0.33333333333333337,0.16666666666666666,0.5,0.33333333333333337,0.5,0.0,0.5,0.5,0.5,0.0,0.3333333333333333,0.16666666666666666,0.5000000000000001,0.3333333333333333,0.16666666666666666,0.5000000000000001,0.16666666666666666,0.5,0.33333333333333337,0.5,0.16666666666666666,0.33333333333333337,0.16666666666666666,0.5,0.33333333333333337,0.3333333333333333,0.6666666666666666,1.1102230246251565e-16,0.6666666666666666,0.3333333333333333,5.551115123125783e-17,0.5,0.3333333333333333,0.16666666666666669
P-0485,0.3333333333333333,0.5,0.16666666666666674,0.5,0.5,0.0,0.6666666666666666,0.3333333333333333,5.551115123125783e-17,0.5,0.3333333333333333,0.16666666666666669,0.6666666666666666,0.3333333333333333,5.551115123125783e-17,0.3333333333333333,0.5,0.16666666666666674,0.3333333333333333,0.3333333333333333,0.3333333333333334,0.5,0.3333333333333333,0.16666666666666669,0.16666666666666666,0.5,0.33333333333333337,0.5,0.3333333333333333,0.16666666666666669,0.16666666666666666,0.6666666666666666,0.16666666666666674,0.5,0.3333333333333333,0.16666666666666669,0.5,0.3333333333333333,0.16666666666666669
P-0491,0.5,0.3333333333333333,0.16666666666666669,0.3333333333333333,0.5,0.16666666666666674,0.3333333333333333,0.5,0.16666666666666674,0.8333333333333334,0.0,0.16666666666666663,0.8333333333333334,0.16666666666666666,-2.7755575615628914e-17,0.6666666666666666,0.16666666666666666,0.1666666666666667,0.5,0.3333333333333333,0.16666666666666669,0.5,0.16666666666666666,0.33333333333333337,0.16666666666666666,0.3333333333333333,0.5,0.3333333333333333,0.3333333333333333,0.3333333333333334,0.3333333333333333,0.5,0.16666666666666674,0.3333333333333333,0.3333333333333333,0.3333333333333334,0.16666666666666666,0.5,0.33333333333333337
P-0492,0.6666666666666666,0.0,0.33333333333333337,0.3333333333333333,0.5,0.16666666666666674,0.3333333333333333,0.5,0.16666666666666674,0.6666666666666666,0.0,0.33333333333333337,0.6666666666666666,0.3333333333333333,5.551115123125783e-17,0.6666666666666666,0.0,0.33333333333333337,0.6666666666666666,0.0,0.33333333333333337,0.16666666666666666,0.5,0.33333333333333337,0.3333333333333333,0.0,0.6666666666666667,0.16666666666666666,0.5,0.33333333333333337,0.3333333333333333,0.3333333333333333,0.3333333333333334,0.6666666666666666,0.16666666666666666,0.1666666666666667,0.3333333333333333,0.6666666666666666,1.1102230246251565e-16
P-0493,0.5,0.16666666666666666,0.33333333333333337,0.3333333333333333,0.5,0.16666666666666674,0.3333333333333333,0.5,0.16666666666666674,0.6666666666666666,0.0,0.33333333333333337,0.6666666666666666,0.3333333333333333,5.551115123125783e-17,0.6666666666666666,0.0,0.33333333333333337,0.5,0.16666666666666666,0.33333333333333337,0.16666666666666666,0.6666666666666666,0.16666666666666674,0.3333333333333333,0.16666666666666666,0.5000000000000001,0.0,0.8333333333333334,0.16666666666666663,0.16666666666666666,0.5,0.33333333333333337,0.5,0.3333333333333333,0.16666666666666669,0.3333333333333333,0.5,0.16666666666666674
P-0494,0.5,0.3333333333333333,0.16666666666666669,0.5,0.5,0.0,0.5,0.5,0.0,0.6666666666666666,0.16666666666666666,0.1666666666666667,0.6666666666666666,0.3333333333333333,5.551115123125783e-17,0.6666666666666666,0.16666666666666666,0.1666666666666667,0.6666666666666666,0.0,0.33333333333333337,0.3333333333333333,0.3333333333333333,0.3333333333333334,0.16666666666666666,0.16666666666666666,0.6666666666666667,0.3333333333333333,0.3333333333333333,0.3333333333333334,0.16666666666666666,0.5,0.33333333333333337,0.5,0.16666666666666666,0.33333333333333337,0.16666666666666666,0.5,0.33333333333333337
P-0495,0.3333333333333333,0.16666666666666666,0.5000000000000001,0.16666666666666666,0.6666666666666666,0.16666666666666674,0.16666666666666666,0.6666666666666666,0.16666666666666674,0.3333333333333333,0.16666666666666666,0.5000000000000001,0.5,0.5,0.0,0.3333333333333333,0.16666666666666666,0.5000000000000001,0.3333333333333333,0.16666666666666666,0.5000000000000001,0.16666666666666666,0.5,0.33333333333333337,0.5,0.16666666666666666,0.33333333333333337,0.16666666666666666,0.5,0.33333333333333337,0.3333333333333333,0.6666666666666666,1.1102230246251565e-16,0.5,0.3333333333333333,0.16666666666666669,0.6666666666666666,0.3333333333333333,5.551115123125783e-17
P-0496,0.5,0.0,0.5,0.3333333333333333,0.3333333333333333,0.3333333333333334,0.3333333333333333,0.3333333333333333,0.3333333333333334,0.5,0.0,0.5,0.5,0.16666666666666666,0.33333333333333337,0.5,0.0,0.5,0.3333333333333333,0.16666666666666666,0.5000000000000001,0.0,0.8333333333333334,0.16666666666666663,0.5,0.0,0.5,0.0,0.8333333333333334,0.16666666666666663,0.16666666666666666,0.8333333333333334,0.0,0.3333333333333333,0.5,0.16666666666666674,0.5,0.5,0.0
P-0497,0.6666666666666666,0.0,0.33333333333333337,0.3333333333333333,0.5,0.16666666666666674,0.6666666666666666,0.3333333333333333,5.551115123125783e-17,0.5,0.16666666666666666,0.33333333333333337,0.6666666666666666,0.16666666666666666,0.1666666666666667,0.6666666666666666,0.16666666666666666,0.1666666666666667,0.6666666666666666,0.0,0.33333333333333337,0.3333333333333333,0.0,0.6666666666666667,0.3333333333333333,0.0,0.6666666666666667,0.3333333333333333,0.0,0.6666666666666667,0.3333333333333333,0.3333333333333333,0.3333333333333334,0.5,0.16666666666666666,0.33333333333333337,0.16666666666666666,0.6666666666666666,0.16666666666666674
P-0499,0.5,0.5,0.0,0.6666666666666666,0.16666666666666666,0.1666666666666667,0.6666666666666666,0.16666666666666666,0.1666666666666667,0.6666666666666666,0.16666666666666666,0.1666666666666667,0.8333333333333334,0.16666666666666666,-2.7755575615628914e-17,0.6666666666666666,0.3333333333333333,5.551115123125783e-17,0.16666666666666666,0.6666666666666666,0.16666666666666674,0.3333333333333333,0.3333333333333333,0.3333333333333334,0.16666666666666666,0.3333333333333333,0.5,0.3333333333333333,0.3333333333333333,0.3333333333333334,0.16666666666666666,0.8333333333333334,0.0,0.16666666666666666,0.3333333333333333,0.5,0.16666666666666666,0.5,0.33333333333333337
P-0500,0.0,0.5,0.5,0.0,0.6666666666666666,0.33333333333333337,0.3333333333333333,0.3333333333333333,0.3333333333333334,0.0,0.3333333333333333,0.6666666666666667,0.0,1.0,0.0,0.16666666666666666,0.3333333333333333,0.5,0.0,0.0,1.0,0.3333333333333333,0.5,0.16666666666666674,0.6666666666666666,0.3333333333333333,5.551115123125783e-17,0.3333333333333333,0.5,0.16666666666666674,0.0,1.0,0.0,0.5,0.5,0.0,0.8333333333333334,0.0,0.16666666666666663
P-0501,0.0,0.3333333333333333,0.6666666666666667,0.0,0.6666666666666666,0.33333333333333337,0.16666666666666666,0.5,0.33333333333333337,0.0,0.16666666666666666,0.8333333333333334,0.0,0.8333333333333334,0.16666666666666663,0.16666666666666666,0.16666666666666666,0.6666666666666667,0.0,0.0,1.0,0.3333333333333333,0.5,0.16666666666666674,0.8333333333333334,0.16666666666666666,-2.7755575615628914e-17,0.16666666666666666,0.6666666666666666,0.16666666666666674,0.0,1.0,0.0,0.3333333333333333,0.6666666666666666,1.1102230246251565e-16,0.8333333333333334,0.0,0.16666666666666663
P-0502,0.16666666666666666,0.3333333333333333,0.5,0.16666666666666666,0.5,0.33333333333333337,0.3333333333333333,0.3333333333333333,0.3333333333333334,0.16666666666666666,0.16666666666666666,0.6666666666666667,0.16666666666666666,0.8333333333333334,0.0,0.3333333333333333,0.16666666666666666,0.5000000000000001,0.16666666666666666,0.0,0.8333333333333334,0.3333333333333333,0.5,0.16666666666666674,0.6666666666666666,0.16666666666666666,0.1666666666666667,0.3333333333333333,0.5,0.16666666666666674,0.0,0.8333333333333334,0.16666666666666663,0.3333333333333333,0.5,0.16666666666666674,0.6666666666666666,0.16666666666666666,0.1666666666666667
P-0504,0.16666666666666666,0.3333333333333333,0.5,0.16666666666666666,0.5,0.33333333333333337,0.3333333333333333,0.3333333333333333,0.3333333333333334,0.16666666666666666,0.16666666666666666,0.6666666666666667,0.16666666666666666,0.8333333333333334,0.0,0.3333333333333333,0.16666666666666666,0.5000000000000001,0.16666666666666666,0.0,0.8333333333333334,0.16666666666666666,0.6666666666666666,0.16666666666666674,0.6666666666666666,0.16666666666666666,0.1666666666666667,0.16666666666666666,0.6666666666666666,0.16666666666666674,0.0,0.8333333333333334,0.16666666666666663,0.5,0.5,0.0,0.6666666666666666,0.16666666666666666,0.1666666666666667
P-0505,0.0,0.3333333333333333,0.6666666666666667,0.0,0.5,0.5,0.16666666666666666,0.3333333333333333,0.5,0.0,0.16666666666666666,0.8333333333333334,0.0,0.8333333333333334,0.16666666666666663,0.16666666666666666,0.16666666666666666,0.6666666666666667,0.0,0.0,1.0,0.16666666666666666,0.5,0.33333333333333337,0.8333333333333334,0.16666666666666666,-2.7755575615628914e-17,0.16666666666666666,0.5,0.33333333333333337,0.0,1.0,0.0,0.3333333333333333,0.6666666666666666,1.1102230246251565e-16,0.8333333333333334,0.0,0.16666666666666663
P-0506,0.0,0.5,0.5,0.16666666666666666,0.5,0.33333333333333337,0.3333333333333333,0.3333333333333333,0.3333333333333334,0.0,0.3333333333333333,0.6666666666666667,0.16666666666666666,0.8333333333333334,0.0,0.16666666666666666,0.3333333333333333,0.5,0.0,0.16666666666666666,0.8333333333333334,0.3333333333333333,0.5,0.16666666666666674,0.6666666666666666,0.3333333333333333,5.551115123125783e-17,0.3333333333333333,0.5,0.16666666666666674,0.0,1.0,0.0,0.3333333333333333,0.5,0.16666666666666674,0.8333333333333334,0.0,0.16666666666666663
P-0507,0.0,0.5,0.5,0.0,0.6666666666666666,0.33333333333333337,0.16666666666666666,0.5,0.33333333333333337,0.0,0.3333333333333333,0.6666666666666667,0.0,1.0,0.0,0.3333333333333333,0.16666666666666666,0.5000000000000001,0.0,0.0,1.0,0.16666666666666666,0.5,0.33333333333333337,0.6666666666666666,0.16666666666666666,0.1666666666666667,0.16666666666666666,0.5,0.33333333333333337,0.0,1.0,0.0,0.5,0.5,0.0,0.6666666666666666,0.0,0.33333333333333337
P-0508,0.0,0.3333333333333333,0.6666666666666667,0.0,0.5,0.5,0.16666666666666666,0.3333333333333333,0.5,0.0,0.16666666666666666,0.8333333333333334,0.0,0.8333333333333334,0.16666666666666663,0.16666666666666666,0.16666666666666666,0.6666666666666667,0.0,0.0,1.0,0.16666666666666666,0.6666666666666666,0.16666666666666674,0.8333333333333334,0.16666666666666666,-2.7755575615628914e-17,0.16666666666666666,0.6666666666666666,0.16666666666666674,0.0,1.0,0.0,0.3333333333333333,0.6666666666666666,1.1102230246251565e-16,0.8333333333333334,0.0,0.16666666666666663
P-0509,0.16666666666666666,0.3333333333333333,0.5,0.0,0.6666666666666666,0.33333333333333337,0.16666666666666666,0.5,0.33333333333333337,0.16666666666666666,0.16666666666666666,0.6666666666666667,0.16666666666666666,0.8333333333333334,0.0,0.3333333333333333,0.16666666666666666,0.5000000000000001,0.16666666666666666,0.0,0.8333333333333334,0.16666666666666666,0.5,0.33333333333333337,0.6666666666666666,0.16666666666666666,0.1666666666666667,0.16666666666666666,0.5,0.33333333333333337,0.16666666666666666,0.8333333333333334,0.0,0.5,0.5,0.0,0.6666666666666666,0.16666666666666666,0.1666666666666667
P-0510,0.3333333333333333,0.3333333333333333,0.3333333333333334,0.5,0.16666666666666666,0.33333333333333337,0.6666666666666666,0.0,0.33333333333333337,0.5,0.16666666666666666,0.33333333333333337,0.5,0.5,0.0,0.3333333333333333,0.3333333333333333,0.3333333333333334,0.3333333333333333,0.16666666666666666,0.5000000000000001,0.5,0.5,0.0,0.3333333333333333,0.3333333333333333,0.3333333333333334,0.5,0.5,0.0,0.0,0.8333333333333334,0.16666666666666663,0.6666666666666666,0.16666666666666666,0.1666666666666667,0.5,0.3333333333333333,0.16666666666666669
P-0511,0.0,0.3333333333333333,0.6666666666666667,0.0,0.5,0.5,0.16666666666666666,0.3333333333333333,0.5,0.0,0.16666666666666666,0.8333333333333334,0.0,1.0,0.0,0.16666666666666666,0.16666666666666666,0.6666666666666667,0.0,0.0,1.0,0.16666666666666666,0.6666666666666666,0.16666666666666674,0.8333333333333334,0.16666666666666666,-2.7755575615628914e-17,0.16666666666666666,0.6666666666666666,0.16666666666666674,0.0,1.0,0.0,0.5,0.5,0.0,0.8333333333333334,0.0,0.16666666666666663
P-0512,0.0,0.3333333333333333,0.6666666666666667,0.0,0.6666666666666666,0.33333333333333337,0.16666666666666666,0.5,0.33333333333333337,0.0,0.16666666666666666,0.8333333333333334,0.0,1.0,0.0,0.16666666666666666,0.16666666666666666,0.6666666666666667,0.0,0.0,1.0,0.16666666666666666,0.5,0.33333333333333337,0.8333333333333334,0.16666666666666666,-2.7755575615628914e-17,0.16666666666666666,0.5,0.33333333333333337,0.0,1.0,0.0,0.5,0.5,0.0,0.6666666666666666,0.0,0.33333333333333337
P-0513,0.3333333333333333,0.5,0.16666666666666674,0.3333333333333333,0.5,0.16666666666666674,0.6666666666666666,0.16666666666666666,0.1666666666666667,0.5,0.3333333333333333,0.16666666666666669,0.5,0.5,0.0,0.3333333333333333,0.5,0.16666666666666674,0.16666666666666666,0.3333333333333333,0.5,0.5,0.3333333333333333,0.16666666666666669,0.16666666666666666,0.5,0.33333333333333337,0.5,0.3333333333333333,0.16666666666666669,0.16666666666666666,0.8333333333333334,0.0,0.6666666666666666,0.16666666666666666,0.1666666666666667,0.5,0.3333333333333333,0.16666666666666669
P-0515,0.16666666666666666,0.3333333333333333,0.5,0.16666666666666666,0.5,0.33333333333333337,0.3333333333333333,0.3333333333333333,0.3333333333333334,0.16666666666666666,0.16666666666666666,0.6666666666666667,0.16666666666666666,0.8333333333333334,0.0,0.3333333333333333,0.16666666666666666,0.5000000000000001,0.0,0.16666666666666666,0.8333333333333334,0.16666666666666666,0.6666666666666666,0.16666666666666674,0.6666666666666666,0.16666666666666666,0.1666666666666667,0.16666666666666666,0.6666666666666666,0.16666666666666674,0.0,1.0,0.0,0.3333333333333333,0.5,0.16666666666666674,0.6666666666666666,0.16666666666666666,0.1666666666666667
P-0516,0.0,0.5,0.5,0.0,0.5,0.5,0.16666666666666666,0.3333333333333333,0.5,0.16666666666666666,0.16666666666666666,0.6666666666666667,0.16666666666666666,0.8333333333333334,0.0,0.3333333333333333,0.16666666666666666,0.5000000000000001,0.0,0.16666666666666666,0.8333333333333334,0.3333333333333333,0.5,0.16666666666666674,0.6666666666666666,0.3333333333333333,5.551115123125783e-17,0.16666666666666666,0.6666666666666666,0.16666666666666674,0.0,1.0,0.0,0.3333333333333333,0.5,0.16666666666666674,0.6666666666666666,0.0,0.33333333333333337
P-0517,0.16666666666666666,0.3333333333333333,0.5,0.16666666666666666,0.5,0.33333333333333337,0.3333333333333333,0.3333333333333333,0.3333333333333334,0.16666666666666666,0.16666666666666666,0.6666666666666667,0.16666666666666666,0.8333333333333334,0.0,0.3333333333333333,0.16666666666666666,0.5000000000000001,0.16666666666666666,0.0,0.8333333333333334,0.16666666666666666,0.6666666666666666,0.16666666666666674,0.6666666666666666,0.16666666666666666,0.1666666666666667,0.16666666666666666,0.6666666666666666,0.16666666666666674,0.0,1.0,0.0,0.5,0.5,0.0,0.6666666666666666,0.16666666666666666,0.1666666666666667
P-0518,0.16666666666666666,0.3333333333333333,0.5,0.0,0.6666666666666666,0.33333333333333337,0.3333333333333333,0.3333333333333333,0.3333333333333334,0.0,0.3333333333333333,0.6666666666666667,0.16666666666666666,0.8333333333333334,0.0,0.3333333333333333,0.16666666666666666,0.5000000000000001,0.16666666666666666,0.0,0.8333333333333334,0.16666666666666666,0.5,0.33333333333333337,0.6666666666666666,0.16666666666666666,0.1666666666666667,0.16666666666666666,0.5,0.33333333333333337,0.16666666666666666,0.8333333333333334,0.0,0.5,0.5,0.0,0.6666666666666666,0.16666666666666666,0.1666666666666667
P-0519,0.5,0.3333333333333333,0.16666666666666669,0.6666666666666666,0.16666666666666666,0.1666666666666667,0.8333333333333334,0.0,0.16666666666666663,0.6666666666666666,0.16666666666666666,0.1666666666666667,0.6666666666666666,0.3333333333333333,5.551115123125783e-17,0.5,0.3333333333333333,0.16666666666666669,0.5,0.16666666666666666,0.33333333333333337,0.3333333333333333,0.6666666666666666,1.1102230246251565e-16,0.16666666666666666,0.3333333333333333,0.5,0.3333333333333333,0.6666666666666666,1.1102230246251565e-16,0.0,1.0,0.0,0.6666666666666666,0.0,0.33333333333333337,0.3333333333333333,0.5,0.16666666666666674
P-0520,0.5,0.3333333333333333,0.16666666666666669,0.5,0.3333333333333333,0.16666666666666669,0.8333333333333334,0.0,0.16666666666666663,0.5,0.3333333333333333,0.16666666666666669,0.6666666666666666,0.3333333333333333,5.551115123125783e-17,0.5,0.3333333333333333,0.16666666666666669,0.5,0.16666666666666666,0.33333333333333337,0.3333333333333333,0.5,0.16666666666666674,0.16666666666666666,0.3333333333333333,0.5,0.3333333333333333,0.5,0.16666666666666674,0.16666666666666666,0.8333333333333334,0.0,0.6666666666666666,0.0,0.33333333333333337,0.3333333333333333,0.5,0.16666666666666674
P-0521,0.0,0.5,0.5,0.16666666666666666,0.5,0.33333333333333337,0.3333333333333333,0.3333333333333333,0.3333333333333334,0.16666666666666666,0.16666666666666666,0.6666666666666667,0.16666666666666666,0.8333333333333334,0.0,0.16666666666666666,0.3333333333333333,0.5,0.16666666666666666,0.0,0.8333333333333334,0.3333333333333333,0.5,0.16666666666666674,0.6666666666666666,0.3333333333333333,5.551115123125783e-17,0.3333333333333333,0.5,0.16666666666666674,0.0,1.0,0.0,0.3333333333333333,0.5,0.16666666666666674,0.6666666666666666,0.0,0.33333333333333337
P-0522,0.0,0.6666666666666666,0.33333333333333337,0.16666666666666666,0.5,0.33333333333333337,0.5,0.16666666666666666,0.33333333333333337,0.16666666666666666,0.3333333333333333,0.5,0.16666666666666666,0.8333333333333334,0.0,0.16666666666666666,0.5,0.33333333333333337,0.0,0.16666666666666666,0.8333333333333334,0.5,0.3333333333333333,0.16666666666666669,0.5,0.5,0.0,0.5,0.3333333333333333,0.16666666666666669,0.0,1.0,0.0,0.5,0.5,0.0,0.6666666666666666,0.0,0.33333333333333337
P-0523,0.0,0.5,0.5,0.16666666666666666,0.5,0.33333333333333337,0.3333333333333333,0.3333333333333333,0.3333333333333334,0.16666666666666666,0.16666666666666666,0.6666666666666667,0.16666666666666666,0.6666666666666666,0.16666666666666674,0.16666666666666666,0.3333333333333333,0.5,0.0,0.16666666666666666,0.8333333333333334,0.5,0.3333333333333333,0.16666666666666669,0.6666666666666666,0.3333333333333333,5.551115123125783e-17,0.3333333333333333,0.5,0.16666666666666674,0.0,1.0,0.0,0.3333333333333333,0.6666666666666666,1.1102230246251565e-16,0.6666666666666666,0.0,0.33333333333333337
P-0524,0.16666666666666666,0.5,0.33333333333333337,0.3333333333333333,0.3333333333333333,0.3333333333333334,0.5,0.16666666666666666,0.33333333333333337,0.3333333333333333,0.16666666666666666,0.5000000000000001,0.3333333333333333,0.6666666666666666,1.1102230246251565e-16,0.3333333333333333,0.3333333333333333,0.3333333333333334,0.16666666666666666,0.16666666666666666,0.6666666666666667,0.5,0.3333333333333333,0.16666666666666669,0.5,0.3333333333333333,0.16666666666666669,0.5,0.3333333333333333,0.16666666666666669,0.0,0.8333333333333334,0.16666666666666663,0.3333333333333333,0.5,0.16666666666666674,0.5,0.16666666666666666,0.33333333333333337
P-0525,0.16666666666666666,0.5,0.33333333333333337,0.3333333333333333,0.3333333333333333,0.3333333333333334,0.5,0.16666666666666666,0.33333333333333337,0.3333333333333333,0.16666666666666666,0.5000000000000001,0.3333333333333333,0.6666666666666666,1.1102230246251565e-16,0.3333333333333333,0.3333333333333333,0.3333333333333334,0.16666666666666666,0.16666666666666666,0.6666666666666667,0.3333333333333333,0.5,0.16666666666666674,0.5,0.3333333333333333,0.16666666666666669,0.3333333333333333,0.5,0.16666666666666674,0.0,0.8333333333333334,0.16666666666666663,0.5,0.5,0.0,0.5,0.16666666666666666,0.33333333333333337
P-0526,0.0,0.5,0.5,0.16666666666666666,0.3333333333333333,0.5,0.3333333333333333,0.16666666666666666,0.5000000000000001,0.16666666666666666,0.16666666666666666,0.6666666666666667,0.16666666666666666,0.6666666666666666,0.16666666666666674,0.16666666666666666,0.3333333333333333,0.5,0.0,0.16666666666666666,0.8333333333333334,0.3333333333333333,0.3333333333333333,0.3333333333333334,0.6666666666666666,0.3333333333333333,5.551115123125783e-17,0.3333333333333333,0.3333333333333333,0.3333333333333334,0.0,1.0,0.0,0.3333333333333333,0.6666666666666666,1.1102230246251565e-16,0.6666666666666666,0.0,0.33333333333333337
P-0527,0.0,0.6666666666666666,0.33333333333333337,0.3333333333333333,0.3333333333333333,0.3333333333333334,0.5,0.16666666666666666,0.33333333333333337,0.16666666666666666,0.3333333333333333,0.5,0.3333333333333333,0.6666666666666666,1.1102230246251565e-16,0.16666666666666666,0.5,0.33333333333333337,0.0,0.3333333333333333,0.6666666666666667,0.5,0.3333333333333333,0.16666666666666669,0.5,0.5,0.0,0.5,0.3333333333333333,0.16666666666666669,0.0,1.0,0.0,0.3333333333333333,0.5,0.16666666666666674,0.6666666666666666,0.0,0.33333333333333337
P-0528,0.0,0.6666666666666666,0.33333333333333337,0.16666666666666666,0.5,0.33333333333333337,0.3333333333333333,0.3333333333333333,0.3333333333333334,0.16666666666666666,0.3333333333333333,0.5,0.16666666666666666,0.8333333333333334,0.0,0.3333333333333333,0.3333333333333333,0.3333333333333334,0.0,0.16666666666666666,0.8333333333333334,0.3333333333333333,0.3333333333333333,0.3333333333333334,0.5,0.3333333333333333,0.16666666666666669,0.3333333333333333,0.3333333333333333,0.3333333333333334,0.0,1.0,0.0,0.5,0.5,0.0,0.5,0.0,0.5
P-0529,0.0,0.5,0.5,0.16666666666666666,0.3333333333333333,0.5,0.3333333333333333,0.16666666666666666,0.5000000000000001,0.16666666666666666,0.16666666666666666,0.6666666666666667,0.16666666666666666,0.6666666666666666,0.16666666666666674,0.16666666666666666,0.3333333333333333,0.5,0.0,0.16666666666666666,0.8333333333333334,0.3333333333333333,0.5,0.16666666666666674,0.6666666666666666,0.3333333333333333,5.551115123125783e-17,0.3333333333333333,0.5,0.16666666666666674,0.0,1.0,0.0,0.3333333333333333,0.6666666666666666,1.1102230246251565e-16,0.6666666666666666,0.0,0.33333333333333337
P-0530,0.16666666666666666,0.5,0.33333333333333337,0.16666666666666666,0.5,0.33333333333333337,0.3333333333333333,0.3333333333333333,0.3333333333333334,0.3333333333333333,0.16666666666666666,0.5000000000000001,0.3333333333333333,0.6666666666666666,1.1102230246251565e-16,0.3333333333333333,0.3333333333333333,0.3333333333333334,0.16666666666666666,0.16666666666666666,0.6666666666666667,0.3333333333333333,0.3333333333333333,0.3333333333333334,0.5,0.3333333333333333,0.16666666666666669,0.3333333333333333,0.3333333333333333,0.3333333333333334,0.16666666666666666,0.8333333333333334,0.0,0.5,0.5,0.0,0.5,0.16666666666666666,0.33333333333333337
P-0531,0.0,0.5,0.5,0.16666666666666666,0.3333333333333333,0.5,0.3333333333333333,0.16666666666666666,0.5000000000000001,0.16666666666666666,0.16666666666666666,0.6666666666666667,0.16666666666666666,0.8333333333333334,0.0,0.16666666666666666,0.3333333333333333,0.5,0.0,0.16666666666666666,0.8333333333333334,0.3333333333333333,0.5,0.16666666666666674,0.6666666666666666,0.3333333333333333,5.551115123125783e-17,0.3333333333333333,0.5,0.16666666666666674,0.0,1.0,0.0,0.5,0.5,0.0,0.6666666666666666,0.0,0.33333333333333337
P-0532,0.0,0.5,0.5,0.16666666666666666,0.5,0.33333333333333337,0.3333333333333333,0.3333333333333333,0.3333333333333334,0.16666666666666666,0.16666666666666666,0.6666666666666667,0.16666666666666666,0.8333333333333334,0.0,0.16666666666666666,0.3333333333333333,0.5,0.0,0.16666666666666666,0.8333333333333334,0.3333333333333333,0.3333333333333333,0.3333333333333334,0.6666666666666666,0.3333333333333333,5.551115123125783e-17,0.3333333333333333,0.3333333333333333,0.3333333333333334,0.0,1.0,0.0,0.5,0.5,0.0,0.5,0.0,0.5
P-0533,0.16666666666666666,0.5,0.33333333333333337,0.3333333333333333,0.3333333333333333,0.3333333333333334,0.5,0.16666666666666666,0.33333333333333337,0.3333333333333333,0.16666666666666666,0.5000000000000001,0.3333333333333333,0.6666666666666666,1.1102230246251565e-16,0.3333333333333333,0.3333333333333333,0.3333333333333334,0.0,0.3333333333333333,0.6666666666666667,0.3333333333333333,0.5,0.16666666666666674,0.5,0.3333333333333333,0.16666666666666669,0.3333333333333333,0.5,0.16666666666666674,0.0,1.0,0.0,0.3333333333333333,0.5,0.16666666666666674,0.5,0.16666666666666666,0.33333333333333337
P-0534,0.0,0.6666666666666666,0.33333333333333337,0.16666666666666666,0.3333333333333333,0.5,0.3333333333333333,0.16666666666666666,0.5000000000000001,0.3333333333333333,0.16666666666666666,0.5000000000000001,0.3333333333333333,0.6666666666666666,1.1102230246251565e-16,0.3333333333333333,0.3333333333333333,0.3333333333333334,0.0,0.3333333333333333,0.6666666666666667,0.5,0.3333333333333333,0.16666666666666669,0.5,0.5,0.0,0.3333333333333333,0.5,0.16666666666666674,0.0,1.0,0.0,0.3333333333333333,0.5,0.16666666666666674,0.5,0.0,0.5
P-0535,0.16666666666666666,0.5,0.33333333333333337,0.3333333333333333,0.3333333333333333,0.3333333333333334,0.5,0.16666666666666666,0.33333333333333337,0.3333333333333333,0.16666666666666666,0.5000000000000001,0.3333333333333333,0.6666666666666666,1.1102230246251565e-16,0.3333333333333333,0.3333333333333333,0.3333333333333334,0.16666666666666666,0.16666666666666666,0.6666666666666667,0.3333333333333333,0.5,0.16666666666666674,0.5,0.3333333333333333,0.16666666666666669,0.3333333333333333,0.5,0.16666666666666674,0.0,1.0,0.0,0.5,0.5,0.0,0.5,0.16666666666666666,0.33333333333333337
P-0536,0.16666666666666666,0.5,0.33333333333333337,0.16666666666666666,0.5,0.33333333333333337,0.5,0.16666666666666666,0.33333333333333337,0.16666666666666666,0.3333333333333333,0.5,0.3333333333333333,0.6666666666666666,1.1102230246251565e-16,0.3333333333333333,0.3333333333333333,0.3333333333333334,0.16666666666666666,0.16666666666666666,0.6666666666666667,0.3333333333333333,0.3333333333333333,0.3333333333333334,0.5,0.3333333333333333,0.16666666666666669,0.3333333333333333,0.3333333333333333,0.3333333333333334,0.16666666666666666,0.8333333333333334,0.0,0.5,0.5,0.0,0.5,0.16666666666666666,0.33333333333333337
P-0537,0.0,0.6666666666666666,0.33333333333333337,0.3333333333333333,0.3333333333333333,0.3333333333333334,0.5,0.16666666666666666,0.33333333333333337,0.3333333333333333,0.16666666666666666,0.5000000000000001,0.3333333333333333,0.6666666666666666,1.1102230246251565e-16,0.16666666666666666,0.5,0.33333333333333337,0.16666666666666666,0.16666666666666666,0.6666666666666667,0.5,0.3333333333333333,0.16666666666666669,0.5,0.5,0.0,0.5,0.3333333333333333,0.16666666666666669,0.0,1.0,0.0,0.3333333333333333,0.5,0.16666666666666674,0.5,0.0,0.5
P-0538,0.0,0.6666666666666666,0.33333333333333337,0.3333333333333333,0.3333333333333333,0.3333333333333334,0.5,0.16666666666666666,0.33333333333333337,0.3333333333333333,0.16666666666666666,0.5000000000000001,0.3333333333333333,0.6666666666666666,1.1102230246251565e-16,0.16666666666666666,0.5,0.33333333333333337,0.0,0.3333333333333333,0.6666666666666667,0.5,0.3333333333333333,0.16666666666666669,0.5,0.5,0.0,0.5,0.3333333333333333,0.16666666666666669,0.0,1.0,0.0,0.3333333333333333,0.6666666666666666,1.1102230246251565e-16,0.5,0.0,0.5
P-0539,0.0,0.5,0.5,0.16666666666666666,0.6666666666666666,0.16666666666666674,0.5,0.3333333333333333,0.16666666666666669,0.16666666666666666,0.3333333333333333,0.5,0.16666666666666666,0.8333333333333334,0.0,0.0,0.5,0.5,0.0,0.16666666666666666,0.8333333333333334,0.5,0.5,0.0,0.5,0.5,0.0,0.5,0.5,0.0,0.0,1.0,0.0,0.5,0.5,0.0,0.8333333333333334,0.0,0.16666666666666663
P-0540,0.0,0.3333333333333333,0.6666666666666667,0.16666666666666666,0.6666666666666666,0.16666666666666674,0.3333333333333333,0.5,0.16666666666666674,0.16666666666666666,0.16666666666666666,0.6666666666666667,0.16666666666666666,0.6666666666666666,0.16666666666666674,0.0,0.3333333333333333,0.6666666666666667,0.0,0.16666666666666666,0.8333333333333334,0.5,0.5,0.0,0.6666666666666666,0.3333333333333333,5.551115123125783e-17,0.3333333333333333,0.6666666666666666,1.1102230246251565e-16,0.0,1.0,0.0,0.3333333333333333,0.6666666666666666,1.1102230246251565e-16,0.8333333333333334,0.0,0.16666666666666663
P-0541,0.16666666666666666,0.3333333333333333,0.5,0.3333333333333333,0.5,0.16666666666666674,0.5,0.3333333333333333,0.16666666666666669,0.3333333333333333,0.16666666666666666,0.5000000000000001,0.3333333333333333,0.6666666666666666,1.1102230246251565e-16,0.16666666666666666,0.3333333333333333,0.5,0.16666666666666666,0.16666666666666666,0.6666666666666667,0.5,0.5,0.0,0.5,0.3333333333333333,0.16666666666666669,0.5,0.5,0.0,0.0,0.8333333333333334,0.16666666666666663,0.3333333333333333,0.5,0.16666666666666674,0.6666666666666666,0.16666666666666666,0.1666666666666667
P-0542,0.16666666666666666,0.3333333333333333,0.5,0.3333333333333333,0.5,0.16666666666666674,0.5,0.3333333333333333,0.16666666666666669,0.3333333333333333,0.16666666666666666,0.5000000000000001,0.3333333333333333,0.6666666666666666,1.1102230246251565e-16,0.16666666666666666,0.3333333333333333,0.5,0.16666666666666666,0.16666666666666666,0.6666666666666667,0.3333333333333333,0.6666666666666666,1.1102230246251565e-16,0.5,0.3333333333333333,0.16666666666666669,0.3333333333333333,0.6666666666666666,1.1102230246251565e-16,0.0,0.8333333333333334,0.16666666666666663,0.5,0.5,0.0,0.6666666666666666,0.16666666666666666,0.1666666666666667
P-0543,0.0,0.3333333333333333,0.6666666666666667,0.16666666666666666,0.5,0.33333333333333337,0.3333333333333333,0.3333333333333333,0.3333333333333334,0.16666666666666666,0.16666666666666666,0.6666666666666667,0.16666666666666666,0.6666666666666666,0.16666666666666674,0.0,0.3333333333333333,0.6666666666666667,0.0,0.16666666666666666,0.8333333333333334,0.3333333333333333,0.5,0.16666666666666674,0.6666666666666666,0.3333333333333333,5.551115123125783e-17,0.3333333333333333,0.5,0.16666666666666674,0.0,1.0,0.0,0.3333333333333333,0.6666666666666666,1.1102230246251565e-16,0.8333333333333334,0.0,0.16666666666666663
P-0544,0.0,0.5,0.5,0.3333333333333333,0.5,0.16666666666666674,0.5,0.3333333333333333,0.16666666666666669,0.16666666666666666,0.3333333333333333,0.5,0.3333333333333333,0.6666666666666666,1.1102230246251565e-16,0.0,0.5,0.5,0.0,0.3333333333333333,0.6666666666666667,0.5,0.5,0.0,0.5,0.5,0.0,0.5,0.5,0.0,0.0,1.0,0.0,0.3333333333333333,0.5,0.16666666666666674,0.8333333333333334,0.0,0.16666666666666663
P-0545,0.0,0.5,0.5,0.16666666666666666,0.6666666666666666,0.16666666666666674,0.3333333333333333,0.5,0.16666666666666674,0.16666666666666666,0.3333333333333333,0.5,0.16666666666666666,0.8333333333333334,0.0,0.16666666666666666,0.3333333333333333,0.5,0.0,0.16666666666666666,0.8333333333333334,0.3333333333333333,0.5,0.16666666666666674,0.5,0.3333333333333333,0.16666666666666669,0.3333333333333333,0.5,0.16666666666666674,0.0,1.0,0.0,0.5,0.5,0.0,0.6666666666666666,0.0,0.33333333333333337
P-0546,0.0,0.3333333333333333,0.6666666666666667,0.16666666666666666,0.5,0.33333333333333337,0.3333333333333333,0.3333333333333333,0.3333333333333334,0.16666666666666666,0.16666666666666666,0.6666666666666667,0.16666666666666666,0.6666666666666666,0.16666666666666674,0.0,0.3333333333333333,0.6666666666666667,0.0,0.16666666666666666,0.8333333333333334,0.3333333333333333,0.6666666666666666,1.1102230246251565e-16,0.6666666666666666,0.3333333333333333,5.551115123125783e-17,0.3333333333333333,0.6666666666666666,1.1102230246251565e-16,0.0,1.0,0.0,0.3333333333333333,0.6666666666666666,1.1102230246251565e-16,0.8333333333333334,0.0,0.16666666666666663
P-0547,0.16666666666666666,0.3333333333333333,0.5,0.16666666666666666,0.6666666666666666,0.16666666666666674,0.3333333333333333,0.5,0.16666666666666674,0.3333333333333333,0.16666666666666666,0.5000000000000001,0.3333333333333333,0.6666666666666666,1.1102230246251565e-16,0.16666666666666666,0.3333333333333333,0.5,0.16666666666666666,0.16666666666666666,0.6666666666666667,0.3333333333333333,0.5,0.16666666666666674,0.5,0.3333333333333333,0.16666666666666669,0.3333333333333333,0.5,0.16666666666666674,0.16666666666666666,0.8333333333333334,0.0,0.5,0.5,0.0,0.6666666666666666,0.16666666666666666,0.1666666666666667
P-0548,0.0,0.3333333333333333,0.6666666666666667,0.16666666666666666,0.5,0.33333333333333337,0.3333333333333333,0.3333333333333333,0.3333333333333334,0.16666666666666666,0.16666666666666666,0.6666666666666667,0.16666666666666666,0.8333333333333334,0.0,0.0,0.3333333333333333,0.6666666666666667,0.0,0.16666666666666666,0.8333333333333334,0.3333333333333333,0.6666666666666666,1.1102230246251565e-16,0.6666666666666666,0.3333333333333333,5.551115123125783e-17,0.3333333333333333,0.6666666666666666,1.1102230246251565e-16,0.0,1.0,0.0,0.5,0.5,0.0,0.8333333333333334,0.0,0.16666666666666663
P-0549,0.0,0.3333333333333333,0.6666666666666667,0.16666666666666666,0.6666666666666666,0.16666666666666674,0.3333333333333333,0.5,0.16666666666666674,0.16666666666666666,0.16666666666666666,0.6666666666666667,0.16666666666666666,0.8333333333333334,0.0,0.0,0.3333333333333333,0.6666666666666667,0.0,0.16666666666666666,0.8333333333333334,0.3333333333333333,0.5,0.16666666666666674,0.6666666666666666,0.3333333333333333,5.551115123125783e-17,0.3333333333333333,0.5,0.16666666666666674,0.0,1.0,0.0,0.5,0.5,0.0,0.6666666666666666,0.0,0.33333333333333337
P-0550,0.16666666666666666,0.3333333333333333,0.5,0.3333333333333333,0.5,0.16666666666666674,0.5,0.3333333333333333,0.16666666666666669,0.3333333333333333,0.16666666666666666,0.5000000000000001,0.3333333333333333,0.6666666666666666,1.1102230246251565e-16,0.16666666666666666,0.3333333333333333,0.5,0.0,0.3333333333333333,0.6666666666666667,0.3333333333333333,0.6666666666666666,1.1102230246251565e-16,0.5,0.3333333333333333,0.16666666666666669,0.3333333333333333,0.6666666666666666,1.1102230246251565e-16,0.0,1.0,0.0,0.3333333333333333,0.5,0.16666666666666674,0.6666666666666666,0.16666666666666666,0.1666666666666667
P-0551,0.0,0.5,0.5,0.16666666666666666,0.5,0.33333333333333337,0.3333333333333333,0.3333333333333333,0.3333333333333334,0.3333333333333333,0.16666666666666666,0.5000000000000001,0.3333333333333333,0.6666666666666666,1.1102230246251565e-16,0.16666666666666666,0.3333333333333333,0.5,0.0,0.3333333333333333,0.6666666666666667,0.5,0.5,0.0,0.5,0.5,0.0,0.3333333333333333,0.6666666666666666,1.1102230246251565e-16,0.0,1.0,0.0,0.3333333333333333,0.5,0.16666666666666674,0.6666666666666666,0.0,0.33333333333333337
P-0552,0.16666666666666666,0.3333333333333333,0.5,0.3333333333333333,0.5,0.16666666666666674,0.5,0.3333333333333333,0.16666666666666669,0.3333333333333333,0.16666666666666666,0.5000000000000001,0.3333333333333333,0.6666666666666666,1.1102230246251565e-16,0.16666666666666666,0.3333333333333333,0.5,0.16666666666666666,0.16666666666666666,0.6666666666666667,0.3333333333333333,0.6666666666666666,1.1102230246251565e-16,0.5,0.3333333333333333,0.16666666666666669,0.3333333333333333,0.6666666666666666,1.1102230246251565e-16,0.0,1.0,0.0,0.5,0.5,0.0,0.6666666666666666,0.16666666666666666,0.1666666666666667
P-0553,0.16666666666666666,0.3333333333333333,0.5,0.16666666666666666,0.6666666666666666,0.16666666666666674,0.5,0.3333333333333333,0.16666666666666669,0.16666666666666666,0.3333333333333333,0.5,0.3333333333333333,0.6666666666666666,1.1102230246251565e-16,0.16666666666666666,0.3333333333333333,0.5,0.16666666666666666,0.16666666666666666,0.6666666666666667,0.3333333333333333,0.5,0.16666666666666674,0.5,0.3333333333333333,0.16666666666666669,0.3333333333333333,0.5,0.16666666666666674,0.16666666666666666,0.8333333333333334,0.0,0.5,0.5,0.0,0.6666666666666666,0.16666666666666666,0.1666666666666667
P-0554,0.0,0.5,0.5,0.3333333333333333,0.5,0.16666666666666674,0.5,0.3333333333333333,0.16666666666666669,0.3333333333333333,0.16666666666666666,0.5000000000000001,0.3333333333333333,0.6666666666666666,1.1102230246251565e-16,0.0,0.5,0.5,0.16666666666666666,0.16666666666666666,0.6666666666666667,0.5,0.5,0.0,0.5,0.5,0.0,0.5,0.5,0.0,0.0,1.0,0.0,0.3333333333333333,0.5,0.16666666666666674,0.6666666666666666,0.0,0.33333333333333337
P-0555,0.0,0.5,0.5,0.3333333333333333,0.5,0.16666666666666674,0.5,0.3333333333333333,0.16666666666666669,0.3333333333333333,0.16666666666666666,0.5000000000000001,0.3333333333333333,0.6666666666666666,1.1102230246251565e-16,0.0,0.5,0.5,0.0,0.3333333333333333,0.6666666666666667,0.5,0.5,0.0,0.5,0.5,0.0,0.5,0.5,0.0,0.0,1.0,0.0,0.3333333333333333,0.6666666666666666,1.1102230246251565e-16,0.6666666666666666,0.0,0.33333333333333337
P-0556,0.0,0.3333333333333333,0.6666666666666667,0.16666666666666666,0.6666666666666666,0.16666666666666674,0.3333333333333333,0.5,0.16666666666666674,0.16666666666666666,0.16666666666666666,0.6666666666666667,0.16666666666666666,0.8333333333333334,0.0,0.0,0.3333333333333333,0.6666666666666667,0.0,0.16666666666666666,0.8333333333333334,0.3333333333333333,0.6666666666666666,1.1102230246251565e-16,0.6666666666666666,0.3333333333333333,5.551115123125783e-17,0.3333333333333333,0.6666666666666666,1.1102230246251565e-16,0.0,1.0,0.0,0.3333333333333333,0.6666666666666666,1.1102230246251565e-16,0.8333333333333334,0.0,0.16666666666666663
P-0557,0.0,0.3333333333333333,0.6666666666666667,0.16666666666666666,0.5,0.33333333333333337,0.5,0.3333333333333333,0.16666666666666669,0.16666666666666666,0.16666666666666666,0.6666666666666667,0.16666666666666666,0.6666666666666666,0.16666666666666674,0.0,0.5,0.5,0.0,0.16666666666666666,0.8333333333333334,0.3333333333333333,0.5,0.16666666666666674,0.6666666666666666,0.3333333333333333,5.551115123125783e-17,0.3333333333333333,0.5,0.16666666666666674,0.0,1.0,0.0,0.3333333333333333,0.6666666666666666,1.1102230246251565e-16,0.8333333333333334,0.0,0.16666666666666663
P-0558,0.0,0.6666666666666666,0.33333333333333337,0.16666666666666666,0.5,0.33333333333333337,0.5,0.16666666666666666,0.33333333333333337,0.16666666666666666,0.3333333333333333,0.5,0.16666666666666666,0.8333333333333334,0.0,0.16666666666666666,0.5,0.33333333333333337,0.0,0.16666666666666666,0.8333333333333334,0.5,0.3333333333333333,0.16666666666666669,0.5,0.5,0.0,0.5,0.3333333333333333,0.16666666666666669,0.0,1.0,0.0,0.5,0.5,0.0,0.6666666666666666,0.0,0.33333333333333337
P-0559,0.0,0.5,0.5,0.16666666666666666,0.5,0.33333333333333337,0.3333333333333333,0.3333333333333333,0.3333333333333334,0.16666666666666666,0.16666666666666666,0.6666666666666667,0.16666666666666666,0.6666666666666666,0.16666666666666674,0.16666666666666666,0.3333333333333333,0.5,0.0,0.16666666666666666,0.8333333333333334,0.5,0.3333333333333333,0.16666666666666669,0.6666666666666666,0.3333333333333333,5.551115123125783e-17,0.3333333333333333,0.5,0.16666666666666674,0.0,1.0,0.0,0.3333333333333333,0.6666666666666666,1.1102230246251565e-16,0.6666666666666666,0.0,0.33333333333333337
P-0560,0.16666666666666666,0.5,0.33333333333333337,0.3333333333333333,0.3333333333333333,0.3333333333333334,0.5,0.16666666666666666,0.33333333333333337,0.3333333333333333,0.16666666666666666,0.5000000000000001,0.3333333333333333,0.6666666666666666,1.1102230246251565e-16,0.3333333333333333,0.3333333333333333,0.3333333333333334,0.16666666666666666,0.16666666666666666,0.6666666666666667,0.5,0.3333333333333333,0.16666666666666669,0.5,0.3333333333333333,0.16666666666666669,0.5,0.3333333333333333,0.16666666666666669,0.0,0.8333333333333334,0.16666666666666663,0.3333333333333333,0.5,0.16666666666666674,0.5,0.16666666666666666,0.33333333333333337
P-0561,0.16666666666666666,0.5,0.33333333333333337,0.3333333333333333,0.3333333333333333,0.3333333333333334,0.5,0.16666666666666666,0.33333333333333337,0.3333333333333333,0.16666666666666666,0.5000000000000001,0.3333333333333333,0.6666666666666666,1.1102230246251565e-16,0.3333333333333333,0.3333333333333333,0.3333333333333334,0.16666666666666666,0.16666666666666666,0.6666666666666667,0.3333333333333333,0.5,0.16666666666666674,0.5,0.3333333333333333,0.16666666666666669,0.3333333333333333,0.5,0.16666666666666674,0.0,0.8333333333333334,0.16666666666666663,0.5,0.5,0.0,0.5,0.16666666666666666,0.33333333333333337
P-0562,0.0,0.5,0.5,0.16666666666666666,0.3333333333333333,0.5,0.3333333333333333,0.16666666666666666,0.5000000000000001,0.16666666666666666,0.16666666666666666,0.6666666666666667,0.16666666666666666,0.6666666666666666,0.16666666666666674,0.16666666666666666,0.3333333333333333,0.5,0.0,0.16666666666666666,0.8333333333333334,0.3333333333333333,0.3333333333333333,0.3333333333333334,0.6666666666666666,0.3333333333333333,5.551115123125783e-17,0.3333333333333333,0.3333333333333333,0.3333333333333334,0.0,1.0,0.0,0.3333333333333333,0.6666666666666666,1.1102230246251565e-16,0.6666666666666666,0.0,0.33333333333333337
P-0563,0.0,0.6666666666666666,0.33333333333333337,0.3333333333333333,0.3333333333333333,0.3333333333333334,0.5,0.16666666666666666,0.33333333333333337,0.16666666666666666,0.3333333333333333,0.5,0.3333333333333333,0.6666666666666666,1.1102230246251565e-16,0.16666666666666666,0.5,0.33333333333333337,0.0,0.3333333333333333,0.6666666666666667,0.5,0.3333333333333333,0.16666666666666669,0.5,0.5,0.0,0.5,0.3333333333333333,0.16666666666666669,0.0,1.0,0.0,0.3333333333333333,0.5,0.16666666666666674,0.6666666666666666,0.0,0.33333333333333337
P-0564,0.0,0.6666666666666666,0.33333333333333337,0.16666666666666666,0.5,0.33333333333333337,0.3333333333333333,0.3333333333333333,0.3333333333333334,0.16666666666666666,0.3333333333333333,0.5,0.16666666666666666,0.8333333333333334,0.0,0.3333333333333333,0.3333333333333333,0.3333333333333334,0.0,0.16666666666666666,0.8333333333333334,0.3333333333333333,0.3333333333333333,0.3333333333333334,0.5,0.3333333333333333,0.16666666666666669,0.3333333333333333,0.3333333333333333,0.3333333333333334,0.0,1.0,0.0,0.5,0.5,0.0,0.5,0.0,0.5
P-0565,0.0,0.5,0.5,0.16666666666666666,0.3333333333333333,0.5,0.3333333333333333,0.16666666666666666,0.5000000000000001,0.16666666666666666,0.16666666666666666,0.6666666666666667,0.16666666666666666,0.6666666666666666,0.16666666666666674,0.16666666666666666,0.3333333333333333,0.5,0.0,0.16666666666666666,0.8333333333333334,0.3333333333333333,0.5,0.16666666666666674,0.6666666666666666,0.3333333333333333,5.551115123125783e-17,0.3333333333333333,0.5,0.16666666666666674,0.0,1.0,0.0,0.3333333333333333,0.6666666666666666,1.1102230246251565e-16,0.6666666666666666,0.0,0.33333333333333337
P-0566,0.16666666666666666,0.5,0.33333333333333337,0.16666666666666666,0.5,0.33333333333333337,0.3333333333333333,0.3333333333333333,0.3333333333333334,0.3333333333333333,0.16666666666666666,0.5000000000000001,0.3333333333333333,0.6666666666666666,1.1102230246251565e-16,0.3333333333333333,0.3333333333333333,0.3333333333333334,0.16666666666666666,0.16666666666666666,0.6666666666666667,0.3333333333333333,0.3333333333333333,0.3333333333333334,0.5,0.3333333333333333,0.16666666666666669,0.3333333333333333,0.3333333333333333,0.3333333333333334,0.16666666666666666,0.8333333333333334,0.0,0.5,0.5,0.0,0.5,0.16666666666666666,0.33333333333333337
P-0567,0.0,0.5,0.5,0.16666666666666666,0.3333333333333333,0.5,0.3333333333333333,0.16666666666666666,0.5000000000000001,0.16666666666666666,0.16666666666666666,0.6666666666666667,0.16666666666666666,0.8333333333333334,0.0,0.16666666666666666,0.3333333333333333,0.5,0.0,0.16666666666666666,0.8333333333333334,0.3333333333333333,0.5,0.16666666666666674,0.6666666666666666,0.3333333333333333,5.551115123125783e-17,0.3333333333333333,0.5,0.16666666666666674,0.0,1.0,0.0,0.5,0.5,0.0,0.6666666666666666,0.0,0.33333333333333337
P-0568,0.0,0.5,0.5,0.16666666666666666,0.5,0.33333333333333337,0.3333333333333333,0.3333333333333333,0.3333333333333334,0.16666666666666666,0.16666666666666666,0.6666666666666667,0.16666666666666666,0.8333333333333334,0.0,0.16666666666666666,0.3333333333333333,0.5,0.0,0.16666666666666666,0.8333333333333334,0.3333333333333333,0.3333333333333333,0.3333333333333334,0.6666666666666666,0.3333333333333333,5.551115123125783e-17,0.3333333333333333,0.3333333333333333,0.3333333333333334,0.0,1.0,0.0,0.5,0.5,0.0,0.5,0.0,0.5
P-0569,0.16666666666666666,0.5,0.33333333333333337,0.3333333333333333,0.3333333333333333,0.3333333333333334,0.5,0.16666666666666666,0.33333333333333337,0.3333333333333333,0.16666666666666666,0.5000000000000001,0.3333333333333333,0.6666666666666666,1.1102230246251565e-16,0.3333333333333333,0.3333333333333333,0.3333333333333334,0.0,0.3333333333333333,0.6666666666666667,0.3333333333333333,0.5,0.16666666666666674,0.5,0.3333333333333333,0.16666666666666669,0.3333333333333333,0.5,0.16666666666666674,0.0,1.0,0.0,0.3333333333333333,0.5,0.16666666666666674,0.5,0.16666666666666666,0.33333333333333337
P-0570,0.0,0.6666666666666666,0.33333333333333337,0.16666666666666666,0.3333333333333333,0.5,0.3333333333333333,0.16666666666666666,0.5000000000000001,0.3333333333333333,0.16666666666666666,0.5000000000000001,0.3333333333333333,0.6666666666666666,1.1102230246251565e-16,0.3333333333333333,0.3333333333333333,0.3333333333333334,0.0,0.3333333333333333,0.6666666666666667,0.5,0.3333333333333333,0.16666666666666669,0.5,0.5,0.0,0.3333333333333333,0.5,0.16666666666666674,0.0,1.0,0.0,0.3333333333333333,0.5,0.16666666666666674,0.5,0.0,0.5
P-0571,0.16666666666666666,0.5,0.33333333333333337,0.3333333333333333,0.3333333333333333,0.3333333333333334,0.5,0.16666666666666666,0.33333333333333337,0.3333333333333333,0.16666666666666666,0.5000000000000001,0.3333333333333333,0.6666666666666666,1.1102230246251565e-16,0.3333333333333333,0.3333333333333333,0.3333333333333334,0.16666666666666666,0.16666666666666666,0.6666666666666667,0.3333333333333333,0.5,0.16666666666666674,0.5,0.3333333333333333,0.16666666666666669,0.3333333333333333,0.5,0.16666666666666674,0.0,1.0,0.0,0.5,0.5,0.0,0.5,0.16666666666666666,0.33333333333333337
P-0572,0.16666666666666666,0.5,0.33333333333333337,0.16666666666666666,0.5,0.33333333333333337,0.5,0.16666666666666666,0.33333333333333337,0.16666666666666666,0.3333333333333333,0.5,0.3333333333333333,0.6666666666666666,1.1102230246251565e-16,0.3333333333333333,0.3333333333333333,0.3333333333333334,0.16666666666666666,0.16666666666666666,0.6666666666666667,0.3333333333333333,0.3333333333333333,0.3333333333333334,0.5,0.3333333333333333,0.16666666666666669,0.3333333333333333,0.3333333333333333,0.3333333333333334,0.16666666666666666,0.8333333333333334,0.0,0.5,0.5,0.0,0.5,0.16666666666666666,0.33333333333333337
P-0573,0.0,0.6666666666666666,0.33333333333333337,0.3333333333333333,0.3333333333333333,0.3333333333333334,0.5,0.16666666666666666,0.33333333333333337,0.3333333333333333,0.16666666666666666,0.5000000000000001,0.3333333333333333,0.6666666666666666,1.1102230246251565e-16,0.16666666666666666,0.5,0.33333333333333337,0.16666666666666666,0.16666666666666666,0.6666666666666667,0.5,0.3333333333333333,0.16666666666666669,0.5,0.5,0.0,0.5,0.3333333333333333,0.16666666666666669,0.0,1.0,0.0,0.3333333333333333,0.5,0.16666666666666674,0.5,0.0,0.5
P-0574,0.0,0.6666666666666666,0.33333333333333337,0.3333333333333333,0.3333333333333333,0.3333333333333334,0.5,0.16666666666666666,0.33333333333333337,0.3333333333333333,0.16666666666666666,0.5000000000000001,0.3333333333333333,0.6666666666666666,1.1102230246251565e-16,0.16666666666666666,0.5,0.33333333333333337,0.0,0.3333333333333333,0.6666666666666667,0.5,0.3333333333333333,0.16666666666666669,0.5,0.5,0.0,0.5,0.3333333333333333,0.16666666666666669,0.0,1.0,0.0,0.3333333333333333,0.6666666666666666,1.1102230246251565e-16,0.5,0.0,0.5
P-0575,0.0,0.5,0.5,0.16666666666666666,0.5,0.33333333333333337,0.3333333333333333,0.3333333333333333,0.3333333333333334,0.16666666666666666,0.16666666666666666,0.6666666666666667,0.16666666666666666,0.8333333333333334,0.0,0.16666666666666666,0.3333333333333333,0.5,0.0,0.16666666666666666,0.8333333333333334,0.3333333333333333,0.5,0.16666666666666674,0.6666666666666666,0.3333333333333333,5.551115123125783e-17,0.3333333333333333,0.5,0.16666666666666674,0.0,1.0,0.0,0.3333333333333333,0.6666666666666666,1.1102230246251565e-16,0.6666666666666666,0.0,0.33333333333333337
P-0576,0.0,0.5,0.5,0.16666666666666666,0.3333333333333333,0.5,0.5,0.16666666666666666,0.33333333333333337,0.16666666666666666,0.16666666666666666,0.6666666666666667,0.16666666666666666,0.6666666666666666,0.16666666666666674,0.16666666666666666,0.5,0.33333333333333337,0.0,0.16666666666666666,0.8333333333333334,0.3333333333333333,0.3333333333333333,0.3333333333333334,0.6666666666666666,0.3333333333333333,5.551115123125783e-17,0.3333333333333333,0.3333333333333333,0.3333333333333334,0.0,1.0,0.0,0.3333333333333333,0.6666666666666666,1.1102230246251565e-16,0.6666666666666666,0.0,0.33333333333333337
P-0577,0.0,0.6666666666666666,0.33333333333333337,0.16666666666666666,0.3333333333333333,0.5,0.3333333333333333,0.16666666666666666,0.5000000000000001,0.16666666666666666,0.16666666666666666,0.6666666666666667,0.16666666666666666,0.8333333333333334,0.0,0.3333333333333333,0.3333333333333333,0.3333333333333334,0.0,0.16666666666666666,0.8333333333333334,0.3333333333333333,0.3333333333333333,0.3333333333333334,0.6666666666666666,0.3333333333333333,5.551115123125783e-17,0.3333333333333333,0.3333333333333333,0.3333333333333334,0.0,1.0,0.0,0.3333333333333333,0.6666666666666666,1.1102230246251565e-16,0.5,0.0,0.5
P-0578,0.0,0.5,0.5,0.16666666666666666,0.3333333333333333,0.5,0.5,0.16666666666666666,0.33333333333333337,0.16666666666666666,0.16666666666666666,0.6666666666666667,0.16666666666666666,0.6666666666666666,0.16666666666666674,0.16666666666666666,0.5,0.33333333333333337,0.0,0.16666666666666666,0.8333333333333334,0.3333333333333333,0.3333333333333333,0.3333333333333334,0.6666666666666666,0.3333333333333333,5.551115123125783e-17,0.3333333333333333,0.3333333333333333,0.3333333333333334,0.0,1.0,0.0,0.3333333333333333,0.6666666666666666,1.1102230246251565e-16,0.6666666666666666,0.0,0.33333333333333337
P-0579,0.0,0.6666666666666666,0.33333333333333337,0.16666666666666666,0.3333333333333333,0.5,0.3333333333333333,0.16666666666666666,0.5000000000000001,0.16666666666666666,0.16666666666666666,0.6666666666666667,0.16666666666666666,0.8333333333333334,0.0,0.3333333333333333,0.3333333333333333,0.3333333333333334,0.0,0.16666666666666666,0.8333333333333334,0.3333333333333333,0.3333333333333333,0.3333333333333334,0.6666666666666666,0.3333333333333333,5.551115123125783e-17,0.3333333333333333,0.3333333333333333,0.3333333333333334,0.0,1.0,0.0,0.3333333333333333,0.6666666666666666,1.1102230246251565e-16,0.5,0.0,0.5
P-0581,0.0,0.16666666666666666,0.8333333333333334,0.0,0.3333333333333333,0.6666666666666667,0.16666666666666666,0.16666666666666666,0.6666666666666667,0.0,0.16666666666666666,0.8333333333333334,0.0,0.8333333333333334,0.16666666666666663,0.0,0.16666666666666666,0.8333333333333334,0.0,0.0,1.0,0.16666666666666666,0.6666666666666666,0.16666666666666674,0.8333333333333334,0.16666666666666666,-2.7755575615628914e-17,0.16666666666666666,0.6666666666666666,0.16666666666666674,0.0,1.0,0.0,0.6666666666666666,0.3333333333333333,5.551115123125783e-17,1.0,0.0,0.0
P-0582,0.0,0.3333333333333333,0.6666666666666667,0.0,0.6666666666666666,0.33333333333333337,0.16666666666666666,0.5,0.33333333333333337,0.0,0.16666666666666666,0.8333333333333334,0.0,1.0,0.0,0.16666666666666666,0.16666666666666666,0.6666666666666667,0.0,0.0,1.0,0.16666666666666666,0.6666666666666666,0.16666666666666674,0.8333333333333334,0.16666666666666666,-2.7755575615628914e-17,0.16666666666666666,0.6666666666666666,0.16666666666666674,0.0,1.0,0.0,0.3333333333333333,0.6666666666666666,1.1102230246251565e-16,0.8333333333333334,0.0,0.16666666666666663
P-0583,0.0,0.3333333333333333,0.6666666666666667,0.0,0.5,0.5,0.3333333333333333,0.3333333333333333,0.3333333333333334,0.0,0.16666666666666666,0.8333333333333334,0.0,0.8333333333333334,0.16666666666666663,0.16666666666666666,0.3333333333333333,0.5,0.0,0.0,1.0,0.16666666666666666,0.5,0.33333333333333337,0.8333333333333334,0.16666666666666666,-2.7755575615628914e-17,0.16666666666666666,0.5,0.33333333333333337,0.0,1.0,0.0,0.3333333333333333,0.6666666666666666,1.1102230246251565e-16,0.8333333333333334,0.0,0.16666666666666663
P-0584,0.0,0.5,0.5,0.0,0.5,0.5,0.16666666666666666,0.3333333333333333,0.5,0.0,0.16666666666666666,0.8333333333333334,0.0,1.0,0.0,0.3333333333333333,0.16666666666666666,0.5000000000000001,0.0,0.0,1.0,0.16666666666666666,0.5,0.33333333333333337,0.8333333333333334,0.16666666666666666,-2.7755575615628914e-17,0.16666666666666666,0.5,0.33333333333333337,0.0,1.0,0.0,0.3333333333333333,0.6666666666666666,1.1102230246251565e-16,0.6666666666666666,0.0,0.33333333333333337
P-0585,0.0,0.3333333333333333,0.6666666666666667,0.16666666666666666,0.5,0.33333333333333337,0.16666666666666666,0.5,0.33333333333333337,0.16666666666666666,0.0,0.8333333333333334,0.16666666666666666,0.6666666666666666,0.16666666666666674,0.16666666666666666,0.16666666666666666,0.6666666666666667,0.0,0.16666666666666666,0.8333333333333334,0.3333333333333333,0.5,0.16666666666666674,0.8333333333333334,0.16666666666666666,-2.7755575615628914e-17,0.16666666666666666,0.6666666666666666,0.16666666666666674,0.0,1.0,0.0,0.16666666666666666,0.8333333333333334,0.0,0.6666666666666666,0.0,0.33333333333333337
P-0588,0.5,0.16666666666666666,0.33333333333333337,0.6666666666666666,0.0,0.33333333333333337,0.8333333333333334,0.0,0.16666666666666663,0.5,0.16666666666666666,0.33333333333333337,0.6666666666666666,0.16666666666666666,0.1666666666666667,0.5,0.3333333333333333,0.16666666666666669,0.3333333333333333,0.3333333333333333,0.3333333333333334,0.3333333333333333,0.5,0.16666666666666674,0.3333333333333333,0.16666666666666666,0.5000000000000001,0.3333333333333333,0.5,0.16666666666666674,0.0,0.8333333333333334,0.16666666666666663,0.3333333333333333,0.16666666666666666,0.5000000000000001,0.5,0.5,0.0
P-0589,0.16666666666666666,0.3333333333333333,0.5,0.3333333333333333,0.3333333333333333,0.3333333333333334,0.3333333333333333,0.3333333333333333,0.3333333333333334,0.3333333333333333,0.0,0.6666666666666667,0.3333333333333333,0.6666666666666666,1.1102230246251565e-16,0.3333333333333333,0.16666666666666666,0.5000000000000001,0.16666666666666666,0.16666666666666666,0.6666666666666667,0.3333333333333333,0.5,0.16666666666666674,0.6666666666666666,0.16666666666666666,0.1666666666666667,0.3333333333333333,0.5,0.16666666666666674,0.0,0.8333333333333334,0.16666666666666663,0.16666666666666666,0.6666666666666666,0.16666666666666674,0.5,0.16666666666666666,0.33333333333333337
P-0590,0.3333333333333333,0.0,0.6666666666666667,0.3333333333333333,0.0,0.6666666666666667,0.5,0.0,0.5,0.3333333333333333,0.0,0.6666666666666667,0.3333333333333333,0.3333333333333333,0.3333333333333334,0.3333333333333333,0.16666666666666666,0.5000000000000001,0.3333333333333333,0.0,0.6666666666666667,0.0,0.6666666666666666,0.33333333333333337,0.6666666666666666,0.0,0.33333333333333337,0.0,0.6666666666666666,0.33333333333333337,0.0,0.8333333333333334,0.16666666666666663,0.6666666666666666,0.3333333333333333,5.551115123125783e-17,0.6666666666666666,0.3333333333333333,5.551115123125783e-17
P-0591,0.16666666666666666,0.3333333333333333,0.5,0.3333333333333333,0.3333333333333333,0.3333333333333334,0.3333333333333333,0.3333333333333333,0.3333333333333334,0.3333333333333333,0.0,0.6666666666666667,0.3333333333333333,0.6666666666666666,1.1102230246251565e-16,0.3333333333333333,0.16666666666666666,0.5000000000000001,0.16666666666666666,0.16666666666666666,0.6666666666666667,0.16666666666666666,0.6666666666666666,0.16666666666666674,0.6666666666666666,0.16666666666666666,0.1666666666666667,0.16666666666666666,0.6666666666666666,0.16666666666666674,0.0,0.8333333333333334,0.16666666666666663,0.3333333333333333,0.6666666666666666,1.1102230246251565e-16,0.5,0.16666666666666666,0.33333333333333337
P-0592,0.3333333333333333,0.0,0.6666666666666667,0.3333333333333333,0.16666666666666666,0.5000000000000001,0.3333333333333333,0.16666666666666666,0.5000000000000001,0.3333333333333333,0.0,0.6666666666666667,0.3333333333333333,0.3333333333333333,0.3333333333333334,0.3333333333333333,0.0,0.6666666666666667,0.16666666666666666,0.16666666666666666,0.6666666666666667,0.16666666666666666,0.3333333333333333,0.5,0.6666666666666666,0.0,0.33333333333333337,0.16666666666666666,0.3333333333333333,0.5,0.0,0.8333333333333334,0.16666666666666663,0.3333333333333333,0.3333333333333333,0.3333333333333334,0.5,0.3333333333333333,0.16666666666666669
P-0593,0.3333333333333333,0.16666666666666666,0.5000000000000001,0.5,0.16666666666666666,0.33333333333333337,0.5,0.16666666666666666,0.33333333333333337,0.5,0.0,0.5,0.5,0.3333333333333333,0.16666666666666669,0.3333333333333333,0.16666666666666666,0.5000000000000001,0.3333333333333333,0.16666666666666666,0.5000000000000001,0.3333333333333333,0.3333333333333333,0.3333333333333334,0.5,0.16666666666666666,0.33333333333333337,0.3333333333333333,0.3333333333333333,0.3333333333333334,0.0,0.8333333333333334,0.16666666666666663,0.3333333333333333,0.16666666666666666,0.5000000000000001,0.3333333333333333,0.3333333333333333,0.3333333333333334
P-0594,0.3333333333333333,0.3333333333333333,0.3333333333333334,0.6666666666666666,0.0,0.33333333333333337,0.6666666666666666,0.0,0.33333333333333337,0.6666666666666666,0.0,0.33333333333333337,0.6666666666666666,0.16666666666666666,0.1666666666666667,0.3333333333333333,0.3333333333333333,0.3333333333333334,0.16666666666666666,0.5,0.33333333333333337,0.3333333333333333,0.5,0.16666666666666674,0.3333333333333333,0.3333333333333333,0.3333333333333334,0.3333333333333333,0.5,0.16666666666666674,0.0,1.0,0.0,0.16666666666666666,0.3333333333333333,0.5,0.3333333333333333,0.3333333333333333,0.3333333333333334
P-0595,0.0,0.3333333333333333,0.6666666666666667,0.16666666666666666,0.3333333333333333,0.5,0.16666666666666666,0.3333333333333333,0.5,0.16666666666666666,0.0,0.8333333333333334,0.16666666666666666,0.6666666666666666,0.16666666666666674,0.16666666666666666,0.16666666666666666,0.6666666666666667,0.0,0.16666666666666666,0.8333333333333334,0.16666666666666666,0.5,0.33333333333333337,0.8333333333333334,0.16666666666666666,-2.7755575615628914e-17,0.16666666666666666,0.5,0.33333333333333337,0.0,1.0,0.0,0.16666666666666666,0.8333333333333334,0.0,0.6666666666666666,0.0,0.33333333333333337
P-0596,0.5,0.3333333333333333,0.16666666666666669,0.8333333333333334,0.0,0.16666666666666663,0.8333333333333334,0.0,0.16666666666666663,0.6666666666666666,0.16666666666666666,0.1666666666666667,0.8333333333333334,0.16666666666666666,-2.7755575615628914e-17,0.5,0.3333333333333333,0.16666666666666669,0.16666666666666666,0.6666666666666666,0.16666666666666674,0.3333333333333333,0.6666666666666666,1.1102230246251565e-16,0.16666666666666666,0.3333333333333333,0.5,0.3333333333333333,0.6666666666666666,1.1102230246251565e-16,0.0,1.0,0.0,0.16666666666666666,0.0,0.8333333333333334,0.3333333333333333,0.5,0.16666666666666674
P-0597,0.0,0.5,0.5,0.3333333333333333,0.3333333333333333,0.3333333333333334,0.3333333333333333,0.3333333333333333,0.3333333333333334,0.16666666666666666,0.16666666666666666,0.6666666666666667,0.3333333333333333,0.6666666666666666,1.1102230246251565e-16,0.16666666666666666,0.3333333333333333,0.5,0.0,0.3333333333333333,0.6666666666666667,0.3333333333333333,0.5,0.16666666666666674,0.6666666666666666,0.3333333333333333,5.551115123125783e-17,0.3333333333333333,0.5,0.16666666666666674,0.0,1.0,0.0,0.16666666666666666,0.6666666666666666,0.16666666666666674,0.6666666666666666,0.0,0.33333333333333337
P-0598,0.0,0.5,0.5,0.16666666666666666,0.5,0.33333333333333337,0.16666666666666666,0.5,0.33333333333333337,0.16666666666666666,0.16666666666666666,0.6666666666666667,0.16666666666666666,0.8333333333333334,0.0,0.3333333333333333,0.16666666666666666,0.5000000000000001,0.0,0.16666666666666666,0.8333333333333334,0.16666666666666666,0.5,0.33333333333333337,0.6666666666666666,0.16666666666666666,0.1666666666666667,0.16666666666666666,0.5,0.33333333333333337,0.0,1.0,0.0,0.3333333333333333,0.6666666666666666,1.1102230246251565e-16,0.5,0.0,0.5
P-0600,0.0,0.0,1.0,0.0,0.16666666666666666,0.8333333333333334,0.0,0.16666666666666666,0.8333333333333334,0.0,0.0,1.0,0.0,0.5,0.5,0.0,0.0,1.0,0.0,0.0,1.0,0.0,0.8333333333333334,0.16666666666666663,1.0,0.0,0.0,0.0,0.8333333333333334,0.16666666666666663,0.0,1.0,0.0,0.3333333333333333,0.6666666666666666,1.1102230246251565e-16,1.0,0.0,0.0
P-0601,0.3333333333333333,0.16666666666666666,0.5000000000000001,0.5,0.16666666666666666,0.33333333333333337,0.5,0.16666666666666666,0.33333333333333337,0.5,0.0,0.5,0.5,0.3333333333333333,0.16666666666666669,0.3333333333333333,0.16666666666666666,0.5000000000000001,0.16666666666666666,0.3333333333333333,0.5,0.16666666666666666,0.8333333333333334,0.0,0.5,0.16666666666666666,0.33333333333333337,0.16666666666666666,0.8333333333333334,0.0,0.0,1.0,0.0,0.16666666666666666,0.3333333333333333,0.5,0.5,0.3333333333333333,0.16666666666666669
P-0602,0.0,0.3333333333333333,0.6666666666666667,0.16666666666666666,0.3333333333333333,0.5,0.16666666666666666,0.3333333333333333,0.5,0.16666666666666666,0.0,0.8333333333333334,0.16666666666666666,0.6666666666666666,0.16666666666666674,0.16666666666666666,0.16666666666666666,0.6666666666666667,0.0,0.16666666666666666,0.8333333333333334,0.16666666666666666,0.6666666666666666,0.16666666666666674,0.8333333333333334,0.16666666666666666,-2.7755575615628914e-17,0.16666666666666666,0.6666666666666666,0.16666666666666674,0.0,1.0,0.0,0.16666666666666666,0.8333333333333334,0.0,0.6666666666666666,0.0,0.33333333333333337
P-0609,0.16666666666666666,0.3333333333333333,0.5,0.3333333333333333,0.3333333333333333,0.3333333333333334,0.3333333333333333,0.3333333333333333,0.3333333333333334,0.5,0.0,0.5,0.5,0.5,0.0,0.16666666666666666,0.3333333333333333,0.5,0.5,0.0,0.5,0.3333333333333333,0.5,0.16666666666666674,0.5,0.3333333333333333,0.16666666666666669,0.3333333333333333,0.5,0.16666666666666674,0.16666666666666666,0.8333333333333334,0.0,0.5,0.16666666666666666,0.33333333333333337,0.5,0.16666666666666666,0.33333333333333337
P-0610,0.6666666666666666,0.16666666666666666,0.1666666666666667,0.5,0.3333333333333333,0.16666666666666669,0.6666666666666666,0.16666666666666666,0.1666666666666667,0.5,0.3333333333333333,0.16666666666666669,0.8333333333333334,0.16666666666666666,-2.7755575615628914e-17,0.6666666666666666,0.16666666666666666,0.1666666666666667,0.5,0.3333333333333333,0.16666666666666669,0.16666666666666666,0.5,0.33333333333333337,0.16666666666666666,0.16666666666666666,0.6666666666666667,0.16666666666666666,0.5,0.33333333333333337,0.3333333333333333,0.5,0.16666666666666674,0.6666666666666666,0.0,0.33333333333333337,0.3333333333333333,0.6666666666666666,1.1102230246251565e-16
P-0611,0.16666666666666666,0.3333333333333333,0.5,0.16666666666666666,0.5,0.33333333333333337,0.16666666666666666,0.5,0.33333333333333337,0.3333333333333333,0.0,0.6666666666666667,0.3333333333333333,0.6666666666666666,1.1102230246251565e-16,0.3333333333333333,0.16666666666666666,0.5000000000000001,0.16666666666666666,0.16666666666666666,0.6666666666666667,0.16666666666666666,0.5,0.33333333333333337,0.6666666666666666,0.16666666666666666,0.1666666666666667,0.16666666666666666,0.5,0.33333333333333337,0.16666666666666666,0.8333333333333334,0.0,0.3333333333333333,0.6666666666666666,1.1102230246251565e-16,0.5,0.16666666666666666,0.33333333333333337
P-0612,0.3333333333333333,0.0,0.6666666666666667,0.0,0.6666666666666666,0.33333333333333337,0.0,0.6666666666666666,0.33333333333333337,0.3333333333333333,0.0,0.6666666666666667,0.3333333333333333,0.6666666666666666,1.1102230246251565e-16,0.3333333333333333,0.0,0.6666666666666667,0.3333333333333333,0.0,0.6666666666666667,0.0,0.6666666666666666,0.33333333333333337,0.6666666666666666,0.0,0.33333333333333337,0.0,0.6666666666666666,0.33333333333333337,0.3333333333333333,0.6666666666666666,1.1102230246251565e-16,0.6666666666666666,0.3333333333333333,5.551115123125783e-17,0.6666666666666666,0.3333333333333333,5.551115123125783e-17
P-0613,0.0,0.3333333333333333,0.6666666666666667,0.0,0.6666666666666666,0.33333333333333337,0.3333333333333333,0.3333333333333333,0.3333333333333334,0.0,0.3333333333333333,0.6666666666666667,0.0,1.0,0.0,0.0,0.3333333333333333,0.6666666666666667,0.0,0.0,1.0,0.3333333333333333,0.6666666666666666,1.1102230246251565e-16,0.6666666666666666,0.3333333333333333,5.551115123125783e-17,0.3333333333333333,0.6666666666666666,1.1102230246251565e-16,0.0,1.0,0.0,0.6666666666666666,0.3333333333333333,5.551115123125783e-17,1.0,0.0,0.0
P-0614,0.0,0.16666666666666666,0.8333333333333334,0.0,0.3333333333333333,0.6666666666666667,0.0,0.3333333333333333,0.6666666666666667,0.0,0.16666666666666666,0.8333333333333334,0.0,0.5,0.5,0.16666666666666666,0.0,0.8333333333333334,0.0,0.0,1.0,0.16666666666666666,0.5,0.33333333333333337,0.8333333333333334,0.0,0.16666666666666663,0.0,0.6666666666666666,0.33333333333333337,0.0,1.0,0.0,0.5,0.5,0.0,0.8333333333333334,0.0,0.16666666666666663
P-0615,0.0,0.3333333333333333,0.6666666666666667,0.0,0.16666666666666666,0.8333333333333334,0.0,0.16666666666666666,0.8333333333333334,0.0,0.16666666666666666,0.8333333333333334,0.0,0.6666666666666666,0.33333333333333337,0.3333333333333333,0.0,0.6666666666666667,0.0,0.0,1.0,0.0,0.5,0.5,0.8333333333333334,0.0,0.16666666666666663,0.0,0.5,0.5,0.0,1.0,0.0,0.5,0.5,0.0,0.6666666666666666,0.0,0.33333333333333337
P-0616,0.0,0.5,0.5,0.3333333333333333,0.0,0.6666666666666667,0.3333333333333333,0.0,0.6666666666666667,0.3333333333333333,0.16666666666666666,0.5000000000000001,0.5,0.3333333333333333,0.16666666666666669,0.16666666666666666,0.3333333333333333,0.5,0.0,0.5,0.5,0.5,0.5,0.0,0.5,0.5,0.0,0.3333333333333333,0.6666666666666666,1.1102230246251565e-16,0.0,1.0,0.0,0.3333333333333333,0.3333333333333333,0.3333333333333334,0.6666666666666666,0.0,0.33333333333333337
P-0617,0.5,0.16666666666666666,0.33333333333333337,0.5,0.16666666666666666,0.33333333333333337,0.5,0.16666666666666666,0.33333333333333337,0.6666666666666666,0.0,0.33333333333333337,0.6666666666666666,0.3333333333333333,5.551115123125783e-17,0.5,0.16666666666666666,0.33333333333333337,0.16666666666666666,0.5,0.33333333333333337,0.16666666666666666,0.6666666666666666,0.16666666666666674,0.3333333333333333,0.16666666666666666,0.5000000000000001,0.16666666666666666,0.6666666666666666,0.16666666666666674,0.16666666666666666,0.8333333333333334,0.0,0.5,0.16666666666666666,0.33333333333333337,0.3333333333333333,0.5,0.16666666666666674
P-0618,0.0,0.3333333333333333,0.6666666666666667,0.16666666666666666,0.3333333333333333,0.5,0.16666666666666666,0.3333333333333333,0.5,0.16666666666666666,0.0,0.8333333333333334,0.16666666666666666,0.8333333333333334,0.0,0.16666666666666666,0.16666666666666666,0.6666666666666667,0.0,0.16666666666666666,0.8333333333333334,0.16666666666666666,0.6666666666666666,0.16666666666666674,0.8333333333333334,0.16666666666666666,-2.7755575615628914e-17,0.16666666666666666,0.6666666666666666,0.16666666666666674,0.0,1.0,0.0,0.3333333333333333,0.6666666666666666,1.1102230246251565e-16,0.6666666666666666,0.0,0.33333333333333337
P-0619,0.0,0.3333333333333333,0.6666666666666667,0.16666666666666666,0.16666666666666666,0.6666666666666667,0.16666666666666666,0.16666666666666666,0.6666666666666667,0.3333333333333333,0.0,0.6666666666666667,0.3333333333333333,0.5,0.16666666666666674,0.16666666666666666,0.16666666666666666,0.6666666666666667,0.0,0.3333333333333333,0.6666666666666667,0.3333333333333333,0.6666666666666666,1.1102230246251565e-16,0.6666666666666666,0.3333333333333333,5.551115123125783e-17,0.16666666666666666,0.8333333333333334,0.0,0.0,1.0,0.0,0.3333333333333333,0.5,0.16666666666666674,0.6666666666666666,0.0,0.33333333333333337
P-0620,0.16666666666666666,0.5,0.33333333333333337,0.3333333333333333,0.0,0.6666666666666667,0.3333333333333333,0.0,0.6666666666666667,0.3333333333333333,0.0,0.6666666666666667,0.3333333333333333,0.6666666666666666,1.1102230246251565e-16,0.5,0.16666666666666666,0.33333333333333337,0.16666666666666666,0.16666666666666666,0.6666666666666667,0.16666666666666666,0.5,0.33333333333333337,0.6666666666666666,0.16666666666666666,0.1666666666666667,0.16666666666666666,0.5,0.33333333333333337,0.0,0.8333333333333334,0.16666666666666663,0.5,0.5,0.0,0.3333333333333333,0.16666666666666666,0.5000000000000001
P-0621,0.3333333333333333,0.3333333333333333,0.3333333333333334,0.6666666666666666,0.16666666666666666,0.1666666666666667,0.6666666666666666,0.16666666666666666,0.1666666666666667,0.6666666666666666,0.0,0.33333333333333337,0.6666666666666666,0.3333333333333333,5.551115123125783e-17,0.3333333333333333,0.3333333333333333,0.3333333333333334,0.0,0.6666666666666666,0.33333333333333337,0.3333333333333333,0.5,0.16666666666666674,0.3333333333333333,0.3333333333333333,0.3333333333333334,0.3333333333333333,0.5,0.16666666666666674,0.0,1.0,0.0,0.3333333333333333,0.3333333333333333,0.3333333333333334,0.16666666666666666,0.3333333333333333,0.5
P-0623,0.0,0.3333333333333333,0.6666666666666667,0.16666666666666666,0.5,0.33333333333333337,0.16666666666666666,0.5,0.33333333333333337,0.16666666666666666,0.0,0.8333333333333334,0.16666666666666666,0.8333333333333334,0.0,0.16666666666666666,0.16666666666666666,0.6666666666666667,0.0,0.16666666666666666,0.8333333333333334,0.16666666666666666,0.5,0.33333333333333337,0.8333333333333334,0.16666666666666666,-2.7755575615628914e-17,0.16666666666666666,0.5,0.33333333333333337,0.0,1.0,0.0,0.3333333333333333,0.6666666666666666,1.1102230246251565e-16,0.5,0.0,0.5
P-0624,0.6666666666666666,0.0,0.33333333333333337,0.5,0.16666666666666666,0.33333333333333337,0.5,0.16666666666666666,0.33333333333333337,0.6666666666666666,0.0,0.33333333333333337,0.6666666666666666,0.16666666666666666,0.1666666666666667,0.6666666666666666,0.0,0.33333333333333337,0.5,0.16666666666666666,0.33333333333333337,0.16666666666666666,0.5,0.33333333333333337,0.3333333333333333,0.0,0.6666666666666667,0.16666666666666666,0.5,0.33333333333333337,0.16666666666666666,0.6666666666666666,0.16666666666666674,0.5,0.16666666666666666,0.33333333333333337,0.3333333333333333,0.6666666666666666,1.1102230246251565e-16
P-0625,0.3333333333333333,0.3333333333333333,0.3333333333333334,0.3333333333333333,0.0,0.6666666666666667,0.3333333333333333,0.0,0.6666666666666667,0.3333333333333333,0.0,0.6666666666666667,0.3333333333333333,0.5,0.16666666666666674,0.6666666666666666,0.0,0.33333333333333337,0.16666666666666666,0.16666666666666666,0.6666666666666667,0.0,0.6666666666666666,0.33333333333333337,0.6666666666666666,0.0,0.33333333333333337,0.0,0.6666666666666666,0.33333333333333337,0.0,1.0,0.0,0.3333333333333333,0.5,0.16666666666666674,0.3333333333333333,0.3333333333333333,0.3333333333333334
P-0626,0.3333333333333333,0.3333333333333333,0.3333333333333334,0.5,0.16666666666666666,0.33333333333333337,0.6666666666666666,0.0,0.33333333333333337,0.5,0.16666666666666666,0.33333333333333337,0.5,0.3333333333333333,0.16666666666666669,0.3333333333333333,0.3333333333333333,0.3333333333333334,0.0,0.5,0.5,0.3333333333333333,0.6666666666666666,1.1102230246251565e-16,0.3333333333333333,0.3333333333333333,0.3333333333333334,0.3333333333333333,0.6666666666666666,1.1102230246251565e-16,0.0,1.0,0.0,0.3333333333333333,0.3333333333333333,0.3333333333333334,0.5,0.3333333333333333,0.16666666666666669
P-0627,0.16666666666666666,0.3333333333333333,0.5,0.3333333333333333,0.3333333333333333,0.3333333333333334,0.3333333333333333,0.3333333333333333,0.3333333333333334,0.3333333333333333,0.0,0.6666666666666667,0.3333333333333333,0.6666666666666666,1.1102230246251565e-16,0.3333333333333333,0.16666666666666666,0.5000000000000001,0.0,0.3333333333333333,0.6666666666666667,0.16666666666666666,0.6666666666666666,0.16666666666666674,0.6666666666666666,0.16666666666666666,0.1666666666666667,0.16666666666666666,0.6666666666666666,0.16666666666666674,0.0,1.0,0.0,0.16666666666666666,0.6666666666666666,0.16666666666666674,0.5,0.16666666666666666,0.33333333333333337
P-0628,0.5,0.16666666666666666,0.33333333333333337,0.3333333333333333,0.3333333333333333,0.3333333333333334,0.3333333333333333,0.3333333333333333,0.3333333333333334,0.6666666666666666,0.0,0.33333333333333337,0.6666666666666666,0.3333333333333333,5.551115123125783e-17,0.6666666666666666,0.0,0.33333333333333337,0.5,0.16666666666666666,0.33333333333333337,0.3333333333333333,0.5,0.16666666666666674,0.3333333333333333,0.16666666666666666,0.5000000000000001,0.16666666666666666,0.6666666666666666,0.16666666666666674,0.16666666666666666,0.5,0.33333333333333337,0.5,0.16666666666666666,0.33333333333333337,0.3333333333333333,0.5,0.16666666666666674
P-0629,0.0,0.5,0.5,0.16666666666666666,0.3333333333333333,0.5,0.16666666666666666,0.3333333333333333,0.5,0.3333333333333333,0.0,0.6666666666666667,0.3333333333333333,0.6666666666666666,1.1102230246251565e-16,0.3333333333333333,0.16666666666666666,0.5000000000000001,0.0,0.3333333333333333,0.6666666666666667,0.3333333333333333,0.5,0.16666666666666674,0.6666666666666666,0.3333333333333333,5.551115123125783e-17,0.16666666666666666,0.6666666666666666,0.16666666666666674,0.0,1.0,0.0,0.16666666666666666,0.6666666666666666,0.16666666666666674,0.5,0.0,0.5
P-0630,0.3333333333333333,0.5,0.16666666666666674,0.5,0.16666666666666666,0.33333333333333337,0.6666666666666666,0.0,0.33333333333333337,0.3333333333333333,0.3333333333333333,0.3333333333333334,0.5,0.5,0.0,0.5,0.3333333333333333,0.16666666666666669,0.3333333333333333,0.16666666666666666,0.5000000000000001,0.3333333333333333,0.5,0.16666666666666674,0.3333333333333333,0.3333333333333333,0.3333333333333334,0.3333333333333333,0.5,0.16666666666666674,0.0,1.0,0.0,0.6666666666666666,0.16666666666666666,0.1666666666666667,0.5,0.3333333333333333,0.16666666666666669
P-0631,0.3333333333333333,0.16666666666666666,0.5000000000000001,0.16666666666666666,0.3333333333333333,0.5,0.16666666666666666,0.3333333333333333,0.5,0.3333333333333333,0.0,0.6666666666666667,0.3333333333333333,0.5,0.16666666666666674,0.5,0.0,0.5,0.3333333333333333,0.0,0.6666666666666667,0.0,0.6666666666666666,0.33333333333333337,0.6666666666666666,0.0,0.33333333333333337,0.0,0.6666666666666666,0.33333333333333337,0.16666666666666666,0.8333333333333334,0.0,0.5,0.5,0.0,0.5,0.3333333333333333,0.16666666666666669
P-0632,0.5,0.16666666666666666,0.33333333333333337,0.6666666666666666,0.16666666666666666,0.1666666666666667,0.6666666666666666,0.16666666666666666,0.1666666666666667,0.6666666666666666,0.0,0.33333333333333337,0.6666666666666666,0.3333333333333333,5.551115123125783e-17,0.5,0.16666666666666666,0.33333333333333337,0.3333333333333333,0.3333333333333333,0.3333333333333334,0.16666666666666666,0.8333333333333334,0.0,0.3333333333333333,0.16666666666666666,0.5000000000000001,0.16666666666666666,0.8333333333333334,0.0,0.0,1.0,0.0,0.3333333333333333,0.16666666666666666,0.5000000000000001,0.3333333333333333,0.5,0.16666666666666674
P-0633,0.16666666666666666,0.5,0.33333333333333337,0.6666666666666666,0.0,0.33333333333333337,0.8333333333333334,0.0,0.16666666666666663,0.5,0.16666666666666666,0.33333333333333337,0.6666666666666666,0.16666666666666666,0.1666666666666667,0.16666666666666666,0.6666666666666666,0.16666666666666674,0.5,0.16666666666666666,0.33333333333333337,0.5,0.3333333333333333,0.16666666666666669,0.3333333333333333,0.5,0.16666666666666674,0.5,0.3333333333333333,0.16666666666666669,0.0,1.0,0.0,0.3333333333333333,0.16666666666666666,0.5000000000000001,0.5,0.16666666666666666,0.33333333333333337
P-0634,0.5,0.3333333333333333,0.16666666666666669,0.5,0.3333333333333333,0.16666666666666669,0.8333333333333334,0.0,0.16666666666666663,0.5,0.3333333333333333,0.16666666666666669,0.6666666666666666,0.3333333333333333,5.551115123125783e-17,0.5,0.3333333333333333,0.16666666666666669,0.5,0.16666666666666666,0.33333333333333337,0.5,0.3333333333333333,0.16666666666666669,0.16666666666666666,0.3333333333333333,0.5,0.5,0.3333333333333333,0.16666666666666669,0.16666666666666666,0.6666666666666666,0.16666666666666674,0.6666666666666666,0.16666666666666666,0.1666666666666667,0.3333333333333333,0.5,0.16666666666666674
P-0635,0.16666666666666666,0.3333333333333333,0.5,0.3333333333333333,0.3333333333333333,0.3333333333333334,0.3333333333333333,0.3333333333333333,0.3333333333333334,0.3333333333333333,0.0,0.6666666666666667,0.3333333333333333,0.6666666666666666,1.1102230246251565e-16,0.3333333333333333,0.16666666666666666,0.5000000000000001,0.16666666666666666,0.16666666666666666,0.6666666666666667,0.16666666666666666,0.6666666666666666,0.16666666666666674,0.6666666666666666,0.16666666666666666,0.1666666666666667,0.16666666666666666,0.6666666666666666,0.16666666666666674,0.0,1.0,0.0,0.3333333333333333,0.6666666666666666,1.1102230246251565e-16,0.5,0.16666666666666666,0.33333333333333337
P-0636,0.16666666666666666,0.3333333333333333,0.5,0.16666666666666666,0.5,0.33333333333333337,0.3333333333333333,0.3333333333333333,0.3333333333333334,0.16666666666666666,0.16666666666666666,0.6666666666666667,0.3333333333333333,0.6666666666666666,1.1102230246251565e-16,0.3333333333333333,0.16666666666666666,0.5000000000000001,0.16666666666666666,0.16666666666666666,0.6666666666666667,0.16666666666666666,0.5,0.33333333333333337,0.6666666666666666,0.16666666666666666,0.1666666666666667,0.16666666666666666,0.5,0.33333333333333337,0.16666666666666666,0.8333333333333334,0.0,0.3333333333333333,0.6666666666666666,1.1102230246251565e-16,0.5,0.16666666666666666,0.33333333333333337
P-0637,0.3333333333333333,0.3333333333333333,0.3333333333333334,0.5,0.16666666666666666,0.33333333333333337,0.5,0.16666666666666666,0.33333333333333337,0.6666666666666666,0.0,0.33333333333333337,0.6666666666666666,0.16666666666666666,0.1666666666666667,0.3333333333333333,0.3333333333333333,0.3333333333333334,0.6666666666666666,0.0,0.33333333333333337,0.5,0.16666666666666666,0.33333333333333337,0.3333333333333333,0.3333333333333333,0.3333333333333334,0.5,0.16666666666666666,0.33333333333333337,0.16666666666666666,0.6666666666666666,0.16666666666666674,0.3333333333333333,0.16666666666666666,0.5000000000000001,0.3333333333333333,0.3333333333333333,0.3333333333333334
P-0638,0.16666666666666666,0.5,0.33333333333333337,0.5,0.3333333333333333,0.16666666666666669,0.5,0.3333333333333333,0.16666666666666669,0.3333333333333333,0.3333333333333333,0.3333333333333334,0.5,0.3333333333333333,0.16666666666666669,0.3333333333333333,0.3333333333333333,0.3333333333333334,0.3333333333333333,0.16666666666666666,0.5000000000000001,0.6666666666666666,0.16666666666666666,0.1666666666666667,0.3333333333333333,0.3333333333333333,0.3333333333333334,0.5,0.3333333333333333,0.16666666666666669,0.0,0.8333333333333334,0.16666666666666663,0.3333333333333333,0.16666666666666666,0.5000000000000001,0.5,0.16666666666666666,0.33333333333333337
P-0639,0.3333333333333333,0.3333333333333333,0.3333333333333334,0.3333333333333333,0.16666666666666666,0.5000000000000001,0.3333333333333333,0.16666666666666666,0.5000000000000001,0.6666666666666666,0.0,0.33333333333333337,0.6666666666666666,0.16666666666666666,0.1666666666666667,0.5,0.16666666666666666,0.33333333333333337,0.5,0.16666666666666666,0.33333333333333337,0.3333333333333333,0.5,0.16666666666666674,0.3333333333333333,0.3333333333333333,0.3333333333333334,0.16666666666666666,0.6666666666666666,0.16666666666666674,0.16666666666666666,0.8333333333333334,0.0,0.5,0.16666666666666666,0.33333333333333337,0.3333333333333333,0.3333333333333333,0.3333333333333334
P-0640,0.0,0.5,0.5,0.3333333333333333,0.3333333333333333,0.3333333333333334,0.3333333333333333,0.3333333333333333,0.3333333333333334,0.3333333333333333,0.0,0.6666666666666667,0.3333333333333333,0.6666666666666666,1.1102230246251565e-16,0.16666666666666666,0.3333333333333333,0.5,0.16666666666666666,0.16666666666666666,0.6666666666666667,0.3333333333333333,0.5,0.16666666666666674,0.6666666666666666,0.3333333333333333,5.551115123125783e-17,0.3333333333333333,0.5,0.16666666666666674,0.0,1.0,0.0,0.16666666666666666,0.6666666666666666,0.16666666666666674,0.5,0.0,0.5
P-0641,0.16666666666666666,0.16666666666666666,0.6666666666666667,0.3333333333333333,0.16666666666666666,0.5000000000000001,0.3333333333333333,0.16666666666666666,0.5000000000000001,0.3333333333333333,0.0,0.6666666666666667,0.3333333333333333,0.3333333333333333,0.3333333333333334,0.16666666666666666,0.16666666666666666,0.6666666666666667,0.16666666666666666,0.16666666666666666,0.6666666666666667,0.16666666666666666,0.6666666666666666,0.16666666666666674,0.6666666666666666,0.16666666666666666,0.1666666666666667,0.16666666666666666,0.6666666666666666,0.16666666666666674,0.0,1.0,0.0,0.3333333333333333,0.6666666666666666,1.1102230246251565e-16,0.6666666666666666,0.16666666666666666,0.1666666666666667
P-0642,0.16666666666666666,0.5,0.33333333333333337,0.5,0.16666666666666666,0.33333333333333337,0.5,0.16666666666666666,0.33333333333333337,0.5,0.16666666666666666,0.33333333333333337,0.5,0.3333333333333333,0.16666666666666669,0.3333333333333333,0.3333333333333333,0.3333333333333334,0.16666666666666666,0.3333333333333333,0.5,0.3333333333333333,0.5,0.16666666666666674,0.3333333333333333,0.3333333333333333,0.3333333333333334,0.3333333333333333,0.5,0.16666666666666674,0.0,1.0,0.0,0.5,0.5,0.0,0.3333333333333333,0.16666666666666666,0.5000000000000001
P-0643,0.3333333333333333,0.3333333333333333,0.3333333333333334,0.5,0.16666666666666666,0.33333333333333337,0.6666666666666666,0.0,0.33333333333333337,0.3333333333333333,0.3333333333333333,0.3333333333333334,0.6666666666666666,0.16666666666666666,0.1666666666666667,0.3333333333333333,0.3333333333333333,0.3333333333333334,0.3333333333333333,0.3333333333333333,0.3333333333333334,0.3333333333333333,0.3333333333333333,0.3333333333333334,0.3333333333333333,0.3333333333333333,0.3333333333333334,0.3333333333333333,0.3333333333333333,0.3333333333333334,0.16666666666666666,0.8333333333333334,0.0,0.5,0.3333333333333333,0.16666666666666669,0.5,0.3333333333333333,0.16666666666666669
P-0644,0.0,0.5,0.5,0.3333333333333333,0.3333333333333333,0.3333333333333334,0.3333333333333333,0.3333333333333333,0.3333333333333334,0.3333333333333333,0.0,0.6666666666666667,0.3333333333333333,0.6666666666666666,1.1102230246251565e-16,0.16666666666666666,0.3333333333333333,0.5,0.0,0.3333333333333333,0.6666666666666667,0.3333333333333333,0.5,0.16666666666666674,0.6666666666666666,0.3333333333333333,5.551115123125783e-17,0.3333333333333333,0.5,0.16666666666666674,0.0,1.0,0.0,0.16666666666666666,0.8333333333333334,0.0,0.5,0.0,0.5
P-0646,0.16666666666666666,0.3333333333333333,0.5,0.16666666666666666,0.3333333333333333,0.5,0.3333333333333333,0.16666666666666666,0.5000000000000001,0.16666666666666666,0.16666666666666666,0.6666666666666667,0.16666666666666666,0.8333333333333334,0.0,0.3333333333333333,0.16666666666666666,0.5000000000000001,0.16666666666666666,0.0,0.8333333333333334,0.16666666666666666,0.6666666666666666,0.16666666666666674,0.6666666666666666,0.16666666666666666,0.1666666666666667,0.16666666666666666,0.6666666666666666,0.16666666666666674,0.0,0.8333333333333334,0.16666666666666663,0.6666666666666666,0.3333333333333333,5.551115123125783e-17,0.6666666666666666,0.16666666666666666,0.1666666666666667
P-0648,0.16666666666666666,0.5,0.33333333333333337,0.5,0.3333333333333333,0.16666666666666669,0.5,0.3333333333333333,0.16666666666666669,0.5,0.16666666666666666,0.33333333333333337,0.5,0.5,0.0,0.3333333333333333,0.3333333333333333,0.3333333333333334,0.3333333333333333,0.16666666666666666,0.5000000000000001,0.3333333333333333,0.5,0.16666666666666674,0.3333333333333333,0.3333333333333333,0.3333333333333334,0.3333333333333333,0.5,0.16666666666666674,0.0,1.0,0.0,0.3333333333333333,0.16666666666666666,0.5000000000000001,0.3333333333333333,0.16666666666666666,0.5000000000000001
P-0649,0.0,0.6666666666666666,0.33333333333333337,0.6666666666666666,0.16666666666666666,0.1666666666666667,0.6666666666666666,0.16666666666666666,0.1666666666666667,0.5,0.16666666666666666,0.33333333333333337,0.6666666666666666,0.3333333333333333,5.551115123125783e-17,0.0,0.6666666666666666,0.33333333333333337,0.5,0.16666666666666666,0.33333333333333337,0.6666666666666666,0.3333333333333333,5.551115123125783e-17,0.3333333333333333,0.6666666666666666,1.1102230246251565e-16,0.6666666666666666,0.3333333333333333,5.551115123125783e-17,0.0,1.0,0.0,0.16666666666666666,0.16666666666666666,0.6666666666666667,0.5,0.0,0.5
P-0650,0.0,0.3333333333333333,0.6666666666666667,0.16666666666666666,0.5,0.33333333333333337,0.16666666666666666,0.5,0.33333333333333337,0.16666666666666666,0.0,0.8333333333333334,0.16666666666666666,0.8333333333333334,0.0,0.16666666666666666,0.16666666666666666,0.6666666666666667,0.0,0.16666666666666666,0.8333333333333334,0.16666666666666666,0.6666666666666666,0.16666666666666674,0.8333333333333334,0.16666666666666666,-2.7755575615628914e-17,0.16666666666666666,0.6666666666666666,0.16666666666666674,0.0,1.0,0.0,0.16666666666666666,0.8333333333333334,0.0,0.6666666666666666,0.0,0.33333333333333337
P-0651,0.0,0.3333333333333333,0.6666666666666667,0.16666666666666666,0.3333333333333333,0.5,0.3333333333333333,0.3333333333333333,0.3333333333333334,0.16666666666666666,0.0,0.8333333333333334,0.16666666666666666,0.6666666666666666,0.16666666666666674,0.16666666666666666,0.3333333333333333,0.5,0.0,0.16666666666666666,0.8333333333333334,0.16666666666666666,0.5,0.33333333333333337,0.8333333333333334,0.16666666666666666,-2.7755575615628914e-17,0.16666666666666666,0.5,0.33333333333333337,0.0,1.0,0.0,0.16666666666666666,0.8333333333333334,0.0,0.6666666666666666,0.0,0.33333333333333337
P-0652,0.5,0.16666666666666666,0.33333333333333337,0.5,0.0,0.5,0.5,0.0,0.5,0.5,0.0,0.5,0.5,0.5,0.0,0.6666666666666666,0.0,0.33333333333333337,0.3333333333333333,0.16666666666666666,0.5000000000000001,0.0,0.8333333333333334,0.16666666666666663,0.5,0.0,0.5,0.0,0.8333333333333334,0.16666666666666663,0.0,0.8333333333333334,0.16666666666666663,0.6666666666666666,0.16666666666666666,0.1666666666666667,0.3333333333333333,0.5,0.16666666666666674
P-0653,0.0,0.5,0.5,0.16666666666666666,0.3333333333333333,0.5,0.16666666666666666,0.3333333333333333,0.5,0.16666666666666666,0.0,0.8333333333333334,0.16666666666666666,0.8333333333333334,0.0,0.3333333333333333,0.16666666666666666,0.5000000000000001,0.0,0.16666666666666666,0.8333333333333334,0.16666666666666666,0.5,0.33333333333333337,0.8333333333333334,0.16666666666666666,-2.7755575615628914e-17,0.16666666666666666,0.5,0.33333333333333337,0.0,1.0,0.0,0.16666666666666666,0.8333333333333334,0.0,0.5,0.0,0.5
P-0655,0.16666666666666666,0.6666666666666666,0.16666666666666674,0.16666666666666666,0.8333333333333334,0.0,0.8333333333333334,0.16666666666666666,-2.7755575615628914e-17,0.16666666666666666,0.6666666666666666,0.16666666666666674,0.16666666666666666,0.8333333333333334,0.0,0.16666666666666666,0.6666666666666666,0.16666666666666674,0.16666666666666666,0.0,0.8333333333333334,0.6666666666666666,0.16666666666666666,0.1666666666666667,0.16666666666666666,0.6666666666666666,0.16666666666666674,0.6666666666666666,0.16666666666666666,0.1666666666666667,0.0,1.0,0.0,1.0,0.0,0.0,0.6666666666666666,0.16666666666666666,0.1666666666666667
P-0656,0.0,0.5,0.5,0.16666666666666666,0.6666666666666666,0.16666666666666674,0.3333333333333333,0.5,0.16666666666666674,0.16666666666666666,0.16666666666666666,0.6666666666666667,0.16666666666666666,0.8333333333333334,0.0,0.16666666666666666,0.3333333333333333,0.5,0.0,0.16666666666666666,0.8333333333333334,0.3333333333333333,0.3333333333333333,0.3333333333333334,0.6666666666666666,0.3333333333333333,5.551115123125783e-17,0.3333333333333333,0.3333333333333333,0.3333333333333334,0.0,1.0,0.0,0.3333333333333333,0.6666666666666666,1.1102230246251565e-16,0.5,0.0,0.5
P-0660,0.16666666666666666,0.5,0.33333333333333337,0.6666666666666666,0.3333333333333333,5.551115123125783e-17,0.6666666666666666,0.3333333333333333,5.551115123125783e-17,0.16666666666666666,0.5,0.33333333333333337,0.6666666666666666,0.3333333333333333,5.551115123125783e-17,0.16666666666666666,0.5,0.33333333333333337,0.0,0.6666666666666666,0.33333333333333337,0.5,0.16666666666666666,0.33333333333333337,0.3333333333333333,0.5,0.16666666666666674,0.5,0.16666666666666666,0.33333333333333337,0.0,1.0,0.0,0.3333333333333333,0.0,0.6666666666666667,0.5,0.16666666666666666,0.33333333333333337
P-0661,0.0,0.5,0.5,0.3333333333333333,0.5,0.16666666666666674,0.5,0.3333333333333333,0.16666666666666669,0.16666666666666666,0.3333333333333333,0.5,0.3333333333333333,0.6666666666666666,1.1102230246251565e-16,0.0,0.5,0.5,0.16666666666666666,0.16666666666666666,0.6666666666666667,0.5,0.16666666666666666,0.33333333333333337,0.5,0.5,0.0,0.5,0.16666666666666666,0.33333333333333337,0.0,1.0,0.0,0.6666666666666666,0.0,0.33333333333333337,0.5,0.0,0.5
P-0662,0.3333333333333333,0.3333333333333333,0.3333333333333334,0.6666666666666666,0.3333333333333333,5.551115123125783e-17,0.6666666666666666,0.3333333333333333,5.551115123125783e-17,0.5,0.16666666666666666,0.33333333333333337,0.6666666666666666,0.3333333333333333,5.551115123125783e-17,0.3333333333333333,0.3333333333333333,0.3333333333333334,0.0,0.6666666666666666,0.33333333333333337,0.3333333333333333,0.5,0.16666666666666674,0.3333333333333333,0.3333333333333333,0.3333333333333334,0.3333333333333333,0.5,0.16666666666666674,0.0,1.0,0.0,0.16666666666666666,0.3333333333333333,0.5,0.3333333333333333,0.3333333333333333,0.3333333333333334
P-0666,0.16666666666666666,0.3333333333333333,0.5,0.3333333333333333,0.3333333333333333,0.3333333333333334,0.3333333333333333,0.3333333333333333,0.3333333333333334,0.16666666666666666,0.3333333333333333,0.5,0.3333333333333333,0.3333333333333333,0.3333333333333334,0.3333333333333333,0.16666666666666666,0.5000000000000001,0.0,0.3333333333333333,0.6666666666666667,0.16666666666666666,0.3333333333333333,0.5,0.5,0.16666666666666666,0.33333333333333337,0.16666666666666666,0.3333333333333333,0.5,0.0,1.0,0.0,0.3333333333333333,0.3333333333333333,0.3333333333333334,0.5,0.16666666666666666,0.33333333333333337
P-0667,0.16666666666666666,0.3333333333333333,0.5,0.3333333333333333,0.16666666666666666,0.5000000000000001,0.3333333333333333,0.16666666666666666,0.5000000000000001,0.3333333333333333,0.0,0.6666666666666667,0.3333333333333333,0.5,0.16666666666666674,0.3333333333333333,0.16666666666666666,0.5000000000000001,0.0,0.3333333333333333,0.6666666666666667,0.16666666666666666,0.5,0.33333333333333337,0.6666666666666666,0.16666666666666666,0.1666666666666667,0.16666666666666666,0.5,0.33333333333333337,0.0,1.0,0.0,0.3333333333333333,0.5,0.16666666666666674,0.3333333333333333,0.16666666666666666,0.5000000000000001
P-0668,0.3333333333333333,0.3333333333333333,0.3333333333333334,0.5,0.3333333333333333,0.16666666666666669,0.6666666666666666,0.16666666666666666,0.1666666666666667,0.5,0.16666666666666666,0.33333333333333337,0.5,0.5,0.0,0.3333333333333333,0.3333333333333333,0.3333333333333334,0.5,0.0,0.5,0.3333333333333333,0.5,0.16666666666666674,0.3333333333333333,0.3333333333333333,0.3333333333333334,0.3333333333333333,0.5,0.16666666666666674,0.0,1.0,0.0,0.8333333333333334,0.0,0.16666666666666663,0.3333333333333333,0.3333333333333333,0.3333333333333334
P-0669,0.3333333333333333,0.3333333333333333,0.3333333333333334,0.3333333333333333,0.5,0.16666666666666674,0.6666666666666666,0.16666666666666666,0.1666666666666667,0.3333333333333333,0.3333333333333333,0.3333333333333334,0.5,0.5,0.0,0.3333333333333333,0.3333333333333333,0.3333333333333334,0.5,0.0,0.5,0.3333333333333333,0.3333333333333333,0.3333333333333334,0.3333333333333333,0.3333333333333333,0.3333333333333334,0.3333333333333333,0.3333333333333333,0.3333333333333334,0.16666666666666666,0.8333333333333334,0.0,0.8333333333333334,0.0,0.16666666666666663,0.3333333333333333,0.3333333333333333,0.3333333333333334
P-0670,0.0,0.0,1.0,0.0,0.5,0.5,0.0,0.5,0.5,0.0,0.0,1.0,0.0,0.8333333333333334,0.16666666666666663,0.0,0.0,1.0,0.0,0.0,1.0,0.0,0.6666666666666666,0.33333333333333337,1.0,0.0,0.0,0.0,0.6666666666666666,0.33333333333333337,0.0,1.0,0.0,0.5,0.5,0.0,0.8333333333333334,0.0,0.16666666666666663
P-0671,0.16666666666666666,0.5,0.33333333333333337,0.16666666666666666,0.8333333333333334,0.0,0.6666666666666666,0.3333333333333333,5.551115123125783e-17,0.16666666666666666,0.5,0.33333333333333337,0.16666666666666666,0.8333333333333334,0.0,0.16666666666666666,0.5,0.33333333333333337,0.16666666666666666,0.0,0.8333333333333334,0.5,0.16666666666666666,0.33333333333333337,0.3333333333333333,0.5,0.16666666666666674,0.5,0.16666666666666666,0.33333333333333337,0.0,1.0,0.0,1.0,0.0,0.0,0.5,0.16666666666666666,0.33333333333333337
P-0672,0.0,0.3333333333333333,0.6666666666666667,0.16666666666666666,0.6666666666666666,0.16666666666666674,0.3333333333333333,0.5,0.16666666666666674,0.0,0.3333333333333333,0.6666666666666667,0.16666666666666666,0.8333333333333334,0.0,0.0,0.3333333333333333,0.6666666666666667,0.0,0.16666666666666666,0.8333333333333334,0.3333333333333333,0.16666666666666666,0.5000000000000001,0.6666666666666666,0.3333333333333333,5.551115123125783e-17,0.3333333333333333,0.16666666666666666,0.5000000000000001,0.0,1.0,0.0,0.8333333333333334,0.0,0.16666666666666663,0.5,0.0,0.5
P-0673,0.16666666666666666,0.3333333333333333,0.5,0.3333333333333333,0.5,0.16666666666666674,0.3333333333333333,0.5,0.16666666666666674,0.16666666666666666,0.3333333333333333,0.5,0.3333333333333333,0.5,0.16666666666666674,0.3333333333333333,0.16666666666666666,0.5000000000000001,0.0,0.3333333333333333,0.6666666666666667,0.16666666666666666,0.16666666666666666,0.6666666666666667,0.5,0.16666666666666666,0.33333333333333337,0.16666666666666666,0.16666666666666666,0.6666666666666667,0.0,1.0,0.0,0.5,0.16666666666666666,0.33333333333333337,0.3333333333333333,0.16666666666666666,0.5000000000000001
P-0674,0.16666666666666666,0.3333333333333333,0.5,0.3333333333333333,0.3333333333333333,0.3333333333333334,0.5,0.16666666666666666,0.33333333333333337,0.16666666666666666,0.3333333333333333,0.5,0.3333333333333333,0.3333333333333333,0.3333333333333334,0.16666666666666666,0.3333333333333333,0.5,0.0,0.3333333333333333,0.6666666666666667,0.3333333333333333,0.16666666666666666,0.5000000000000001,0.5,0.3333333333333333,0.16666666666666669,0.3333333333333333,0.16666666666666666,0.5000000000000001,0.0,1.0,0.0,0.3333333333333333,0.3333333333333333,0.3333333333333334,0.6666666666666666,0.16666666666666666,0.1666666666666667
P-0675,0.16666666666666666,0.3333333333333333,0.5,0.5,0.16666666666666666,0.33333333333333337,0.5,0.16666666666666666,0.33333333333333337,0.3333333333333333,0.16666666666666666,0.5000000000000001,0.5,0.16666666666666666,0.33333333333333337,0.16666666666666666,0.3333333333333333,0.5,0.0,0.5,0.5,0.3333333333333333,0.16666666666666666,0.5000000000000001,0.5,0.3333333333333333,0.16666666666666669,0.3333333333333333,0.16666666666666666,0.5000000000000001,0.0,1.0,0.0,0.16666666666666666,0.5,0.33333333333333337,0.5,0.16666666666666666,0.33333333333333337
P-0676,0.3333333333333333,0.16666666666666666,0.5000000000000001,0.16666666666666666,0.5,0.33333333333333337,0.16666666666666666,0.5,0.33333333333333337,0.3333333333333333,0.0,0.6666666666666667,0.3333333333333333,0.5,0.16666666666666674,0.5,0.0,0.5,0.3333333333333333,0.0,0.6666666666666667,0.0,0.5,0.5,0.6666666666666666,0.0,0.33333333333333337,0.0,0.5,0.5,0.16666666666666666,0.8333333333333334,0.0,0.5,0.5,0.0,0.3333333333333333,0.3333333333333333,0.3333333333333334
P-0677,0.5,0.3333333333333333,0.16666666666666669,0.8333333333333334,0.16666666666666666,-2.7755575615628914e-17,0.8333333333333334,0.16666666666666666,-2.7755575615628914e-17,0.8333333333333334,0.0,0.16666666666666663,0.8333333333333334,0.16666666666666666,-2.7755575615628914e-17,0.5,0.3333333333333333,0.16666666666666669,0.6666666666666666,0.16666666666666666,0.1666666666666667,0.5,0.3333333333333333,0.16666666666666669,0.16666666666666666,0.3333333333333333,0.5,0.5,0.3333333333333333,0.16666666666666669,0.0,0.8333333333333334,0.16666666666666663,0.3333333333333333,0.0,0.6666666666666667,0.0,0.5,0.5
P-0678,0.3333333333333333,0.16666666666666666,0.5000000000000001,0.5,0.16666666666666666,0.33333333333333337,0.5,0.16666666666666666,0.33333333333333337,0.5,0.0,0.5,0.5,0.3333333333333333,0.16666666666666669,0.3333333333333333,0.16666666666666666,0.5000000000000001,0.3333333333333333,0.16666666666666666,0.5000000000000001,0.3333333333333333,0.3333333333333333,0.3333333333333334,0.5,0.16666666666666666,0.33333333333333337,0.3333333333333333,0.3333333333333333,0.3333333333333334,0.0,0.8333333333333334,0.16666666666666663,0.3333333333333333,0.16666666666666666,0.5000000000000001,0.3333333333333333,0.3333333333333333,0.3333333333333334
P-0679,0.3333333333333333,0.16666666666666666,0.5000000000000001,0.5,0.16666666666666666,0.33333333333333337,0.5,0.16666666666666666,0.33333333333333337,0.5,0.0,0.5,0.5,0.16666666666666666,0.33333333333333337,0.3333333333333333,0.16666666666666666,0.5000000000000001,0.16666666666666666,0.3333333333333333,0.5,0.16666666666666666,0.5,0.33333333333333337,0.5,0.16666666666666666,0.33333333333333337,0.16666666666666666,0.5,0.33333333333333337,0.0,1.0,0.0,0.3333333333333333,0.5,0.16666666666666674,0.3333333333333333,0.3333333333333333,0.3333333333333334
P-0681,0.3333333333333333,0.16666666666666666,0.5000000000000001,0.3333333333333333,0.5,0.16666666666666674,0.3333333333333333,0.5,0.16666666666666674,0.5,0.0,0.5,0.5,0.3333333333333333,0.16666666666666669,0.3333333333333333,0.16666666666666666,0.5000000000000001,0.3333333333333333,0.16666666666666666,0.5000000000000001,0.16666666666666666,0.3333333333333333,0.5,0.5,0.16666666666666666,0.33333333333333337,0.16666666666666666,0.3333333333333333,0.5,0.16666666666666666,0.8333333333333334,0.0,0.5,0.5,0.0,0.3333333333333333,0.3333333333333333,0.3333333333333334
P-0682,0.0,0.3333333333333333,0.6666666666666667,0.3333333333333333,0.6666666666666666,1.1102230246251565e-16,0.3333333333333333,0.6666666666666666,1.1102230246251565e-16,0.0,0.3333333333333333,0.6666666666666667,0.3333333333333333,0.6666666666666666,1.1102230246251565e-16,0.0,0.3333333333333333,0.6666666666666667,0.0,0.3333333333333333,0.6666666666666667,0.3333333333333333,0.5,0.16666666666666674,0.6666666666666666,0.3333333333333333,5.551115123125783e-17,0.3333333333333333,0.5,0.16666666666666674,0.0,1.0,0.0,0.16666666666666666,0.5,0.33333333333333337,0.8333333333333334,0.0,0.16666666666666663
P-0685,0.16666666666666666,0.8333333333333334,0.0,0.8333333333333334,0.16666666666666666,-2.7755575615628914e-17,1.0,0.0,0.0,0.5,0.5,0.0,0.8333333333333334,0.16666666666666666,-2.7755575615628914e-17,0.16666666666666666,0.8333333333333334,0.0,0.3333333333333333,0.5,0.16666666666666674,0.8333333333333334,0.16666666666666666,-2.7755575615628914e-17,0.0,0.8333333333333334,0.16666666666666663,0.8333333333333334,0.16666666666666666,-2.7755575615628914e-17,0.0,1.0,0.0,0.16666666666666666,0.0,0.8333333333333334,0.5,0.16666666666666666,0.33333333333333337
P-0686,0.3333333333333333,0.6666666666666666,1.1102230246251565e-16,0.6666666666666666,0.3333333333333333,5.551115123125783e-17,1.0,0.0,0.0,0.6666666666666666,0.3333333333333333,5.551115123125783e-17,0.6666666666666666,0.3333333333333333,5.551115123125783e-17,0.3333333333333333,0.6666666666666666,1.1102230246251565e-16,0.3333333333333333,0.3333333333333333,0.3333333333333334,0.6666666666666666,0.3333333333333333,5.551115123125783e-17,0.0,0.6666666666666666,0.33333333333333337,0.6666666666666666,0.3333333333333333,5.551115123125783e-17,0.0,1.0,0.0,0.3333333333333333,0.0,0.6666666666666667,0.3333333333333333,0.3333333333333333,0.3333333333333334
P-0687,0.5,0.5,0.0,0.8333333333333334,0.16666666666666666,-2.7755575615628914e-17,1.0,0.0,0.0,0.8333333333333334,0.16666666666666666,-2.7755575615628914e-17,0.8333333333333334,0.16666666666666666,-2.7755575615628914e-17,0.5,0.5,0.0,0.16666666666666666,0.6666666666666666,0.16666666666666674,0.5,0.5,0.0,0.0,0.5,0.5,0.5,0.5,0.0,0.0,1.0,0.0,0.16666666666666666,0.16666666666666666,0.6666666666666667,0.16666666666666666,0.5,0.33333333333333337
P-0688,0.5,0.5,0.0,0.5,0.3333333333333333,0.16666666666666669,0.8333333333333334,0.0,0.16666666666666663,0.6666666666666666,0.3333333333333333,5.551115123125783e-17,0.6666666666666666,0.3333333333333333,5.551115123125783e-17,0.6666666666666666,0.3333333333333333,5.551115123125783e-17,0.3333333333333333,0.3333333333333333,0.3333333333333334,0.5,0.5,0.0,0.0,0.5,0.5,0.3333333333333333,0.6666666666666666,1.1102230246251565e-16,0.0,1.0,0.0,0.6666666666666666,0.0,0.33333333333333337,0.3333333333333333,0.5,0.16666666666666674
P-0689,0.3333333333333333,0.6666666666666666,1.1102230246251565e-16,0.5,0.5,0.0,0.8333333333333334,0.16666666666666666,-2.7755575615628914e-17,0.5,0.5,0.0,0.5,0.5,0.0,0.5,0.5,0.0,0.16666666666666666,0.3333333333333333,0.5,0.5,0.3333333333333333,0.16666666666666669,0.0,0.5,0.5,0.5,0.3333333333333333,0.16666666666666669,0.0,1.0,0.0,0.6666666666666666,0.16666666666666666,0.1666666666666667,0.3333333333333333,0.3333333333333333,0.3333333333333334
P-0690,0.5,0.3333333333333333,0.16666666666666669,0.3333333333333333,0.6666666666666666,1.1102230246251565e-16,0.5,0.5,0.0,0.6666666666666666,0.16666666666666666,0.1666666666666667,0.6666666666666666,0.3333333333333333,5.551115123125783e-17,0.5,0.3333333333333333,0.16666666666666669,0.3333333333333333,0.3333333333333333,0.3333333333333334,0.3333333333333333,0.3333333333333333,0.3333333333333334,0.16666666666666666,0.3333333333333333,0.5,0.3333333333333333,0.3333333333333333,0.3333333333333334,0.3333333333333333,0.6666666666666666,1.1102230246251565e-16,0.5,0.3333333333333333,0.16666666666666669,0.3333333333333333,0.5,0.16666666666666674
P-0691,0.16666666666666666,0.5,0.33333333333333337,0.3333333333333333,0.5,0.16666666666666674,0.5,0.3333333333333333,0.16666666666666669,0.3333333333333333,0.16666666666666666,0.5000000000000001,0.3333333333333333,0.6666666666666666,1.1102230246251565e-16,0.3333333333333333,0.3333333333333333,0.3333333333333334,0.0,0.3333333333333333,0.6666666666666667,0.3333333333333333,0.5,0.16666666666666674,0.5,0.3333333333333333,0.16666666666666669,0.3333333333333333,0.5,0.16666666666666674,0.0,1.0,0.0,0.16666666666666666,0.6666666666666666,0.16666666666666674,0.5,0.16666666666666666,0.33333333333333337
P-0692,0.8333333333333334,0.0,0.16666666666666663,0.6666666666666666,0.16666666666666666,0.1666666666666667,0.6666666666666666,0.16666666666666666,0.1666666666666667,0.8333333333333334,0.0,0.16666666666666663,0.8333333333333334,0.0,0.16666666666666663,0.8333333333333334,0.0,0.16666666666666663,0.6666666666666666,0.16666666666666666,0.1666666666666667,0.16666666666666666,0.5,0.33333333333333337,0.16666666666666666,0.0,0.8333333333333334,0.16666666666666666,0.5,0.33333333333333337,0.16666666666666666,0.6666666666666666,0.16666666666666674,0.5,0.16666666666666666,0.33333333333333337,0.16666666666666666,0.8333333333333334,0.0
P-0693,1.0,0.0,0.0,1.0,0.0,0.0,1.0,0.0,0.0,1.0,0.0,0.0,1.0,0.0,0.0,1.0,0.0,0.0,0.16666666666666666,0.8333333333333334,0.0,0.16666666666666666,0.8333333333333334,0.0,0.0,0.0,1.0,0.16666666666666666,0.8333333333333334,0.0,0.0,0.8333333333333334,0.16666666666666663,0.0,0.0,1.0,0.0,1.0,0.0
P-0694,0.8333333333333334,0.16666666666666666,-2.7755575615628914e-17,1.0,0.0,0.0,1.0,0.0,0.0,1.0,0.0,0.0,1.0,0.0,0.0,0.8333333333333334,0.16666666666666666,-2.7755575615628914e-17,0.3333333333333333,0.6666666666666666,1.1102230246251565e-16,0.3333333333333333,0.6666666666666666,1.1102230246251565e-16,0.0,0.16666666666666666,0.8333333333333334,0.3333333333333333,0.6666666666666666,1.1102230246251565e-16,0.0,0.8333333333333334,0.16666666666666663,0.0,0.0,1.0,0.0,0.8333333333333334,0.16666666666666663
P-0696,0.6666666666666666,0.3333333333333333,5.551115123125783e-17,0.8333333333333334,0.16666666666666666,-2.7755575615628914e-17,1.0,0.0,0.0,0.6666666666666666,0.3333333333333333,5.551115123125783e-17,0.8333333333333334,0.16666666666666666,-2.7755575615628914e-17,0.6666666666666666,0.3333333333333333,5.551115123125783e-17,0.16666666666666666,0.6666666666666666,0.16666666666666674,0.3333333333333333,0.6666666666666666,1.1102230246251565e-16,0.0,0.3333333333333333,0.6666666666666667,0.3333333333333333,0.6666666666666666,1.1102230246251565e-16,0.0,0.8333333333333334,0.16666666666666663,0.3333333333333333,0.0,0.6666666666666667,0.3333333333333333,0.6666666666666666,1.1102230246251565e-16
P-0697,0.3333333333333333,0.16666666666666666,0.5000000000000001,0.5,0.0,0.5,0.5,0.0,0.5,0.5,0.0,0.5,0.5,0.0,0.5,0.3333333333333333,0.16666666666666666,0.5000000000000001,0.3333333333333333,0.16666666666666666,0.5000000000000001,0.16666666666666666,0.5,0.33333333333333337,0.5,0.16666666666666666,0.33333333333333337,0.16666666666666666,0.5,0.33333333333333337,0.0,1.0,0.0,0.16666666666666666,0.5,0.33333333333333337,0.5,0.3333333333333333,0.16666666666666669
P-0698,0.16666666666666666,0.0,0.8333333333333334,0.16666666666666666,0.0,0.8333333333333334,0.3333333333333333,0.0,0.6666666666666667,0.16666666666666666,0.0,0.8333333333333334,0.16666666666666666,0.3333333333333333,0.5,0.16666666666666666,0.16666666666666666,0.6666666666666667,0.0,0.16666666666666666,0.8333333333333334,0.0,0.5,0.5,0.8333333333333334,0.0,0.16666666666666663,0.0,0.5,0.5,0.0,1.0,0.0,0.3333333333333333,0.5,0.16666666666666674,0.8333333333333334,0.16666666666666666,-2.7755575615628914e-17
P-0699,0.16666666666666666,0.5,0.33333333333333337,0.5,0.16666666666666666,0.33333333333333337,0.6666666666666666,0.0,0.33333333333333337,0.3333333333333333,0.3333333333333333,0.3333333333333334,0.5,0.16666666666666666,0.33333333333333337,0.16666666666666666,0.5,0.33333333333333337,0.16666666666666666,0.3333333333333333,0.5,0.5,0.16666666666666666,0.33333333333333337,0.3333333333333333,0.5,0.16666666666666674,0.5,0.16666666666666666,0.33333333333333337,0.0,1.0,0.0,0.16666666666666666,0.3333333333333333,0.5,0.6666666666666666,0.16666666666666666,0.1666666666666667
P-0700,0.16666666666666666,0.3333333333333333,0.5,0.3333333333333333,0.16666666666666666,0.5000000000000001,0.5,0.0,0.5,0.16666666666666666,0.3333333333333333,0.5,0.3333333333333333,0.3333333333333333,0.3333333333333334,0.16666666666666666,0.3333333333333333,0.5,0.0,0.3333333333333333,0.6666666666666667,0.3333333333333333,0.5,0.16666666666666674,0.5,0.3333333333333333,0.16666666666666669,0.3333333333333333,0.5,0.16666666666666674,0.0,1.0,0.0,0.3333333333333333,0.3333333333333333,0.3333333333333334,0.8333333333333334,0.16666666666666666,-2.7755575615628914e-17
P-0701,0.3333333333333333,0.3333333333333333,0.3333333333333334,0.6666666666666666,0.0,0.33333333333333337,0.6666666666666666,0.0,0.33333333333333337,0.5,0.16666666666666666,0.33333333333333337,0.6666666666666666,0.0,0.33333333333333337,0.3333333333333333,0.3333333333333333,0.3333333333333334,0.3333333333333333,0.3333333333333333,0.3333333333333334,0.3333333333333333,0.3333333333333333,0.3333333333333334,0.3333333333333333,0.3333333333333333,0.3333333333333334,0.3333333333333333,0.3333333333333333,0.3333333333333334,0.0,0.8333333333333334,0.16666666666666663,0.16666666666666666,0.3333333333333333,0.5,0.5,0.3333333333333333,0.16666666666666669
P-0703,0.16666666666666666,0.5,0.33333333333333337,0.6666666666666666,0.0,0.33333333333333337,0.6666666666666666,0.0,0.33333333333333337,0.5,0.16666666666666666,0.33333333333333337,0.6666666666666666,0.0,0.33333333333333337,0.16666666666666666,0.5,0.33333333333333337,0.16666666666666666,0.5,0.33333333333333337,0.5,0.16666666666666666,0.33333333333333337,0.3333333333333333,0.5,0.16666666666666674,0.5,0.16666666666666666,0.33333333333333337,0.0,1.0,0.0,0.0,0.5,0.5,0.5,0.16666666666666666,0.33333333333333337
P-0704,0.16666666666666666,0.3333333333333333,0.5,0.3333333333333333,0.3333333333333333,0.3333333333333334,0.3333333333333333,0.3333333333333333,0.3333333333333334,0.3333333333333333,0.16666666666666666,0.5000000000000001,0.3333333333333333,0.5,0.16666666666666674,0.3333333333333333,0.16666666666666666,0.5000000000000001,0.16666666666666666,0.16666666666666666,0.6666666666666667,0.16666666666666666,0.5,0.33333333333333337,0.5,0.16666666666666666,0.33333333333333337,0.16666666666666666,0.5,0.33333333333333337,0.0,1.0,0.0,0.3333333333333333,0.3333333333333333,0.3333333333333334,0.5,0.16666666666666666,0.33333333333333337
P-0705,0.6666666666666666,0.16666666666666666,0.1666666666666667,0.8333333333333334,0.0,0.16666666666666663,0.8333333333333334,0.0,0.16666666666666663,0.6666666666666666,0.16666666666666666,0.1666666666666667,0.8333333333333334,0.0,0.16666666666666663,0.6666666666666666,0.16666666666666666,0.1666666666666667,0.0,0.8333333333333334,0.16666666666666663,0.16666666666666666,0.6666666666666666,0.16666666666666674,0.16666666666666666,0.16666666666666666,0.6666666666666667,0.16666666666666666,0.6666666666666666,0.16666666666666674,0.0,1.0,0.0,0.0,0.16666666666666666,0.8333333333333334,0.3333333333333333,0.6666666666666666,1.1102230246251565e-16
P-0706,0.6666666666666666,0.16666666666666666,0.1666666666666667,0.6666666666666666,0.0,0.33333333333333337,0.6666666666666666,0.0,0.33333333333333337,0.6666666666666666,0.0,0.33333333333333337,0.6666666666666666,0.16666666666666666,0.1666666666666667,0.8333333333333334,0.0,0.16666666666666663,0.0,0.6666666666666666,0.33333333333333337,0.0,0.6666666666666666,0.33333333333333337,0.3333333333333333,0.0,0.6666666666666667,0.0,0.6666666666666666,0.33333333333333337,0.0,1.0,0.0,0.0,0.3333333333333333,0.6666666666666667,0.16666666666666666,0.6666666666666666,0.16666666666666674
P-0708,0.3333333333333333,0.5,0.16666666666666674,0.5,0.5,0.0,0.8333333333333334,0.16666666666666666,-2.7755575615628914e-17,0.3333333333333333,0.5,0.16666666666666674,0.5,0.5,0.0,0.3333333333333333,0.5,0.16666666666666674,0.16666666666666666,0.3333333333333333,0.5,0.6666666666666666,0.3333333333333333,5.551115123125783e-17,0.16666666666666666,0.5,0.33333333333333337,0.6666666666666666,0.3333333333333333,5.551115123125783e-17,0.0,0.8333333333333334,0.16666666666666663,0.3333333333333333,0.16666666666666666,0.5000000000000001,0.6666666666666666,0.3333333333333333,5.551115123125783e-17
P-0709,0.3333333333333333,0.5,0.16666666666666674,0.6666666666666666,0.3333333333333333,5.551115123125783e-17,0.8333333333333334,0.16666666666666666,-2.7755575615628914e-17,0.3333333333333333,0.5,0.16666666666666674,0.6666666666666666,0.3333333333333333,5.551115123125783e-17,0.3333333333333333,0.5,0.16666666666666674,0.16666666666666666,0.5,0.33333333333333337,0.6666666666666666,0.3333333333333333,5.551115123125783e-17,0.16666666666666666,0.5,0.33333333333333337,0.6666666666666666,0.3333333333333333,5.551115123125783e-17,0.0,0.8333333333333334,0.16666666666666663,0.16666666666666666,0.16666666666666666,0.6666666666666667,0.6666666666666666,0.3333333333333333,5.551115123125783e-17
P-0710,0.6666666666666666,0.16666666666666666,0.1666666666666667,0.6666666666666666,0.16666666666666666,0.1666666666666667,0.8333333333333334,0.0,0.16666666666666663,0.5,0.3333333333333333,0.16666666666666669,0.8333333333333334,0.0,0.16666666666666663,0.6666666666666666,0.16666666666666666,0.1666666666666667,0.5,0.3333333333333333,0.16666666666666669,0.16666666666666666,0.6666666666666666,0.16666666666666674,0.16666666666666666,0.16666666666666666,0.6666666666666667,0.16666666666666666,0.6666666666666666,0.16666666666666674,0.16666666666666666,0.5,0.33333333333333337,0.5,0.16666666666666666,0.33333333333333337,0.3333333333333333,0.6666666666666666,1.1102230246251565e-16
P-0711,0.16666666666666666,0.16666666666666666,0.6666666666666667,0.3333333333333333,0.3333333333333333,0.3333333333333334,0.3333333333333333,0.3333333333333333,0.3333333333333334,0.16666666666666666,0.16666666666666666,0.6666666666666667,0.3333333333333333,0.3333333333333333,0.3333333333333334,0.16666666666666666,0.16666666666666666,0.6666666666666667,0.0,0.3333333333333333,0.6666666666666667,0.16666666666666666,0.8333333333333334,0.0,0.6666666666666666,0.16666666666666666,0.1666666666666667,0.16666666666666666,0.8333333333333334,0.0,0.0,1.0,0.0,0.0,0.6666666666666666,0.33333333333333337,0.8333333333333334,0.16666666666666666,-2.7755575615628914e-17
P-0712,0.5,0.3333333333333333,0.16666666666666669,0.6666666666666666,0.16666666666666666,0.1666666666666667,0.6666666666666666,0.16666666666666666,0.1666666666666667,0.6666666666666666,0.16666666666666666,0.1666666666666667,0.8333333333333334,0.0,0.16666666666666663,0.5,0.3333333333333333,0.16666666666666669,0.3333333333333333,0.5,0.16666666666666674,0.3333333333333333,0.3333333333333333,0.3333333333333334,0.16666666666666666,0.3333333333333333,0.5,0.3333333333333333,0.3333333333333333,0.3333333333333334,0.16666666666666666,0.8333333333333334,0.0,0.16666666666666666,0.16666666666666666,0.6666666666666667,0.3333333333333333,0.5,0.16666666666666674
P-0713,0.5,0.3333333333333333,0.16666666666666669,0.8333333333333334,0.0,0.16666666666666663,0.8333333333333334,0.0,0.16666666666666663,0.6666666666666666,0.16666666666666666,0.1666666666666667,0.8333333333333334,0.16666666666666666,-2.7755575615628914e-17,0.5,0.3333333333333333,0.16666666666666669,0.16666666666666666,0.6666666666666666,0.16666666666666674,0.3333333333333333,0.6666666666666666,1.1102230246251565e-16,0.16666666666666666,0.3333333333333333,0.5,0.3333333333333333,0.6666666666666666,1.1102230246251565e-16,0.0,1.0,0.0,0.16666666666666666,0.0,0.8333333333333334,0.3333333333333333,0.5,0.16666666666666674
P-0714,0.3333333333333333,0.5,0.16666666666666674,0.8333333333333334,0.0,0.16666666666666663,0.8333333333333334,0.0,0.16666666666666663,0.6666666666666666,0.16666666666666666,0.1666666666666667,0.8333333333333334,0.16666666666666666,-2.7755575615628914e-17,0.3333333333333333,0.5,0.16666666666666674,0.16666666666666666,0.6666666666666666,0.16666666666666674,0.5,0.5,0.0,0.16666666666666666,0.5,0.33333333333333337,0.5,0.5,0.0,0.0,1.0,0.0,0.16666666666666666,0.16666666666666666,0.6666666666666667,0.3333333333333333,0.3333333333333333,0.3333333333333334
P-0715,0.6666666666666666,0.3333333333333333,5.551115123125783e-17,1.0,0.0,0.0,1.0,0.0,0.0,0.8333333333333334,0.16666666666666666,-2.7755575615628914e-17,1.0,0.0,0.0,0.6666666666666666,0.3333333333333333,5.551115123125783e-17,0.16666666666666666,0.8333333333333334,0.0,0.3333333333333333,0.6666666666666666,1.1102230246251565e-16,0.0,0.3333333333333333,0.6666666666666667,0.3333333333333333,0.6666666666666666,1.1102230246251565e-16,0.0,1.0,0.0,0.0,0.0,1.0,0.16666666666666666,0.6666666666666666,0.16666666666666674
P-0716,0.8333333333333334,0.16666666666666666,-2.7755575615628914e-17,0.8333333333333334,0.16666666666666666,-2.7755575615628914e-17,1.0,0.0,0.0,0.6666666666666666,0.3333333333333333,5.551115123125783e-17,1.0,0.0,0.0,0.8333333333333334,0.16666666666666666,-2.7755575615628914e-17,0.3333333333333333,0.6666666666666666,1.1102230246251565e-16,0.16666666666666666,0.6666666666666666,0.16666666666666674,0.0,0.16666666666666666,0.8333333333333334,0.16666666666666666,0.6666666666666666,0.16666666666666674,0.16666666666666666,0.8333333333333334,0.0,0.3333333333333333,0.0,0.6666666666666667,0.16666666666666666,0.8333333333333334,0.0
P-0717,0.8333333333333334,0.16666666666666666,-2.7755575615628914e-17,1.0,0.0,0.0,1.0,0.0,0.0,0.8333333333333334,0.16666666666666666,-2.7755575615628914e-17,1.0,0.0,0.0,0.8333333333333334,0.16666666666666666,-2.7755575615628914e-17,0.5,0.5,0.0,0.16666666666666666,0.8333333333333334,0.0,0.0,0.16666666666666666,0.8333333333333334,0.16666666666666666,0.8333333333333334,0.0,0.0,1.0,0.0,0.5,0.0,0.5,0.16666666666666666,0.8333333333333334,0.0
P-0719,0.16666666666666666,0.8333333333333334,0.0,0.8333333333333334,0.16666666666666666,-2.7755575615628914e-17,0.8333333333333334,0.16666666666666666,-2.7755575615628914e-17,0.16666666666666666,0.8333333333333334,0.0,0.8333333333333334,0.16666666666666666,-2.7755575615628914e-17,0.3333333333333333,0.6666666666666666,1.1102230246251565e-16,0.0,0.8333333333333334,0.16666666666666663,0.6666666666666666,0.16666666666666666,0.1666666666666667,0.0,0.6666666666666666,0.33333333333333337,0.6666666666666666,0.16666666666666666,0.1666666666666667,0.0,1.0,0.0,0.16666666666666666,0.0,0.8333333333333334,0.6666666666666666,0.16666666666666666,0.1666666666666667
P-0720,0.16666666666666666,0.5,0.33333333333333337,0.5,0.3333333333333333,0.16666666666666669,0.5,0.3333333333333333,0.16666666666666669,0.5,0.16666666666666666,0.33333333333333337,0.5,0.5,0.0,0.3333333333333333,0.3333333333333333,0.3333333333333334,0.16666666666666666,0.3333333333333333,0.5,0.3333333333333333,0.5,0.16666666666666674,0.3333333333333333,0.3333333333333333,0.3333333333333334,0.3333333333333333,0.5,0.16666666666666674,0.0,1.0,0.0,0.3333333333333333,0.3333333333333333,0.3333333333333334,0.3333333333333333,0.16666666666666666,0.5000000000000001
P-0721,0.5,0.16666666666666666,0.33333333333333337,0.6666666666666666,0.0,0.33333333333333337,0.6666666666666666,0.0,0.33333333333333337,0.6666666666666666,0.0,0.33333333333333337,0.6666666666666666,0.0,0.33333333333333337,0.5,0.16666666666666666,0.33333333333333337,0.5,0.16666666666666666,0.33333333333333337,0.3333333333333333,0.5,0.16666666666666674,0.3333333333333333,0.16666666666666666,0.5000000000000001,0.3333333333333333,0.5,0.16666666666666674,0.0,0.8333333333333334,0.16666666666666663,0.16666666666666666,0.3333333333333333,0.5,0.3333333333333333,0.5,0.16666666666666674
P-0724,0.3333333333333333,0.0,0.6666666666666667,0.3333333333333333,0.16666666666666666,0.5000000000000001,0.5,0.16666666666666666,0.33333333333333337,0.3333333333333333,0.0,0.6666666666666667,0.3333333333333333,0.16666666666666666,0.5000000000000001,0.3333333333333333,0.16666666666666666,0.5000000000000001,0.16666666666666666,0.16666666666666666,0.6666666666666667,0.0,0.6666666666666666,0.33333333333333337,0.6666666666666666,0.0,0.33333333333333337,0.0,0.6666666666666666,0.33333333333333337,0.0,1.0,0.0,0.16666666666666666,0.6666666666666666,0.16666666666666674,0.6666666666666666,0.3333333333333333,5.551115123125783e-17
P-0725,0.5,0.3333333333333333,0.16666666666666669,0.8333333333333334,0.0,0.16666666666666663,0.8333333333333334,0.0,0.16666666666666663,0.6666666666666666,0.16666666666666666,0.1666666666666667,0.8333333333333334,0.0,0.16666666666666663,0.5,0.3333333333333333,0.16666666666666669,0.16666666666666666,0.6666666666666666,0.16666666666666674,0.3333333333333333,0.6666666666666666,1.1102230246251565e-16,0.16666666666666666,0.3333333333333333,0.5,0.3333333333333333,0.6666666666666666,1.1102230246251565e-16,0.0,1.0,0.0,0.0,0.16666666666666666,0.8333333333333334,0.3333333333333333,0.5,0.16666666666666674
P-0726,0.3333333333333333,0.3333333333333333,0.3333333333333334,0.6666666666666666,0.0,0.33333333333333337,0.6666666666666666,0.0,0.33333333333333337,0.5,0.16666666666666666,0.33333333333333337,0.6666666666666666,0.0,0.33333333333333337,0.3333333333333333,0.3333333333333333,0.3333333333333334,0.3333333333333333,0.3333333333333333,0.3333333333333334,0.3333333333333333,0.5,0.16666666666666674,0.3333333333333333,0.3333333333333333,0.3333333333333334,0.3333333333333333,0.5,0.16666666666666674,0.0,1.0,0.0,0.16666666666666666,0.3333333333333333,0.5,0.5,0.3333333333333333,0.16666666666666669
P-0729,0.5,0.0,0.5,0.5,0.16666666666666666,0.33333333333333337,0.5,0.16666666666666666,0.33333333333333337,0.5,0.0,0.5,0.5,0.16666666666666666,0.33333333333333337,0.5,0.0,0.5,0.0,0.5,0.5,0.0,1.0,0.0,0.5,0.0,0.5,0.0,1.0,0.0,0.0,1.0,0.0,0.0,0.5,0.5,0.5,0.5,0.0
P-0730,0.6666666666666666,0.16666666666666666,0.1666666666666667,0.6666666666666666,0.16666666666666666,0.1666666666666667,0.6666666666666666,0.16666666666666666,0.1666666666666667,0.8333333333333334,0.0,0.16666666666666663,0.8333333333333334,0.0,0.16666666666666663,0.6666666666666666,0.16666666666666666,0.1666666666666667,0.3333333333333333,0.5,0.16666666666666674,0.16666666666666666,0.6666666666666666,0.16666666666666674,0.16666666666666666,0.16666666666666666,0.6666666666666667,0.16666666666666666,0.6666666666666666,0.16666666666666674,0.16666666666666666,0.8333333333333334,0.0,0.16666666666666666,0.16666666666666666,0.6666666666666667,0.16666666666666666,0.6666666666666666,0.16666666666666674
P-0731,0.8333333333333334,0.0,0.16666666666666663,0.8333333333333334,0.0,0.16666666666666663,0.8333333333333334,0.0,0.16666666666666663,0.8333333333333334,0.0,0.16666666666666663,0.8333333333333334,0.0,0.16666666666666663,0.8333333333333334,0.0,0.16666666666666663,0.0,0.8333333333333334,0.16666666666666663,0.0,1.0,0.0,0.16666666666666666,0.0,0.8333333333333334,0.0,1.0,0.0,0.0,1.0,0.0,0.0,0.16666666666666666,0.8333333333333334,0.16666666666666666,0.8333333333333334,0.0
P-0732,0.5,0.16666666666666666,0.33333333333333337,0.6666666666666666,0.0,0.33333333333333337,0.6666666666666666,0.0,0.33333333333333337,0.6666666666666666,0.0,0.33333333333333337,0.6666666666666666,0.0,0.33333333333333337,0.5,0.16666666666666666,0.33333333333333337,0.16666666666666666,0.5,0.33333333333333337,0.16666666666666666,0.8333333333333334,0.0,0.3333333333333333,0.16666666666666666,0.5000000000000001,0.16666666666666666,0.8333333333333334,0.0,0.0,1.0,0.0,0.0,0.3333333333333333,0.6666666666666667,0.3333333333333333,0.5,0.16666666666666674
P-0733,0.5,0.3333333333333333,0.16666666666666669,0.8333333333333334,0.0,0.16666666666666663,0.8333333333333334,0.0,0.16666666666666663,0.8333333333333334,0.0,0.16666666666666663,0.8333333333333334,0.0,0.16666666666666663,0.5,0.3333333333333333,0.16666666666666669,0.16666666666666666,0.6666666666666666,0.16666666666666674,0.3333333333333333,0.6666666666666666,1.1102230246251565e-16,0.16666666666666666,0.3333333333333333,0.5,0.3333333333333333,0.6666666666666666,1.1102230246251565e-16,0.0,1.0,0.0,0.0,0.3333333333333333,0.6666666666666667,0.16666666666666666,0.5,0.33333333333333337
P-0735,0.6666666666666666,0.16666666666666666,0.1666666666666667,0.8333333333333334,0.0,0.16666666666666663,0.8333333333333334,0.0,0.16666666666666663,0.8333333333333334,0.0,0.16666666666666663,0.8333333333333334,0.0,0.16666666666666663,0.6666666666666666,0.16666666666666666,0.1666666666666667,0.16666666666666666,0.6666666666666666,0.16666666666666674,0.16666666666666666,0.8333333333333334,0.0,0.16666666666666666,0.16666666666666666,0.6666666666666667,0.16666666666666666,0.8333333333333334,0.0,0.0,1.0,0.0,0.0,0.16666666666666666,0.8333333333333334,0.16666666666666666,0.6666666666666666,0.16666666666666674
P-0737,0.3333333333333333,0.5,0.16666666666666674,0.5,0.0,0.5,0.5,0.0,0.5,0.3333333333333333,0.16666666666666666,0.5000000000000001,0.5,0.3333333333333333,0.16666666666666669,0.6666666666666666,0.16666666666666666,0.1666666666666667,0.16666666666666666,0.3333333333333333,0.5,0.16666666666666666,0.5,0.33333333333333337,0.5,0.16666666666666666,0.33333333333333337,0.16666666666666666,0.5,0.33333333333333337,0.0,1.0,0.0,0.16666666666666666,0.5,0.33333333333333337,0.3333333333333333,0.3333333333333333,0.3333333333333334
P-0738,0.3333333333333333,0.5,0.16666666666666674,0.5,0.16666666666666666,0.33333333333333337,0.5,0.16666666666666666,0.33333333333333337,0.5,0.3333333333333333,0.16666666666666669,0.8333333333333334,0.0,0.16666666666666663,0.5,0.3333333333333333,0.16666666666666669,0.16666666666666666,0.6666666666666666,0.16666666666666674,0.5,0.16666666666666666,0.33333333333333337,0.16666666666666666,0.5,0.33333333333333337,0.3333333333333333,0.3333333333333333,0.3333333333333334,0.16666666666666666,0.8333333333333334,0.0,0.16666666666666666,0.16666666666666666,0.6666666666666667,0.5,0.3333333333333333,0.16666666666666669
P-0739,0.3333333333333333,0.3333333333333333,0.3333333333333334,0.3333333333333333,0.3333333333333333,0.3333333333333334,0.5,0.16666666666666666,0.33333333333333337,0.3333333333333333,0.3333333333333333,0.3333333333333334,0.5,0.16666666666666666,0.33333333333333337,0.3333333333333333,0.3333333333333333,0.3333333333333334,0.16666666666666666,0.3333333333333333,0.5,0.3333333333333333,0.5,0.16666666666666674,0.3333333333333333,0.3333333333333333,0.3333333333333334,0.3333333333333333,0.5,0.16666666666666674,0.16666666666666666,0.8333333333333334,0.0,0.3333333333333333,0.3333333333333333,0.3333333333333334,0.6666666666666666,0.3333333333333333,5.551115123125783e-17
P-0741,0.3333333333333333,0.16666666666666666,0.5000000000000001,0.3333333333333333,0.0,0.6666666666666667,0.3333333333333333,0.0,0.6666666666666667,0.3333333333333333,0.0,0.6666666666666667,0.3333333333333333,0.5,0.16666666666666674,0.5,0.0,0.5,0.16666666666666666,0.16666666666666666,0.6666666666666667,0.0,0.6666666666666666,0.33333333333333337,0.6666666666666666,0.0,0.33333333333333337,0.0,0.6666666666666666,0.33333333333333337,0.0,1.0,0.0,0.5,0.3333333333333333,0.16666666666666669,0.5,0.3333333333333333,0.16666666666666669
P-0743,0.5,0.3333333333333333,0.16666666666666669,0.6666666666666666,0.0,0.33333333333333337,0.6666666666666666,0.0,0.33333333333333337,0.5,0.16666666666666666,0.33333333333333337,0.6666666666666666,0.3333333333333333,5.551115123125783e-17,0.6666666666666666,0.16666666666666666,0.1666666666666667,0.3333333333333333,0.3333333333333333,0.3333333333333334,0.16666666666666666,0.6666666666666666,0.16666666666666674,0.3333333333333333,0.16666666666666666,0.5000000000000001,0.16666666666666666,0.6666666666666666,0.16666666666666674,0.0,1.0,0.0,0.5,0.16666666666666666,0.33333333333333337,0.3333333333333333,0.5,0.16666666666666674
P-0744,0.5,0.3333333333333333,0.16666666666666669,0.5,0.16666666666666666,0.33333333333333337,0.6666666666666666,0.0,0.33333333333333337,0.5,0.16666666666666666,0.33333333333333337,0.6666666666666666,0.3333333333333333,5.551115123125783e-17,0.6666666666666666,0.16666666666666666,0.1666666666666667,0.3333333333333333,0.3333333333333333,0.3333333333333334,0.3333333333333333,0.3333333333333333,0.3333333333333334,0.3333333333333333,0.16666666666666666,0.5000000000000001,0.3333333333333333,0.3333333333333333,0.3333333333333334,0.16666666666666666,0.6666666666666666,0.16666666666666674,0.3333333333333333,0.3333333333333333,0.3333333333333334,0.16666666666666666,0.5,0.33333333333333337
P-0745,0.16666666666666666,0.5,0.33333333333333337,0.6666666666666666,0.3333333333333333,5.551115123125783e-17,0.6666666666666666,0.3333333333333333,5.551115123125783e-17,0.16666666666666666,0.5,0.33333333333333337,0.6666666666666666,0.3333333333333333,5.551115123125783e-17,0.16666666666666666,0.5,0.33333333333333337,0.0,0.6666666666666666,0.33333333333333337,0.5,0.16666666666666666,0.33333333333333337,0.3333333333333333,0.5,0.16666666666666674,0.5,0.16666666666666666,0.33333333333333337,0.0,1.0,0.0,0.3333333333333333,0.0,0.6666666666666667,0.5,0.16666666666666666,0.33333333333333337
P-0746,0.5,0.0,0.5,0.5,0.3333333333333333,0.16666666666666669,0.5,0.3333333333333333,0.16666666666666669,0.5,0.0,0.5,0.5,0.5,0.0,0.5,0.0,0.5,0.0,0.5,0.5,0.0,0.6666666666666666,0.33333333333333337,0.5,0.0,0.5,0.0,0.6666666666666666,0.33333333333333337,0.0,1.0,0.0,0.5,0.0,0.5,0.16666666666666666,0.5,0.33333333333333337
P-0747,0.3333333333333333,0.6666666666666666,1.1102230246251565e-16,0.5,0.5,0.0,0.8333333333333334,0.16666666666666666,-2.7755575615628914e-17,0.5,0.5,0.0,0.5,0.5,0.0,0.5,0.5,0.0,0.0,0.5,0.5,0.5,0.3333333333333333,0.16666666666666669,0.0,0.5,0.5,0.5,0.3333333333333333,0.16666666666666669,0.0,1.0,0.0,0.5,0.16666666666666666,0.33333333333333337,0.3333333333333333,0.3333333333333333,0.3333333333333334
P-0748,0.6666666666666666,0.3333333333333333,5.551115123125783e-17,1.0,0.0,0.0,1.0,0.0,0.0,0.6666666666666666,0.3333333333333333,5.551115123125783e-17,1.0,0.0,0.0,0.6666666666666666,0.3333333333333333,5.551115123125783e-17,0.0,1.0,0.0,0.3333333333333333,0.6666666666666666,1.1102230246251565e-16,0.0,0.3333333333333333,0.6666666666666667,0.3333333333333333,0.6666666666666666,1.1102230246251565e-16,0.0,1.0,0.0,0.0,0.0,1.0,0.3333333333333333,0.6666666666666666,1.1102230246251565e-16
P-0749,0.5,0.3333333333333333,0.16666666666666669,0.6666666666666666,0.0,0.33333333333333337,0.6666666666666666,0.0,0.33333333333333337,0.5,0.16666666666666666,0.33333333333333337,0.6666666666666666,0.3333333333333333,5.551115123125783e-17,0.6666666666666666,0.16666666666666666,0.1666666666666667,0.16666666666666666,0.5,0.33333333333333337,0.16666666666666666,0.6666666666666666,0.16666666666666674,0.3333333333333333,0.16666666666666666,0.5000000000000001,0.16666666666666666,0.6666666666666666,0.16666666666666674,0.0,1.0,0.0,0.3333333333333333,0.16666666666666666,0.5000000000000001,0.3333333333333333,0.5,0.16666666666666674
P-0750,0.8333333333333334,0.16666666666666666,-2.7755575615628914e-17,1.0,0.0,0.0,1.0,0.0,0.0,0.8333333333333334,0.16666666666666666,-2.7755575615628914e-17,1.0,0.0,0.0,0.8333333333333334,0.16666666666666666,-2.7755575615628914e-17,0.16666666666666666,0.8333333333333334,0.0,0.16666666666666666,0.8333333333333334,0.0,0.0,0.16666666666666666,0.8333333333333334,0.16666666666666666,0.8333333333333334,0.0,0.0,1.0,0.0,0.16666666666666666,0.0,0.8333333333333334,0.16666666666666666,0.8333333333333334,0.0
P-0751,0.6666666666666666,0.16666666666666666,0.1666666666666667,0.8333333333333334,0.0,0.16666666666666663,0.8333333333333334,0.0,0.16666666666666663,0.8333333333333334,0.0,0.16666666666666663,0.8333333333333334,0.0,0.16666666666666663,0.6666666666666666,0.16666666666666666,0.1666666666666667,0.16666666666666666,0.6666666666666666,0.16666666666666674,0.16666666666666666,0.8333333333333334,0.0,0.16666666666666666,0.16666666666666666,0.6666666666666667,0.16666666666666666,0.8333333333333334,0.0,0.0,1.0,0.0,0.0,0.16666666666666666,0.8333333333333334,0.16666666666666666,0.6666666666666666,0.16666666666666674
P-0752,0.5,0.16666666666666666,0.33333333333333337,0.6666666666666666,0.16666666666666666,0.1666666666666667,0.6666666666666666,0.16666666666666666,0.1666666666666667,0.6666666666666666,0.0,0.33333333333333337,0.6666666666666666,0.16666666666666666,0.1666666666666667,0.5,0.16666666666666666,0.33333333333333337,0.16666666666666666,0.5,0.33333333333333337,0.16666666666666666,0.8333333333333334,0.0,0.3333333333333333,0.16666666666666666,0.5000000000000001,0.16666666666666666,0.8333333333333334,0.0,0.0,1.0,0.0,0.0,0.3333333333333333,0.6666666666666667,0.3333333333333333,0.5,0.16666666666666674
P-0753,1.0,0.0,0.0,0.8333333333333334,0.16666666666666666,-2.7755575615628914e-17,0.8333333333333334,0.16666666666666666,-2.7755575615628914e-17,1.0,0.0,0.0,1.0,0.0,0.0,1.0,0.0,0.0,0.16666666666666666,0.8333333333333334,0.0,0.0,0.8333333333333334,0.16666666666666663,0.0,0.0,1.0,0.0,0.8333333333333334,0.16666666666666663,0.16666666666666666,0.8333333333333334,0.0,0.16666666666666666,0.0,0.8333333333333334,0.0,1.0,0.0
P-0754,0.6666666666666666,0.16666666666666666,0.1666666666666667,0.8333333333333334,0.0,0.16666666666666663,0.8333333333333334,0.0,0.16666666666666663,0.6666666666666666,0.16666666666666666,0.1666666666666667,0.8333333333333334,0.16666666666666666,-2.7755575615628914e-17,0.6666666666666666,0.16666666666666666,0.1666666666666667,0.16666666666666666,0.6666666666666666,0.16666666666666674,0.16666666666666666,0.8333333333333334,0.0,0.16666666666666666,0.16666666666666666,0.6666666666666667,0.16666666666666666,0.8333333333333334,0.0,0.0,1.0,0.0,0.3333333333333333,0.0,0.6666666666666667,0.3333333333333333,0.6666666666666666,1.1102230246251565e-16
P-0755,1.0,0.0,0.0,1.0,0.0,0.0,1.0,0.0,0.0,1.0,0.0,0.0,1.0,0.0,0.0,1.0,0.0,0.0,0.16666666666666666,0.8333333333333334,0.0,0.0,1.0,0.0,0.0,0.0,1.0,0.0,1.0,0.0,0.0,0.8333333333333334,0.16666666666666663,0.16666666666666666,0.0,0.8333333333333334,0.0,1.0,0.0
P-0756,0.8333333333333334,0.16666666666666666,-2.7755575615628914e-17,1.0,0.0,0.0,1.0,0.0,0.0,1.0,0.0,0.0,1.0,0.0,0.0,0.8333333333333334,0.16666666666666666,-2.7755575615628914e-17,0.16666666666666666,0.8333333333333334,0.0,0.16666666666666666,0.8333333333333334,0.0,0.0,0.16666666666666666,0.8333333333333334,0.16666666666666666,0.8333333333333334,0.0,0.0,1.0,0.0,0.0,0.0,1.0,0.0,0.8333333333333334,0.16666666666666663
P-0757,0.8333333333333334,0.16666666666666666,-2.7755575615628914e-17,1.0,0.0,0.0,1.0,0.0,0.0,1.0,0.0,0.0,1.0,0.0,0.0,0.8333333333333334,0.16666666666666666,-2.7755575615628914e-17,0.0,1.0,0.0,0.16666666666666666,0.8333333333333334,0.0,0.0,0.16666666666666666,0.8333333333333334,0.16666666666666666,0.8333333333333334,0.0,0.0,1.0,0.0,0.0,0.16666666666666666,0.8333333333333334,0.0,0.8333333333333334,0.16666666666666663
P-0758,0.6666666666666666,0.3333333333333333,5.551115123125783e-17,0.8333333333333334,0.16666666666666666,-2.7755575615628914e-17,1.0,0.0,0.0,0.5,0.5,0.0,1.0,0.0,0.0,0.6666666666666666,0.3333333333333333,5.551115123125783e-17,0.16666666666666666,0.8333333333333334,0.0,0.3333333333333333,0.5,0.16666666666666674,0.0,0.3333333333333333,0.6666666666666667,0.3333333333333333,0.5,0.16666666666666674,0.16666666666666666,0.8333333333333334,0.0,0.16666666666666666,0.0,0.8333333333333334,0.3333333333333333,0.6666666666666666,1.1102230246251565e-16
P-0759,0.5,0.5,0.0,1.0,0.0,0.0,1.0,0.0,0.0,1.0,0.0,0.0,1.0,0.0,0.0,0.5,0.5,0.0,0.5,0.5,0.0,0.5,0.5,0.0,0.0,0.5,0.5,0.5,0.5,0.0,0.0,1.0,0.0,0.0,0.0,1.0,0.0,0.5,0.5
P-0760,0.5,0.16666666666666666,0.33333333333333337,0.6666666666666666,0.0,0.33333333333333337,0.8333333333333334,0.0,0.16666666666666663,0.6666666666666666,0.0,0.33333333333333337,0.6666666666666666,0.16666666666666666,0.1666666666666667,0.5,0.3333333333333333,0.16666666666666669,0.16666666666666666,0.5,0.33333333333333337,0.16666666666666666,0.6666666666666666,0.16666666666666674,0.3333333333333333,0.16666666666666666,0.5000000000000001,0.16666666666666666,0.6666666666666666,0.16666666666666674,0.0,1.0,0.0,0.16666666666666666,0.16666666666666666,0.6666666666666667,0.3333333333333333,0.5,0.16666666666666674
P-0761,0.6666666666666666,0.16666666666666666,0.1666666666666667,0.8333333333333334,0.0,0.16666666666666663,0.8333333333333334,0.0,0.16666666666666663,0.8333333333333334,0.0,0.16666666666666663,0.8333333333333334,0.0,0.16666666666666663,0.6666666666666666,0.16666666666666666,0.1666666666666667,0.16666666666666666,0.6666666666666666,0.16666666666666674,0.16666666666666666,0.6666666666666666,0.16666666666666674,0.16666666666666666,0.16666666666666666,0.6666666666666667,0.16666666666666666,0.6666666666666666,0.16666666666666674,0.0,1.0,0.0,0.16666666666666666,0.3333333333333333,0.5,0.16666666666666666,0.6666666666666666,0.16666666666666674
P-0762,0.8333333333333334,0.16666666666666666,-2.7755575615628914e-17,0.8333333333333334,0.0,0.16666666666666663,0.8333333333333334,0.0,0.16666666666666663,0.8333333333333334,0.0,0.16666666666666663,0.8333333333333334,0.16666666666666666,-2.7755575615628914e-17,1.0,0.0,0.0,0.3333333333333333,0.5,0.16666666666666674,0.0,0.8333333333333334,0.16666666666666663,0.16666666666666666,0.0,0.8333333333333334,0.0,0.8333333333333334,0.16666666666666663,0.0,1.0,0.0,0.3333333333333333,0.16666666666666666,0.5000000000000001,0.0,0.8333333333333334,0.16666666666666663
P-0763,0.6666666666666666,0.3333333333333333,5.551115123125783e-17,0.6666666666666666,0.16666666666666666,0.1666666666666667,0.8333333333333334,0.0,0.16666666666666663,0.5,0.3333333333333333,0.16666666666666669,0.8333333333333334,0.16666666666666666,-2.7755575615628914e-17,0.8333333333333334,0.16666666666666666,-2.7755575615628914e-17,0.3333333333333333,0.5,0.16666666666666674,0.16666666666666666,0.5,0.33333333333333337,0.16666666666666666,0.16666666666666666,0.6666666666666667,0.16666666666666666,0.5,0.33333333333333337,0.16666666666666666,0.8333333333333334,0.0,0.3333333333333333,0.16666666666666666,0.5000000000000001,0.16666666666666666,0.6666666666666666,0.16666666666666674
P-0764,0.5,0.5,0.0,0.8333333333333334,0.0,0.16666666666666663,0.8333333333333334,0.0,0.16666666666666663,0.8333333333333334,0.16666666666666666,-2.7755575615628914e-17,1.0,0.0,0.0,0.6666666666666666,0.3333333333333333,5.551115123125783e-17,0.16666666666666666,0.8333333333333334,0.0,0.5,0.5,0.0,0.0,0.5,0.5,0.3333333333333333,0.6666666666666666,1.1102230246251565e-16,0.0,1.0,0.0,0.0,0.0,1.0,0.16666666666666666,0.5,0.33333333333333337
P-0765,0.3333333333333333,0.6666666666666666,1.1102230246251565e-16,0.8333333333333334,0.0,0.16666666666666663,0.8333333333333334,0.0,0.16666666666666663,0.6666666666666666,0.16666666666666666,0.1666666666666667,0.8333333333333334,0.16666666666666666,-2.7755575615628914e-17,0.5,0.5,0.0,0.3333333333333333,0.5,0.16666666666666674,0.5,0.3333333333333333,0.16666666666666669,0.16666666666666666,0.5,0.33333333333333337,0.5,0.3333333333333333,0.16666666666666669,0.0,1.0,0.0,0.0,0.16666666666666666,0.8333333333333334,0.16666666666666666,0.3333333333333333,0.5
P-0766,0.3333333333333333,0.16666666666666666,0.5000000000000001,0.5,0.16666666666666666,0.33333333333333337,0.5,0.16666666666666666,0.33333333333333337,0.5,0.0,0.5,0.5,0.16666666666666666,0.33333333333333337,0.3333333333333333,0.16666666666666666,0.5000000000000001,0.0,0.5,0.5,0.16666666666666666,0.6666666666666666,0.16666666666666674,0.5,0.16666666666666666,0.33333333333333337,0.16666666666666666,0.6666666666666666,0.16666666666666674,0.0,1.0,0.0,0.0,0.6666666666666666,0.33333333333333337,0.5,0.3333333333333333,0.16666666666666669
P-0767,0.16666666666666666,0.5,0.33333333333333337,0.16666666666666666,0.6666666666666666,0.16666666666666674,0.5,0.3333333333333333,0.16666666666666669,0.3333333333333333,0.3333333333333333,0.3333333333333334,0.3333333333333333,0.6666666666666666,1.1102230246251565e-16,0.3333333333333333,0.3333333333333333,0.3333333333333334,0.0,0.3333333333333333,0.6666666666666667,0.5,0.16666666666666666,0.33333333333333337,0.3333333333333333,0.5,0.16666666666666674,0.3333333333333333,0.3333333333333333,0.3333333333333334,0.0,1.0,0.0,0.6666666666666666,0.0,0.33333333333333337,0.3333333333333333,0.16666666666666666,0.5000000000000001
P-0768,0.3333333333333333,0.6666666666666666,1.1102230246251565e-16,0.5,0.16666666666666666,0.33333333333333337,0.6666666666666666,0.0,0.33333333333333337,0.5,0.3333333333333333,0.16666666666666669,0.6666666666666666,0.3333333333333333,5.551115123125783e-17,0.6666666666666666,0.3333333333333333,5.551115123125783e-17,0.16666666666666666,0.5,0.33333333333333337,0.6666666666666666,0.16666666666666666,0.1666666666666667,0.16666666666666666,0.5,0.33333333333333337,0.5,0.3333333333333333,0.16666666666666669,0.0,0.8333333333333334,0.16666666666666663,0.16666666666666666,0.16666666666666666,0.6666666666666667,0.3333333333333333,0.3333333333333333,0.3333333333333334
P-0769,0.5,0.5,0.0,0.6666666666666666,0.16666666666666666,0.1666666666666667,0.8333333333333334,0.0,0.16666666666666663,0.5,0.5,0.0,1.0,0.0,0.0,0.6666666666666666,0.3333333333333333,5.551115123125783e-17,0.3333333333333333,0.6666666666666666,1.1102230246251565e-16,0.5,0.3333333333333333,0.16666666666666669,0.0,0.5,0.5,0.3333333333333333,0.5,0.16666666666666674,0.16666666666666666,0.8333333333333334,0.0,0.3333333333333333,0.0,0.6666666666666667,0.3333333333333333,0.5,0.16666666666666674
P-0770,0.3333333333333333,0.6666666666666666,1.1102230246251565e-16,0.6666666666666666,0.0,0.33333333333333337,0.6666666666666666,0.0,0.33333333333333337,0.5,0.3333333333333333,0.16666666666666669,0.8333333333333334,0.16666666666666666,-2.7755575615628914e-17,0.6666666666666666,0.3333333333333333,5.551115123125783e-17,0.16666666666666666,0.6666666666666666,0.16666666666666674,0.5,0.3333333333333333,0.16666666666666669,0.16666666666666666,0.5,0.33333333333333337,0.3333333333333333,0.5,0.16666666666666674,0.0,1.0,0.0,0.16666666666666666,0.16666666666666666,0.6666666666666667,0.3333333333333333,0.3333333333333333,0.3333333333333334
P-0771,0.3333333333333333,0.16666666666666666,0.5000000000000001,0.5,0.0,0.5,0.5,0.0,0.5,0.5,0.0,0.5,0.5,0.0,0.5,0.3333333333333333,0.16666666666666666,0.5000000000000001,0.3333333333333333,0.16666666666666666,0.5000000000000001,0.16666666666666666,0.6666666666666666,0.16666666666666674,0.5,0.16666666666666666,0.33333333333333337,0.16666666666666666,0.6666666666666666,0.16666666666666674,0.0,1.0,0.0,0.16666666666666666,0.5,0.33333333333333337,0.5,0.3333333333333333,0.16666666666666669
P-0772,0.5,0.0,0.5,0.5,0.16666666666666666,0.33333333333333337,0.5,0.16666666666666666,0.33333333333333337,0.5,0.0,0.5,0.5,0.3333333333333333,0.16666666666666669,0.5,0.0,0.5,0.16666666666666666,0.3333333333333333,0.5,0.0,0.6666666666666666,0.33333333333333337,0.5,0.0,0.5,0.0,0.6666666666666666,0.33333333333333337,0.0,1.0,0.0,0.5,0.16666666666666666,0.33333333333333337,0.3333333333333333,0.5,0.16666666666666674
P-0773,0.8333333333333334,0.16666666666666666,-2.7755575615628914e-17,1.0,0.0,0.0,1.0,0.0,0.0,0.8333333333333334,0.16666666666666666,-2.7755575615628914e-17,1.0,0.0,0.0,0.8333333333333334,0.16666666666666666,-2.7755575615628914e-17,0.3333333333333333,0.6666666666666666,1.1102230246251565e-16,0.16666666666666666,0.8333333333333334,0.0,0.0,0.16666666666666666,0.8333333333333334,0.16666666666666666,0.8333333333333334,0.0,0.0,1.0,0.0,0.3333333333333333,0.0,0.6666666666666667,0.16666666666666666,0.8333333333333334,0.0
P-0774,0.5,0.5,0.0,0.8333333333333334,0.0,0.16666666666666663,0.8333333333333334,0.0,0.16666666666666663,0.6666666666666666,0.16666666666666666,0.1666666666666667,0.8333333333333334,0.16666666666666666,-2.7755575615628914e-17,0.6666666666666666,0.3333333333333333,5.551115123125783e-17,0.16666666666666666,0.6666666666666666,0.16666666666666674,0.3333333333333333,0.5,0.16666666666666674,0.16666666666666666,0.3333333333333333,0.5,0.3333333333333333,0.5,0.16666666666666674,0.0,1.0,0.0,0.16666666666666666,0.3333333333333333,0.5,0.16666666666666666,0.5,0.33333333333333337
P-0775,0.5,0.16666666666666666,0.33333333333333337,0.3333333333333333,0.3333333333333333,0.3333333333333334,0.3333333333333333,0.3333333333333333,0.3333333333333334,0.5,0.0,0.5,0.5,0.3333333333333333,0.16666666666666669,0.6666666666666666,0.0,0.33333333333333337,0.3333333333333333,0.16666666666666666,0.5000000000000001,0.0,0.6666666666666666,0.33333333333333337,0.5,0.0,0.5,0.0,0.6666666666666666,0.33333333333333337,0.16666666666666666,0.8333333333333334,0.0,0.3333333333333333,0.5,0.16666666666666674,0.3333333333333333,0.5,0.16666666666666674
P-0776,0.8333333333333334,0.0,0.16666666666666663,0.8333333333333334,0.16666666666666666,-2.7755575615628914e-17,0.8333333333333334,0.16666666666666666,-2.7755575615628914e-17,0.8333333333333334,0.0,0.16666666666666663,0.8333333333333334,0.16666666666666666,-2.7755575615628914e-17,0.8333333333333334,0.0,0.16666666666666663,0.16666666666666666,0.6666666666666666,0.16666666666666674,0.0,0.8333333333333334,0.16666666666666663,0.16666666666666666,0.0,0.8333333333333334,0.0,0.8333333333333334,0.16666666666666663,0.0,1.0,0.0,0.3333333333333333,0.0,0.6666666666666667,0.0,0.8333333333333334,0.16666666666666663
P-0777,0.6666666666666666,0.0,0.33333333333333337,0.6666666666666666,0.16666666666666666,0.1666666666666667,0.6666666666666666,0.16666666666666666,0.1666666666666667,0.6666666666666666,0.0,0.33333333333333337,0.6666666666666666,0.16666666666666666,0.1666666666666667,0.6666666666666666,0.0,0.33333333333333337,0.16666666666666666,0.5,0.33333333333333337,0.0,0.8333333333333334,0.16666666666666663,0.3333333333333333,0.0,0.6666666666666667,0.0,0.8333333333333334,0.16666666666666663,0.0,1.0,0.0,0.16666666666666666,0.3333333333333333,0.5,0.3333333333333333,0.6666666666666666,1.1102230246251565e-16
P-0779,0.8333333333333334,0.16666666666666666,-2.7755575615628914e-17,0.8333333333333334,0.0,0.16666666666666663,0.8333333333333334,0.0,0.16666666666666663,0.8333333333333334,0.0,0.16666666666666663,0.8333333333333334,0.16666666666666666,-2.7755575615628914e-17,1.0,0.0,0.0,0.5,0.3333333333333333,0.16666666666666669,0.0,0.8333333333333334,0.16666666666666663,0.16666666666666666,0.0,0.8333333333333334,0.0,0.8333333333333334,0.16666666666666663,0.0,1.0,0.0,0.5,0.16666666666666666,0.33333333333333337,0.0,0.8333333333333334,0.16666666666666663
P-0780,0.8333333333333334,0.16666666666666666,-2.7755575615628914e-17,1.0,0.0,0.0,1.0,0.0,0.0,0.8333333333333334,0.16666666666666666,-2.7755575615628914e-17,1.0,0.0,0.0,0.8333333333333334,0.16666666666666666,-2.7755575615628914e-17,0.5,0.5,0.0,0.16666666666666666,0.8333333333333334,0.0,0.0,0.16666666666666666,0.8333333333333334,0.16666666666666666,0.8333333333333334,0.0,0.0,1.0,0.0,0.5,0.0,0.5,0.16666666666666666,0.8333333333333334,0.0
P-0781,0.3333333333333333,0.5,0.16666666666666674,0.6666666666666666,0.16666666666666666,0.1666666666666667,0.6666666666666666,0.16666666666666666,0.1666666666666667,0.8333333333333334,0.0,0.16666666666666663,0.8333333333333334,0.0,0.16666666666666663,0.5,0.3333333333333333,0.16666666666666669,0.5,0.3333333333333333,0.16666666666666669,0.6666666666666666,0.3333333333333333,5.551115123125783e-17,0.16666666666666666,0.5,0.33333333333333337,0.3333333333333333,0.6666666666666666,1.1102230246251565e-16,0.0,1.0,0.0,0.16666666666666666,0.16666666666666666,0.6666666666666667,0.16666666666666666,0.3333333333333333,0.5
P-0782,0.3333333333333333,0.5,0.16666666666666674,0.8333333333333334,0.0,0.16666666666666663,0.8333333333333334,0.0,0.16666666666666663,0.5,0.3333333333333333,0.16666666666666669,0.8333333333333334,0.0,0.16666666666666663,0.3333333333333333,0.5,0.16666666666666674,0.3333333333333333,0.5,0.16666666666666674,0.5,0.3333333333333333,0.16666666666666669,0.16666666666666666,0.5,0.33333333333333337,0.5,0.3333333333333333,0.16666666666666669,0.0,1.0,0.0,0.16666666666666666,0.16666666666666666,0.6666666666666667,0.5,0.3333333333333333,0.16666666666666669
P-0783,0.5,0.5,0.0,0.8333333333333334,0.0,0.16666666666666663,0.8333333333333334,0.0,0.16666666666666663,0.8333333333333334,0.0,0.16666666666666663,0.8333333333333334,0.16666666666666666,-2.7755575615628914e-17,0.6666666666666666,0.3333333333333333,5.551115123125783e-17,0.5,0.3333333333333333,0.16666666666666669,0.3333333333333333,0.5,0.16666666666666674,0.16666666666666666,0.3333333333333333,0.5,0.3333333333333333,0.5,0.16666666666666674,0.0,1.0,0.0,0.16666666666666666,0.16666666666666666,0.6666666666666667,0.0,0.5,0.5
P-0784,0.5,0.5,0.0,0.5,0.16666666666666666,0.33333333333333337,0.6666666666666666,0.0,0.33333333333333337,0.3333333333333333,0.3333333333333333,0.3333333333333334,0.6666666666666666,0.3333333333333333,5.551115123125783e-17,0.8333333333333334,0.16666666666666666,-2.7755575615628914e-17,0.3333333333333333,0.3333333333333333,0.3333333333333334,0.16666666666666666,0.3333333333333333,0.5,0.3333333333333333,0.16666666666666666,0.5000000000000001,0.16666666666666666,0.3333333333333333,0.5,0.16666666666666666,0.8333333333333334,0.0,0.3333333333333333,0.3333333333333333,0.3333333333333334,0.16666666666666666,0.5,0.33333333333333337
P-0785,0.16666666666666666,0.5,0.33333333333333337,0.3333333333333333,0.3333333333333333,0.3333333333333334,0.6666666666666666,0.0,0.33333333333333337,0.3333333333333333,0.3333333333333333,0.3333333333333334,0.3333333333333333,0.6666666666666666,1.1102230246251565e-16,0.16666666666666666,0.5,0.33333333333333337,0.16666666666666666,0.16666666666666666,0.6666666666666667,0.5,0.5,0.0,0.3333333333333333,0.5,0.16666666666666674,0.5,0.5,0.0,0.0,1.0,0.0,0.6666666666666666,0.0,0.33333333333333337,0.6666666666666666,0.16666666666666666,0.1666666666666667
P-0786,0.3333333333333333,0.5,0.16666666666666674,0.6666666666666666,0.16666666666666666,0.1666666666666667,0.8333333333333334,0.0,0.16666666666666663,0.6666666666666666,0.16666666666666666,0.1666666666666667,0.6666666666666666,0.3333333333333333,5.551115123125783e-17,0.3333333333333333,0.5,0.16666666666666674,0.3333333333333333,0.3333333333333333,0.3333333333333334,0.6666666666666666,0.3333333333333333,5.551115123125783e-17,0.16666666666666666,0.5,0.33333333333333337,0.6666666666666666,0.3333333333333333,5.551115123125783e-17,0.0,0.8333333333333334,0.16666666666666663,0.3333333333333333,0.16666666666666666,0.5000000000000001,0.3333333333333333,0.3333333333333333,0.3333333333333334
P-0787,0.16666666666666666,0.6666666666666666,0.16666666666666674,0.5,0.3333333333333333,0.16666666666666669,0.8333333333333334,0.0,0.16666666666666663,0.3333333333333333,0.5,0.16666666666666674,0.5,0.3333333333333333,0.16666666666666669,0.16666666666666666,0.6666666666666666,0.16666666666666674,0.16666666666666666,0.3333333333333333,0.5,0.6666666666666666,0.3333333333333333,5.551115123125783e-17,0.16666666666666666,0.6666666666666666,0.16666666666666674,0.6666666666666666,0.3333333333333333,5.551115123125783e-17,0.0,1.0,0.0,0.3333333333333333,0.16666666666666666,0.5000000000000001,0.6666666666666666,0.16666666666666666,0.1666666666666667
P-0788,0.6666666666666666,0.16666666666666666,0.1666666666666667,0.8333333333333334,0.0,0.16666666666666663,0.8333333333333334,0.0,0.16666666666666663,0.8333333333333334,0.0,0.16666666666666663,0.8333333333333334,0.0,0.16666666666666663,0.6666666666666666,0.16666666666666666,0.1666666666666667,0.3333333333333333,0.5,0.16666666666666674,0.16666666666666666,0.8333333333333334,0.0,0.16666666666666666,0.16666666666666666,0.6666666666666667,0.16666666666666666,0.8333333333333334,0.0,0.0,1.0,0.0,0.16666666666666666,0.16666666666666666,0.6666666666666667,0.16666666666666666,0.6666666666666666,0.16666666666666674
P-0789,0.3333333333333333,0.5,0.16666666666666674,0.6666666666666666,0.16666666666666666,0.1666666666666667,0.8333333333333334,0.0,0.16666666666666663,0.6666666666666666,0.16666666666666666,0.1666666666666667,0.6666666666666666,0.3333333333333333,5.551115123125783e-17,0.3333333333333333,0.5,0.16666666666666674,0.16666666666666666,0.5,0.33333333333333337,0.5,0.5,0.0,0.16666666666666666,0.5,0.33333333333333337,0.5,0.5,0.0,0.0,1.0,0.0,0.3333333333333333,0.16666666666666666,0.5000000000000001,0.3333333333333333,0.3333333333333333,0.3333333333333334
P-0790,0.6666666666666666,0.3333333333333333,5.551115123125783e-17,1.0,0.0,0.0,1.0,0.0,0.0,1.0,0.0,0.0,1.0,0.0,0.0,0.6666666666666666,0.3333333333333333,5.551115123125783e-17,0.3333333333333333,0.6666666666666666,1.1102230246251565e-16,0.3333333333333333,0.6666666666666666,1.1102230246251565e-16,0.0,0.3333333333333333,0.6666666666666667,0.3333333333333333,0.6666666666666666,1.1102230246251565e-16,0.0,1.0,0.0,0.0,0.0,1.0,0.0,0.6666666666666666,0.33333333333333337
P-0791,0.5,0.5,0.0,1.0,0.0,0.0,1.0,0.0,0.0,1.0,0.0,0.0,1.0,0.0,0.0,0.5,0.5,0.0,0.5,0.5,0.0,0.5,0.5,0.0,0.0,0.5,0.5,0.5,0.5,0.0,0.0,1.0,0.0,0.0,0.0,1.0,0.0,0.5,0.5
P-0792,0.5,0.5,0.0,1.0,0.0,0.0,1.0,0.0,0.0,1.0,0.0,0.0,1.0,0.0,0.0,0.5,0.5,0.0,0.16666666666666666,0.8333333333333334,0.0,0.5,0.5,0.0,0.0,0.5,0.5,0.5,0.5,0.0,0.0,1.0,0.0,0.0,0.3333333333333333,0.6666666666666667,0.0,0.5,0.5
P-0793,0.5,0.5,0.0,0.8333333333333334,0.16666666666666666,-2.7755575615628914e-17,0.8333333333333334,0.16666666666666666,-2.7755575615628914e-17,1.0,0.0,0.0,1.0,0.0,0.0,0.5,0.5,0.0,0.3333333333333333,0.6666666666666666,1.1102230246251565e-16,0.5,0.3333333333333333,0.16666666666666669,0.0,0.5,0.5,0.5,0.3333333333333333,0.16666666666666669,0.16666666666666666,0.8333333333333334,0.0,0.16666666666666666,0.3333333333333333,0.5,0.0,0.5,0.5
P-0794,0.5,0.5,0.0,0.8333333333333334,0.0,0.16666666666666663,0.8333333333333334,0.0,0.16666666666666663,0.8333333333333334,0.0,0.16666666666666663,0.8333333333333334,0.16666666666666666,-2.7755575615628914e-17,0.6666666666666666,0.3333333333333333,5.551115123125783e-17,0.3333333333333333,0.5,0.16666666666666674,0.3333333333333333,0.5,0.16666666666666674,0.16666666666666666,0.3333333333333333,0.5,0.3333333333333333,0.5,0.16666666666666674,0.0,1.0,0.0,0.16666666666666666,0.3333333333333333,0.5,0.0,0.5,0.5
P-0795,0.3333333333333333,0.5,0.16666666666666674,0.8333333333333334,0.0,0.16666666666666663,0.8333333333333334,0.0,0.16666666666666663,0.6666666666666666,0.16666666666666666,0.1666666666666667,0.8333333333333334,0.0,0.16666666666666663,0.3333333333333333,0.5,0.16666666666666674,0.3333333333333333,0.5,0.16666666666666674,0.5,0.3333333333333333,0.16666666666666669,0.16666666666666666,0.5,0.33333333333333337,0.5,0.3333333333333333,0.16666666666666669,0.0,1.0,0.0,0.0,0.16666666666666666,0.8333333333333334,0.3333333333333333,0.3333333333333333,0.3333333333333334
P-0796,0.16666666666666666,0.8333333333333334,0.0,0.8333333333333334,0.0,0.16666666666666663,0.8333333333333334,0.0,0.16666666666666663,0.6666666666666666,0.16666666666666666,0.1666666666666667,0.8333333333333334,0.16666666666666666,-2.7755575615628914e-17,0.3333333333333333,0.6666666666666666,1.1102230246251565e-16,0.5,0.3333333333333333,0.16666666666666669,0.6666666666666666,0.16666666666666666,0.1666666666666667,0.16666666666666666,0.6666666666666666,0.16666666666666674,0.6666666666666666,0.16666666666666666,0.1666666666666667,0.0,1.0,0.0,0.0,0.16666666666666666,0.8333333333333334,0.16666666666666666,0.16666666666666666,0.6666666666666667
P-0797,0.3333333333333333,0.16666666666666666,0.5000000000000001,0.5,0.16666666666666666,0.33333333333333337,0.5,0.16666666666666666,0.33333333333333337,0.5,0.0,0.5,0.5,0.16666666666666666,0.33333333333333337,0.3333333333333333,0.16666666666666666,0.5000000000000001,0.16666666666666666,0.3333333333333333,0.5,0.16666666666666666,0.6666666666666666,0.16666666666666674,0.5,0.16666666666666666,0.33333333333333337,0.16666666666666666,0.6666666666666666,0.16666666666666674,0.0,1.0,0.0,0.16666666666666666,0.6666666666666666,0.16666666666666674,0.5,0.3333333333333333,0.16666666666666669
P-0798,0.5,0.5,0.0,1.0,0.0,0.0,1.0,0.0,0.0,1.0,0.0,0.0,1.0,0.0,0.0,0.5,0.5,0.0,0.16666666666666666,0.8333333333333334,0.0,0.5,0.5,0.0,0.0,0.5,0.5,0.5,0.5,0.0,0.0,1.0,0.0,0.0,0.3333333333333333,0.6666666666666667,0.0,0.5,0.5
P-0800,0.16666666666666666,0.3333333333333333,0.5,0.16666666666666666,0.8333333333333334,0.0,0.3333333333333333,0.6666666666666666,1.1102230246251565e-16,0.16666666666666666,0.3333333333333333,0.5,0.16666666666666666,0.8333333333333334,0.0,0.3333333333333333,0.16666666666666666,0.5000000000000001,0.0,0.16666666666666666,0.8333333333333334,0.16666666666666666,0.5,0.33333333333333337,0.5,0.16666666666666666,0.33333333333333337,0.16666666666666666,0.5,0.33333333333333337,0.0,1.0,0.0,0.5,0.3333333333333333,0.16666666666666669,0.5,0.16666666666666666,0.33333333333333337
P-0801,0.16666666666666666,0.3333333333333333,0.5,0.16666666666666666,0.8333333333333334,0.0,0.3333333333333333,0.6666666666666666,1.1102230246251565e-16,0.16666666666666666,0.3333333333333333,0.5,0.16666666666666666,0.8333333333333334,0.0,0.3333333333333333,0.16666666666666666,0.5000000000000001,0.0,0.16666666666666666,0.8333333333333334,0.16666666666666666,0.6666666666666666,0.16666666666666674,0.5,0.16666666666666666,0.33333333333333337,0.16666666666666666,0.6666666666666666,0.16666666666666674,0.0,1.0,0.0,0.3333333333333333,0.5,0.16666666666666674,0.6666666666666666,0.16666666666666666,0.1666666666666667
P-0802,0.5,0.16666666666666666,0.33333333333333337,0.6666666666666666,0.16666666666666666,0.1666666666666667,0.6666666666666666,0.16666666666666666,0.1666666666666667,0.6666666666666666,0.0,0.33333333333333337,0.6666666666666666,0.16666666666666666,0.1666666666666667,0.5,0.16666666666666666,0.33333333333333337,0.16666666666666666,0.5,0.33333333333333337,0.16666666666666666,0.6666666666666666,0.16666666666666674,0.3333333333333333,0.16666666666666666,0.5000000000000001,0.16666666666666666,0.6666666666666666,0.16666666666666674,0.0,1.0,0.0,0.0,0.3333333333333333,0.6666666666666667,0.3333333333333333,0.5,0.16666666666666674
P-0803,0.3333333333333333,0.3333333333333333,0.3333333333333334,0.6666666666666666,0.3333333333333333,5.551115123125783e-17,0.6666666666666666,0.3333333333333333,5.551115123125783e-17,0.5,0.16666666666666666,0.33333333333333337,0.6666666666666666,0.3333333333333333,5.551115123125783e-17,0.3333333333333333,0.3333333333333333,0.3333333333333334,0.16666666666666666,0.5,0.33333333333333337,0.3333333333333333,0.6666666666666666,1.1102230246251565e-16,0.3333333333333333,0.3333333333333333,0.3333333333333334,0.3333333333333333,0.6666666666666666,1.1102230246251565e-16,0.0,1.0,0.0,0.16666666666666666,0.5,0.33333333333333337,0.5,0.3333333333333333,0.16666666666666669
P-0806,0.6666666666666666,0.16666666666666666,0.1666666666666667,0.5,0.16666666666666666,0.33333333333333337,0.5,0.16666666666666666,0.33333333333333337,0.6666666666666666,0.0,0.33333333333333337,0.6666666666666666,0.16666666666666666,0.1666666666666667,0.8333333333333334,0.0,0.16666666666666663,0.16666666666666666,0.5,0.33333333333333337,0.0,0.5,0.5,0.3333333333333333,0.0,0.6666666666666667,0.0,0.5,0.5,0.16666666666666666,0.8333333333333334,0.0,0.16666666666666666,0.3333333333333333,0.5,0.16666666666666666,0.6666666666666666,0.16666666666666674
P-0807,0.6666666666666666,0.16666666666666666,0.1666666666666667,0.6666666666666666,0.0,0.33333333333333337,0.6666666666666666,0.0,0.33333333333333337,0.6666666666666666,0.0,0.33333333333333337,0.6666666666666666,0.3333333333333333,5.551115123125783e-17,0.8333333333333334,0.0,0.16666666666666663,0.0,0.6666666666666666,0.33333333333333337,0.0,0.8333333333333334,0.16666666666666663,0.3333333333333333,0.0,0.6666666666666667,0.0,0.8333333333333334,0.16666666666666663,0.0,1.0,0.0,0.16666666666666666,0.16666666666666666,0.6666666666666667,0.16666666666666666,0.6666666666666666,0.16666666666666674
P-0808,0.5,0.5,0.0,0.8333333333333334,0.0,0.16666666666666663,0.8333333333333334,0.0,0.16666666666666663,0.6666666666666666,0.16666666666666666,0.1666666666666667,0.8333333333333334,0.16666666666666666,-2.7755575615628914e-17,0.6666666666666666,0.3333333333333333,5.551115123125783e-17,0.16666666666666666,0.6666666666666666,0.16666666666666674,0.3333333333333333,0.5,0.16666666666666674,0.16666666666666666,0.3333333333333333,0.5,0.3333333333333333,0.5,0.16666666666666674,0.0,1.0,0.0,0.0,0.16666666666666666,0.8333333333333334,0.16666666666666666,0.5,0.33333333333333337
P-0809,0.5,0.5,0.0,0.8333333333333334,0.0,0.16666666666666663,0.8333333333333334,0.0,0.16666666666666663,0.8333333333333334,0.0,0.16666666666666663,0.8333333333333334,0.16666666666666666,-2.7755575615628914e-17,0.6666666666666666,0.3333333333333333,5.551115123125783e-17,0.3333333333333333,0.5,0.16666666666666674,0.3333333333333333,0.5,0.16666666666666674,0.16666666666666666,0.3333333333333333,0.5,0.3333333333333333,0.5,0.16666666666666674,0.0,1.0,0.0,0.0,0.16666666666666666,0.8333333333333334,0.0,0.5,0.5
P-0811,0.3333333333333333,0.6666666666666666,1.1102230246251565e-16,0.6666666666666666,0.0,0.33333333333333337,0.6666666666666666,0.0,0.33333333333333337,0.5,0.16666666666666666,0.33333333333333337,0.6666666666666666,0.3333333333333333,5.551115123125783e-17,0.6666666666666666,0.3333333333333333,5.551115123125783e-17,0.3333333333333333,0.3333333333333333,0.3333333333333334,0.3333333333333333,0.3333333333333333,0.3333333333333334,0.3333333333333333,0.3333333333333333,0.3333333333333334,0.3333333333333333,0.3333333333333333,0.3333333333333334,0.0,1.0,0.0,0.16666666666666666,0.3333333333333333,0.5,0.16666666666666666,0.3333333333333333,0.5
P-0812,0.5,0.5,0.0,0.6666666666666666,0.0,0.33333333333333337,0.6666666666666666,0.0,0.33333333333333337,0.6666666666666666,0.0,0.33333333333333337,0.6666666666666666,0.3333333333333333,5.551115123125783e-17,0.8333333333333334,0.16666666666666666,-2.7755575615628914e-17,0.5,0.16666666666666666,0.33333333333333337,0.16666666666666666,0.5,0.33333333333333337,0.3333333333333333,0.16666666666666666,0.5000000000000001,0.16666666666666666,0.5,0.33333333333333337,0.0,1.0,0.0,0.3333333333333333,0.3333333333333333,0.3333333333333334,0.0,0.5,0.5
P-0813,0.16666666666666666,0.16666666666666666,0.6666666666666667,0.16666666666666666,0.3333333333333333,0.5,0.3333333333333333,0.3333333333333333,0.3333333333333334,0.16666666666666666,0.0,0.8333333333333334,0.16666666666666666,0.5,0.33333333333333337,0.3333333333333333,0.16666666666666666,0.5000000000000001,0.0,0.16666666666666666,0.8333333333333334,0.0,0.6666666666666666,0.33333333333333337,0.8333333333333334,0.0,0.16666666666666663,0.0,0.6666666666666666,0.33333333333333337,0.0,1.0,0.0,0.0,0.8333333333333334,0.16666666666666663,0.6666666666666666,0.16666666666666666,0.1666666666666667
P-0814,0.5,0.5,0.0,0.5,0.3333333333333333,0.16666666666666669,0.6666666666666666,0.16666666666666666,0.1666666666666667,0.8333333333333334,0.16666666666666666,-2.7755575615628914e-17,0.8333333333333334,0.16666666666666666,-2.7755575615628914e-17,0.6666666666666666,0.3333333333333333,5.551115123125783e-17,0.6666666666666666,0.16666666666666666,0.1666666666666667,0.6666666666666666,0.16666666666666666,0.1666666666666667,0.0,0.5,0.5,0.5,0.3333333333333333,0.16666666666666669,0.16666666666666666,0.5,0.33333333333333337,0.5,0.0,0.5,0.16666666666666666,0.5,0.33333333333333337
P-0815,0.0,1.0,0.0,0.3333333333333333,0.16666666666666666,0.5000000000000001,0.5,0.0,0.5,0.16666666666666666,0.5,0.33333333333333337,0.5,0.5,0.0,0.5,0.5,0.0,0.0,0.5,0.5,0.6666666666666666,0.0,0.33333333333333337,0.3333333333333333,0.6666666666666666,1.1102230246251565e-16,0.5,0.16666666666666666,0.33333333333333337,0.0,1.0,0.0,0.16666666666666666,0.3333333333333333,0.5,0.5,0.0,0.5
P-0816,0.0,0.6666666666666666,0.33333333333333337,0.0,0.8333333333333334,0.16666666666666663,0.5,0.3333333333333333,0.16666666666666669,0.16666666666666666,0.5,0.33333333333333337,0.16666666666666666,0.8333333333333334,0.0,0.16666666666666666,0.5,0.33333333333333337,0.0,0.16666666666666666,0.8333333333333334,0.6666666666666666,0.0,0.33333333333333337,0.3333333333333333,0.6666666666666666,1.1102230246251565e-16,0.5,0.16666666666666666,0.33333333333333337,0.0,1.0,0.0,0.8333333333333334,0.0,0.16666666666666663,0.5,0.0,0.5
P-0817,0.0,0.6666666666666666,0.33333333333333337,0.16666666666666666,0.5,0.33333333333333337,0.3333333333333333,0.3333333333333333,0.3333333333333334,0.3333333333333333,0.16666666666666666,0.5000000000000001,0.3333333333333333,0.6666666666666666,1.1102230246251565e-16,0.3333333333333333,0.3333333333333333,0.3333333333333334,0.0,0.3333333333333333,0.6666666666666667,0.5,0.3333333333333333,0.16666666666666669,0.5,0.5,0.0,0.3333333333333333,0.5,0.16666666666666674,0.0,1.0,0.0,0.16666666666666666,0.6666666666666666,0.16666666666666674,0.5,0.0,0.5
P-0818,0.3333333333333333,0.6666666666666666,1.1102230246251565e-16,0.5,0.16666666666666666,0.33333333333333337,0.6666666666666666,0.0,0.33333333333333337,0.5,0.3333333333333333,0.16666666666666669,0.6666666666666666,0.3333333333333333,5.551115123125783e-17,0.6666666666666666,0.3333333333333333,5.551115123125783e-17,0.3333333333333333,0.3333333333333333,0.3333333333333334,0.6666666666666666,0.16666666666666666,0.1666666666666667,0.16666666666666666,0.5,0.33333333333333337,0.5,0.3333333333333333,0.16666666666666669,0.0,0.8333333333333334,0.16666666666666663,0.3333333333333333,0.16666666666666666,0.5000000000000001,0.3333333333333333,0.3333333333333333,0.3333333333333334
P-0819,0.16666666666666666,0.6666666666666666,0.16666666666666674,0.6666666666666666,0.0,0.33333333333333337,0.6666666666666666,0.0,0.33333333333333337,0.3333333333333333,0.5,0.16666666666666674,0.8333333333333334,0.0,0.16666666666666663,0.3333333333333333,0.5,0.16666666666666674,0.0,0.8333333333333334,0.16666666666666663,0.6666666666666666,0.16666666666666666,0.1666666666666667,0.16666666666666666,0.6666666666666666,0.16666666666666674,0.5,0.3333333333333333,0.16666666666666669,0.0,1.0,0.0,0.0,0.16666666666666666,0.8333333333333334,0.6666666666666666,0.16666666666666666,0.1666666666666667
P-0820,0.3333333333333333,0.3333333333333333,0.3333333333333334,0.16666666666666666,0.3333333333333333,0.5,0.16666666666666666,0.3333333333333333,0.5,0.5,0.0,0.5,0.5,0.3333333333333333,0.16666666666666669,0.6666666666666666,0.0,0.33333333333333337,0.3333333333333333,0.16666666666666666,0.5000000000000001,0.16666666666666666,0.5,0.33333333333333337,0.5,0.16666666666666666,0.33333333333333337,0.0,0.6666666666666666,0.33333333333333337,0.16666666666666666,0.8333333333333334,0.0,0.3333333333333333,0.5,0.16666666666666674,0.3333333333333333,0.3333333333333333,0.3333333333333334
P-0821,0.5,0.3333333333333333,0.16666666666666669,0.16666666666666666,0.5,0.33333333333333337,0.16666666666666666,0.5,0.33333333333333337,0.8333333333333334,0.0,0.16666666666666663,0.8333333333333334,0.16666666666666666,-2.7755575615628914e-17,0.6666666666666666,0.16666666666666666,0.1666666666666667,0.5,0.3333333333333333,0.16666666666666669,0.3333333333333333,0.16666666666666666,0.5000000000000001,0.16666666666666666,0.3333333333333333,0.5,0.16666666666666666,0.3333333333333333,0.5,0.5,0.5,0.0,0.6666666666666666,0.16666666666666666,0.1666666666666667,0.16666666666666666,0.5,0.33333333333333337
P-0822,0.5,0.5,0.0,0.16666666666666666,0.5,0.33333333333333337,0.16666666666666666,0.5,0.33333333333333337,1.0,0.0,0.0,1.0,0.0,0.0,0.8333333333333334,0.16666666666666666,-2.7755575615628914e-17,0.5,0.5,0.0,0.5,0.0,0.5,0.0,0.5,0.5,0.16666666666666666,0.3333333333333333,0.5,0.5,0.5,0.0,0.5,0.16666666666666666,0.33333333333333337,0.0,0.5,0.5
P-0823,0.5,0.16666666666666666,0.33333333333333337,0.3333333333333333,0.3333333333333333,0.3333333333333334,0.3333333333333333,0.3333333333333333,0.3333333333333334,0.6666666666666666,0.0,0.33333333333333337,0.6666666666666666,0.3333333333333333,5.551115123125783e-17,0.6666666666666666,0.0,0.33333333333333337,0.5,0.16666666666666666,0.33333333333333337,0.3333333333333333,0.5,0.16666666666666674,0.3333333333333333,0.16666666666666666,0.5000000000000001,0.16666666666666666,0.6666666666666666,0.16666666666666674,0.16666666666666666,0.5,0.33333333333333337,0.5,0.16666666666666666,0.33333333333333337,0.3333333333333333,0.5,0.16666666666666674
P-0824,0.16666666666666666,0.3333333333333333,0.5,0.16666666666666666,0.16666666666666666,0.6666666666666667,0.16666666666666666,0.16666666666666666,0.6666666666666667,0.3333333333333333,0.0,0.6666666666666667,0.3333333333333333,0.5,0.16666666666666674,0.5,0.0,0.5,0.0,0.3333333333333333,0.6666666666666667,0.16666666666666666,0.5,0.33333333333333337,0.6666666666666666,0.16666666666666666,0.1666666666666667,0.0,0.6666666666666666,0.33333333333333337,0.0,1.0,0.0,0.3333333333333333,0.3333333333333333,0.3333333333333334,0.3333333333333333,0.16666666666666666,0.5000000000000001
P-0825,0.16666666666666666,0.5,0.33333333333333337,0.5,0.0,0.5,0.5,0.0,0.5,0.5,0.16666666666666666,0.33333333333333337,0.6666666666666666,0.16666666666666666,0.1666666666666667,0.3333333333333333,0.3333333333333333,0.3333333333333334,0.0,0.6666666666666666,0.33333333333333337,0.5,0.5,0.0,0.3333333333333333,0.5,0.16666666666666674,0.3333333333333333,0.6666666666666666,1.1102230246251565e-16,0.0,1.0,0.0,0.16666666666666666,0.3333333333333333,0.5,0.5,0.16666666666666666,0.33333333333333337
P-0826,0.3333333333333333,0.6666666666666666,1.1102230246251565e-16,0.6666666666666666,0.16666666666666666,0.1666666666666667,0.8333333333333334,0.0,0.16666666666666663,0.8333333333333334,0.16666666666666666,-2.7755575615628914e-17,0.8333333333333334,0.16666666666666666,-2.7755575615628914e-17,0.5,0.5,0.0,0.3333333333333333,0.5,0.16666666666666674,0.6666666666666666,0.3333333333333333,5.551115123125783e-17,0.0,0.6666666666666666,0.33333333333333337,0.5,0.5,0.0,0.0,1.0,0.0,0.16666666666666666,0.0,0.8333333333333334,0.16666666666666666,0.3333333333333333,0.5
P-0827,0.16666666666666666,0.3333333333333333,0.5,0.3333333333333333,0.16666666666666666,0.5000000000000001,0.3333333333333333,0.16666666666666666,0.5000000000000001,0.5,0.0,0.5,0.5,0.3333333333333333,0.16666666666666669,0.3333333333333333,0.16666666666666666,0.5000000000000001,0.0,0.5,0.5,0.3333333333333333,0.6666666666666666,1.1102230246251565e-16,0.5,0.3333333333333333,0.16666666666666669,0.16666666666666666,0.8333333333333334,0.0,0.0,1.0,0.0,0.16666666666666666,0.5,0.33333333333333337,0.5,0.16666666666666666,0.33333333333333337
P-0828,0.3333333333333333,0.6666666666666666,1.1102230246251565e-16,0.6666666666666666,0.16666666666666666,0.1666666666666667,0.8333333333333334,0.0,0.16666666666666663,0.3333333333333333,0.6666666666666666,1.1102230246251565e-16,1.0,0.0,0.0,0.5,0.5,0.0,0.3333333333333333,0.6666666666666666,1.1102230246251565e-16,0.6666666666666666,0.16666666666666666,0.1666666666666667,0.0,0.6666666666666666,0.33333333333333337,0.5,0.3333333333333333,0.16666666666666669,0.16666666666666666,0.8333333333333334,0.0,0.3333333333333333,0.0,0.6666666666666667,0.5,0.3333333333333333,0.16666666666666669
P-0829,0.3333333333333333,0.6666666666666666,1.1102230246251565e-16,0.6666666666666666,0.0,0.33333333333333337,0.6666666666666666,0.0,0.33333333333333337,0.5,0.3333333333333333,0.16666666666666669,0.8333333333333334,0.16666666666666666,-2.7755575615628914e-17,0.6666666666666666,0.3333333333333333,5.551115123125783e-17,0.3333333333333333,0.5,0.16666666666666674,0.5,0.3333333333333333,0.16666666666666669,0.16666666666666666,0.5,0.33333333333333337,0.3333333333333333,0.5,0.16666666666666674,0.0,1.0,0.0,0.3333333333333333,0.16666666666666666,0.5000000000000001,0.3333333333333333,0.3333333333333333,0.3333333333333334
P-0830,0.3333333333333333,0.3333333333333333,0.3333333333333334,0.16666666666666666,0.3333333333333333,0.5,0.16666666666666666,0.3333333333333333,0.5,0.5,0.0,0.5,0.5,0.3333333333333333,0.16666666666666669,0.6666666666666666,0.0,0.33333333333333337,0.3333333333333333,0.16666666666666666,0.5000000000000001,0.16666666666666666,0.5,0.33333333333333337,0.5,0.16666666666666666,0.33333333333333337,0.0,0.6666666666666666,0.33333333333333337,0.16666666666666666,0.8333333333333334,0.0,0.3333333333333333,0.5,0.16666666666666674,0.3333333333333333,0.3333333333333333,0.3333333333333334
P-0831,0.3333333333333333,0.5,0.16666666666666674,0.6666666666666666,0.16666666666666666,0.1666666666666667,0.6666666666666666,0.16666666666666666,0.1666666666666667,0.6666666666666666,0.16666666666666666,0.1666666666666667,0.8333333333333334,0.16666666666666666,-2.7755575615628914e-17,0.5,0.3333333333333333,0.16666666666666669,0.5,0.3333333333333333,0.16666666666666669,0.5,0.3333333333333333,0.16666666666666669,0.16666666666666666,0.5,0.33333333333333337,0.3333333333333333,0.5,0.16666666666666674,0.0,1.0,0.0,0.5,0.0,0.5,0.16666666666666666,0.3333333333333333,0.5
P-0832,0.16666666666666666,0.8333333333333334,0.0,0.6666666666666666,0.0,0.33333333333333337,0.6666666666666666,0.0,0.33333333333333337,0.3333333333333333,0.5,0.16666666666666674,0.8333333333333334,0.16666666666666666,-2.7755575615628914e-17,0.5,0.5,0.0,0.16666666666666666,0.6666666666666666,0.16666666666666674,0.6666666666666666,0.16666666666666666,0.1666666666666667,0.16666666666666666,0.6666666666666666,0.16666666666666674,0.5,0.3333333333333333,0.16666666666666669,0.0,1.0,0.0,0.16666666666666666,0.16666666666666666,0.6666666666666667,0.5,0.16666666666666666,0.33333333333333337
P-0833,0.3333333333333333,0.3333333333333333,0.3333333333333334,0.5,0.16666666666666666,0.33333333333333337,0.5,0.16666666666666666,0.33333333333333337,0.6666666666666666,0.0,0.33333333333333337,0.6666666666666666,0.16666666666666666,0.1666666666666667,0.5,0.16666666666666666,0.33333333333333337,0.5,0.16666666666666666,0.33333333333333337,0.5,0.5,0.0,0.3333333333333333,0.3333333333333333,0.3333333333333334,0.3333333333333333,0.6666666666666666,1.1102230246251565e-16,0.0,0.6666666666666666,0.33333333333333337,0.16666666666666666,0.3333333333333333,0.5,0.3333333333333333,0.3333333333333333,0.3333333333333334
P-0834,0.5,0.5,0.0,0.8333333333333334,0.0,0.16666666666666663,0.8333333333333334,0.0,0.16666666666666663,0.8333333333333334,0.16666666666666666,-2.7755575615628914e-17,1.0,0.0,0.0,0.6666666666666666,0.3333333333333333,5.551115123125783e-17,0.3333333333333333,0.6666666666666666,1.1102230246251565e-16,0.5,0.5,0.0,0.0,0.5,0.5,0.3333333333333333,0.6666666666666666,1.1102230246251565e-16,0.0,1.0,0.0,0.16666666666666666,0.0,0.8333333333333334,0.16666666666666666,0.5,0.33333333333333337
P-0835,0.6666666666666666,0.3333333333333333,5.551115123125783e-17,0.6666666666666666,0.16666666666666666,0.1666666666666667,0.6666666666666666,0.16666666666666666,0.1666666666666667,1.0,0.0,0.0,1.0,0.0,0.0,0.8333333333333334,0.16666666666666666,-2.7755575615628914e-17,0.6666666666666666,0.3333333333333333,5.551115123125783e-17,0.5,0.3333333333333333,0.16666666666666669,0.0,0.3333333333333333,0.6666666666666667,0.3333333333333333,0.5,0.16666666666666674,0.16666666666666666,0.3333333333333333,0.5,0.5,0.16666666666666666,0.33333333333333337,0.0,0.6666666666666666,0.33333333333333337
P-0836,0.5,0.3333333333333333,0.16666666666666669,0.5,0.3333333333333333,0.16666666666666669,0.5,0.3333333333333333,0.16666666666666669,0.8333333333333334,0.0,0.16666666666666663,0.8333333333333334,0.16666666666666666,-2.7755575615628914e-17,0.6666666666666666,0.16666666666666666,0.1666666666666667,0.5,0.3333333333333333,0.16666666666666669,0.3333333333333333,0.5,0.16666666666666674,0.16666666666666666,0.3333333333333333,0.5,0.16666666666666666,0.6666666666666666,0.16666666666666674,0.16666666666666666,0.5,0.33333333333333337,0.5,0.3333333333333333,0.16666666666666669,0.16666666666666666,0.5,0.33333333333333337
P-0838,0.3333333333333333,0.6666666666666666,1.1102230246251565e-16,0.5,0.16666666666666666,0.33333333333333337,0.6666666666666666,0.0,0.33333333333333337,0.8333333333333334,0.16666666666666666,-2.7755575615628914e-17,1.0,0.0,0.0,0.6666666666666666,0.3333333333333333,5.551115123125783e-17,0.3333333333333333,0.6666666666666666,1.1102230246251565e-16,0.6666666666666666,0.16666666666666666,0.1666666666666667,0.0,0.6666666666666666,0.33333333333333337,0.3333333333333333,0.5,0.16666666666666674,0.16666666666666666,0.6666666666666666,0.16666666666666674,0.3333333333333333,0.3333333333333333,0.3333333333333334,0.0,0.3333333333333333,0.6666666666666667
P-0840,0.6666666666666666,0.16666666666666666,0.1666666666666667,0.3333333333333333,0.5,0.16666666666666674,0.3333333333333333,0.5,0.16666666666666674,0.8333333333333334,0.0,0.16666666666666663,0.8333333333333334,0.16666666666666666,-2.7755575615628914e-17,0.8333333333333334,0.0,0.16666666666666663,0.6666666666666666,0.16666666666666666,0.1666666666666667,0.16666666666666666,0.5,0.33333333333333337,0.16666666666666666,0.16666666666666666,0.6666666666666667,0.0,0.6666666666666666,0.33333333333333337,0.3333333333333333,0.3333333333333333,0.3333333333333334,0.6666666666666666,0.16666666666666666,0.1666666666666667,0.16666666666666666,0.6666666666666666,0.16666666666666674
P-0841,0.5,0.3333333333333333,0.16666666666666669,0.6666666666666666,0.16666666666666666,0.1666666666666667,0.6666666666666666,0.16666666666666666,0.1666666666666667,0.8333333333333334,0.0,0.16666666666666663,0.8333333333333334,0.16666666666666666,-2.7755575615628914e-17,0.6666666666666666,0.16666666666666666,0.1666666666666667,0.5,0.3333333333333333,0.16666666666666669,0.3333333333333333,0.6666666666666666,1.1102230246251565e-16,0.16666666666666666,0.3333333333333333,0.5,0.16666666666666666,0.8333333333333334,0.0,0.0,0.6666666666666666,0.33333333333333337,0.5,0.3333333333333333,0.16666666666666669,0.16666666666666666,0.5,0.33333333333333337
P-0842,0.3333333333333333,0.6666666666666666,1.1102230246251565e-16,0.6666666666666666,0.0,0.33333333333333337,0.6666666666666666,0.0,0.33333333333333337,0.6666666666666666,0.16666666666666666,0.1666666666666667,0.8333333333333334,0.16666666666666666,-2.7755575615628914e-17,0.6666666666666666,0.3333333333333333,5.551115123125783e-17,0.5,0.3333333333333333,0.16666666666666669,0.5,0.3333333333333333,0.16666666666666669,0.16666666666666666,0.5,0.33333333333333337,0.3333333333333333,0.5,0.16666666666666674,0.0,1.0,0.0,0.3333333333333333,0.16666666666666666,0.5000000000000001,0.16666666666666666,0.3333333333333333,0.5
P-0843,0.3333333333333333,0.5,0.16666666666666674,0.5,0.3333333333333333,0.16666666666666669,0.8333333333333334,0.0,0.16666666666666663,0.5,0.3333333333333333,0.16666666666666669,0.5,0.5,0.0,0.3333333333333333,0.5,0.16666666666666674,0.5,0.0,0.5,0.5,0.5,0.0,0.16666666666666666,0.5,0.33333333333333337,0.5,0.5,0.0,0.0,1.0,0.0,0.8333333333333334,0.0,0.16666666666666663,0.5,0.3333333333333333,0.16666666666666669
P-0844,0.3333333333333333,0.6666666666666666,1.1102230246251565e-16,0.16666666666666666,0.5,0.33333333333333337,0.5,0.16666666666666666,0.33333333333333337,0.6666666666666666,0.3333333333333333,5.551115123125783e-17,0.6666666666666666,0.3333333333333333,5.551115123125783e-17,0.6666666666666666,0.3333333333333333,5.551115123125783e-17,0.3333333333333333,0.3333333333333333,0.3333333333333334,0.6666666666666666,0.16666666666666666,0.1666666666666667,0.0,0.6666666666666666,0.33333333333333337,0.3333333333333333,0.5,0.16666666666666674,0.16666666666666666,0.8333333333333334,0.0,0.6666666666666666,0.0,0.33333333333333337,0.3333333333333333,0.3333333333333333,0.3333333333333334
P-0845,0.3333333333333333,0.5,0.16666666666666674,0.5,0.16666666666666666,0.33333333333333337,0.6666666666666666,0.0,0.33333333333333337,0.5,0.3333333333333333,0.16666666666666669,0.6666666666666666,0.16666666666666666,0.1666666666666667,0.5,0.3333333333333333,0.16666666666666669,0.3333333333333333,0.3333333333333333,0.3333333333333334,0.5,0.3333333333333333,0.16666666666666669,0.16666666666666666,0.5,0.33333333333333337,0.3333333333333333,0.5,0.16666666666666674,0.0,1.0,0.0,0.5,0.16666666666666666,0.33333333333333337,0.5,0.3333333333333333,0.16666666666666669
P-0848,0.3333333333333333,0.6666666666666666,1.1102230246251565e-16,0.5,0.3333333333333333,0.16666666666666669,0.8333333333333334,0.0,0.16666666666666663,0.5,0.5,0.0,0.6666666666666666,0.3333333333333333,5.551115123125783e-17,0.5,0.5,0.0,0.3333333333333333,0.3333333333333333,0.3333333333333334,0.6666666666666666,0.3333333333333333,5.551115123125783e-17,0.0,0.6666666666666666,0.33333333333333337,0.5,0.5,0.0,0.0,1.0,0.0,0.6666666666666666,0.0,0.33333333333333337,0.5,0.3333333333333333,0.16666666666666669
P-0849,0.16666666666666666,0.5,0.33333333333333337,0.3333333333333333,0.5,0.16666666666666674,0.5,0.3333333333333333,0.16666666666666669,0.3333333333333333,0.16666666666666666,0.5000000000000001,0.3333333333333333,0.6666666666666666,1.1102230246251565e-16,0.3333333333333333,0.3333333333333333,0.3333333333333334,0.16666666666666666,0.16666666666666666,0.6666666666666667,0.3333333333333333,0.5,0.16666666666666674,0.5,0.3333333333333333,0.16666666666666669,0.3333333333333333,0.5,0.16666666666666674,0.0,1.0,0.0,0.3333333333333333,0.6666666666666666,1.1102230246251565e-16,0.5,0.16666666666666666,0.33333333333333337
P-0850,0.5,0.5,0.0,0.5,0.3333333333333333,0.16666666666666669,0.8333333333333334,0.0,0.16666666666666663,0.5,0.3333333333333333,0.16666666666666669,0.5,0.5,0.0,0.6666666666666666,0.3333333333333333,5.551115123125783e-17,0.3333333333333333,0.16666666666666666,0.5000000000000001,0.3333333333333333,0.5,0.16666666666666674,0.16666666666666666,0.3333333333333333,0.5,0.3333333333333333,0.5,0.16666666666666674,0.0,1.0,0.0,0.6666666666666666,0.16666666666666666,0.1666666666666667,0.3333333333333333,0.5,0.16666666666666674
P-0852,0.3333333333333333,0.0,0.6666666666666667,0.3333333333333333,0.0,0.6666666666666667,0.3333333333333333,0.0,0.6666666666666667,0.3333333333333333,0.0,0.6666666666666667,0.3333333333333333,0.16666666666666666,0.5000000000000001,0.3333333333333333,0.0,0.6666666666666667,0.3333333333333333,0.0,0.6666666666666667,0.0,0.5,0.5,0.6666666666666666,0.0,0.33333333333333337,0.0,0.5,0.5,0.0,1.0,0.0,0.5,0.5,0.0,0.6666666666666666,0.3333333333333333,5.551115123125783e-17
P-0853,0.3333333333333333,0.5,0.16666666666666674,0.8333333333333334,0.0,0.16666666666666663,0.8333333333333334,0.0,0.16666666666666663,0.3333333333333333,0.5,0.16666666666666674,0.8333333333333334,0.0,0.16666666666666663,0.3333333333333333,0.5,0.16666666666666674,0.16666666666666666,0.6666666666666666,0.16666666666666674,0.5,0.3333333333333333,0.16666666666666669,0.16666666666666666,0.5,0.33333333333333337,0.5,0.3333333333333333,0.16666666666666669,0.0,1.0,0.0,0.16666666666666666,0.16666666666666666,0.6666666666666667,0.6666666666666666,0.3333333333333333,5.551115123125783e-17
P-0854,0.5,0.3333333333333333,0.16666666666666669,0.6666666666666666,0.0,0.33333333333333337,0.6666666666666666,0.0,0.33333333333333337,0.6666666666666666,0.16666666666666666,0.1666666666666667,0.8333333333333334,0.0,0.16666666666666663,0.6666666666666666,0.16666666666666666,0.1666666666666667,0.3333333333333333,0.5,0.16666666666666674,0.3333333333333333,0.5,0.16666666666666674,0.16666666666666666,0.3333333333333333,0.5,0.16666666666666666,0.6666666666666666,0.16666666666666674,0.0,1.0,0.0,0.3333333333333333,0.16666666666666666,0.5000000000000001,0.3333333333333333,0.5,0.16666666666666674
P-0855,0.6666666666666666,0.16666666666666666,0.1666666666666667,0.8333333333333334,0.0,0.16666666666666663,0.8333333333333334,0.0,0.16666666666666663,0.6666666666666666,0.16666666666666666,0.1666666666666667,0.8333333333333334,0.0,0.16666666666666663,0.6666666666666666,0.16666666666666666,0.1666666666666667,0.3333333333333333,0.5,0.16666666666666674,0.16666666666666666,0.6666666666666666,0.16666666666666674,0.16666666666666666,0.16666666666666666,0.6666666666666667,0.16666666666666666,0.6666666666666666,0.16666666666666674,0.0,1.0,0.0,0.3333333333333333,0.16666666666666666,0.5000000000000001,0.3333333333333333,0.6666666666666666,1.1102230246251565e-16
P-0856,0.5,0.5,0.0,0.8333333333333334,0.16666666666666666,-2.7755575615628914e-17,1.0,0.0,0.0,0.3333333333333333,0.6666666666666666,1.1102230246251565e-16,1.0,0.0,0.0,0.5,0.5,0.0,0.3333333333333333,0.6666666666666666,1.1102230246251565e-16,0.5,0.3333333333333333,0.16666666666666669,0.0,0.5,0.5,0.5,0.3333333333333333,0.16666666666666669,0.16666666666666666,0.8333333333333334,0.0,0.3333333333333333,0.0,0.6666666666666667,0.5,0.5,0.0
P-0857,0.5,0.5,0.0,0.8333333333333334,0.0,0.16666666666666663,0.8333333333333334,0.0,0.16666666666666663,0.5,0.3333333333333333,0.16666666666666669,0.8333333333333334,0.16666666666666666,-2.7755575615628914e-17,0.6666666666666666,0.3333333333333333,5.551115123125783e-17,0.5,0.3333333333333333,0.16666666666666669,0.3333333333333333,0.5,0.16666666666666674,0.16666666666666666,0.3333333333333333,0.5,0.3333333333333333,0.5,0.16666666666666674,0.0,1.0,0.0,0.5,0.16666666666666666,0.33333333333333337,0.3333333333333333,0.5,0.16666666666666674
P-0858,0.3333333333333333,0.3333333333333333,0.3333333333333334,0.6666666666666666,0.16666666666666666,0.1666666666666667,0.6666666666666666,0.16666666666666666,0.1666666666666667,0.5,0.16666666666666666,0.33333333333333337,0.6666666666666666,0.3333333333333333,5.551115123125783e-17,0.3333333333333333,0.3333333333333333,0.3333333333333334,0.3333333333333333,0.3333333333333333,0.3333333333333334,0.3333333333333333,0.5,0.16666666666666674,0.3333333333333333,0.3333333333333333,0.3333333333333334,0.3333333333333333,0.5,0.16666666666666674,0.0,1.0,0.0,0.5,0.0,0.5,0.3333333333333333,0.3333333333333333,0.3333333333333334
P-0859,0.8333333333333334,0.16666666666666666,-2.7755575615628914e-17,1.0,0.0,0.0,1.0,0.0,0.0,0.8333333333333334,0.16666666666666666,-2.7755575615628914e-17,1.0,0.0,0.0,0.8333333333333334,0.16666666666666666,-2.7755575615628914e-17,0.5,0.5,0.0,0.16666666666666666,0.8333333333333334,0.0,0.0,0.16666666666666666,0.8333333333333334,0.16666666666666666,0.8333333333333334,0.0,0.0,1.0,0.0,0.5,0.0,0.5,0.16666666666666666,0.8333333333333334,0.0
P-0860,0.6666666666666666,0.3333333333333333,5.551115123125783e-17,0.6666666666666666,0.16666666666666666,0.1666666666666667,0.8333333333333334,0.0,0.16666666666666663,0.5,0.3333333333333333,0.16666666666666669,0.8333333333333334,0.16666666666666666,-2.7755575615628914e-17,0.8333333333333334,0.16666666666666666,-2.7755575615628914e-17,0.3333333333333333,0.5,0.16666666666666674,0.16666666666666666,0.5,0.33333333333333337,0.16666666666666666,0.16666666666666666,0.6666666666666667,0.16666666666666666,0.5,0.33333333333333337,0.16666666666666666,0.8333333333333334,0.0,0.3333333333333333,0.16666666666666666,0.5000000000000001,0.16666666666666666,0.6666666666666666,0.16666666666666674
P-0861,0.3333333333333333,0.16666666666666666,0.5000000000000001,0.3333333333333333,0.5,0.16666666666666674,0.5,0.3333333333333333,0.16666666666666669,0.16666666666666666,0.3333333333333333,0.5,0.5,0.16666666666666666,0.33333333333333337,0.3333333333333333,0.16666666666666666,0.5000000000000001,0.3333333333333333,0.16666666666666666,0.5000000000000001,0.3333333333333333,0.3333333333333333,0.3333333333333334,0.5,0.16666666666666666,0.33333333333333337,0.16666666666666666,0.5,0.33333333333333337,0.16666666666666666,0.8333333333333334,0.0,0.3333333333333333,0.5,0.16666666666666674,0.6666666666666666,0.3333333333333333,5.551115123125783e-17
P-0862,0.3333333333333333,0.6666666666666666,1.1102230246251565e-16,0.6666666666666666,0.16666666666666666,0.1666666666666667,0.8333333333333334,0.0,0.16666666666666663,0.3333333333333333,0.5,0.16666666666666674,0.6666666666666666,0.3333333333333333,5.551115123125783e-17,0.5,0.5,0.0,0.3333333333333333,0.3333333333333333,0.3333333333333334,0.5,0.3333333333333333,0.16666666666666669,0.16666666666666666,0.5,0.33333333333333337,0.5,0.3333333333333333,0.16666666666666669,0.0,1.0,0.0,0.5,0.16666666666666666,0.33333333333333337,0.5,0.3333333333333333,0.16666666666666669
P-0863,0.3333333333333333,0.6666666666666666,1.1102230246251565e-16,0.5,0.16666666666666666,0.33333333333333337,0.6666666666666666,0.0,0.33333333333333337,0.3333333333333333,0.3333333333333333,0.3333333333333334,0.5,0.5,0.0,0.6666666666666666,0.3333333333333333,5.551115123125783e-17,0.3333333333333333,0.16666666666666666,0.5000000000000001,0.3333333333333333,0.3333333333333333,0.3333333333333334,0.3333333333333333,0.3333333333333333,0.3333333333333334,0.3333333333333333,0.3333333333333333,0.3333333333333334,0.0,1.0,0.0,0.5,0.3333333333333333,0.16666666666666669,0.3333333333333333,0.3333333333333333,0.3333333333333334
P-0864,0.16666666666666666,0.8333333333333334,0.0,0.6666666666666666,0.0,0.33333333333333337,0.6666666666666666,0.0,0.33333333333333337,0.3333333333333333,0.3333333333333333,0.3333333333333334,0.6666666666666666,0.3333333333333333,5.551115123125783e-17,0.5,0.5,0.0,0.3333333333333333,0.3333333333333333,0.3333333333333334,0.5,0.16666666666666666,0.33333333333333337,0.3333333333333333,0.5,0.16666666666666674,0.5,0.16666666666666666,0.33333333333333337,0.0,1.0,0.0,0.16666666666666666,0.3333333333333333,0.5,0.3333333333333333,0.16666666666666666,0.5000000000000001
P-0865,0.3333333333333333,0.6666666666666666,1.1102230246251565e-16,0.8333333333333334,0.16666666666666666,-2.7755575615628914e-17,0.8333333333333334,0.16666666666666666,-2.7755575615628914e-17,0.3333333333333333,0.6666666666666666,1.1102230246251565e-16,0.8333333333333334,0.16666666666666666,-2.7755575615628914e-17,0.5,0.5,0.0,0.16666666666666666,0.6666666666666666,0.16666666666666674,0.5,0.3333333333333333,0.16666666666666669,0.0,0.5,0.5,0.5,0.3333333333333333,0.16666666666666669,0.0,1.0,0.0,0.3333333333333333,0.0,0.6666666666666667,0.5,0.3333333333333333,0.16666666666666669
P-0866,0.3333333333333333,0.16666666666666666,0.5000000000000001,0.3333333333333333,0.16666666666666666,0.5000000000000001,0.3333333333333333,0.16666666666666666,0.5000000000000001,0.3333333333333333,0.16666666666666666,0.5000000000000001,0.5,0.0,0.5,0.3333333333333333,0.16666666666666666,0.5000000000000001,0.3333333333333333,0.16666666666666666,0.5000000000000001,0.16666666666666666,0.6666666666666666,0.16666666666666674,0.5,0.16666666666666666,0.33333333333333337,0.16666666666666666,0.6666666666666666,0.16666666666666674,0.16666666666666666,0.8333333333333334,0.0,0.3333333333333333,0.5,0.16666666666666674,0.6666666666666666,0.3333333333333333,5.551115123125783e-17
P-0867,0.16666666666666666,0.16666666666666666,0.6666666666666667,0.3333333333333333,0.0,0.6666666666666667,0.5,0.0,0.5,0.3333333333333333,0.0,0.6666666666666667,0.3333333333333333,0.3333333333333333,0.3333333333333334,0.16666666666666666,0.3333333333333333,0.5,0.3333333333333333,0.0,0.6666666666666667,0.16666666666666666,0.6666666666666666,0.16666666666666674,0.6666666666666666,0.16666666666666666,0.1666666666666667,0.16666666666666666,0.6666666666666666,0.16666666666666674,0.0,1.0,0.0,0.5,0.3333333333333333,0.16666666666666669,0.6666666666666666,0.16666666666666666,0.1666666666666667
P-0868,0.5,0.5,0.0,0.3333333333333333,0.5,0.16666666666666674,0.6666666666666666,0.16666666666666666,0.1666666666666667,0.6666666666666666,0.3333333333333333,5.551115123125783e-17,0.6666666666666666,0.3333333333333333,5.551115123125783e-17,0.6666666666666666,0.3333333333333333,5.551115123125783e-17,0.5,0.16666666666666666,0.33333333333333337,0.5,0.3333333333333333,0.16666666666666669,0.0,0.5,0.5,0.3333333333333333,0.5,0.16666666666666674,0.16666666666666666,0.8333333333333334,0.0,0.8333333333333334,0.0,0.16666666666666663,0.3333333333333333,0.5,0.16666666666666674
P-0869,1.0,0.0,0.0,0.6666666666666666,0.3333333333333333,5.551115123125783e-17,0.6666666666666666,0.3333333333333333,5.551115123125783e-17,1.0,0.0,0.0,1.0,0.0,0.0,1.0,0.0,0.0,1.0,0.0,0.0,0.0,0.6666666666666666,0.33333333333333337,0.0,0.0,1.0,0.0,0.6666666666666666,0.33333333333333337,0.3333333333333333,0.6666666666666666,1.1102230246251565e-16,1.0,0.0,0.0,0.0,1.0,0.0
P-0871,0.3333333333333333,0.0,0.6666666666666667,0.3333333333333333,0.0,0.6666666666666667,0.3333333333333333,0.0,0.6666666666666667,0.3333333333333333,0.0,0.6666666666666667,0.3333333333333333,0.16666666666666666,0.5000000000000001,0.3333333333333333,0.0,0.6666666666666667,0.16666666666666666,0.16666666666666666,0.6666666666666667,0.0,0.6666666666666666,0.33333333333333337,0.6666666666666666,0.0,0.33333333333333337,0.0,0.6666666666666666,0.33333333333333337,0.0,1.0,0.0,0.3333333333333333,0.5,0.16666666666666674,0.6666666666666666,0.3333333333333333,5.551115123125783e-17
P-0872,0.5,0.0,0.5,0.5,0.0,0.5,0.5,0.0,0.5,0.5,0.0,0.5,0.5,0.16666666666666666,0.33333333333333337,0.5,0.0,0.5,0.16666666666666666,0.3333333333333333,0.5,0.0,0.8333333333333334,0.16666666666666663,0.5,0.0,0.5,0.0,0.8333333333333334,0.16666666666666663,0.0,1.0,0.0,0.3333333333333333,0.3333333333333333,0.3333333333333334,0.5,0.5,0.0
P-0873,0.3333333333333333,0.0,0.6666666666666667,0.3333333333333333,0.0,0.6666666666666667,0.3333333333333333,0.0,0.6666666666666667,0.3333333333333333,0.0,0.6666666666666667,0.3333333333333333,0.3333333333333333,0.3333333333333334,0.3333333333333333,0.0,0.6666666666666667,0.3333333333333333,0.0,0.6666666666666667,0.0,0.8333333333333334,0.16666666666666663,0.6666666666666666,0.0,0.33333333333333337,0.0,0.8333333333333334,0.16666666666666663,0.0,1.0,0.0,0.6666666666666666,0.3333333333333333,5.551115123125783e-17,0.6666666666666666,0.3333333333333333,5.551115123125783e-17
P-0874,0.8333333333333334,0.16666666666666666,-2.7755575615628914e-17,1.0,0.0,0.0,1.0,0.0,0.0,0.8333333333333334,0.16666666666666666,-2.7755575615628914e-17,1.0,0.0,0.0,0.8333333333333334,0.16666666666666666,-2.7755575615628914e-17,0.5,0.5,0.0,0.16666666666666666,0.8333333333333334,0.0,0.0,0.16666666666666666,0.8333333333333334,0.16666666666666666,0.8333333333333334,0.0,0.0,1.0,0.0,0.5,0.0,0.5,0.16666666666666666,0.8333333333333334,0.0
P-0875,0.5,0.0,0.5,0.5,0.0,0.5,0.6666666666666666,0.0,0.33333333333333337,0.5,0.0,0.5,0.5,0.3333333333333333,0.16666666666666669,0.5,0.16666666666666666,0.33333333333333337,0.3333333333333333,0.16666666666666666,0.5000000000000001,0.0,0.8333333333333334,0.16666666666666663,0.5,0.0,0.5,0.0,0.8333333333333334,0.16666666666666663,0.0,1.0,0.0,0.6666666666666666,0.16666666666666666,0.1666666666666667,0.5,0.5,0.0
P-0876,0.5,0.3333333333333333,0.16666666666666669,0.6666666666666666,0.16666666666666666,0.1666666666666667,0.6666666666666666,0.16666666666666666,0.1666666666666667,0.8333333333333334,0.0,0.16666666666666663,0.8333333333333334,0.0,0.16666666666666663,0.6666666666666666,0.16666666666666666,0.1666666666666667,0.5,0.3333333333333333,0.16666666666666669,0.5,0.5,0.0,0.16666666666666666,0.3333333333333333,0.5,0.16666666666666666,0.8333333333333334,0.0,0.0,1.0,0.0,0.3333333333333333,0.16666666666666666,0.5000000000000001,0.16666666666666666,0.5,0.33333333333333337
P-0877,0.5,0.5,0.0,0.8333333333333334,0.0,0.16666666666666663,0.8333333333333334,0.0,0.16666666666666663,0.8333333333333334,0.16666666666666666,-2.7755575615628914e-17,1.0,0.0,0.0,0.6666666666666666,0.3333333333333333,5.551115123125783e-17,0.5,0.5,0.0,0.5,0.5,0.0,0.0,0.5,0.5,0.3333333333333333,0.6666666666666666,1.1102230246251565e-16,0.0,1.0,0.0,0.3333333333333333,0.0,0.6666666666666667,0.16666666666666666,0.5,0.33333333333333337
P-0878,0.6666666666666666,0.3333333333333333,5.551115123125783e-17,0.8333333333333334,0.0,0.16666666666666663,0.8333333333333334,0.0,0.16666666666666663,0.8333333333333334,0.0,0.16666666666666663,0.8333333333333334,0.16666666666666666,-2.7755575615628914e-17,0.8333333333333334,0.16666666666666666,-2.7755575615628914e-17,0.5,0.3333333333333333,0.16666666666666669,0.16666666666666666,0.6666666666666666,0.16666666666666674,0.16666666666666666,0.16666666666666666,0.6666666666666667,0.16666666666666666,0.6666666666666666,0.16666666666666674,0.0,1.0,0.0,0.3333333333333333,0.16666666666666666,0.5000000000000001,0.0,0.6666666666666666,0.33333333333333337
P-0879,0.5,0.16666666666666666,0.33333333333333337,0.6666666666666666,0.16666666666666666,0.1666666666666667,0.6666666666666666,0.16666666666666666,0.1666666666666667,0.6666666666666666,0.0,0.33333333333333337,0.6666666666666666,0.3333333333333333,5.551115123125783e-17,0.5,0.16666666666666666,0.33333333333333337,0.3333333333333333,0.3333333333333333,0.3333333333333334,0.16666666666666666,0.6666666666666666,0.16666666666666674,0.3333333333333333,0.16666666666666666,0.5000000000000001,0.16666666666666666,0.6666666666666666,0.16666666666666674,0.0,1.0,0.0,0.5,0.0,0.5,0.16666666666666666,0.5,0.33333333333333337
P-0880,0.5,0.5,0.0,0.6666666666666666,0.0,0.33333333333333337,0.6666666666666666,0.0,0.33333333333333337,0.5,0.16666666666666666,0.33333333333333337,0.6666666666666666,0.3333333333333333,5.551115123125783e-17,0.8333333333333334,0.16666666666666666,-2.7755575615628914e-17,0.3333333333333333,0.3333333333333333,0.3333333333333334,0.16666666666666666,0.5,0.33333333333333337,0.3333333333333333,0.16666666666666666,0.5000000000000001,0.16666666666666666,0.5,0.33333333333333337,0.0,1.0,0.0,0.3333333333333333,0.3333333333333333,0.3333333333333334,0.16666666666666666,0.5,0.33333333333333337
P-0881,0.6666666666666666,0.3333333333333333,5.551115123125783e-17,0.6666666666666666,0.0,0.33333333333333337,0.6666666666666666,0.0,0.33333333333333337,0.6666666666666666,0.0,0.33333333333333337,0.6666666666666666,0.3333333333333333,5.551115123125783e-17,1.0,0.0,0.0,0.5,0.16666666666666666,0.33333333333333337,0.0,0.6666666666666666,0.33333333333333337,0.3333333333333333,0.0,0.6666666666666667,0.0,0.6666666666666666,0.33333333333333337,0.0,1.0,0.0,0.5,0.3333333333333333,0.16666666666666669,0.0,0.6666666666666666,0.33333333333333337
P-0882,0.16666666666666666,0.8333333333333334,0.0,0.5,0.16666666666666666,0.33333333333333337,0.6666666666666666,0.0,0.33333333333333337,0.3333333333333333,0.5,0.16666666666666674,0.6666666666666666,0.3333333333333333,5.551115123125783e-17,0.5,0.5,0.0,0.16666666666666666,0.5,0.33333333333333337,0.6666666666666666,0.16666666666666666,0.1666666666666667,0.16666666666666666,0.6666666666666666,0.16666666666666674,0.5,0.3333333333333333,0.16666666666666669,0.0,1.0,0.0,0.3333333333333333,0.16666666666666666,0.5000000000000001,0.5,0.16666666666666666,0.33333333333333337
P-0883,0.5,0.16666666666666666,0.33333333333333337,0.16666666666666666,0.5,0.33333333333333337,0.16666666666666666,0.5,0.33333333333333337,0.6666666666666666,0.0,0.33333333333333337,0.6666666666666666,0.16666666666666666,0.1666666666666667,0.6666666666666666,0.0,0.33333333333333337,0.5,0.16666666666666666,0.33333333333333337,0.16666666666666666,0.5,0.33333333333333337,0.3333333333333333,0.16666666666666666,0.5000000000000001,0.0,0.6666666666666666,0.33333333333333337,0.3333333333333333,0.6666666666666666,1.1102230246251565e-16,0.5,0.3333333333333333,0.16666666666666669,0.3333333333333333,0.5,0.16666666666666674
P-0884,0.3333333333333333,0.16666666666666666,0.5000000000000001,0.3333333333333333,0.16666666666666666,0.5000000000000001,0.3333333333333333,0.16666666666666666,0.5000000000000001,0.5,0.0,0.5,0.5,0.3333333333333333,0.16666666666666669,0.5,0.0,0.5,0.16666666666666666,0.3333333333333333,0.5,0.16666666666666666,0.6666666666666666,0.16666666666666674,0.5,0.16666666666666666,0.33333333333333337,0.0,0.8333333333333334,0.16666666666666663,0.0,1.0,0.0,0.5,0.16666666666666666,0.33333333333333337,0.3333333333333333,0.3333333333333333,0.3333333333333334
P-0885,0.5,0.5,0.0,0.8333333333333334,0.0,0.16666666666666663,0.8333333333333334,0.0,0.16666666666666663,0.8333333333333334,0.16666666666666666,-2.7755575615628914e-17,1.0,0.0,0.0,0.6666666666666666,0.3333333333333333,5.551115123125783e-17,0.6666666666666666,0.3333333333333333,5.551115123125783e-17,0.5,0.5,0.0,0.0,0.5,0.5,0.3333333333333333,0.6666666666666666,1.1102230246251565e-16,0.0,1.0,0.0,0.5,0.0,0.5,0.16666666666666666,0.5,0.33333333333333337
P-0886,0.6666666666666666,0.16666666666666666,0.1666666666666667,0.6666666666666666,0.0,0.33333333333333337,0.6666666666666666,0.0,0.33333333333333337,0.8333333333333334,0.0,0.16666666666666663,0.8333333333333334,0.0,0.16666666666666663,0.8333333333333334,0.0,0.16666666666666663,0.5,0.3333333333333333,0.16666666666666669,0.16666666666666666,0.6666666666666666,0.16666666666666674,0.16666666666666666,0.16666666666666666,0.6666666666666667,0.0,0.8333333333333334,0.16666666666666663,0.0,1.0,0.0,0.5,0.16666666666666666,0.33333333333333337,0.16666666666666666,0.6666666666666666,0.16666666666666674
P-0887,0.5,0.5,0.0,0.8333333333333334,0.0,0.16666666666666663,0.8333333333333334,0.0,0.16666666666666663,0.5,0.3333333333333333,0.16666666666666669,0.8333333333333334,0.16666666666666666,-2.7755575615628914e-17,0.6666666666666666,0.3333333333333333,5.551115123125783e-17,0.5,0.3333333333333333,0.16666666666666669,0.3333333333333333,0.5,0.16666666666666674,0.16666666666666666,0.3333333333333333,0.5,0.3333333333333333,0.5,0.16666666666666674,0.0,1.0,0.0,0.5,0.16666666666666666,0.33333333333333337,0.3333333333333333,0.5,0.16666666666666674
P-0888,0.8333333333333334,0.16666666666666666,-2.7755575615628914e-17,0.8333333333333334,0.16666666666666666,-2.7755575615628914e-17,1.0,0.0,0.0,0.6666666666666666,0.3333333333333333,5.551115123125783e-17,1.0,0.0,0.0,0.8333333333333334,0.16666666666666666,-2.7755575615628914e-17,0.5,0.5,0.0,0.16666666666666666,0.6666666666666666,0.16666666666666674,0.0,0.16666666666666666,0.8333333333333334,0.16666666666666666,0.6666666666666666,0.16666666666666674,0.16666666666666666,0.8333333333333334,0.0,0.5,0.0,0.5,0.16666666666666666,0.8333333333333334,0.0
P-0889,0.5,0.16666666666666666,0.33333333333333337,0.3333333333333333,0.3333333333333333,0.3333333333333334,0.3333333333333333,0.3333333333333333,0.3333333333333334,0.5,0.0,0.5,0.5,0.3333333333333333,0.16666666666666669,0.6666666666666666,0.0,0.33333333333333337,0.5,0.0,0.5,0.0,0.6666666666666666,0.33333333333333337,0.5,0.0,0.5,0.0,0.6666666666666666,0.33333333333333337,0.16666666666666666,0.8333333333333334,0.0,0.5,0.5,0.0,0.3333333333333333,0.5,0.16666666666666674
P-0890,0.6666666666666666,0.3333333333333333,5.551115123125783e-17,0.5,0.5,0.0,0.8333333333333334,0.16666666666666666,-2.7755575615628914e-17,0.6666666666666666,0.3333333333333333,5.551115123125783e-17,0.6666666666666666,0.3333333333333333,5.551115123125783e-17,0.6666666666666666,0.3333333333333333,5.551115123125783e-17,0.6666666666666666,0.0,0.33333333333333337,0.3333333333333333,0.5,0.16666666666666674,0.0,0.3333333333333333,0.6666666666666667,0.3333333333333333,0.5,0.16666666666666674,0.16666666666666666,0.8333333333333334,0.0,1.0,0.0,0.0,0.3333333333333333,0.6666666666666666,1.1102230246251565e-16
P-0891,0.6666666666666666,0.16666666666666666,0.1666666666666667,0.8333333333333334,0.16666666666666666,-2.7755575615628914e-17,0.8333333333333334,0.16666666666666666,-2.7755575615628914e-17,0.8333333333333334,0.0,0.16666666666666663,0.8333333333333334,0.0,0.16666666666666663,0.6666666666666666,0.16666666666666666,0.1666666666666667,0.6666666666666666,0.16666666666666666,0.1666666666666667,0.3333333333333333,0.6666666666666666,1.1102230246251565e-16,0.16666666666666666,0.16666666666666666,0.6666666666666667,0.16666666666666666,0.8333333333333334,0.0,0.0,1.0,0.0,0.5,0.16666666666666666,0.33333333333333337,0.16666666666666666,0.6666666666666666,0.16666666666666674
P-0892,0.6666666666666666,0.3333333333333333,5.551115123125783e-17,1.0,0.0,0.0,1.0,0.0,0.0,0.8333333333333334,0.16666666666666666,-2.7755575615628914e-17,1.0,0.0,0.0,0.6666666666666666,0.3333333333333333,5.551115123125783e-17,0.6666666666666666,0.3333333333333333,5.551115123125783e-17,0.3333333333333333,0.6666666666666666,1.1102230246251565e-16,0.0,0.3333333333333333,0.6666666666666667,0.3333333333333333,0.6666666666666666,1.1102230246251565e-16,0.0,1.0,0.0,0.5,0.0,0.5,0.16666666666666666,0.6666666666666666,0.16666666666666674
P-0893,0.8333333333333334,0.16666666666666666,-2.7755575615628914e-17,0.8333333333333334,0.0,0.16666666666666663,0.8333333333333334,0.0,0.16666666666666663,0.8333333333333334,0.0,0.16666666666666663,0.8333333333333334,0.16666666666666666,-2.7755575615628914e-17,1.0,0.0,0.0,0.5,0.3333333333333333,0.16666666666666669,0.0,0.8333333333333334,0.16666666666666663,0.16666666666666666,0.0,0.8333333333333334,0.0,0.8333333333333334,0.16666666666666663,0.0,1.0,0.0,0.5,0.16666666666666666,0.33333333333333337,0.0,0.8333333333333334,0.16666666666666663
P-0894,0.5,0.3333333333333333,0.16666666666666669,0.8333333333333334,0.0,0.16666666666666663,0.8333333333333334,0.0,0.16666666666666663,0.8333333333333334,0.0,0.16666666666666663,0.8333333333333334,0.0,0.16666666666666663,0.5,0.3333333333333333,0.16666666666666669,0.5,0.3333333333333333,0.16666666666666669,0.3333333333333333,0.5,0.16666666666666674,0.16666666666666666,0.3333333333333333,0.5,0.3333333333333333,0.5,0.16666666666666674,0.0,1.0,0.0,0.3333333333333333,0.3333333333333333,0.3333333333333334,0.16666666666666666,0.5,0.33333333333333337
P-0895,0.8333333333333334,0.16666666666666666,-2.7755575615628914e-17,0.8333333333333334,0.0,0.16666666666666663,0.8333333333333334,0.0,0.16666666666666663,0.8333333333333334,0.0,0.16666666666666663,0.8333333333333334,0.16666666666666666,-2.7755575615628914e-17,1.0,0.0,0.0,0.6666666666666666,0.16666666666666666,0.1666666666666667,0.0,0.8333333333333334,0.16666666666666663,0.16666666666666666,0.0,0.8333333333333334,0.0,0.8333333333333334,0.16666666666666663,0.0,1.0,0.0,0.6666666666666666,0.16666666666666666,0.1666666666666667,0.0,0.8333333333333334,0.16666666666666663
P-0896,0.6666666666666666,0.3333333333333333,5.551115123125783e-17,0.6666666666666666,0.16666666666666666,0.1666666666666667,0.6666666666666666,0.16666666666666666,0.1666666666666667,0.8333333333333334,0.0,0.16666666666666663,0.8333333333333334,0.16666666666666666,-2.7755575615628914e-17,0.8333333333333334,0.16666666666666666,-2.7755575615628914e-17,0.6666666666666666,0.16666666666666666,0.1666666666666667,0.16666666666666666,0.5,0.33333333333333337,0.16666666666666666,0.16666666666666666,0.6666666666666667,0.16666666666666666,0.5,0.33333333333333337,0.16666666666666666,0.8333333333333334,0.0,0.5,0.16666666666666666,0.33333333333333337,0.0,0.6666666666666666,0.33333333333333337
P-0897,0.6666666666666666,0.16666666666666666,0.1666666666666667,0.6666666666666666,0.0,0.33333333333333337,0.6666666666666666,0.0,0.33333333333333337,0.8333333333333334,0.0,0.16666666666666663,0.8333333333333334,0.0,0.16666666666666663,0.8333333333333334,0.0,0.16666666666666663,0.5,0.3333333333333333,0.16666666666666669,0.16666666666666666,0.6666666666666666,0.16666666666666674,0.16666666666666666,0.16666666666666666,0.6666666666666667,0.0,0.8333333333333334,0.16666666666666663,0.0,1.0,0.0,0.5,0.16666666666666666,0.33333333333333337,0.16666666666666666,0.6666666666666666,0.16666666666666674
P-0898,0.8333333333333334,0.16666666666666666,-2.7755575615628914e-17,1.0,0.0,0.0,1.0,0.0,0.0,0.8333333333333334,0.16666666666666666,-2.7755575615628914e-17,1.0,0.0,0.0,0.8333333333333334,0.16666666666666666,-2.7755575615628914e-17,0.5,0.5,0.0,0.16666666666666666,0.8333333333333334,0.0,0.0,0.16666666666666666,0.8333333333333334,0.16666666666666666,0.8333333333333334,0.0,0.0,1.0,0.0,0.5,0.0,0.5,0.16666666666666666,0.8333333333333334,0.0
P-0899,0.5,0.5,0.0,0.8333333333333334,0.0,0.16666666666666663,0.8333333333333334,0.0,0.16666666666666663,0.6666666666666666,0.16666666666666666,0.1666666666666667,0.8333333333333334,0.16666666666666666,-2.7755575615628914e-17,0.6666666666666666,0.3333333333333333,5.551115123125783e-17,0.6666666666666666,0.16666666666666666,0.1666666666666667,0.3333333333333333,0.5,0.16666666666666674,0.16666666666666666,0.3333333333333333,0.5,0.3333333333333333,0.5,0.16666666666666674,0.0,1.0,0.0,0.5,0.16666666666666666,0.33333333333333337,0.16666666666666666,0.5,0.33333333333333337
P-0900,0.6666666666666666,0.3333333333333333,5.551115123125783e-17,0.8333333333333334,0.0,0.16666666666666663,0.8333333333333334,0.0,0.16666666666666663,0.8333333333333334,0.0,0.16666666666666663,0.8333333333333334,0.16666666666666666,-2.7755575615628914e-17,0.8333333333333334,0.16666666666666666,-2.7755575615628914e-17,0.6666666666666666,0.16666666666666666,0.1666666666666667,0.16666666666666666,0.6666666666666666,0.16666666666666674,0.16666666666666666,0.16666666666666666,0.6666666666666667,0.16666666666666666,0.6666666666666666,0.16666666666666674,0.0,1.0,0.0,0.5,0.16666666666666666,0.33333333333333337,0.0,0.6666666666666666,0.33333333333333337
P-0901,0.6666666666666666,0.3333333333333333,5.551115123125783e-17,0.6666666666666666,0.0,0.33333333333333337,0.6666666666666666,0.0,0.33333333333333337,0.8333333333333334,0.0,0.16666666666666663,0.8333333333333334,0.16666666666666666,-2.7755575615628914e-17,1.0,0.0,0.0,0.5,0.3333333333333333,0.16666666666666669,0.16666666666666666,0.6666666666666666,0.16666666666666674,0.16666666666666666,0.16666666666666666,0.6666666666666667,0.0,0.8333333333333334,0.16666666666666663,0.0,1.0,0.0,0.5,0.16666666666666666,0.33333333333333337,0.0,0.6666666666666666,0.33333333333333337
P-0903,0.5,0.5,0.0,0.8333333333333334,0.0,0.16666666666666663,0.8333333333333334,0.0,0.16666666666666663,0.6666666666666666,0.16666666666666666,0.1666666666666667,0.8333333333333334,0.16666666666666666,-2.7755575615628914e-17,0.6666666666666666,0.3333333333333333,5.551115123125783e-17,0.6666666666666666,0.16666666666666666,0.1666666666666667,0.3333333333333333,0.5,0.16666666666666674,0.16666666666666666,0.3333333333333333,0.5,0.3333333333333333,0.5,0.16666666666666674,0.0,1.0,0.0,0.5,0.16666666666666666,0.33333333333333337,0.16666666666666666,0.5,0.33333333333333337
P-0904,0.5,0.5,0.0,0.6666666666666666,0.0,0.33333333333333337,0.6666666666666666,0.0,0.33333333333333337,0.8333333333333334,0.0,0.16666666666666663,0.8333333333333334,0.16666666666666666,-2.7755575615628914e-17,0.8333333333333334,0.16666666666666666,-2.7755575615628914e-17,0.5,0.3333333333333333,0.16666666666666669,0.3333333333333333,0.5,0.16666666666666674,0.16666666666666666,0.3333333333333333,0.5,0.16666666666666666,0.6666666666666666,0.16666666666666674,0.0,1.0,0.0,0.3333333333333333,0.16666666666666666,0.5000000000000001,0.0,0.5,0.5
P-0905,0.3333333333333333,0.6666666666666666,1.1102230246251565e-16,0.8333333333333334,0.0,0.16666666666666663,0.8333333333333334,0.0,0.16666666666666663,0.6666666666666666,0.16666666666666666,0.1666666666666667,0.8333333333333334,0.16666666666666666,-2.7755575615628914e-17,0.5,0.5,0.0,0.6666666666666666,0.16666666666666666,0.1666666666666667,0.5,0.3333333333333333,0.16666666666666669,0.16666666666666666,0.5,0.33333333333333337,0.5,0.3333333333333333,0.16666666666666669,0.0,1.0,0.0,0.3333333333333333,0.16666666666666666,0.5000000000000001,0.16666666666666666,0.3333333333333333,0.5
P-0906,0.6666666666666666,0.3333333333333333,5.551115123125783e-17,0.6666666666666666,0.0,0.33333333333333337,0.6666666666666666,0.0,0.33333333333333337,0.8333333333333334,0.0,0.16666666666666663,0.8333333333333334,0.16666666666666666,-2.7755575615628914e-17,1.0,0.0,0.0,0.5,0.3333333333333333,0.16666666666666669,0.3333333333333333,0.5,0.16666666666666674,0.16666666666666666,0.16666666666666666,0.6666666666666667,0.16666666666666666,0.6666666666666666,0.16666666666666674,0.0,0.8333333333333334,0.16666666666666663,0.3333333333333333,0.16666666666666666,0.5000000000000001,0.0,0.6666666666666666,0.33333333333333337
P-0907,0.6666666666666666,0.3333333333333333,5.551115123125783e-17,0.6666666666666666,0.0,0.33333333333333337,0.6666666666666666,0.0,0.33333333333333337,0.8333333333333334,0.0,0.16666666666666663,0.8333333333333334,0.16666666666666666,-2.7755575615628914e-17,1.0,0.0,0.0,0.5,0.3333333333333333,0.16666666666666669,0.16666666666666666,0.6666666666666666,0.16666666666666674,0.16666666666666666,0.16666666666666666,0.6666666666666667,0.0,0.8333333333333334,0.16666666666666663,0.0,1.0,0.0,0.5,0.16666666666666666,0.33333333333333337,0.0,0.6666666666666666,0.33333333333333337
P-0908,0.6666666666666666,0.3333333333333333,5.551115123125783e-17,0.8333333333333334,0.0,0.16666666666666663,0.8333333333333334,0.0,0.16666666666666663,0.8333333333333334,0.0,0.16666666666666663,0.8333333333333334,0.16666666666666666,-2.7755575615628914e-17,0.8333333333333334,0.16666666666666666,-2.7755575615628914e-17,0.6666666666666666,0.16666666666666666,0.1666666666666667,0.16666666666666666,0.6666666666666666,0.16666666666666674,0.16666666666666666,0.16666666666666666,0.6666666666666667,0.16666666666666666,0.6666666666666666,0.16666666666666674,0.0,1.0,0.0,0.5,0.16666666666666666,0.33333333333333337,0.0,0.6666666666666666,0.33333333333333337
P-0909,0.5,0.3333333333333333,0.16666666666666669,0.6666666666666666,0.16666666666666666,0.1666666666666667,0.8333333333333334,0.0,0.16666666666666663,0.3333333333333333,0.5,0.16666666666666674,0.8333333333333334,0.0,0.16666666666666663,0.5,0.3333333333333333,0.16666666666666669,0.3333333333333333,0.5,0.16666666666666674,0.3333333333333333,0.3333333333333333,0.3333333333333334,0.16666666666666666,0.3333333333333333,0.5,0.3333333333333333,0.3333333333333333,0.3333333333333334,0.16666666666666666,0.8333333333333334,0.0,0.3333333333333333,0.16666666666666666,0.5000000000000001,0.5,0.5,0.0
P-0910,0.16666666666666666,0.6666666666666666,0.16666666666666674,0.6666666666666666,0.16666666666666666,0.1666666666666667,0.6666666666666666,0.16666666666666666,0.1666666666666667,0.6666666666666666,0.16666666666666666,0.1666666666666667,0.8333333333333334,0.0,0.16666666666666663,0.3333333333333333,0.5,0.16666666666666674,0.5,0.3333333333333333,0.16666666666666669,0.8333333333333334,0.16666666666666666,-2.7755575615628914e-17,0.16666666666666666,0.6666666666666666,0.16666666666666674,0.5,0.5,0.0,0.0,1.0,0.0,0.16666666666666666,0.16666666666666666,0.6666666666666667,0.3333333333333333,0.16666666666666666,0.5000000000000001
P-0911,0.3333333333333333,0.5,0.16666666666666674,0.8333333333333334,0.0,0.16666666666666663,0.8333333333333334,0.0,0.16666666666666663,0.5,0.3333333333333333,0.16666666666666669,0.8333333333333334,0.0,0.16666666666666663,0.3333333333333333,0.5,0.16666666666666674,0.3333333333333333,0.5,0.16666666666666674,0.5,0.3333333333333333,0.16666666666666669,0.16666666666666666,0.5,0.33333333333333337,0.5,0.3333333333333333,0.16666666666666669,0.0,1.0,0.0,0.16666666666666666,0.16666666666666666,0.6666666666666667,0.5,0.3333333333333333,0.16666666666666669
P-0912,0.3333333333333333,0.5,0.16666666666666674,0.8333333333333334,0.16666666666666666,-2.7755575615628914e-17,0.8333333333333334,0.16666666666666666,-2.7755575615628914e-17,0.6666666666666666,0.16666666666666666,0.1666666666666667,0.8333333333333334,0.16666666666666666,-2.7755575615628914e-17,0.3333333333333333,0.5,0.16666666666666674,0.6666666666666666,0.16666666666666666,0.1666666666666667,0.5,0.3333333333333333,0.16666666666666669,0.16666666666666666,0.5,0.33333333333333337,0.5,0.3333333333333333,0.16666666666666669,0.0,1.0,0.0,0.5,0.0,0.5,0.16666666666666666,0.3333333333333333,0.5
P-0913,0.16666666666666666,0.5,0.33333333333333337,0.6666666666666666,0.16666666666666666,0.1666666666666667,0.8333333333333334,0.16666666666666666,-2.7755575615628914e-17,0.5,0.16666666666666666,0.33333333333333337,0.6666666666666666,0.16666666666666666,0.1666666666666667,0.16666666666666666,0.6666666666666666,0.16666666666666674,0.5,0.16666666666666666,0.33333333333333337,0.5,0.16666666666666666,0.33333333333333337,0.3333333333333333,0.5,0.16666666666666674,0.5,0.16666666666666666,0.33333333333333337,0.0,1.0,0.0,0.3333333333333333,0.16666666666666666,0.5000000000000001,0.3333333333333333,0.16666666666666666,0.5000000000000001
P-0914,0.16666666666666666,0.8333333333333334,0.0,0.8333333333333334,0.0,0.16666666666666663,0.8333333333333334,0.0,0.16666666666666663,0.8333333333333334,0.0,0.16666666666666663,0.8333333333333334,0.16666666666666666,-2.7755575615628914e-17,0.3333333333333333,0.6666666666666666,1.1102230246251565e-16,0.8333333333333334,0.0,0.16666666666666663,0.6666666666666666,0.16666666666666666,0.1666666666666667,0.16666666666666666,0.6666666666666666,0.16666666666666674,0.6666666666666666,0.16666666666666666,0.1666666666666667,0.0,1.0,0.0,0.16666666666666666,0.16666666666666666,0.6666666666666667,0.0,0.16666666666666666,0.8333333333333334
P-0915,0.5,0.5,0.0,0.8333333333333334,0.0,0.16666666666666663,0.8333333333333334,0.0,0.16666666666666663,0.6666666666666666,0.16666666666666666,0.1666666666666667,0.8333333333333334,0.16666666666666666,-2.7755575615628914e-17,0.6666666666666666,0.3333333333333333,5.551115123125783e-17,0.6666666666666666,0.16666666666666666,0.1666666666666667,0.3333333333333333,0.5,0.16666666666666674,0.16666666666666666,0.3333333333333333,0.5,0.3333333333333333,0.5,0.16666666666666674,0.0,1.0,0.0,0.5,0.16666666666666666,0.33333333333333337,0.16666666666666666,0.5,0.33333333333333337
P-0916,0.3333333333333333,0.6666666666666666,1.1102230246251565e-16,0.5,0.0,0.5,0.5,0.0,0.5,0.8333333333333334,0.0,0.16666666666666663,0.8333333333333334,0.16666666666666666,-2.7755575615628914e-17,0.8333333333333334,0.16666666666666666,-2.7755575615628914e-17,0.3333333333333333,0.5,0.16666666666666674,0.5,0.3333333333333333,0.16666666666666669,0.16666666666666666,0.5,0.33333333333333337,0.16666666666666666,0.6666666666666666,0.16666666666666674,0.0,1.0,0.0,0.16666666666666666,0.16666666666666666,0.6666666666666667,0.0,0.3333333333333333,0.6666666666666667
P-0917,0.16666666666666666,0.8333333333333334,0.0,0.6666666666666666,0.0,0.33333333333333337,0.6666666666666666,0.0,0.33333333333333337,0.5,0.16666666666666666,0.33333333333333337,0.6666666666666666,0.3333333333333333,5.551115123125783e-17,0.5,0.5,0.0,0.5,0.16666666666666666,0.33333333333333337,0.5,0.16666666666666666,0.33333333333333337,0.3333333333333333,0.5,0.16666666666666674,0.5,0.16666666666666666,0.33333333333333337,0.0,1.0,0.0,0.16666666666666666,0.3333333333333333,0.5,0.16666666666666666,0.16666666666666666,0.6666666666666667
P-0918,0.6666666666666666,0.3333333333333333,5.551115123125783e-17,0.6666666666666666,0.3333333333333333,5.551115123125783e-17,1.0,0.0,0.0,0.6666666666666666,0.3333333333333333,5.551115123125783e-17,0.8333333333333334,0.16666666666666666,-2.7755575615628914e-17,0.6666666666666666,0.3333333333333333,5.551115123125783e-17,0.5,0.3333333333333333,0.16666666666666669,0.5,0.3333333333333333,0.16666666666666669,0.0,0.3333333333333333,0.6666666666666667,0.5,0.3333333333333333,0.16666666666666669,0.16666666666666666,0.6666666666666666,0.16666666666666674,0.5,0.16666666666666666,0.33333333333333337,0.16666666666666666,0.6666666666666666,0.16666666666666674
P-0919,0.8333333333333334,0.16666666666666666,-2.7755575615628914e-17,0.6666666666666666,0.3333333333333333,5.551115123125783e-17,0.6666666666666666,0.3333333333333333,5.551115123125783e-17,1.0,0.0,0.0,1.0,0.0,0.0,0.8333333333333334,0.16666666666666666,-2.7755575615628914e-17,0.8333333333333334,0.16666666666666666,-2.7755575615628914e-17,0.16666666666666666,0.5,0.33333333333333337,0.0,0.16666666666666666,0.8333333333333334,0.16666666666666666,0.5,0.33333333333333337,0.3333333333333333,0.3333333333333333,0.3333333333333334,0.8333333333333334,0.16666666666666666,-2.7755575615628914e-17,0.0,0.8333333333333334,0.16666666666666663
P-0920,0.3333333333333333,0.16666666666666666,0.5000000000000001,0.5,0.16666666666666666,0.33333333333333337,0.5,0.16666666666666666,0.33333333333333337,0.5,0.0,0.5,0.5,0.3333333333333333,0.16666666666666669,0.3333333333333333,0.16666666666666666,0.5000000000000001,0.16666666666666666,0.3333333333333333,0.5,0.16666666666666666,0.6666666666666666,0.16666666666666674,0.5,0.16666666666666666,0.33333333333333337,0.16666666666666666,0.6666666666666666,0.16666666666666674,0.0,1.0,0.0,0.3333333333333333,0.5,0.16666666666666674,0.5,0.3333333333333333,0.16666666666666669
P-0921,0.3333333333333333,0.16666666666666666,0.5000000000000001,0.5,0.0,0.5,0.5,0.0,0.5,0.5,0.0,0.5,0.5,0.16666666666666666,0.33333333333333337,0.3333333333333333,0.16666666666666666,0.5000000000000001,0.16666666666666666,0.3333333333333333,0.5,0.16666666666666666,0.5,0.33333333333333337,0.5,0.16666666666666666,0.33333333333333337,0.16666666666666666,0.5,0.33333333333333337,0.0,1.0,0.0,0.3333333333333333,0.5,0.16666666666666674,0.5,0.3333333333333333,0.16666666666666669
P-0924,0.3333333333333333,0.3333333333333333,0.3333333333333334,0.6666666666666666,0.16666666666666666,0.1666666666666667,0.6666666666666666,0.16666666666666666,0.1666666666666667,0.3333333333333333,0.3333333333333333,0.3333333333333334,0.6666666666666666,0.16666666666666666,0.1666666666666667,0.3333333333333333,0.3333333333333333,0.3333333333333334,0.16666666666666666,0.5,0.33333333333333337,0.3333333333333333,0.5,0.16666666666666674,0.3333333333333333,0.3333333333333333,0.3333333333333334,0.3333333333333333,0.5,0.16666666666666674,0.0,1.0,0.0,0.16666666666666666,0.3333333333333333,0.5,0.6666666666666666,0.3333333333333333,5.551115123125783e-17
P-0927,0.6666666666666666,0.16666666666666666,0.1666666666666667,0.6666666666666666,0.16666666666666666,0.1666666666666667,0.8333333333333334,0.16666666666666666,-2.7755575615628914e-17,0.6666666666666666,0.16666666666666666,0.1666666666666667,0.8333333333333334,0.0,0.16666666666666663,0.6666666666666666,0.3333333333333333,5.551115123125783e-17,0.3333333333333333,0.5,0.16666666666666674,0.16666666666666666,0.5,0.33333333333333337,0.16666666666666666,0.16666666666666666,0.6666666666666667,0.16666666666666666,0.5,0.33333333333333337,0.16666666666666666,0.8333333333333334,0.0,0.3333333333333333,0.16666666666666666,0.5000000000000001,0.3333333333333333,0.6666666666666666,1.1102230246251565e-16
P-0928,0.5,0.16666666666666666,0.33333333333333337,0.5,0.0,0.5,0.5,0.0,0.5,0.5,0.0,0.5,0.5,0.16666666666666666,0.33333333333333337,0.6666666666666666,0.0,0.33333333333333337,0.5,0.0,0.5,0.0,0.5,0.5,0.5,0.0,0.5,0.0,0.5,0.5,0.0,0.8333333333333334,0.16666666666666663,0.5,0.5,0.0,0.3333333333333333,0.5,0.16666666666666674
P-0929,0.16666666666666666,0.8333333333333334,0.0,0.8333333333333334,0.0,0.16666666666666663,0.8333333333333334,0.0,0.16666666666666663,0.16666666666666666,0.6666666666666666,0.16666666666666674,0.8333333333333334,0.16666666666666666,-2.7755575615628914e-17,0.3333333333333333,0.6666666666666666,1.1102230246251565e-16,0.16666666666666666,0.6666666666666666,0.16666666666666674,0.6666666666666666,0.16666666666666666,0.1666666666666667,0.16666666666666666,0.6666666666666666,0.16666666666666674,0.6666666666666666,0.16666666666666666,0.1666666666666667,0.0,1.0,0.0,0.16666666666666666,0.16666666666666666,0.6666666666666667,0.6666666666666666,0.16666666666666666,0.1666666666666667
P-0930,0.3333333333333333,0.6666666666666666,1.1102230246251565e-16,0.8333333333333334,0.0,0.16666666666666663,0.8333333333333334,0.0,0.16666666666666663,0.3333333333333333,0.5,0.16666666666666674,0.8333333333333334,0.16666666666666666,-2.7755575615628914e-17,0.5,0.5,0.0,0.16666666666666666,0.6666666666666666,0.16666666666666674,0.5,0.3333333333333333,0.16666666666666669,0.16666666666666666,0.5,0.33333333333333337,0.5,0.3333333333333333,0.16666666666666669,0.0,1.0,0.0,0.16666666666666666,0.16666666666666666,0.6666666666666667,0.5,0.3333333333333333,0.16666666666666669
P-0933,0.6666666666666666,0.3333333333333333,5.551115123125783e-17,0.8333333333333334,0.0,0.16666666666666663,0.8333333333333334,0.0,0.16666666666666663,0.8333333333333334,0.0,0.16666666666666663,0.8333333333333334,0.16666666666666666,-2.7755575615628914e-17,0.8333333333333334,0.16666666666666666,-2.7755575615628914e-17,0.3333333333333333,0.5,0.16666666666666674,0.16666666666666666,0.6666666666666666,0.16666666666666674,0.16666666666666666,0.16666666666666666,0.6666666666666667,0.16666666666666666,0.6666666666666666,0.16666666666666674,0.0,1.0,0.0,0.16666666666666666,0.16666666666666666,0.6666666666666667,0.0,0.6666666666666666,0.33333333333333337
P-0934,0.5,0.5,0.0,0.5,0.16666666666666666,0.33333333333333337,0.6666666666666666,0.0,0.33333333333333337,0.6666666666666666,0.16666666666666666,0.1666666666666667,0.6666666666666666,0.3333333333333333,5.551115123125783e-17,0.8333333333333334,0.16666666666666666,-2.7755575615628914e-17,0.3333333333333333,0.3333333333333333,0.3333333333333334,0.5,0.3333333333333333,0.16666666666666669,0.16666666666666666,0.3333333333333333,0.5,0.3333333333333333,0.5,0.16666666666666674,0.0,0.8333333333333334,0.16666666666666663,0.3333333333333333,0.16666666666666666,0.5000000000000001,0.16666666666666666,0.5,0.33333333333333337
P-0935,0.5,0.5,0.0,0.6666666666666666,0.0,0.33333333333333337,0.6666666666666666,0.0,0.33333333333333337,0.6666666666666666,0.16666666666666666,0.1666666666666667,0.8333333333333334,0.16666666666666666,-2.7755575615628914e-17,0.8333333333333334,0.16666666666666666,-2.7755575615628914e-17,0.3333333333333333,0.5,0.16666666666666674,0.3333333333333333,0.5,0.16666666666666674,0.16666666666666666,0.3333333333333333,0.5,0.16666666666666666,0.6666666666666666,0.16666666666666674,0.0,1.0,0.0,0.3333333333333333,0.16666666666666666,0.5000000000000001,0.16666666666666666,0.5,0.33333333333333337
P-0936,0.5,0.5,0.0,0.8333333333333334,0.0,0.16666666666666663,0.8333333333333334,0.0,0.16666666666666663,0.6666666666666666,0.16666666666666666,0.1666666666666667,0.8333333333333334,0.16666666666666666,-2.7755575615628914e-17,0.6666666666666666,0.3333333333333333,5.551115123125783e-17,0.5,0.3333333333333333,0.16666666666666669,0.3333333333333333,0.5,0.16666666666666674,0.16666666666666666,0.3333333333333333,0.5,0.3333333333333333,0.5,0.16666666666666674,0.0,1.0,0.0,0.3333333333333333,0.16666666666666666,0.5000000000000001,0.16666666666666666,0.5,0.33333333333333337
P-0937,0.16666666666666666,0.5,0.33333333333333337,0.16666666666666666,0.6666666666666666,0.16666666666666674,0.5,0.3333333333333333,0.16666666666666669,0.16666666666666666,0.3333333333333333,0.5,0.3333333333333333,0.6666666666666666,1.1102230246251565e-16,0.3333333333333333,0.3333333333333333,0.3333333333333334,0.16666666666666666,0.16666666666666666,0.6666666666666667,0.3333333333333333,0.3333333333333333,0.3333333333333334,0.5,0.3333333333333333,0.16666666666666669,0.3333333333333333,0.3333333333333333,0.3333333333333334,0.16666666666666666,0.8333333333333334,0.0,0.3333333333333333,0.6666666666666666,1.1102230246251565e-16,0.5,0.16666666666666666,0.33333333333333337
P-0938,0.5,0.3333333333333333,0.16666666666666669,0.3333333333333333,0.5,0.16666666666666674,0.5,0.3333333333333333,0.16666666666666669,0.6666666666666666,0.16666666666666666,0.1666666666666667,0.8333333333333334,0.16666666666666666,-2.7755575615628914e-17,0.6666666666666666,0.16666666666666666,0.1666666666666667,0.5,0.3333333333333333,0.16666666666666669,0.3333333333333333,0.3333333333333333,0.3333333333333334,0.16666666666666666,0.3333333333333333,0.5,0.16666666666666666,0.5,0.33333333333333337,0.3333333333333333,0.5,0.16666666666666674,0.5,0.3333333333333333,0.16666666666666669,0.16666666666666666,0.5,0.33333333333333337
P-0940,0.16666666666666666,0.5,0.33333333333333337,0.3333333333333333,0.16666666666666666,0.5000000000000001,0.5,0.0,0.5,0.16666666666666666,0.3333333333333333,0.5,0.5,0.16666666666666666,0.33333333333333337,0.3333333333333333,0.3333333333333333,0.3333333333333334,0.16666666666666666,0.3333333333333333,0.5,0.3333333333333333,0.0,0.6666666666666667,0.5,0.3333333333333333,0.16666666666666669,0.3333333333333333,0.0,0.6666666666666667,0.16666666666666666,0.8333333333333334,0.0,0.16666666666666666,0.6666666666666666,0.16666666666666674,0.5,0.16666666666666666,0.33333333333333337
P-0941,0.3333333333333333,0.5,0.16666666666666674,0.6666666666666666,0.16666666666666666,0.1666666666666667,0.8333333333333334,0.0,0.16666666666666663,0.3333333333333333,0.5,0.16666666666666674,0.8333333333333334,0.0,0.16666666666666663,0.3333333333333333,0.5,0.16666666666666674,0.3333333333333333,0.5,0.16666666666666674,0.5,0.16666666666666666,0.33333333333333337,0.16666666666666666,0.5,0.33333333333333337,0.5,0.16666666666666666,0.33333333333333337,0.16666666666666666,0.8333333333333334,0.0,0.16666666666666666,0.16666666666666666,0.6666666666666667,0.5,0.3333333333333333,0.16666666666666669
P-0942,0.5,0.3333333333333333,0.16666666666666669,0.5,0.3333333333333333,0.16666666666666669,0.6666666666666666,0.16666666666666666,0.1666666666666667,0.3333333333333333,0.5,0.16666666666666674,0.8333333333333334,0.0,0.16666666666666663,0.5,0.3333333333333333,0.16666666666666669,0.3333333333333333,0.5,0.16666666666666674,0.3333333333333333,0.16666666666666666,0.5000000000000001,0.16666666666666666,0.3333333333333333,0.5,0.3333333333333333,0.16666666666666666,0.5000000000000001,0.3333333333333333,0.6666666666666666,1.1102230246251565e-16,0.3333333333333333,0.16666666666666666,0.5000000000000001,0.5,0.5,0.0
P-0943,0.6666666666666666,0.3333333333333333,5.551115123125783e-17,0.5,0.3333333333333333,0.16666666666666669,0.6666666666666666,0.16666666666666666,0.1666666666666667,0.5,0.3333333333333333,0.16666666666666669,0.8333333333333334,0.16666666666666666,-2.7755575615628914e-17,0.8333333333333334,0.16666666666666666,-2.7755575615628914e-17,0.3333333333333333,0.5,0.16666666666666674,0.16666666666666666,0.3333333333333333,0.5,0.16666666666666666,0.16666666666666666,0.6666666666666667,0.16666666666666666,0.3333333333333333,0.5,0.3333333333333333,0.6666666666666666,1.1102230246251565e-16,0.3333333333333333,0.16666666666666666,0.5000000000000001,0.16666666666666666,0.6666666666666666,0.16666666666666674
P-0944,0.3333333333333333,0.3333333333333333,0.3333333333333334,0.3333333333333333,0.3333333333333333,0.3333333333333334,0.6666666666666666,0.0,0.33333333333333337,0.16666666666666666,0.5,0.33333333333333337,0.5,0.16666666666666666,0.33333333333333337,0.3333333333333333,0.3333333333333333,0.3333333333333334,0.3333333333333333,0.16666666666666666,0.5000000000000001,0.3333333333333333,0.5,0.16666666666666674,0.3333333333333333,0.3333333333333333,0.3333333333333334,0.3333333333333333,0.5,0.16666666666666674,0.16666666666666666,0.8333333333333334,0.0,0.5,0.3333333333333333,0.16666666666666669,0.6666666666666666,0.3333333333333333,5.551115123125783e-17
P-0945,0.5,0.16666666666666666,0.33333333333333337,0.5,0.16666666666666666,0.33333333333333337,0.6666666666666666,0.0,0.33333333333333337,0.5,0.16666666666666666,0.33333333333333337,0.6666666666666666,0.16666666666666666,0.1666666666666667,0.5,0.16666666666666666,0.33333333333333337,0.3333333333333333,0.3333333333333333,0.3333333333333334,0.16666666666666666,0.6666666666666666,0.16666666666666674,0.3333333333333333,0.16666666666666666,0.5000000000000001,0.16666666666666666,0.6666666666666666,0.16666666666666674,0.16666666666666666,0.8333333333333334,0.0,0.3333333333333333,0.16666666666666666,0.5000000000000001,0.3333333333333333,0.5,0.16666666666666674
P-0948,0.6666666666666666,0.16666666666666666,0.1666666666666667,0.5,0.3333333333333333,0.16666666666666669,0.6666666666666666,0.16666666666666666,0.1666666666666667,0.6666666666666666,0.16666666666666666,0.1666666666666667,0.8333333333333334,0.16666666666666666,-2.7755575615628914e-17,0.6666666666666666,0.16666666666666666,0.1666666666666667,0.5,0.3333333333333333,0.16666666666666669,0.3333333333333333,0.3333333333333333,0.3333333333333334,0.16666666666666666,0.16666666666666666,0.6666666666666667,0.3333333333333333,0.3333333333333333,0.3333333333333334,0.3333333333333333,0.5,0.16666666666666674,0.5,0.16666666666666666,0.33333333333333337,0.16666666666666666,0.6666666666666666,0.16666666666666674
P-0949,0.6666666666666666,0.16666666666666666,0.1666666666666667,0.6666666666666666,0.16666666666666666,0.1666666666666667,0.8333333333333334,0.0,0.16666666666666663,0.6666666666666666,0.16666666666666666,0.1666666666666667,0.8333333333333334,0.0,0.16666666666666663,0.6666666666666666,0.16666666666666666,0.1666666666666667,0.5,0.3333333333333333,0.16666666666666669,0.16666666666666666,0.5,0.33333333333333337,0.16666666666666666,0.16666666666666666,0.6666666666666667,0.16666666666666666,0.5,0.33333333333333337,0.16666666666666666,0.8333333333333334,0.0,0.5,0.3333333333333333,0.16666666666666669,0.16666666666666666,0.6666666666666666,0.16666666666666674
P-0950,0.5,0.16666666666666666,0.33333333333333337,0.16666666666666666,0.5,0.33333333333333337,0.3333333333333333,0.3333333333333333,0.3333333333333334,0.3333333333333333,0.16666666666666666,0.5000000000000001,0.5,0.3333333333333333,0.16666666666666669,0.6666666666666666,0.0,0.33333333333333337,0.5,0.0,0.5,0.0,0.5,0.5,0.5,0.0,0.5,0.0,0.5,0.5,0.3333333333333333,0.6666666666666666,1.1102230246251565e-16,0.5,0.5,0.0,0.3333333333333333,0.5,0.16666666666666674
P-0951,0.6666666666666666,0.3333333333333333,5.551115123125783e-17,0.8333333333333334,0.16666666666666666,-2.7755575615628914e-17,1.0,0.0,0.0,0.6666666666666666,0.3333333333333333,5.551115123125783e-17,1.0,0.0,0.0,0.6666666666666666,0.3333333333333333,5.551115123125783e-17,0.6666666666666666,0.3333333333333333,5.551115123125783e-17,0.3333333333333333,0.5,0.16666666666666674,0.0,0.3333333333333333,0.6666666666666667,0.3333333333333333,0.5,0.16666666666666674,0.16666666666666666,0.8333333333333334,0.0,0.5,0.0,0.5,0.16666666666666666,0.6666666666666666,0.16666666666666674
P-0952,0.3333333333333333,0.0,0.6666666666666667,0.16666666666666666,0.3333333333333333,0.5,0.3333333333333333,0.16666666666666666,0.5000000000000001,0.16666666666666666,0.16666666666666666,0.6666666666666667,0.3333333333333333,0.3333333333333333,0.3333333333333334,0.3333333333333333,0.0,0.6666666666666667,0.3333333333333333,0.0,0.6666666666666667,0.0,0.6666666666666666,0.33333333333333337,0.6666666666666666,0.0,0.33333333333333337,0.0,0.6666666666666666,0.33333333333333337,0.16666666666666666,0.8333333333333334,0.0,0.5,0.5,0.0,0.6666666666666666,0.3333333333333333,5.551115123125783e-17
P-0953,0.5,0.3333333333333333,0.16666666666666669,0.3333333333333333,0.3333333333333333,0.3333333333333334,0.5,0.16666666666666666,0.33333333333333337,0.6666666666666666,0.16666666666666666,0.1666666666666667,0.8333333333333334,0.0,0.16666666666666663,0.6666666666666666,0.16666666666666666,0.1666666666666667,0.5,0.3333333333333333,0.16666666666666669,0.3333333333333333,0.3333333333333333,0.3333333333333334,0.16666666666666666,0.3333333333333333,0.5,0.16666666666666666,0.5,0.33333333333333337,0.3333333333333333,0.6666666666666666,1.1102230246251565e-16,0.5,0.3333333333333333,0.16666666666666669,0.16666666666666666,0.5,0.33333333333333337
P-0957,0.3333333333333333,0.3333333333333333,0.3333333333333334,0.3333333333333333,0.6666666666666666,1.1102230246251565e-16,0.5,0.5,0.0,0.3333333333333333,0.3333333333333333,0.3333333333333334,0.5,0.5,0.0,0.5,0.16666666666666666,0.33333333333333337,0.16666666666666666,0.3333333333333333,0.5,0.16666666666666666,0.5,0.33333333333333337,0.3333333333333333,0.16666666666666666,0.5000000000000001,0.16666666666666666,0.5,0.33333333333333337,0.16666666666666666,0.8333333333333334,0.0,0.3333333333333333,0.5,0.16666666666666674,0.3333333333333333,0.3333333333333333,0.3333333333333334
P-0958,0.6666666666666666,0.16666666666666666,0.1666666666666667,0.5,0.5,0.0,0.8333333333333334,0.16666666666666666,-2.7755575615628914e-17,0.5,0.3333333333333333,0.16666666666666669,0.6666666666666666,0.3333333333333333,5.551115123125783e-17,0.6666666666666666,0.16666666666666666,0.1666666666666667,0.16666666666666666,0.5,0.33333333333333337,0.16666666666666666,0.6666666666666666,0.16666666666666674,0.16666666666666666,0.16666666666666666,0.6666666666666667,0.16666666666666666,0.6666666666666666,0.16666666666666674,0.16666666666666666,0.8333333333333334,0.0,0.3333333333333333,0.16666666666666666,0.5000000000000001,0.3333333333333333,0.6666666666666666,1.1102230246251565e-16
P-0959,0.5,0.5,0.0,0.5,0.16666666666666666,0.33333333333333337,0.6666666666666666,0.0,0.33333333333333337,0.3333333333333333,0.3333333333333333,0.3333333333333334,0.6666666666666666,0.3333333333333333,5.551115123125783e-17,0.8333333333333334,0.16666666666666666,-2.7755575615628914e-17,0.5,0.16666666666666666,0.33333333333333337,0.16666666666666666,0.3333333333333333,0.5,0.3333333333333333,0.16666666666666666,0.5000000000000001,0.16666666666666666,0.3333333333333333,0.5,0.16666666666666666,0.8333333333333334,0.0,0.5,0.3333333333333333,0.16666666666666669,0.16666666666666666,0.5,0.33333333333333337
P-0960,0.5,0.5,0.0,0.6666666666666666,0.3333333333333333,5.551115123125783e-17,0.8333333333333334,0.16666666666666666,-2.7755575615628914e-17,0.8333333333333334,0.16666666666666666,-2.7755575615628914e-17,0.8333333333333334,0.16666666666666666,-2.7755575615628914e-17,0.5,0.5,0.0,0.6666666666666666,0.16666666666666666,0.1666666666666667,0.5,0.3333333333333333,0.16666666666666669,0.0,0.5,0.5,0.5,0.3333333333333333,0.16666666666666669,0.16666666666666666,0.5,0.33333333333333337,0.6666666666666666,0.16666666666666666,0.1666666666666667,0.16666666666666666,0.5,0.33333333333333337
P-0961,0.16666666666666666,0.5,0.33333333333333337,0.3333333333333333,0.3333333333333333,0.3333333333333334,0.6666666666666666,0.0,0.33333333333333337,0.3333333333333333,0.3333333333333333,0.3333333333333334,0.3333333333333333,0.6666666666666666,1.1102230246251565e-16,0.16666666666666666,0.5,0.33333333333333337,0.3333333333333333,0.0,0.6666666666666667,0.5,0.5,0.0,0.3333333333333333,0.5,0.16666666666666674,0.5,0.5,0.0,0.0,1.0,0.0,0.8333333333333334,0.0,0.16666666666666663,0.6666666666666666,0.16666666666666666,0.1666666666666667
P-0962,0.16666666666666666,0.8333333333333334,0.0,0.6666666666666666,0.3333333333333333,5.551115123125783e-17,1.0,0.0,0.0,0.5,0.5,0.0,0.6666666666666666,0.3333333333333333,5.551115123125783e-17,0.16666666666666666,0.8333333333333334,0.0,0.3333333333333333,0.3333333333333333,0.3333333333333334,0.8333333333333334,0.16666666666666666,-2.7755575615628914e-17,0.0,0.8333333333333334,0.16666666666666663,0.8333333333333334,0.16666666666666666,-2.7755575615628914e-17,0.0,1.0,0.0,0.3333333333333333,0.0,0.6666666666666667,0.5,0.16666666666666666,0.33333333333333337
P-0963,0.3333333333333333,0.5,0.16666666666666674,0.6666666666666666,0.16666666666666666,0.1666666666666667,0.8333333333333334,0.0,0.16666666666666663,0.6666666666666666,0.16666666666666666,0.1666666666666667,0.6666666666666666,0.3333333333333333,5.551115123125783e-17,0.3333333333333333,0.5,0.16666666666666674,0.5,0.16666666666666666,0.33333333333333337,0.6666666666666666,0.3333333333333333,5.551115123125783e-17,0.16666666666666666,0.5,0.33333333333333337,0.6666666666666666,0.3333333333333333,5.551115123125783e-17,0.0,0.8333333333333334,0.16666666666666663,0.5,0.16666666666666666,0.33333333333333337,0.3333333333333333,0.3333333333333333,0.3333333333333334
P-0964,0.0,0.6666666666666666,0.33333333333333337,0.3333333333333333,0.5,0.16666666666666674,0.5,0.3333333333333333,0.16666666666666669,0.3333333333333333,0.16666666666666666,0.5000000000000001,0.3333333333333333,0.6666666666666666,1.1102230246251565e-16,0.16666666666666666,0.5,0.33333333333333337,0.16666666666666666,0.16666666666666666,0.6666666666666667,0.5,0.3333333333333333,0.16666666666666669,0.5,0.5,0.0,0.5,0.3333333333333333,0.16666666666666669,0.0,1.0,0.0,0.16666666666666666,0.6666666666666666,0.16666666666666674,0.5,0.0,0.5
P-0966,0.6666666666666666,0.16666666666666666,0.1666666666666667,0.8333333333333334,0.16666666666666666,-2.7755575615628914e-17,0.8333333333333334,0.16666666666666666,-2.7755575615628914e-17,0.8333333333333334,0.0,0.16666666666666663,0.8333333333333334,0.0,0.16666666666666663,0.6666666666666666,0.16666666666666666,0.1666666666666667,0.16666666666666666,0.6666666666666666,0.16666666666666674,0.3333333333333333,0.6666666666666666,1.1102230246251565e-16,0.16666666666666666,0.16666666666666666,0.6666666666666667,0.16666666666666666,0.8333333333333334,0.0,0.0,1.0,0.0,0.0,0.16666666666666666,0.8333333333333334,0.16666666666666666,0.6666666666666666,0.16666666666666674
P-0967,0.16666666666666666,0.6666666666666666,0.16666666666666674,0.6666666666666666,0.16666666666666666,0.1666666666666667,0.6666666666666666,0.16666666666666666,0.1666666666666667,0.6666666666666666,0.16666666666666666,0.1666666666666667,0.8333333333333334,0.0,0.16666666666666663,0.3333333333333333,0.5,0.16666666666666674,0.3333333333333333,0.5,0.16666666666666674,0.8333333333333334,0.16666666666666666,-2.7755575615628914e-17,0.16666666666666666,0.6666666666666666,0.16666666666666674,0.5,0.5,0.0,0.0,1.0,0.0,0.0,0.16666666666666666,0.8333333333333334,0.3333333333333333,0.16666666666666666,0.5000000000000001
P-0968,0.8333333333333334,0.16666666666666666,-2.7755575615628914e-17,0.6666666666666666,0.3333333333333333,5.551115123125783e-17,0.6666666666666666,0.3333333333333333,5.551115123125783e-17,1.0,0.0,0.0,1.0,0.0,0.0,0.8333333333333334,0.16666666666666666,-2.7755575615628914e-17,1.0,0.0,0.0,0.3333333333333333,0.3333333333333333,0.3333333333333334,0.0,0.16666666666666666,0.8333333333333334,0.3333333333333333,0.3333333333333333,0.3333333333333334,0.3333333333333333,0.16666666666666666,0.5000000000000001,0.6666666666666666,0.0,0.33333333333333337,0.0,0.8333333333333334,0.16666666666666663
P-0969,0.16666666666666666,0.5,0.33333333333333337,0.6666666666666666,0.0,0.33333333333333337,0.6666666666666666,0.0,0.33333333333333337,0.6666666666666666,0.0,0.33333333333333337,0.6666666666666666,0.16666666666666666,0.1666666666666667,0.16666666666666666,0.5,0.33333333333333337,0.6666666666666666,0.0,0.33333333333333337,0.6666666666666666,0.16666666666666666,0.1666666666666667,0.3333333333333333,0.5,0.16666666666666674,0.6666666666666666,0.16666666666666666,0.1666666666666667,0.0,0.8333333333333334,0.16666666666666663,0.16666666666666666,0.16666666666666666,0.6666666666666667,0.3333333333333333,0.16666666666666666,0.5000000000000001
P-0970,0.16666666666666666,0.5,0.33333333333333337,0.6666666666666666,0.0,0.33333333333333337,0.6666666666666666,0.0,0.33333333333333337,0.6666666666666666,0.0,0.33333333333333337,0.6666666666666666,0.16666666666666666,0.1666666666666667,0.16666666666666666,0.5,0.33333333333333337,0.3333333333333333,0.3333333333333333,0.3333333333333334,0.6666666666666666,0.3333333333333333,5.551115123125783e-17,0.3333333333333333,0.5,0.16666666666666674,0.6666666666666666,0.3333333333333333,5.551115123125783e-17,0.0,0.8333333333333334,0.16666666666666663,0.16666666666666666,0.5,0.33333333333333337,0.3333333333333333,0.16666666666666666,0.5000000000000001
P-0971,0.5,0.3333333333333333,0.16666666666666669,0.8333333333333334,0.0,0.16666666666666663,0.8333333333333334,0.0,0.16666666666666663,0.8333333333333334,0.0,0.16666666666666663,0.8333333333333334,0.0,0.16666666666666663,0.5,0.3333333333333333,0.16666666666666669,0.3333333333333333,0.5,0.16666666666666674,0.5,0.5,0.0,0.16666666666666666,0.3333333333333333,0.5,0.5,0.5,0.0,0.0,0.8333333333333334,0.16666666666666663,0.0,0.3333333333333333,0.6666666666666667,0.16666666666666666,0.5,0.33333333333333337
P-0972,0.5,0.5,0.0,1.0,0.0,0.0,1.0,0.0,0.0,0.8333333333333334,0.16666666666666666,-2.7755575615628914e-17,1.0,0.0,0.0,0.5,0.5,0.0,0.6666666666666666,0.3333333333333333,5.551115123125783e-17,0.6666666666666666,0.3333333333333333,5.551115123125783e-17,0.0,0.5,0.5,0.6666666666666666,0.3333333333333333,5.551115123125783e-17,0.0,0.8333333333333334,0.16666666666666663,0.16666666666666666,0.0,0.8333333333333334,0.16666666666666666,0.5,0.33333333333333337
P-0974,0.3333333333333333,0.3333333333333333,0.3333333333333334,0.5,0.0,0.5,0.5,0.0,0.5,0.5,0.0,0.5,0.5,0.3333333333333333,0.16666666666666669,0.5,0.16666666666666666,0.33333333333333337,0.3333333333333333,0.16666666666666666,0.5000000000000001,0.16666666666666666,0.6666666666666666,0.16666666666666674,0.5,0.16666666666666666,0.33333333333333337,0.16666666666666666,0.6666666666666666,0.16666666666666674,0.0,0.8333333333333334,0.16666666666666663,0.3333333333333333,0.3333333333333333,0.3333333333333334,0.3333333333333333,0.3333333333333333,0.3333333333333334
P-0975,0.3333333333333333,0.3333333333333333,0.3333333333333334,0.3333333333333333,0.3333333333333333,0.3333333333333334,0.3333333333333333,0.3333333333333333,0.3333333333333334,0.6666666666666666,0.0,0.33333333333333337,0.6666666666666666,0.3333333333333333,5.551115123125783e-17,0.5,0.16666666666666666,0.33333333333333337,0.5,0.16666666666666666,0.33333333333333337,0.3333333333333333,0.5,0.16666666666666674,0.3333333333333333,0.3333333333333333,0.3333333333333334,0.16666666666666666,0.6666666666666666,0.16666666666666674,0.16666666666666666,0.6666666666666666,0.16666666666666674,0.5,0.16666666666666666,0.33333333333333337,0.3333333333333333,0.3333333333333333,0.3333333333333334
P-0976,0.3333333333333333,0.3333333333333333,0.3333333333333334,0.5,0.5,0.0,0.5,0.5,0.0,0.6666666666666666,0.0,0.33333333333333337,0.6666666666666666,0.3333333333333333,5.551115123125783e-17,0.3333333333333333,0.3333333333333333,0.3333333333333334,0.5,0.16666666666666666,0.33333333333333337,0.3333333333333333,0.3333333333333333,0.3333333333333334,0.3333333333333333,0.3333333333333333,0.3333333333333334,0.3333333333333333,0.3333333333333333,0.3333333333333334,0.16666666666666666,0.6666666666666666,0.16666666666666674,0.5,0.3333333333333333,0.16666666666666669,0.16666666666666666,0.3333333333333333,0.5
P-0980,0.0,0.16666666666666666,0.8333333333333334,0.16666666666666666,0.0,0.8333333333333334,0.16666666666666666,0.0,0.8333333333333334,0.16666666666666666,0.0,0.8333333333333334,0.16666666666666666,0.3333333333333333,0.5,0.0,0.16666666666666666,0.8333333333333334,0.16666666666666666,0.0,0.8333333333333334,0.16666666666666666,0.5,0.33333333333333337,0.8333333333333334,0.16666666666666666,-2.7755575615628914e-17,0.16666666666666666,0.5,0.33333333333333337,0.0,1.0,0.0,0.3333333333333333,0.5,0.16666666666666674,0.8333333333333334,0.0,0.16666666666666663
P-0981,0.16666666666666666,0.5,0.33333333333333337,0.3333333333333333,0.16666666666666666,0.5000000000000001,0.5,0.0,0.5,0.3333333333333333,0.16666666666666666,0.5000000000000001,0.3333333333333333,0.3333333333333333,0.3333333333333334,0.3333333333333333,0.3333333333333333,0.3333333333333334,0.3333333333333333,0.0,0.6666666666666667,0.3333333333333333,0.3333333333333333,0.3333333333333334,0.5,0.3333333333333333,0.16666666666666669,0.3333333333333333,0.3333333333333333,0.3333333333333334,0.0,1.0,0.0,0.3333333333333333,0.5,0.16666666666666674,0.5,0.16666666666666666,0.33333333333333337
P-0983,0.0,0.8333333333333334,0.16666666666666663,0.5,0.3333333333333333,0.16666666666666669,0.8333333333333334,0.0,0.16666666666666663,0.16666666666666666,0.6666666666666666,0.16666666666666674,0.5,0.3333333333333333,0.16666666666666669,0.0,0.8333333333333334,0.16666666666666663,0.16666666666666666,0.3333333333333333,0.5,0.8333333333333334,0.16666666666666666,-2.7755575615628914e-17,0.16666666666666666,0.8333333333333334,0.0,0.8333333333333334,0.16666666666666666,-2.7755575615628914e-17,0.0,1.0,0.0,0.3333333333333333,0.16666666666666666,0.5000000000000001,0.8333333333333334,0.0,0.16666666666666663
P-0984,0.16666666666666666,0.6666666666666666,0.16666666666666674,0.8333333333333334,0.0,0.16666666666666663,0.8333333333333334,0.0,0.16666666666666663,0.5,0.3333333333333333,0.16666666666666669,0.8333333333333334,0.16666666666666666,-2.7755575615628914e-17,0.16666666666666666,0.6666666666666666,0.16666666666666674,0.5,0.3333333333333333,0.16666666666666669,0.8333333333333334,0.16666666666666666,-2.7755575615628914e-17,0.16666666666666666,0.6666666666666666,0.16666666666666674,0.8333333333333334,0.16666666666666666,-2.7755575615628914e-17,0.0,0.8333333333333334,0.16666666666666663,0.16666666666666666,0.0,0.8333333333333334,0.5,0.16666666666666666,0.33333333333333337
P-0985,0.16666666666666666,0.5,0.33333333333333337,0.5,0.3333333333333333,0.16666666666666669,0.5,0.3333333333333333,0.16666666666666669,0.3333333333333333,0.3333333333333333,0.3333333333333334,0.5,0.16666666666666666,0.33333333333333337,0.3333333333333333,0.3333333333333333,0.3333333333333334,0.3333333333333333,0.16666666666666666,0.5000000000000001,0.6666666666666666,0.16666666666666666,0.1666666666666667,0.3333333333333333,0.3333333333333333,0.3333333333333334,0.5,0.3333333333333333,0.16666666666666669,0.0,0.8333333333333334,0.16666666666666663,0.16666666666666666,0.3333333333333333,0.5,0.5,0.16666666666666666,0.33333333333333337
P-0986,0.16666666666666666,0.6666666666666666,0.16666666666666674,0.8333333333333334,0.0,0.16666666666666663,0.8333333333333334,0.0,0.16666666666666663,0.5,0.3333333333333333,0.16666666666666669,0.8333333333333334,0.0,0.16666666666666663,0.16666666666666666,0.6666666666666666,0.16666666666666674,0.3333333333333333,0.5,0.16666666666666674,0.6666666666666666,0.16666666666666666,0.1666666666666667,0.16666666666666666,0.6666666666666666,0.16666666666666674,0.6666666666666666,0.16666666666666666,0.1666666666666667,0.0,1.0,0.0,0.0,0.16666666666666666,0.8333333333333334,0.5,0.16666666666666666,0.33333333333333337
P-0987,0.0,0.8333333333333334,0.16666666666666663,0.5,0.16666666666666666,0.33333333333333337,0.5,0.16666666666666666,0.33333333333333337,0.5,0.3333333333333333,0.16666666666666669,0.6666666666666666,0.16666666666666666,0.1666666666666667,0.3333333333333333,0.5,0.16666666666666674,0.3333333333333333,0.3333333333333333,0.3333333333333334,0.6666666666666666,0.0,0.33333333333333337,0.16666666666666666,0.6666666666666666,0.16666666666666674,0.5,0.16666666666666666,0.33333333333333337,0.0,1.0,0.0,0.16666666666666666,0.16666666666666666,0.6666666666666667,0.3333333333333333,0.0,0.6666666666666667
P-0988,0.16666666666666666,0.5,0.33333333333333337,0.3333333333333333,0.3333333333333333,0.3333333333333334,0.5,0.16666666666666666,0.33333333333333337,0.3333333333333333,0.3333333333333333,0.3333333333333334,0.5,0.3333333333333333,0.16666666666666669,0.16666666666666666,0.5,0.33333333333333337,0.3333333333333333,0.16666666666666666,0.5000000000000001,0.5,0.3333333333333333,0.16666666666666669,0.3333333333333333,0.5,0.16666666666666674,0.5,0.3333333333333333,0.16666666666666669,0.16666666666666666,0.8333333333333334,0.0,0.5,0.16666666666666666,0.33333333333333337,0.6666666666666666,0.16666666666666666,0.1666666666666667
P-0989,0.16666666666666666,0.6666666666666666,0.16666666666666674,0.8333333333333334,0.0,0.16666666666666663,0.8333333333333334,0.0,0.16666666666666663,0.5,0.3333333333333333,0.16666666666666669,0.8333333333333334,0.0,0.16666666666666663,0.16666666666666666,0.6666666666666666,0.16666666666666674,0.3333333333333333,0.5,0.16666666666666674,0.6666666666666666,0.16666666666666666,0.1666666666666667,0.16666666666666666,0.6666666666666666,0.16666666666666674,0.6666666666666666,0.16666666666666666,0.1666666666666667,0.0,1.0,0.0,0.0,0.16666666666666666,0.8333333333333334,0.5,0.16666666666666666,0.33333333333333337
P-0990,0.16666666666666666,0.8333333333333334,0.0,1.0,0.0,0.0,1.0,0.0,0.0,0.6666666666666666,0.3333333333333333,5.551115123125783e-17,1.0,0.0,0.0,0.16666666666666666,0.8333333333333334,0.0,0.5,0.5,0.0,0.8333333333333334,0.16666666666666666,-2.7755575615628914e-17,0.0,0.8333333333333334,0.16666666666666663,0.8333333333333334,0.16666666666666666,-2.7755575615628914e-17,0.0,1.0,0.0,0.0,0.0,1.0,0.3333333333333333,0.16666666666666666,0.5000000000000001
P-0992,0.3333333333333333,0.6666666666666666,1.1102230246251565e-16,0.8333333333333334,0.0,0.16666666666666663,0.8333333333333334,0.0,0.16666666666666663,0.5,0.3333333333333333,0.16666666666666669,0.8333333333333334,0.16666666666666666,-2.7755575615628914e-17,0.5,0.5,0.0,0.5,0.3333333333333333,0.16666666666666669,0.5,0.3333333333333333,0.16666666666666669,0.16666666666666666,0.5,0.33333333333333337,0.5,0.3333333333333333,0.16666666666666669,0.0,1.0,0.0,0.3333333333333333,0.16666666666666666,0.5000000000000001,0.3333333333333333,0.3333333333333333,0.3333333333333334
P-0993,0.16666666666666666,0.5,0.33333333333333337,0.3333333333333333,0.5,0.16666666666666674,0.5,0.3333333333333333,0.16666666666666669,0.3333333333333333,0.3333333333333333,0.3333333333333334,0.3333333333333333,0.6666666666666666,1.1102230246251565e-16,0.3333333333333333,0.3333333333333333,0.3333333333333334,0.3333333333333333,0.0,0.6666666666666667,0.3333333333333333,0.5,0.16666666666666674,0.3333333333333333,0.3333333333333333,0.3333333333333334,0.3333333333333333,0.5,0.16666666666666674,0.0,0.8333333333333334,0.16666666666666663,0.6666666666666666,0.16666666666666666,0.1666666666666667,0.5,0.16666666666666666,0.33333333333333337
P-0995,0.3333333333333333,0.3333333333333333,0.3333333333333334,0.6666666666666666,0.0,0.33333333333333337,0.6666666666666666,0.0,0.33333333333333337,0.6666666666666666,0.0,0.33333333333333337,0.6666666666666666,0.16666666666666666,0.1666666666666667,0.3333333333333333,0.3333333333333333,0.3333333333333334,0.5,0.16666666666666666,0.33333333333333337,0.5,0.5,0.0,0.3333333333333333,0.3333333333333333,0.3333333333333334,0.5,0.5,0.0,0.0,0.8333333333333334,0.16666666666666663,0.3333333333333333,0.3333333333333333,0.3333333333333334,0.3333333333333333,0.3333333333333333,0.3333333333333334
P-0996,0.3333333333333333,0.3333333333333333,0.3333333333333334,0.6666666666666666,0.16666666666666666,0.1666666666666667,0.6666666666666666,0.16666666666666666,0.1666666666666667,0.6666666666666666,0.0,0.33333333333333337,0.6666666666666666,0.16666666666666666,0.1666666666666667,0.3333333333333333,0.3333333333333333,0.3333333333333334,0.6666666666666666,0.0,0.33333333333333337,0.5,0.5,0.0,0.3333333333333333,0.3333333333333333,0.3333333333333334,0.5,0.5,0.0,0.0,0.6666666666666666,0.33333333333333337,0.16666666666666666,0.3333333333333333,0.5,0.3333333333333333,0.3333333333333333,0.3333333333333334
P-0997,0.16666666666666666,0.5,0.33333333333333337,0.3333333333333333,0.3333333333333333,0.3333333333333334,0.5,0.16666666666666666,0.33333333333333337,0.5,0.16666666666666666,0.33333333333333337,0.5,0.3333333333333333,0.16666666666666669,0.3333333333333333,0.3333333333333333,0.3333333333333334,0.16666666666666666,0.3333333333333333,0.5,0.5,0.3333333333333333,0.16666666666666669,0.3333333333333333,0.5,0.16666666666666674,0.3333333333333333,0.5,0.16666666666666674,0.0,1.0,0.0,0.3333333333333333,0.16666666666666666,0.5000000000000001,0.3333333333333333,0.16666666666666666,0.5000000000000001
P-1001,0.5,0.16666666666666666,0.33333333333333337,0.6666666666666666,0.0,0.33333333333333337,0.6666666666666666,0.0,0.33333333333333337,0.6666666666666666,0.0,0.33333333333333337,0.6666666666666666,0.16666666666666666,0.1666666666666667,0.5,0.16666666666666666,0.33333333333333337,0.5,0.16666666666666666,0.33333333333333337,0.3333333333333333,0.5,0.16666666666666674,0.3333333333333333,0.16666666666666666,0.5000000000000001,0.3333333333333333,0.5,0.16666666666666674,0.0,0.8333333333333334,0.16666666666666663,0.3333333333333333,0.16666666666666666,0.5000000000000001,0.3333333333333333,0.5,0.16666666666666674
P-1002,0.16666666666666666,0.6666666666666666,0.16666666666666674,0.6666666666666666,0.16666666666666666,0.1666666666666667,0.6666666666666666,0.16666666666666666,0.1666666666666667,0.5,0.3333333333333333,0.16666666666666669,0.6666666666666666,0.3333333333333333,5.551115123125783e-17,0.3333333333333333,0.5,0.16666666666666674,0.5,0.16666666666666666,0.33333333333333337,0.6666666666666666,0.16666666666666666,0.1666666666666667,0.16666666666666666,0.5,0.33333333333333337,0.6666666666666666,0.16666666666666666,0.1666666666666667,0.0,0.8333333333333334,0.16666666666666663,0.3333333333333333,0.0,0.6666666666666667,0.3333333333333333,0.16666666666666666,0.5000000000000001
P-1004,0.3333333333333333,0.3333333333333333,0.3333333333333334,0.5,0.0,0.5,0.5,0.0,0.5,0.5,0.0,0.5,0.5,0.5,0.0,0.5,0.16666666666666666,0.33333333333333337,0.5,0.0,0.5,0.16666666666666666,0.6666666666666666,0.16666666666666674,0.5,0.16666666666666666,0.33333333333333337,0.16666666666666666,0.6666666666666666,0.16666666666666674,0.0,0.8333333333333334,0.16666666666666663,0.6666666666666666,0.16666666666666666,0.1666666666666667,0.3333333333333333,0.3333333333333333,0.3333333333333334
P-1006,0.0,0.3333333333333333,0.6666666666666667,0.3333333333333333,0.3333333333333333,0.3333333333333334,0.3333333333333333,0.3333333333333333,0.3333333333333334,0.3333333333333333,0.0,0.6666666666666667,0.3333333333333333,0.5,0.16666666666666674,0.0,0.3333333333333333,0.6666666666666667,0.3333333333333333,0.0,0.6666666666666667,0.3333333333333333,0.3333333333333333,0.3333333333333334,0.6666666666666666,0.3333333333333333,5.551115123125783e-17,0.3333333333333333,0.3333333333333333,0.3333333333333334,0.0,1.0,0.0,0.3333333333333333,0.3333333333333333,0.3333333333333334,0.5,0.0,0.5
P-1007,0.16666666666666666,0.8333333333333334,0.0,0.8333333333333334,0.16666666666666666,-2.7755575615628914e-17,1.0,0.0,0.0,0.5,0.5,0.0,0.8333333333333334,0.16666666666666666,-2.7755575615628914e-17,0.16666666666666666,0.8333333333333334,0.0,0.3333333333333333,0.5,0.16666666666666674,0.8333333333333334,0.16666666666666666,-2.7755575615628914e-17,0.0,0.8333333333333334,0.16666666666666663,0.8333333333333334,0.16666666666666666,-2.7755575615628914e-17,0.0,1.0,0.0,0.16666666666666666,0.0,0.8333333333333334,0.5,0.16666666666666666,0.33333333333333337
P-1008,0.16666666666666666,0.3333333333333333,0.5,0.5,0.16666666666666666,0.33333333333333337,0.5,0.16666666666666666,0.33333333333333337,0.3333333333333333,0.16666666666666666,0.5000000000000001,0.5,0.16666666666666666,0.33333333333333337,0.16666666666666666,0.3333333333333333,0.5,0.16666666666666666,0.3333333333333333,0.5,0.3333333333333333,0.6666666666666666,1.1102230246251565e-16,0.5,0.3333333333333333,0.16666666666666669,0.3333333333333333,0.6666666666666666,1.1102230246251565e-16,0.0,1.0,0.0,0.0,0.5,0.5,0.6666666666666666,0.16666666666666666,0.1666666666666667
P-1009,0.16666666666666666,0.6666666666666666,0.16666666666666674,0.8333333333333334,0.16666666666666666,-2.7755575615628914e-17,0.8333333333333334,0.16666666666666666,-2.7755575615628914e-17,0.3333333333333333,0.5,0.16666666666666674,0.8333333333333334,0.16666666666666666,-2.7755575615628914e-17,0.16666666666666666,0.6666666666666666,0.16666666666666674,0.16666666666666666,0.6666666666666666,0.16666666666666674,0.6666666666666666,0.16666666666666666,0.1666666666666667,0.16666666666666666,0.6666666666666666,0.16666666666666674,0.6666666666666666,0.16666666666666666,0.1666666666666667,0.0,1.0,0.0,0.16666666666666666,0.0,0.8333333333333334,0.5,0.16666666666666666,0.33333333333333337
P-1011,0.5,0.3333333333333333,0.16666666666666669,0.8333333333333334,0.0,0.16666666666666663,0.8333333333333334,0.0,0.16666666666666663,0.8333333333333334,0.0,0.16666666666666663,0.8333333333333334,0.0,0.16666666666666663,0.5,0.3333333333333333,0.16666666666666669,0.3333333333333333,0.5,0.16666666666666674,0.3333333333333333,0.6666666666666666,1.1102230246251565e-16,0.16666666666666666,0.3333333333333333,0.5,0.3333333333333333,0.6666666666666666,1.1102230246251565e-16,0.0,1.0,0.0,0.0,0.16666666666666666,0.8333333333333334,0.16666666666666666,0.5,0.33333333333333337
P-1012,0.6666666666666666,0.3333333333333333,5.551115123125783e-17,1.0,0.0,0.0,1.0,0.0,0.0,0.8333333333333334,0.16666666666666666,-2.7755575615628914e-17,1.0,0.0,0.0,0.6666666666666666,0.3333333333333333,5.551115123125783e-17,0.3333333333333333,0.6666666666666666,1.1102230246251565e-16,0.3333333333333333,0.6666666666666666,1.1102230246251565e-16,0.0,0.3333333333333333,0.6666666666666667,0.3333333333333333,0.6666666666666666,1.1102230246251565e-16,0.0,1.0,0.0,0.16666666666666666,0.0,0.8333333333333334,0.16666666666666666,0.6666666666666666,0.16666666666666674
P-1013,0.6666666666666666,0.16666666666666666,0.1666666666666667,0.8333333333333334,0.0,0.16666666666666663,0.8333333333333334,0.0,0.16666666666666663,0.8333333333333334,0.0,0.16666666666666663,0.8333333333333334,0.0,0.16666666666666663,0.6666666666666666,0.16666666666666666,0.1666666666666667,0.3333333333333333,0.5,0.16666666666666674,0.16666666666666666,0.6666666666666666,0.16666666666666674,0.16666666666666666,0.16666666666666666,0.6666666666666667,0.16666666666666666,0.6666666666666666,0.16666666666666674,0.0,1.0,0.0,0.16666666666666666,0.16666666666666666,0.6666666666666667,0.16666666666666666,0.6666666666666666,0.16666666666666674
P-1014,0.16666666666666666,0.8333333333333334,0.0,0.6666666666666666,0.3333333333333333,5.551115123125783e-17,1.0,0.0,0.0,0.5,0.5,0.0,0.6666666666666666,0.3333333333333333,5.551115123125783e-17,0.16666666666666666,0.8333333333333334,0.0,0.3333333333333333,0.3333333333333333,0.3333333333333334,0.8333333333333334,0.16666666666666666,-2.7755575615628914e-17,0.0,0.8333333333333334,0.16666666666666663,0.8333333333333334,0.16666666666666666,-2.7755575615628914e-17,0.0,1.0,0.0,0.3333333333333333,0.0,0.6666666666666667,0.5,0.16666666666666666,0.33333333333333337
P-1015,0.5,0.5,0.0,1.0,0.0,0.0,1.0,0.0,0.0,1.0,0.0,0.0,1.0,0.0,0.0,0.5,0.5,0.0,0.16666666666666666,0.8333333333333334,0.0,0.5,0.5,0.0,0.0,0.5,0.5,0.5,0.5,0.0,0.0,1.0,0.0,0.0,0.3333333333333333,0.6666666666666667,0.0,0.5,0.5
P-1019,0.16666666666666666,0.5,0.33333333333333337,0.5,0.0,0.5,0.5,0.0,0.5,0.5,0.0,0.5,0.5,0.16666666666666666,0.33333333333333337,0.3333333333333333,0.3333333333333333,0.3333333333333334,0.3333333333333333,0.16666666666666666,0.5000000000000001,0.3333333333333333,0.3333333333333333,0.3333333333333334,0.5,0.3333333333333333,0.16666666666666669,0.3333333333333333,0.3333333333333333,0.3333333333333334,0.0,1.0,0.0,0.16666666666666666,0.6666666666666666,0.16666666666666674,0.3333333333333333,0.16666666666666666,0.5000000000000001
P-1020,0.16666666666666666,0.5,0.33333333333333337,0.6666666666666666,0.16666666666666666,0.1666666666666667,0.6666666666666666,0.16666666666666666,0.1666666666666667,0.5,0.16666666666666666,0.33333333333333337,0.6666666666666666,0.3333333333333333,5.551115123125783e-17,0.16666666666666666,0.5,0.33333333333333337,0.5,0.16666666666666666,0.33333333333333337,0.5,0.3333333333333333,0.16666666666666669,0.3333333333333333,0.5,0.16666666666666674,0.5,0.3333333333333333,0.16666666666666669,0.0,1.0,0.0,0.5,0.0,0.5,0.3333333333333333,0.16666666666666666,0.5000000000000001
P-1021,0.3333333333333333,0.3333333333333333,0.3333333333333334,0.3333333333333333,0.3333333333333333,0.3333333333333334,0.3333333333333333,0.3333333333333333,0.3333333333333334,0.5,0.0,0.5,0.5,0.3333333333333333,0.16666666666666669,0.5,0.16666666666666666,0.33333333333333337,0.5,0.0,0.5,0.16666666666666666,0.5,0.33333333333333337,0.5,0.16666666666666666,0.33333333333333337,0.16666666666666666,0.5,0.33333333333333337,0.16666666666666666,0.8333333333333334,0.0,0.3333333333333333,0.5,0.16666666666666674,0.3333333333333333,0.3333333333333333,0.3333333333333334
P-1022,0.6666666666666666,0.3333333333333333,5.551115123125783e-17,1.0,0.0,0.0,1.0,0.0,0.0,0.8333333333333334,0.16666666666666666,-2.7755575615628914e-17,1.0,0.0,0.0,0.6666666666666666,0.3333333333333333,5.551115123125783e-17,0.5,0.5,0.0,0.3333333333333333,0.6666666666666666,1.1102230246251565e-16,0.0,0.3333333333333333,0.6666666666666667,0.3333333333333333,0.6666666666666666,1.1102230246251565e-16,0.0,1.0,0.0,0.3333333333333333,0.0,0.6666666666666667,0.16666666666666666,0.6666666666666666,0.16666666666666674
P-1023,0.6666666666666666,0.3333333333333333,5.551115123125783e-17,1.0,0.0,0.0,1.0,0.0,0.0,1.0,0.0,0.0,1.0,0.0,0.0,0.6666666666666666,0.3333333333333333,5.551115123125783e-17,0.8333333333333334,0.16666666666666666,-2.7755575615628914e-17,0.3333333333333333,0.6666666666666666,1.1102230246251565e-16,0.0,0.3333333333333333,0.6666666666666667,0.3333333333333333,0.6666666666666666,1.1102230246251565e-16,0.0,1.0,0.0,0.5,0.0,0.5,0.0,0.6666666666666666,0.33333333333333337
P-1025,0.3333333333333333,0.6666666666666666,1.1102230246251565e-16,0.3333333333333333,0.5,0.16666666666666674,0.6666666666666666,0.16666666666666666,0.1666666666666667,0.5,0.5,0.0,0.6666666666666666,0.3333333333333333,5.551115123125783e-17,0.6666666666666666,0.3333333333333333,5.551115123125783e-17,0.5,0.16666666666666666,0.33333333333333337,0.5,0.16666666666666666,0.33333333333333337,0.0,0.5,0.5,0.3333333333333333,0.3333333333333333,0.3333333333333334,0.16666666666666666,0.6666666666666666,0.16666666666666674,0.6666666666666666,0.0,0.33333333333333337,0.16666666666666666,0.3333333333333333,0.5
P-1026,0.6666666666666666,0.3333333333333333,5.551115123125783e-17,0.8333333333333334,0.16666666666666666,-2.7755575615628914e-17,1.0,0.0,0.0,0.8333333333333334,0.16666666666666666,-2.7755575615628914e-17,1.0,0.0,0.0,0.6666666666666666,0.3333333333333333,5.551115123125783e-17,0.8333333333333334,0.16666666666666666,-2.7755575615628914e-17,0.3333333333333333,0.5,0.16666666666666674,0.0,0.3333333333333333,0.6666666666666667,0.3333333333333333,0.5,0.16666666666666674,0.16666666666666666,0.8333333333333334,0.0,0.5,0.0,0.5,0.0,0.6666666666666666,0.33333333333333337
P-1028,0.16666666666666666,0.5,0.33333333333333337,0.5,0.16666666666666666,0.33333333333333337,0.5,0.16666666666666666,0.33333333333333337,0.5,0.16666666666666666,0.33333333333333337,0.6666666666666666,0.16666666666666666,0.1666666666666667,0.16666666666666666,0.5,0.33333333333333337,0.5,0.16666666666666666,0.33333333333333337,0.5,0.3333333333333333,0.16666666666666669,0.3333333333333333,0.5,0.16666666666666674,0.5,0.3333333333333333,0.16666666666666669,0.16666666666666666,0.8333333333333334,0.0,0.3333333333333333,0.16666666666666666,0.5000000000000001,0.5,0.16666666666666666,0.33333333333333337
P-1029,0.16666666666666666,0.5,0.33333333333333337,0.6666666666666666,0.0,0.33333333333333337,0.6666666666666666,0.0,0.33333333333333337,0.6666666666666666,0.0,0.33333333333333337,0.6666666666666666,0.16666666666666666,0.1666666666666667,0.16666666666666666,0.5,0.33333333333333337,0.5,0.16666666666666666,0.33333333333333337,0.6666666666666666,0.3333333333333333,5.551115123125783e-17,0.3333333333333333,0.5,0.16666666666666674,0.6666666666666666,0.3333333333333333,5.551115123125783e-17,0.0,0.8333333333333334,0.16666666666666663,0.16666666666666666,0.3333333333333333,0.5,0.3333333333333333,0.16666666666666666,0.5000000000000001
P-1030,0.3333333333333333,0.5,0.16666666666666674,0.8333333333333334,0.0,0.16666666666666663,0.8333333333333334,0.0,0.16666666666666663,0.6666666666666666,0.16666666666666666,0.1666666666666667,0.8333333333333334,0.0,0.16666666666666663,0.3333333333333333,0.5,0.16666666666666674,0.3333333333333333,0.5,0.16666666666666674,0.5,0.3333333333333333,0.16666666666666669,0.16666666666666666,0.5,0.33333333333333337,0.5,0.3333333333333333,0.16666666666666669,0.0,1.0,0.0,0.0,0.16666666666666666,0.8333333333333334,0.3333333333333333,0.3333333333333333,0.3333333333333334
P-1031,0.5,0.5,0.0,1.0,0.0,0.0,1.0,0.0,0.0,1.0,0.0,0.0,1.0,0.0,0.0,0.5,0.5,0.0,0.5,0.5,0.0,0.5,0.5,0.0,0.0,0.5,0.5,0.5,0.5,0.0,0.0,1.0,0.0,0.0,0.0,1.0,0.0,0.5,0.5
P-1032,0.3333333333333333,0.5,0.16666666666666674,0.8333333333333334,0.16666666666666666,-2.7755575615628914e-17,0.8333333333333334,0.16666666666666666,-2.7755575615628914e-17,0.8333333333333334,0.0,0.16666666666666663,0.8333333333333334,0.16666666666666666,-2.7755575615628914e-17,0.3333333333333333,0.5,0.16666666666666674,0.6666666666666666,0.16666666666666666,0.1666666666666667,0.5,0.5,0.0,0.16666666666666666,0.5,0.33333333333333337,0.5,0.5,0.0,0.0,1.0,0.0,0.3333333333333333,0.3333333333333333,0.3333333333333334,0.16666666666666666,0.3333333333333333,0.5
P-1033,0.16666666666666666,0.6666666666666666,0.16666666666666674,0.6666666666666666,0.16666666666666666,0.1666666666666667,0.6666666666666666,0.16666666666666666,0.1666666666666667,0.6666666666666666,0.16666666666666666,0.1666666666666667,0.8333333333333334,0.0,0.16666666666666663,0.16666666666666666,0.6666666666666666,0.16666666666666674,0.6666666666666666,0.16666666666666666,0.1666666666666667,0.6666666666666666,0.16666666666666666,0.1666666666666667,0.16666666666666666,0.6666666666666666,0.16666666666666674,0.6666666666666666,0.16666666666666666,0.1666666666666667,0.16666666666666666,0.8333333333333334,0.0,0.16666666666666666,0.16666666666666666,0.6666666666666667,0.3333333333333333,0.16666666666666666,0.5000000000000001
P-1034,0.16666666666666666,0.6666666666666666,0.16666666666666674,0.8333333333333334,0.16666666666666666,-2.7755575615628914e-17,0.8333333333333334,0.16666666666666666,-2.7755575615628914e-17,0.6666666666666666,0.16666666666666666,0.1666666666666667,0.8333333333333334,0.16666666666666666,-2.7755575615628914e-17,0.16666666666666666,0.6666666666666666,0.16666666666666674,0.3333333333333333,0.5,0.16666666666666674,0.6666666666666666,0.3333333333333333,5.551115123125783e-17,0.16666666666666666,0.6666666666666666,0.16666666666666674,0.6666666666666666,0.3333333333333333,5.551115123125783e-17,0.0,1.0,0.0,0.0,0.3333333333333333,0.6666666666666667,0.3333333333333333,0.16666666666666666,0.5000000000000001
P-1035,0.0,1.0,0.0,0.6666666666666666,0.3333333333333333,5.551115123125783e-17,1.0,0.0,0.0,0.6666666666666666,0.3333333333333333,5.551115123125783e-17,0.6666666666666666,0.3333333333333333,5.551115123125783e-17,0.0,1.0,0.0,0.5,0.16666666666666666,0.33333333333333337,1.0,0.0,0.0,0.0,1.0,0.0,1.0,0.0,0.0,0.0,1.0,0.0,0.3333333333333333,0.16666666666666666,0.5000000000000001,0.3333333333333333,0.0,0.6666666666666667
P-1037,0.16666666666666666,0.5,0.33333333333333337,0.6666666666666666,0.3333333333333333,5.551115123125783e-17,0.6666666666666666,0.3333333333333333,5.551115123125783e-17,0.6666666666666666,0.0,0.33333333333333337,0.6666666666666666,0.3333333333333333,5.551115123125783e-17,0.16666666666666666,0.5,0.33333333333333337,0.3333333333333333,0.3333333333333333,0.3333333333333334,0.5,0.5,0.0,0.3333333333333333,0.5,0.16666666666666674,0.5,0.5,0.0,0.0,1.0,0.0,0.0,0.5,0.5,0.3333333333333333,0.16666666666666666,0.5000000000000001
P-1038,0.0,0.5,0.5,0.5,0.3333333333333333,0.16666666666666669,0.6666666666666666,0.3333333333333333,5.551115123125783e-17,0.3333333333333333,0.16666666666666666,0.5000000000000001,0.5,0.3333333333333333,0.16666666666666669,0.0,0.6666666666666666,0.33333333333333337,0.3333333333333333,0.16666666666666666,0.5000000000000001,0.5,0.0,0.5,0.5,0.5,0.0,0.5,0.0,0.5,0.0,1.0,0.0,0.3333333333333333,0.16666666666666666,0.5000000000000001,0.3333333333333333,0.0,0.6666666666666667
P-1039,0.0,1.0,0.0,0.6666666666666666,0.0,0.33333333333333337,0.6666666666666666,0.0,0.33333333333333337,0.6666666666666666,0.0,0.33333333333333337,0.6666666666666666,0.3333333333333333,5.551115123125783e-17,0.3333333333333333,0.6666666666666666,1.1102230246251565e-16,0.6666666666666666,0.0,0.33333333333333337,0.6666666666666666,0.0,0.33333333333333337,0.3333333333333333,0.6666666666666666,1.1102230246251565e-16,0.6666666666666666,0.0,0.33333333333333337,0.0,1.0,0.0,0.0,0.3333333333333333,0.6666666666666667,0.0,0.0,1.0
P-1065,0.5,0.5,0.0,1.0,0.0,0.0,1.0,0.0,0.0,1.0,0.0,0.0,1.0,0.0,0.0,0.5,0.5,0.0,0.16666666666666666,0.8333333333333334,0.0,0.5,0.5,0.0,0.0,0.5,0.5,0.5,0.5,0.0,0.0,1.0,0.0,0.0,0.3333333333333333,0.6666666666666667,0.0,0.5,0.5
P-1066,0.3333333333333333,0.6666666666666666,1.1102230246251565e-16,1.0,0.0,0.0,1.0,0.0,0.0,1.0,0.0,0.0,1.0,0.0,0.0,0.3333333333333333,0.6666666666666666,1.1102230246251565e-16,0.3333333333333333,0.6666666666666666,1.1102230246251565e-16,0.6666666666666666,0.3333333333333333,5.551115123125783e-17,0.0,0.6666666666666666,0.33333333333333337,0.6666666666666666,0.3333333333333333,5.551115123125783e-17,0.0,1.0,0.0,0.0,0.3333333333333333,0.6666666666666667,0.0,0.3333333333333333,0.6666666666666667
P-1141,0.0,0.5,0.5,0.5,0.16666666666666666,0.33333333333333337,0.5,0.16666666666666666,0.33333333333333337,0.5,0.0,0.5,0.5,0.3333333333333333,0.16666666666666669,0.0,0.5,0.5,0.5,0.0,0.5,0.5,0.5,0.0,0.5,0.5,0.0,0.5,0.5,0.0,0.0,1.0,0.0,0.16666666666666666,0.3333333333333333,0.5,0.5,0.0,0.5
P-1142,0.3333333333333333,0.16666666666666666,0.5000000000000001,0.5,0.3333333333333333,0.16666666666666669,0.5,0.3333333333333333,0.16666666666666669,0.5,0.0,0.5,0.5,0.5,0.0,0.3333333333333333,0.16666666666666666,0.5000000000000001,0.3333333333333333,0.16666666666666666,0.5000000000000001,0.3333333333333333,0.6666666666666666,1.1102230246251565e-16,0.5,0.16666666666666666,0.33333333333333337,0.3333333333333333,0.6666666666666666,1.1102230246251565e-16,0.0,0.8333333333333334,0.16666666666666663,0.16666666666666666,0.3333333333333333,0.5,0.5,0.3333333333333333,0.16666666666666669
P-1143,0.3333333333333333,0.3333333333333333,0.3333333333333334,0.6666666666666666,0.3333333333333333,5.551115123125783e-17,0.6666666666666666,0.3333333333333333,5.551115123125783e-17,0.6666666666666666,0.0,0.33333333333333337,0.6666666666666666,0.3333333333333333,5.551115123125783e-17,0.3333333333333333,0.3333333333333333,0.3333333333333334,0.3333333333333333,0.3333333333333333,0.3333333333333334,0.3333333333333333,0.6666666666666666,1.1102230246251565e-16,0.3333333333333333,0.3333333333333333,0.3333333333333334,0.3333333333333333,0.6666666666666666,1.1102230246251565e-16,0.0,1.0,0.0,0.16666666666666666,0.5,0.33333333333333337,0.3333333333333333,0.3333333333333333,0.3333333333333334
P-1146,0.0,0.5,0.5,0.5,0.3333333333333333,0.16666666666666669,0.6666666666666666,0.3333333333333333,5.551115123125783e-17,0.16666666666666666,0.3333333333333333,0.5,0.5,0.3333333333333333,0.16666666666666669,0.0,0.6666666666666666,0.33333333333333337,0.16666666666666666,0.3333333333333333,0.5,0.5,0.0,0.5,0.5,0.5,0.0,0.5,0.0,0.5,0.0,1.0,0.0,0.3333333333333333,0.16666666666666666,0.5000000000000001,0.5,0.0,0.5
P-1150,0.6666666666666666,0.3333333333333333,5.551115123125783e-17,0.8333333333333334,0.0,0.16666666666666663,0.8333333333333334,0.0,0.16666666666666663,0.8333333333333334,0.0,0.16666666666666663,0.8333333333333334,0.16666666666666666,-2.7755575615628914e-17,0.8333333333333334,0.16666666666666666,-2.7755575615628914e-17,0.16666666666666666,0.6666666666666666,0.16666666666666674,0.16666666666666666,0.6666666666666666,0.16666666666666674,0.16666666666666666,0.16666666666666666,0.6666666666666667,0.16666666666666666,0.6666666666666666,0.16666666666666674,0.0,1.0,0.0,0.0,0.16666666666666666,0.8333333333333334,0.0,0.6666666666666666,0.33333333333333337
P-1151,0.16666666666666666,0.8333333333333334,0.0,0.8333333333333334,0.0,0.16666666666666663,0.8333333333333334,0.0,0.16666666666666663,0.6666666666666666,0.16666666666666666,0.1666666666666667,0.8333333333333334,0.16666666666666666,-2.7755575615628914e-17,0.3333333333333333,0.6666666666666666,1.1102230246251565e-16,0.5,0.3333333333333333,0.16666666666666669,0.6666666666666666,0.16666666666666666,0.1666666666666667,0.16666666666666666,0.6666666666666666,0.16666666666666674,0.6666666666666666,0.16666666666666666,0.1666666666666667,0.0,1.0,0.0,0.0,0.16666666666666666,0.8333333333333334,0.16666666666666666,0.16666666666666666,0.6666666666666667
P-1152,0.0,0.8333333333333334,0.16666666666666663,0.6666666666666666,0.16666666666666666,0.1666666666666667,0.6666666666666666,0.16666666666666666,0.1666666666666667,0.6666666666666666,0.0,0.33333333333333337,0.6666666666666666,0.3333333333333333,5.551115123125783e-17,0.16666666666666666,0.6666666666666666,0.16666666666666674,0.5,0.16666666666666666,0.33333333333333337,0.6666666666666666,0.0,0.33333333333333337,0.3333333333333333,0.6666666666666666,1.1102230246251565e-16,0.6666666666666666,0.0,0.33333333333333337,0.0,1.0,0.0,0.16666666666666666,0.3333333333333333,0.5,0.0,0.0,1.0
P-1154,0.0,0.6666666666666666,0.33333333333333337,0.16666666666666666,0.6666666666666666,0.16666666666666674,0.5,0.3333333333333333,0.16666666666666669,0.16666666666666666,0.5,0.33333333333333337,0.16666666666666666,0.5,0.33333333333333337,0.16666666666666666,0.5,0.33333333333333337,0.0,0.16666666666666666,0.8333333333333334,0.6666666666666666,0.0,0.33333333333333337,0.3333333333333333,0.5,0.16666666666666674,0.5,0.16666666666666666,0.33333333333333337,0.0,1.0,0.0,0.5,0.5,0.0,0.6666666666666666,0.0,0.33333333333333337
P-1156,0.16666666666666666,0.3333333333333333,0.5,0.3333333333333333,0.3333333333333333,0.3333333333333334,0.5,0.16666666666666666,0.33333333333333337,0.3333333333333333,0.16666666666666666,0.5000000000000001,0.3333333333333333,0.3333333333333333,0.3333333333333334,0.16666666666666666,0.3333333333333333,0.5,0.16666666666666666,0.16666666666666666,0.6666666666666667,0.3333333333333333,0.5,0.16666666666666674,0.5,0.3333333333333333,0.16666666666666669,0.3333333333333333,0.5,0.16666666666666674,0.0,1.0,0.0,0.5,0.5,0.0,0.5,0.16666666666666666,0.33333333333333337
P-1157,0.0,0.6666666666666666,0.33333333333333337,0.5,0.3333333333333333,0.16666666666666669,0.6666666666666666,0.16666666666666666,0.1666666666666667,0.3333333333333333,0.3333333333333333,0.3333333333333334,0.5,0.5,0.0,0.0,0.6666666666666666,0.33333333333333337,0.0,0.5,0.5,0.6666666666666666,0.16666666666666666,0.1666666666666667,0.3333333333333333,0.6666666666666666,1.1102230246251565e-16,0.6666666666666666,0.16666666666666666,0.1666666666666667,0.0,1.0,0.0,0.5,0.3333333333333333,0.16666666666666669,0.5,0.0,0.5
P-1158,0.16666666666666666,0.8333333333333334,0.0,0.8333333333333334,0.16666666666666666,-2.7755575615628914e-17,1.0,0.0,0.0,0.8333333333333334,0.16666666666666666,-2.7755575615628914e-17,0.8333333333333334,0.16666666666666666,-2.7755575615628914e-17,0.16666666666666666,0.8333333333333334,0.0,0.5,0.3333333333333333,0.16666666666666669,0.8333333333333334,0.16666666666666666,-2.7755575615628914e-17,0.0,0.8333333333333334,0.16666666666666663,0.8333333333333334,0.16666666666666666,-2.7755575615628914e-17,0.0,1.0,0.0,0.16666666666666666,0.16666666666666666,0.6666666666666667,0.16666666666666666,0.16666666666666666,0.6666666666666667
P-1159,0.0,0.6666666666666666,0.33333333333333337,0.3333333333333333,0.5,0.16666666666666674,0.5,0.3333333333333333,0.16666666666666669,0.3333333333333333,0.16666666666666666,0.5000000000000001,0.3333333333333333,0.6666666666666666,1.1102230246251565e-16,0.16666666666666666,0.5,0.33333333333333337,0.0,0.3333333333333333,0.6666666666666667,0.5,0.3333333333333333,0.16666666666666669,0.5,0.5,0.0,0.5,0.3333333333333333,0.16666666666666669,0.0,1.0,0.0,0.16666666666666666,0.8333333333333334,0.0,0.5,0.0,0.5
P-1160,0.0,0.5,0.5,0.16666666666666666,0.6666666666666666,0.16666666666666674,0.3333333333333333,0.5,0.16666666666666674,0.16666666666666666,0.3333333333333333,0.5,0.16666666666666666,0.5,0.33333333333333337,0.16666666666666666,0.3333333333333333,0.5,0.0,0.16666666666666666,0.8333333333333334,0.5,0.16666666666666666,0.33333333333333337,0.5,0.3333333333333333,0.16666666666666669,0.3333333333333333,0.3333333333333333,0.3333333333333334,0.0,1.0,0.0,0.3333333333333333,0.6666666666666666,1.1102230246251565e-16,0.6666666666666666,0.0,0.33333333333333337
P-1161,0.16666666666666666,0.6666666666666666,0.16666666666666674,0.3333333333333333,0.6666666666666666,1.1102230246251565e-16,0.6666666666666666,0.3333333333333333,5.551115123125783e-17,0.3333333333333333,0.5,0.16666666666666674,0.5,0.5,0.0,0.3333333333333333,0.5,0.16666666666666674,0.16666666666666666,0.3333333333333333,0.5,0.5,0.16666666666666666,0.33333333333333337,0.16666666666666666,0.5,0.33333333333333337,0.5,0.16666666666666666,0.33333333333333337,0.16666666666666666,0.8333333333333334,0.0,0.5,0.5,0.0,0.3333333333333333,0.16666666666666666,0.5000000000000001
P-1162,0.0,0.8333333333333334,0.16666666666666663,0.6666666666666666,0.3333333333333333,5.551115123125783e-17,0.8333333333333334,0.16666666666666666,-2.7755575615628914e-17,0.5,0.3333333333333333,0.16666666666666669,0.6666666666666666,0.3333333333333333,5.551115123125783e-17,0.0,0.8333333333333334,0.16666666666666663,0.0,0.6666666666666666,0.33333333333333337,0.8333333333333334,0.16666666666666666,-2.7755575615628914e-17,0.16666666666666666,0.8333333333333334,0.0,0.8333333333333334,0.16666666666666666,-2.7755575615628914e-17,0.0,1.0,0.0,0.16666666666666666,0.6666666666666666,0.16666666666666674,0.5,0.0,0.5
P-1163,0.16666666666666666,0.5,0.33333333333333337,0.5,0.5,0.0,0.6666666666666666,0.3333333333333333,5.551115123125783e-17,0.5,0.16666666666666666,0.33333333333333337,0.5,0.5,0.0,0.16666666666666666,0.5,0.33333333333333337,0.0,0.5,0.5,0.5,0.5,0.0,0.3333333333333333,0.5,0.16666666666666674,0.5,0.5,0.0,0.0,1.0,0.0,0.16666666666666666,0.6666666666666666,0.16666666666666674,0.5,0.16666666666666666,0.33333333333333337
P-1165,0.0,0.5,0.5,0.5,0.3333333333333333,0.16666666666666669,0.5,0.3333333333333333,0.16666666666666669,0.3333333333333333,0.16666666666666666,0.5000000000000001,0.5,0.3333333333333333,0.16666666666666669,0.0,0.5,0.5,0.0,0.5,0.5,0.6666666666666666,0.16666666666666666,0.1666666666666667,0.5,0.5,0.0,0.5,0.3333333333333333,0.16666666666666669,0.0,1.0,0.0,0.3333333333333333,0.5,0.16666666666666674,0.5,0.0,0.5
P-1166,0.16666666666666666,0.5,0.33333333333333337,0.3333333333333333,0.6666666666666666,1.1102230246251565e-16,0.5,0.5,0.0,0.3333333333333333,0.3333333333333333,0.3333333333333334,0.5,0.3333333333333333,0.16666666666666669,0.3333333333333333,0.3333333333333333,0.3333333333333334,0.16666666666666666,0.3333333333333333,0.5,0.5,0.16666666666666666,0.33333333333333337,0.3333333333333333,0.3333333333333333,0.3333333333333334,0.3333333333333333,0.3333333333333333,0.3333333333333334,0.16666666666666666,0.8333333333333334,0.0,0.3333333333333333,0.6666666666666666,1.1102230246251565e-16,0.3333333333333333,0.16666666666666666,0.5000000000000001
P-1167,0.3333333333333333,0.3333333333333333,0.3333333333333334,0.6666666666666666,0.16666666666666666,0.1666666666666667,0.6666666666666666,0.16666666666666666,0.1666666666666667,0.6666666666666666,0.0,0.33333333333333337,0.6666666666666666,0.16666666666666666,0.1666666666666667,0.3333333333333333,0.3333333333333333,0.3333333333333334,0.3333333333333333,0.3333333333333333,0.3333333333333334,0.5,0.5,0.0,0.3333333333333333,0.3333333333333333,0.3333333333333334,0.5,0.5,0.0,0.0,0.6666666666666666,0.33333333333333337,0.16666666666666666,0.6666666666666666,0.16666666666666674,0.3333333333333333,0.3333333333333333,0.3333333333333334
P-1168,0.8333333333333334,0.16666666666666666,-2.7755575615628914e-17,0.6666666666666666,0.3333333333333333,5.551115123125783e-17,0.6666666666666666,0.3333333333333333,5.551115123125783e-17,1.0,0.0,0.0,1.0,0.0,0.0,0.8333333333333334,0.16666666666666666,-2.7755575615628914e-17,0.8333333333333334,0.16666666666666666,-2.7755575615628914e-17,0.16666666666666666,0.5,0.33333333333333337,0.0,0.16666666666666666,0.8333333333333334,0.16666666666666666,0.5,0.33333333333333337,0.3333333333333333,0.16666666666666666,0.5000000000000001,0.8333333333333334,0.16666666666666666,-2.7755575615628914e-17,0.0,0.8333333333333334,0.16666666666666663
P-1169,0.16666666666666666,0.6666666666666666,0.16666666666666674,0.6666666666666666,0.0,0.33333333333333337,0.6666666666666666,0.0,0.33333333333333337,0.8333333333333334,0.0,0.16666666666666663,0.8333333333333334,0.0,0.16666666666666663,0.3333333333333333,0.5,0.16666666666666674,0.16666666666666666,0.6666666666666666,0.16666666666666674,0.6666666666666666,0.16666666666666666,0.1666666666666667,0.16666666666666666,0.6666666666666666,0.16666666666666674,0.5,0.3333333333333333,0.16666666666666669,0.0,0.8333333333333334,0.16666666666666663,0.16666666666666666,0.6666666666666666,0.16666666666666674,0.16666666666666666,0.16666666666666666,0.6666666666666667
P-1171,0.16666666666666666,0.5,0.33333333333333337,0.5,0.0,0.5,0.5,0.0,0.5,0.6666666666666666,0.0,0.33333333333333337,0.6666666666666666,0.0,0.33333333333333337,0.3333333333333333,0.3333333333333333,0.3333333333333334,0.16666666666666666,0.5,0.33333333333333337,0.5,0.3333333333333333,0.16666666666666669,0.3333333333333333,0.5,0.16666666666666674,0.3333333333333333,0.5,0.16666666666666674,0.0,1.0,0.0,0.0,0.5,0.5,0.3333333333333333,0.16666666666666666,0.5000000000000001
P-1173,0.16666666666666666,0.6666666666666666,0.16666666666666674,0.6666666666666666,0.16666666666666666,0.1666666666666667,0.8333333333333334,0.0,0.16666666666666663,0.5,0.3333333333333333,0.16666666666666669,0.6666666666666666,0.3333333333333333,5.551115123125783e-17,0.16666666666666666,0.6666666666666666,0.16666666666666674,0.16666666666666666,0.5,0.33333333333333337,0.6666666666666666,0.3333333333333333,5.551115123125783e-17,0.16666666666666666,0.6666666666666666,0.16666666666666674,0.6666666666666666,0.3333333333333333,5.551115123125783e-17,0.0,0.8333333333333334,0.16666666666666663,0.5,0.3333333333333333,0.16666666666666669,0.5,0.16666666666666666,0.33333333333333337
P-1174,0.0,0.5,0.5,0.5,0.16666666666666666,0.33333333333333337,0.5,0.16666666666666666,0.33333333333333337,0.3333333333333333,0.16666666666666666,0.5000000000000001,0.5,0.16666666666666666,0.33333333333333337,0.0,0.5,0.5,0.0,0.5,0.5,0.5,0.5,0.0,0.5,0.5,0.0,0.5,0.5,0.0,0.0,1.0,0.0,0.0,0.8333333333333334,0.16666666666666663,0.6666666666666666,0.0,0.33333333333333337
P-1175,0.0,0.3333333333333333,0.6666666666666667,0.3333333333333333,0.6666666666666666,1.1102230246251565e-16,0.3333333333333333,0.6666666666666666,1.1102230246251565e-16,0.16666666666666666,0.16666666666666666,0.6666666666666667,0.3333333333333333,0.6666666666666666,1.1102230246251565e-16,0.0,0.3333333333333333,0.6666666666666667,0.0,0.3333333333333333,0.6666666666666667,0.3333333333333333,0.6666666666666666,1.1102230246251565e-16,0.6666666666666666,0.3333333333333333,5.551115123125783e-17,0.3333333333333333,0.6666666666666666,1.1102230246251565e-16,0.0,1.0,0.0,0.0,0.8333333333333334,0.16666666666666663,0.8333333333333334,0.0,0.16666666666666663
P-1176,0.16666666666666666,0.3333333333333333,0.5,0.5,0.0,0.5,0.5,0.0,0.5,0.5,0.0,0.5,0.5,0.16666666666666666,0.33333333333333337,0.16666666666666666,0.3333333333333333,0.5,0.16666666666666666,0.3333333333333333,0.5,0.3333333333333333,0.6666666666666666,1.1102230246251565e-16,0.5,0.3333333333333333,0.16666666666666669,0.3333333333333333,0.6666666666666666,1.1102230246251565e-16,0.0,0.8333333333333334,0.16666666666666663,0.3333333333333333,0.6666666666666666,1.1102230246251565e-16,0.5,0.16666666666666666,0.33333333333333337
P-1177,0.0,0.5,0.5,0.5,0.16666666666666666,0.33333333333333337,0.5,0.16666666666666666,0.33333333333333337,0.5,0.0,0.5,0.5,0.16666666666666666,0.33333333333333337,0.0,0.5,0.5,0.0,0.5,0.5,0.5,0.5,0.0,0.5,0.5,0.0,0.5,0.5,0.0,0.0,1.0,0.0,0.0,1.0,0.0,0.5,0.0,0.5
P-1178,0.16666666666666666,0.6666666666666666,0.16666666666666674,0.6666666666666666,0.16666666666666666,0.1666666666666667,0.6666666666666666,0.16666666666666666,0.1666666666666667,0.5,0.3333333333333333,0.16666666666666669,0.6666666666666666,0.16666666666666666,0.1666666666666667,0.3333333333333333,0.5,0.16666666666666674,0.16666666666666666,0.5,0.33333333333333337,0.5,0.3333333333333333,0.16666666666666669,0.16666666666666666,0.5,0.33333333333333337,0.5,0.3333333333333333,0.16666666666666669,0.0,1.0,0.0,0.3333333333333333,0.5,0.16666666666666674,0.3333333333333333,0.16666666666666666,0.5000000000000001
P-1179,0.5,0.5,0.0,0.5,0.3333333333333333,0.16666666666666669,0.6666666666666666,0.16666666666666666,0.1666666666666667,0.8333333333333334,0.16666666666666666,-2.7755575615628914e-17,1.0,0.0,0.0,0.6666666666666666,0.3333333333333333,5.551115123125783e-17,0.5,0.5,0.0,0.5,0.16666666666666666,0.33333333333333337,0.0,0.5,0.5,0.3333333333333333,0.3333333333333333,0.3333333333333334,0.3333333333333333,0.5,0.16666666666666674,0.5,0.3333333333333333,0.16666666666666669,0.0,0.5,0.5
P-1180,0.5,0.3333333333333333,0.16666666666666669,0.5,0.5,0.0,0.5,0.5,0.0,0.8333333333333334,0.0,0.16666666666666663,0.8333333333333334,0.16666666666666666,-2.7755575615628914e-17,0.5,0.3333333333333333,0.16666666666666669,0.5,0.3333333333333333,0.16666666666666669,0.5,0.16666666666666666,0.33333333333333337,0.16666666666666666,0.3333333333333333,0.5,0.5,0.16666666666666666,0.33333333333333337,0.3333333333333333,0.5,0.16666666666666674,0.3333333333333333,0.5,0.16666666666666674,0.16666666666666666,0.5,0.33333333333333337
P-1181,0.3333333333333333,0.6666666666666666,1.1102230246251565e-16,0.5,0.3333333333333333,0.16666666666666669,0.6666666666666666,0.16666666666666666,0.1666666666666667,0.8333333333333334,0.16666666666666666,-2.7755575615628914e-17,0.8333333333333334,0.16666666666666666,-2.7755575615628914e-17,0.5,0.5,0.0,0.5,0.3333333333333333,0.16666666666666669,0.6666666666666666,0.16666666666666666,0.1666666666666667,0.0,0.6666666666666666,0.33333333333333337,0.5,0.3333333333333333,0.16666666666666669,0.16666666666666666,0.6666666666666666,0.16666666666666674,0.5,0.16666666666666666,0.33333333333333337,0.16666666666666666,0.3333333333333333,0.5
P-1182,0.5,0.3333333333333333,0.16666666666666669,0.5,0.3333333333333333,0.16666666666666669,0.5,0.3333333333333333,0.16666666666666669,0.8333333333333334,0.0,0.16666666666666663,0.8333333333333334,0.16666666666666666,-2.7755575615628914e-17,0.6666666666666666,0.16666666666666666,0.1666666666666667,0.5,0.3333333333333333,0.16666666666666669,0.3333333333333333,0.5,0.16666666666666674,0.16666666666666666,0.3333333333333333,0.5,0.16666666666666666,0.6666666666666666,0.16666666666666674,0.16666666666666666,0.5,0.33333333333333337,0.5,0.3333333333333333,0.16666666666666669,0.16666666666666666,0.5,0.33333333333333337
P-1183,0.5,0.16666666666666666,0.33333333333333337,0.6666666666666666,0.0,0.33333333333333337,0.8333333333333334,0.0,0.16666666666666663,0.6666666666666666,0.0,0.33333333333333337,0.6666666666666666,0.16666666666666666,0.1666666666666667,0.5,0.3333333333333333,0.16666666666666669,0.3333333333333333,0.3333333333333333,0.3333333333333334,0.3333333333333333,0.5,0.16666666666666674,0.3333333333333333,0.16666666666666666,0.5000000000000001,0.3333333333333333,0.5,0.16666666666666674,0.0,0.8333333333333334,0.16666666666666663,0.3333333333333333,0.3333333333333333,0.3333333333333334,0.3333333333333333,0.5,0.16666666666666674
P-1184,0.16666666666666666,0.3333333333333333,0.5,0.3333333333333333,0.3333333333333333,0.3333333333333334,0.3333333333333333,0.3333333333333333,0.3333333333333334,0.5,0.0,0.5,0.5,0.5,0.0,0.16666666666666666,0.3333333333333333,0.5,0.3333333333333333,0.16666666666666666,0.5000000000000001,0.3333333333333333,0.5,0.16666666666666674,0.5,0.3333333333333333,0.16666666666666669,0.3333333333333333,0.5,0.16666666666666674,0.16666666666666666,0.8333333333333334,0.0,0.5,0.3333333333333333,0.16666666666666669,0.5,0.16666666666666666,0.33333333333333337
P-1187,0.6666666666666666,0.3333333333333333,5.551115123125783e-17,1.0,0.0,0.0,1.0,0.0,0.0,1.0,0.0,0.0,1.0,0.0,0.0,0.6666666666666666,0.3333333333333333,5.551115123125783e-17,0.0,1.0,0.0,0.3333333333333333,0.6666666666666666,1.1102230246251565e-16,0.0,0.3333333333333333,0.6666666666666667,0.3333333333333333,0.6666666666666666,1.1102230246251565e-16,0.0,1.0,0.0,0.0,0.3333333333333333,0.6666666666666667,0.0,0.6666666666666666,0.33333333333333337
P-1188,0.16666666666666666,0.8333333333333334,0.0,0.8333333333333334,0.16666666666666666,-2.7755575615628914e-17,0.8333333333333334,0.16666666666666666,-2.7755575615628914e-17,0.3333333333333333,0.6666666666666666,1.1102230246251565e-16,0.8333333333333334,0.16666666666666666,-2.7755575615628914e-17,0.3333333333333333,0.6666666666666666,1.1102230246251565e-16,0.16666666666666666,0.6666666666666666,0.16666666666666674,0.6666666666666666,0.16666666666666666,0.1666666666666667,0.0,0.6666666666666666,0.33333333333333337,0.6666666666666666,0.16666666666666666,0.1666666666666667,0.0,1.0,0.0,0.3333333333333333,0.16666666666666666,0.5000000000000001,0.5,0.16666666666666666,0.33333333333333337
P-1189,0.3333333333333333,0.3333333333333333,0.3333333333333334,0.3333333333333333,0.3333333333333333,0.3333333333333334,0.3333333333333333,0.3333333333333333,0.3333333333333334,0.5,0.0,0.5,0.5,0.3333333333333333,0.16666666666666669,0.5,0.16666666666666666,0.33333333333333337,0.3333333333333333,0.16666666666666666,0.5000000000000001,0.16666666666666666,0.5,0.33333333333333337,0.5,0.16666666666666666,0.33333333333333337,0.16666666666666666,0.5,0.33333333333333337,0.16666666666666666,0.8333333333333334,0.0,0.3333333333333333,0.6666666666666666,1.1102230246251565e-16,0.3333333333333333,0.3333333333333333,0.3333333333333334
P-1190,0.3333333333333333,0.5,0.16666666666666674,0.6666666666666666,0.16666666666666666,0.1666666666666667,0.8333333333333334,0.0,0.16666666666666663,0.3333333333333333,0.5,0.16666666666666674,0.8333333333333334,0.0,0.16666666666666663,0.3333333333333333,0.5,0.16666666666666674,0.3333333333333333,0.5,0.16666666666666674,0.5,0.16666666666666666,0.33333333333333337,0.16666666666666666,0.5,0.33333333333333337,0.5,0.16666666666666666,0.33333333333333337,0.16666666666666666,0.8333333333333334,0.0,0.3333333333333333,0.3333333333333333,0.3333333333333334,0.5,0.3333333333333333,0.16666666666666669
P-1191,0.16666666666666666,0.5,0.33333333333333337,0.6666666666666666,0.16666666666666666,0.1666666666666667,0.6666666666666666,0.16666666666666666,0.1666666666666667,0.3333333333333333,0.3333333333333333,0.3333333333333334,0.6666666666666666,0.16666666666666666,0.1666666666666667,0.16666666666666666,0.5,0.33333333333333337,0.16666666666666666,0.5,0.33333333333333337,0.5,0.3333333333333333,0.16666666666666669,0.3333333333333333,0.5,0.16666666666666674,0.5,0.3333333333333333,0.16666666666666669,0.0,1.0,0.0,0.16666666666666666,0.5,0.33333333333333337,0.6666666666666666,0.16666666666666666,0.1666666666666667
P-1192,0.5,0.5,0.0,0.5,0.3333333333333333,0.16666666666666669,0.6666666666666666,0.16666666666666666,0.1666666666666667,0.8333333333333334,0.16666666666666666,-2.7755575615628914e-17,1.0,0.0,0.0,0.6666666666666666,0.3333333333333333,5.551115123125783e-17,0.5,0.5,0.0,0.5,0.16666666666666666,0.33333333333333337,0.0,0.5,0.5,0.3333333333333333,0.3333333333333333,0.3333333333333334,0.3333333333333333,0.5,0.16666666666666674,0.5,0.3333333333333333,0.16666666666666669,0.0,0.5,0.5
P-1193,0.5,0.3333333333333333,0.16666666666666669,0.6666666666666666,0.3333333333333333,5.551115123125783e-17,0.8333333333333334,0.16666666666666666,-2.7755575615628914e-17,0.6666666666666666,0.16666666666666666,0.1666666666666667,0.8333333333333334,0.16666666666666666,-2.7755575615628914e-17,0.5,0.3333333333333333,0.16666666666666669,0.16666666666666666,0.6666666666666666,0.16666666666666674,0.3333333333333333,0.5,0.16666666666666674,0.16666666666666666,0.3333333333333333,0.5,0.3333333333333333,0.5,0.16666666666666674,0.16666666666666666,0.8333333333333334,0.0,0.16666666666666666,0.5,0.33333333333333337,0.16666666666666666,0.5,0.33333333333333337
P-1194,0.0,0.6666666666666666,0.33333333333333337,0.6666666666666666,0.16666666666666666,0.1666666666666667,0.6666666666666666,0.16666666666666666,0.1666666666666667,0.5,0.16666666666666666,0.33333333333333337,0.6666666666666666,0.16666666666666666,0.1666666666666667,0.0,0.6666666666666666,0.33333333333333337,0.0,0.6666666666666666,0.33333333333333337,0.6666666666666666,0.3333333333333333,5.551115123125783e-17,0.3333333333333333,0.6666666666666666,1.1102230246251565e-16,0.6666666666666666,0.3333333333333333,5.551115123125783e-17,0.0,1.0,0.0,0.0,0.8333333333333334,0.16666666666666663,0.5,0.0,0.5
P-1195,0.0,0.5,0.5,0.5,0.5,0.0,0.5,0.5,0.0,0.3333333333333333,0.16666666666666666,0.5000000000000001,0.5,0.5,0.0,0.0,0.5,0.5,0.0,0.5,0.5,0.5,0.5,0.0,0.5,0.5,0.0,0.5,0.5,0.0,0.0,1.0,0.0,0.0,0.8333333333333334,0.16666666666666663,0.6666666666666666,0.0,0.33333333333333337
P-1201,0.16666666666666666,0.16666666666666666,0.6666666666666667,0.16666666666666666,0.5,0.33333333333333337,0.3333333333333333,0.3333333333333333,0.3333333333333334,0.16666666666666666,0.16666666666666666,0.6666666666666667,0.3333333333333333,0.3333333333333333,0.3333333333333334,0.16666666666666666,0.16666666666666666,0.6666666666666667,0.16666666666666666,0.16666666666666666,0.6666666666666667,0.16666666666666666,0.6666666666666666,0.16666666666666674,0.6666666666666666,0.16666666666666666,0.1666666666666667,0.16666666666666666,0.6666666666666666,0.16666666666666674,0.16666666666666666,0.8333333333333334,0.0,0.16666666666666666,0.8333333333333334,0.0,0.6666666666666666,0.16666666666666666,0.1666666666666667
P-1202,0.3333333333333333,0.3333333333333333,0.3333333333333334,0.5,0.3333333333333333,0.16666666666666669,0.5,0.3333333333333333,0.16666666666666669,0.5,0.16666666666666666,0.33333333333333337,0.6666666666666666,0.16666666666666666,0.1666666666666667,0.3333333333333333,0.3333333333333333,0.3333333333333334,0.3333333333333333,0.3333333333333333,0.3333333333333334,0.3333333333333333,0.3333333333333333,0.3333333333333334,0.3333333333333333,0.3333333333333333,0.3333333333333334,0.3333333333333333,0.3333333333333333,0.3333333333333334,0.16666666666666666,0.8333333333333334,0.0,0.3333333333333333,0.5,0.16666666666666674,0.5,0.3333333333333333,0.16666666666666669
P-1205,0.0,0.6666666666666666,0.33333333333333337,0.3333333333333333,0.16666666666666666,0.5000000000000001,0.3333333333333333,0.16666666666666666,0.5000000000000001,0.3333333333333333,0.0,0.6666666666666667,0.3333333333333333,0.3333333333333333,0.3333333333333334,0.3333333333333333,0.3333333333333333,0.3333333333333334,0.16666666666666666,0.16666666666666666,0.6666666666666667,0.5,0.0,0.5,0.6666666666666666,0.3333333333333333,5.551115123125783e-17,0.3333333333333333,0.16666666666666666,0.5000000000000001,0.0,1.0,0.0,0.0,0.8333333333333334,0.16666666666666663,0.3333333333333333,0.0,0.6666666666666667
P-1206,0.16666666666666666,0.5,0.33333333333333337,0.3333333333333333,0.16666666666666666,0.5000000000000001,0.3333333333333333,0.16666666666666666,0.5000000000000001,0.3333333333333333,0.0,0.6666666666666667,0.3333333333333333,0.5,0.16666666666666674,0.5,0.16666666666666666,0.33333333333333337,0.16666666666666666,0.16666666666666666,0.6666666666666667,0.16666666666666666,0.5,0.33333333333333337,0.6666666666666666,0.16666666666666666,0.1666666666666667,0.16666666666666666,0.5,0.33333333333333337,0.0,0.8333333333333334,0.16666666666666663,0.16666666666666666,0.8333333333333334,0.0,0.3333333333333333,0.16666666666666666,0.5000000000000001
P-1208,0.16666666666666666,0.3333333333333333,0.5,0.0,0.6666666666666666,0.33333333333333337,0.16666666666666666,0.5,0.33333333333333337,0.16666666666666666,0.16666666666666666,0.6666666666666667,0.16666666666666666,0.6666666666666666,0.16666666666666674,0.3333333333333333,0.16666666666666666,0.5000000000000001,0.16666666666666666,0.0,0.8333333333333334,0.16666666666666666,0.5,0.33333333333333337,0.6666666666666666,0.16666666666666666,0.1666666666666667,0.16666666666666666,0.5,0.33333333333333337,0.16666666666666666,0.8333333333333334,0.0,0.3333333333333333,0.6666666666666666,1.1102230246251565e-16,0.6666666666666666,0.16666666666666666,0.1666666666666667
P-1209,0.0,0.3333333333333333,0.6666666666666667,0.0,0.8333333333333334,0.16666666666666663,0.16666666666666666,0.6666666666666666,0.16666666666666674,0.0,0.3333333333333333,0.6666666666666667,0.0,0.8333333333333334,0.16666666666666663,0.16666666666666666,0.16666666666666666,0.6666666666666667,0.0,0.0,1.0,0.16666666666666666,0.3333333333333333,0.5,0.6666666666666666,0.16666666666666666,0.1666666666666667,0.16666666666666666,0.3333333333333333,0.5,0.0,1.0,0.0,0.5,0.5,0.0,0.6666666666666666,0.0,0.33333333333333337
P-1211,0.3333333333333333,0.5,0.16666666666666674,0.6666666666666666,0.3333333333333333,5.551115123125783e-17,0.8333333333333334,0.16666666666666666,-2.7755575615628914e-17,0.6666666666666666,0.16666666666666666,0.1666666666666667,0.6666666666666666,0.3333333333333333,5.551115123125783e-17,0.3333333333333333,0.5,0.16666666666666674,0.16666666666666666,0.5,0.33333333333333337,0.5,0.5,0.0,0.16666666666666666,0.5,0.33333333333333337,0.5,0.5,0.0,0.0,1.0,0.0,0.16666666666666666,0.3333333333333333,0.5,0.3333333333333333,0.3333333333333333,0.3333333333333334
P-1212,0.16666666666666666,0.6666666666666666,0.16666666666666674,0.5,0.5,0.0,0.8333333333333334,0.16666666666666666,-2.7755575615628914e-17,0.5,0.3333333333333333,0.16666666666666669,0.6666666666666666,0.3333333333333333,5.551115123125783e-17,0.16666666666666666,0.6666666666666666,0.16666666666666674,0.16666666666666666,0.5,0.33333333333333337,0.6666666666666666,0.16666666666666666,0.1666666666666667,0.16666666666666666,0.6666666666666666,0.16666666666666674,0.6666666666666666,0.16666666666666666,0.1666666666666667,0.16666666666666666,0.8333333333333334,0.0,0.3333333333333333,0.6666666666666666,1.1102230246251565e-16,0.3333333333333333,0.16666666666666666,0.5000000000000001
P-1213,0.0,0.5,0.5,0.16666666666666666,0.6666666666666666,0.16666666666666674,0.3333333333333333,0.5,0.16666666666666674,0.16666666666666666,0.16666666666666666,0.6666666666666667,0.16666666666666666,0.8333333333333334,0.0,0.16666666666666666,0.3333333333333333,0.5,0.0,0.16666666666666666,0.8333333333333334,0.3333333333333333,0.5,0.16666666666666674,0.6666666666666666,0.3333333333333333,5.551115123125783e-17,0.3333333333333333,0.5,0.16666666666666674,0.0,1.0,0.0,0.16666666666666666,0.8333333333333334,0.0,0.6666666666666666,0.0,0.33333333333333337
P-1214,0.0,0.3333333333333333,0.6666666666666667,0.0,0.8333333333333334,0.16666666666666663,0.16666666666666666,0.6666666666666666,0.16666666666666674,0.0,0.3333333333333333,0.6666666666666667,0.0,0.8333333333333334,0.16666666666666663,0.16666666666666666,0.16666666666666666,0.6666666666666667,0.0,0.0,1.0,0.16666666666666666,0.5,0.33333333333333337,0.6666666666666666,0.16666666666666666,0.1666666666666667,0.16666666666666666,0.5,0.33333333333333337,0.0,1.0,0.0,0.3333333333333333,0.6666666666666666,1.1102230246251565e-16,0.8333333333333334,0.0,0.16666666666666663
P-1216,0.16666666666666666,0.16666666666666666,0.6666666666666667,0.0,0.6666666666666666,0.33333333333333337,0.0,0.6666666666666666,0.33333333333333337,0.16666666666666666,0.0,0.8333333333333334,0.16666666666666666,0.5,0.33333333333333337,0.3333333333333333,0.0,0.6666666666666667,0.16666666666666666,0.0,0.8333333333333334,0.16666666666666666,0.5,0.33333333333333337,0.8333333333333334,0.0,0.16666666666666663,0.0,0.6666666666666666,0.33333333333333337,0.16666666666666666,0.8333333333333334,0.0,0.16666666666666666,0.8333333333333334,0.0,0.6666666666666666,0.16666666666666666,0.1666666666666667
P-1217,0.3333333333333333,0.16666666666666666,0.5000000000000001,0.16666666666666666,0.5,0.33333333333333337,0.16666666666666666,0.5,0.33333333333333337,0.3333333333333333,0.0,0.6666666666666667,0.3333333333333333,0.5,0.16666666666666674,0.5,0.0,0.5,0.3333333333333333,0.0,0.6666666666666667,0.16666666666666666,0.5,0.33333333333333337,0.6666666666666666,0.0,0.33333333333333337,0.16666666666666666,0.5,0.33333333333333337,0.16666666666666666,0.6666666666666666,0.16666666666666674,0.16666666666666666,0.6666666666666666,0.16666666666666674,0.5,0.3333333333333333,0.16666666666666669
P-1218,0.3333333333333333,0.5,0.16666666666666674,0.6666666666666666,0.3333333333333333,5.551115123125783e-17,0.8333333333333334,0.16666666666666666,-2.7755575615628914e-17,0.6666666666666666,0.16666666666666666,0.1666666666666667,0.6666666666666666,0.3333333333333333,5.551115123125783e-17,0.3333333333333333,0.5,0.16666666666666674,0.5,0.16666666666666666,0.33333333333333337,0.6666666666666666,0.3333333333333333,5.551115123125783e-17,0.16666666666666666,0.5,0.33333333333333337,0.6666666666666666,0.3333333333333333,5.551115123125783e-17,0.0,0.8333333333333334,0.16666666666666663,0.3333333333333333,0.3333333333333333,0.3333333333333334,0.3333333333333333,0.3333333333333333,0.3333333333333334
P-1219,0.3333333333333333,0.5,0.16666666666666674,0.3333333333333333,0.5,0.16666666666666674,0.5,0.3333333333333333,0.16666666666666669,0.6666666666666666,0.16666666666666666,0.1666666666666667,0.6666666666666666,0.3333333333333333,5.551115123125783e-17,0.5,0.3333333333333333,0.16666666666666669,0.3333333333333333,0.3333333333333333,0.3333333333333334,0.6666666666666666,0.16666666666666666,0.1666666666666667,0.16666666666666666,0.5,0.33333333333333337,0.5,0.3333333333333333,0.16666666666666669,0.16666666666666666,0.6666666666666666,0.16666666666666674,0.3333333333333333,0.3333333333333333,0.3333333333333334,0.3333333333333333,0.3333333333333333,0.3333333333333334
P-1220,0.16666666666666666,0.3333333333333333,0.5,0.16666666666666666,0.3333333333333333,0.5,0.3333333333333333,0.16666666666666666,0.5000000000000001,0.16666666666666666,0.16666666666666666,0.6666666666666667,0.16666666666666666,0.8333333333333334,0.0,0.3333333333333333,0.16666666666666666,0.5000000000000001,0.16666666666666666,0.0,0.8333333333333334,0.16666666666666666,0.6666666666666666,0.16666666666666674,0.6666666666666666,0.16666666666666666,0.1666666666666667,0.16666666666666666,0.6666666666666666,0.16666666666666674,0.0,0.8333333333333334,0.16666666666666663,0.6666666666666666,0.3333333333333333,5.551115123125783e-17,0.6666666666666666,0.16666666666666666,0.1666666666666667
P-1221,0.5,0.0,0.5,0.3333333333333333,0.3333333333333333,0.3333333333333334,0.3333333333333333,0.3333333333333333,0.3333333333333334,0.5,0.0,0.5,0.5,0.3333333333333333,0.16666666666666669,0.5,0.0,0.5,0.5,0.0,0.5,0.16666666666666666,0.6666666666666666,0.16666666666666674,0.5,0.0,0.5,0.16666666666666666,0.6666666666666666,0.16666666666666674,0.16666666666666666,0.5,0.33333333333333337,0.5,0.3333333333333333,0.16666666666666669,0.5,0.5,0.0
P-1222,0.5,0.16666666666666666,0.33333333333333337,0.3333333333333333,0.5,0.16666666666666674,0.3333333333333333,0.5,0.16666666666666674,0.6666666666666666,0.0,0.33333333333333337,0.6666666666666666,0.3333333333333333,5.551115123125783e-17,0.6666666666666666,0.0,0.33333333333333337,0.5,0.16666666666666666,0.33333333333333337,0.16666666666666666,0.6666666666666666,0.16666666666666674,0.3333333333333333,0.16666666666666666,0.5000000000000001,0.0,0.8333333333333334,0.16666666666666663,0.16666666666666666,0.5,0.33333333333333337,0.5,0.3333333333333333,0.16666666666666669,0.3333333333333333,0.5,0.16666666666666674
P-1223,0.3333333333333333,0.16666666666666666,0.5000000000000001,0.16666666666666666,0.5,0.33333333333333337,0.16666666666666666,0.5,0.33333333333333337,0.3333333333333333,0.0,0.6666666666666667,0.3333333333333333,0.5,0.16666666666666674,0.5,0.0,0.5,0.3333333333333333,0.0,0.6666666666666667,0.0,0.6666666666666666,0.33333333333333337,0.6666666666666666,0.0,0.33333333333333337,0.0,0.6666666666666666,0.33333333333333337,0.16666666666666666,0.6666666666666666,0.16666666666666674,0.3333333333333333,0.6666666666666666,1.1102230246251565e-16,0.5,0.3333333333333333,0.16666666666666669
P-1225,0.3333333333333333,0.0,0.6666666666666667,0.3333333333333333,0.16666666666666666,0.5000000000000001,0.3333333333333333,0.16666666666666666,0.5000000000000001,0.3333333333333333,0.0,0.6666666666666667,0.3333333333333333,0.16666666666666666,0.5000000000000001,0.3333333333333333,0.0,0.6666666666666667,0.16666666666666666,0.16666666666666666,0.6666666666666667,0.0,0.6666666666666666,0.33333333333333337,0.6666666666666666,0.0,0.33333333333333337,0.0,0.6666666666666666,0.33333333333333337,0.0,1.0,0.0,0.16666666666666666,0.6666666666666666,0.16666666666666674,0.6666666666666666,0.3333333333333333,5.551115123125783e-17
P-1226,0.3333333333333333,0.16666666666666666,0.5000000000000001,0.5,0.16666666666666666,0.33333333333333337,0.5,0.16666666666666666,0.33333333333333337,0.5,0.0,0.5,0.5,0.16666666666666666,0.33333333333333337,0.3333333333333333,0.16666666666666666,0.5000000000000001,0.0,0.5,0.5,0.16666666666666666,0.5,0.33333333333333337,0.5,0.16666666666666666,0.33333333333333337,0.16666666666666666,0.5,0.33333333333333337,0.0,1.0,0.0,0.0,0.6666666666666666,0.33333333333333337,0.5,0.3333333333333333,0.16666666666666669
P-1227,0.16666666666666666,0.16666666666666666,0.6666666666666667,0.0,0.5,0.5,0.0,0.5,0.5,0.16666666666666666,0.0,0.8333333333333334,0.16666666666666666,0.5,0.33333333333333337,0.3333333333333333,0.0,0.6666666666666667,0.16666666666666666,0.0,0.8333333333333334,0.0,0.5,0.5,0.8333333333333334,0.0,0.16666666666666663,0.0,0.5,0.5,0.16666666666666666,0.8333333333333334,0.0,0.16666666666666666,0.8333333333333334,0.0,0.6666666666666666,0.16666666666666666,0.1666666666666667
P-1228,0.3333333333333333,0.3333333333333333,0.3333333333333334,0.6666666666666666,0.16666666666666666,0.1666666666666667,0.6666666666666666,0.16666666666666666,0.1666666666666667,0.3333333333333333,0.3333333333333333,0.3333333333333334,0.6666666666666666,0.16666666666666666,0.1666666666666667,0.3333333333333333,0.3333333333333333,0.3333333333333334,0.0,0.6666666666666666,0.33333333333333337,0.3333333333333333,0.5,0.16666666666666674,0.3333333333333333,0.3333333333333333,0.3333333333333334,0.3333333333333333,0.5,0.16666666666666674,0.0,1.0,0.0,0.0,0.3333333333333333,0.6666666666666667,0.6666666666666666,0.3333333333333333,5.551115123125783e-17
P-1229,0.16666666666666666,0.3333333333333333,0.5,0.16666666666666666,0.5,0.33333333333333337,0.16666666666666666,0.5,0.33333333333333337,0.16666666666666666,0.16666666666666666,0.6666666666666667,0.3333333333333333,0.5,0.16666666666666674,0.3333333333333333,0.16666666666666666,0.5000000000000001,0.16666666666666666,0.16666666666666666,0.6666666666666667,0.16666666666666666,0.5,0.33333333333333337,0.6666666666666666,0.16666666666666666,0.1666666666666667,0.16666666666666666,0.5,0.33333333333333337,0.16666666666666666,0.8333333333333334,0.0,0.16666666666666666,0.6666666666666666,0.16666666666666674,0.6666666666666666,0.16666666666666666,0.1666666666666667
P-1230,0.3333333333333333,0.5,0.16666666666666674,0.8333333333333334,0.16666666666666666,-2.7755575615628914e-17,0.8333333333333334,0.16666666666666666,-2.7755575615628914e-17,0.5,0.3333333333333333,0.16666666666666669,0.8333333333333334,0.16666666666666666,-2.7755575615628914e-17,0.3333333333333333,0.5,0.16666666666666674,0.5,0.3333333333333333,0.16666666666666669,0.6666666666666666,0.3333333333333333,5.551115123125783e-17,0.16666666666666666,0.5,0.33333333333333337,0.6666666666666666,0.3333333333333333,5.551115123125783e-17,0.0,0.8333333333333334,0.16666666666666663,0.16666666666666666,0.16666666666666666,0.6666666666666667,0.5,0.3333333333333333,0.16666666666666669
P-1231,0.16666666666666666,0.3333333333333333,0.5,0.0,0.6666666666666666,0.33333333333333337,0.0,0.6666666666666666,0.33333333333333337,0.16666666666666666,0.16666666666666666,0.6666666666666667,0.16666666666666666,0.6666666666666666,0.16666666666666674,0.5,0.0,0.5,0.16666666666666666,0.0,0.8333333333333334,0.0,0.5,0.5,0.6666666666666666,0.0,0.33333333333333337,0.0,0.5,0.5,0.16666666666666666,0.8333333333333334,0.0,0.3333333333333333,0.6666666666666666,1.1102230246251565e-16,0.5,0.16666666666666666,0.33333333333333337
P-1232,0.5,0.3333333333333333,0.16666666666666669,0.6666666666666666,0.3333333333333333,5.551115123125783e-17,0.6666666666666666,0.3333333333333333,5.551115123125783e-17,0.6666666666666666,0.16666666666666666,0.1666666666666667,0.6666666666666666,0.3333333333333333,5.551115123125783e-17,0.6666666666666666,0.16666666666666666,0.1666666666666667,0.16666666666666666,0.5,0.33333333333333337,0.16666666666666666,0.6666666666666666,0.16666666666666674,0.16666666666666666,0.16666666666666666,0.6666666666666667,0.16666666666666666,0.6666666666666666,0.16666666666666674,0.0,1.0,0.0,0.16666666666666666,0.16666666666666666,0.6666666666666667,0.16666666666666666,0.5,0.33333333333333337
P-1234,0.16666666666666666,0.3333333333333333,0.5,0.3333333333333333,0.3333333333333333,0.3333333333333334,0.5,0.16666666666666666,0.33333333333333337,0.16666666666666666,0.3333333333333333,0.5,0.3333333333333333,0.3333333333333333,0.3333333333333334,0.16666666666666666,0.3333333333333333,0.5,0.16666666666666666,0.16666666666666666,0.6666666666666667,0.3333333333333333,0.6666666666666666,1.1102230246251565e-16,0.5,0.3333333333333333,0.16666666666666669,0.3333333333333333,0.6666666666666666,1.1102230246251565e-16,0.0,1.0,0.0,0.3333333333333333,0.5,0.16666666666666674,0.8333333333333334,0.16666666666666666,-2.7755575615628914e-17
P-1235,0.16666666666666666,0.16666666666666666,0.6666666666666667,0.0,0.5,0.5,0.0,0.5,0.5,0.16666666666666666,0.0,0.8333333333333334,0.16666666666666666,0.5,0.33333333333333337,0.3333333333333333,0.0,0.6666666666666667,0.16666666666666666,0.0,0.8333333333333334,0.0,0.6666666666666666,0.33333333333333337,0.8333333333333334,0.0,0.16666666666666663,0.0,0.6666666666666666,0.33333333333333337,0.16666666666666666,0.8333333333333334,0.0,0.16666666666666666,0.8333333333333334,0.0,0.6666666666666666,0.16666666666666666,0.1666666666666667
P-1236,0.0,0.16666666666666666,0.8333333333333334,0.16666666666666666,0.16666666666666666,0.6666666666666667,0.16666666666666666,0.16666666666666666,0.6666666666666667,0.16666666666666666,0.0,0.8333333333333334,0.16666666666666666,0.5,0.33333333333333337,0.0,0.16666666666666666,0.8333333333333334,0.16666666666666666,0.0,0.8333333333333334,0.16666666666666666,0.8333333333333334,0.0,0.8333333333333334,0.16666666666666666,-2.7755575615628914e-17,0.16666666666666666,0.8333333333333334,0.0,0.0,1.0,0.0,0.3333333333333333,0.5,0.16666666666666674,0.8333333333333334,0.0,0.16666666666666663
P-1237,0.0,0.5,0.5,0.5,0.16666666666666666,0.33333333333333337,0.5,0.16666666666666666,0.33333333333333337,0.3333333333333333,0.16666666666666666,0.5000000000000001,0.5,0.3333333333333333,0.16666666666666669,0.0,0.5,0.5,0.3333333333333333,0.16666666666666666,0.5000000000000001,0.5,0.5,0.0,0.5,0.5,0.0,0.5,0.5,0.0,0.0,1.0,0.0,0.16666666666666666,0.3333333333333333,0.5,0.6666666666666666,0.0,0.33333333333333337
P-1238,0.0,0.5,0.5,0.3333333333333333,0.5,0.16666666666666674,0.5,0.3333333333333333,0.16666666666666669,0.3333333333333333,0.16666666666666666,0.5000000000000001,0.3333333333333333,0.5,0.16666666666666674,0.0,0.5,0.5,0.0,0.3333333333333333,0.6666666666666667,0.5,0.5,0.0,0.5,0.5,0.0,0.5,0.5,0.0,0.0,1.0,0.0,0.16666666666666666,0.8333333333333334,0.0,0.6666666666666666,0.0,0.33333333333333337
P-1239,0.16666666666666666,0.16666666666666666,0.6666666666666667,0.16666666666666666,0.5,0.33333333333333337,0.3333333333333333,0.3333333333333333,0.3333333333333334,0.16666666666666666,0.16666666666666666,0.6666666666666667,0.3333333333333333,0.3333333333333333,0.3333333333333334,0.16666666666666666,0.16666666666666666,0.6666666666666667,0.16666666666666666,0.16666666666666666,0.6666666666666667,0.16666666666666666,0.6666666666666666,0.16666666666666674,0.6666666666666666,0.16666666666666666,0.1666666666666667,0.16666666666666666,0.6666666666666666,0.16666666666666674,0.16666666666666666,0.8333333333333334,0.0,0.16666666666666666,0.8333333333333334,0.0,0.6666666666666666,0.16666666666666666,0.1666666666666667
P-1240,0.16666666666666666,0.16666666666666666,0.6666666666666667,0.16666666666666666,0.3333333333333333,0.5,0.5,0.16666666666666666,0.33333333333333337,0.16666666666666666,0.16666666666666666,0.6666666666666667,0.16666666666666666,0.3333333333333333,0.5,0.16666666666666666,0.3333333333333333,0.5,0.16666666666666666,0.0,0.8333333333333334,0.16666666666666666,0.6666666666666666,0.16666666666666674,0.6666666666666666,0.16666666666666666,0.1666666666666667,0.16666666666666666,0.6666666666666666,0.16666666666666674,0.0,1.0,0.0,0.3333333333333333,0.6666666666666666,1.1102230246251565e-16,0.8333333333333334,0.16666666666666666,-2.7755575615628914e-17
P-1241,0.3333333333333333,0.3333333333333333,0.3333333333333334,0.0,1.0,0.0,0.3333333333333333,0.6666666666666666,1.1102230246251565e-16,0.3333333333333333,0.3333333333333333,0.3333333333333334,0.3333333333333333,0.6666666666666666,1.1102230246251565e-16,0.3333333333333333,0.3333333333333333,0.3333333333333334,0.3333333333333333,0.0,0.6666666666666667,0.3333333333333333,0.3333333333333333,0.3333333333333334,0.3333333333333333,0.3333333333333333,0.3333333333333334,0.3333333333333333,0.3333333333333333,0.3333333333333334,0.3333333333333333,0.6666666666666666,1.1102230246251565e-16,0.6666666666666666,0.3333333333333333,5.551115123125783e-17,0.6666666666666666,0.3333333333333333,5.551115123125783e-17
P-1242,0.3333333333333333,0.16666666666666666,0.5000000000000001,0.0,0.6666666666666666,0.33333333333333337,0.0,0.6666666666666666,0.33333333333333337,0.3333333333333333,0.0,0.6666666666666667,0.3333333333333333,0.5,0.16666666666666674,0.5,0.0,0.5,0.3333333333333333,0.0,0.6666666666666667,0.0,0.5,0.5,0.6666666666666666,0.0,0.33333333333333337,0.0,0.5,0.5,0.3333333333333333,0.6666666666666666,1.1102230246251565e-16,0.3333333333333333,0.6666666666666666,1.1102230246251565e-16,0.5,0.3333333333333333,0.16666666666666669
P-1243,0.8333333333333334,0.0,0.16666666666666663,0.3333333333333333,0.6666666666666666,1.1102230246251565e-16,0.3333333333333333,0.6666666666666666,1.1102230246251565e-16,0.8333333333333334,0.0,0.16666666666666663,0.8333333333333334,0.16666666666666666,-2.7755575615628914e-17,0.8333333333333334,0.0,0.16666666666666663,0.8333333333333334,0.0,0.16666666666666663,0.0,0.5,0.5,0.16666666666666666,0.0,0.8333333333333334,0.0,0.5,0.5,0.5,0.16666666666666666,0.33333333333333337,0.8333333333333334,0.16666666666666666,-2.7755575615628914e-17,0.16666666666666666,0.8333333333333334,0.0
P-1244,0.3333333333333333,0.3333333333333333,0.3333333333333334,0.5,0.3333333333333333,0.16666666666666669,0.5,0.3333333333333333,0.16666666666666669,0.3333333333333333,0.3333333333333333,0.3333333333333334,0.6666666666666666,0.16666666666666666,0.1666666666666667,0.3333333333333333,0.3333333333333333,0.3333333333333334,0.3333333333333333,0.3333333333333333,0.3333333333333334,0.3333333333333333,0.3333333333333333,0.3333333333333334,0.3333333333333333,0.3333333333333333,0.3333333333333334,0.3333333333333333,0.3333333333333333,0.3333333333333334,0.16666666666666666,0.8333333333333334,0.0,0.3333333333333333,0.3333333333333333,0.3333333333333334,0.6666666666666666,0.3333333333333333,5.551115123125783e-17
P-1245,0.6666666666666666,0.0,0.33333333333333337,0.3333333333333333,0.5,0.16666666666666674,0.6666666666666666,0.3333333333333333,5.551115123125783e-17,0.5,0.16666666666666666,0.33333333333333337,0.6666666666666666,0.16666666666666666,0.1666666666666667,0.6666666666666666,0.16666666666666666,0.1666666666666667,0.6666666666666666,0.0,0.33333333333333337,0.3333333333333333,0.16666666666666666,0.5000000000000001,0.3333333333333333,0.0,0.6666666666666667,0.3333333333333333,0.16666666666666666,0.5000000000000001,0.3333333333333333,0.3333333333333333,0.3333333333333334,0.3333333333333333,0.3333333333333333,0.3333333333333334,0.3333333333333333,0.6666666666666666,1.1102230246251565e-16
P-1246,0.16666666666666666,0.16666666666666666,0.6666666666666667,0.0,0.5,0.5,0.0,0.5,0.5,0.16666666666666666,0.0,0.8333333333333334,0.16666666666666666,0.6666666666666666,0.16666666666666674,0.3333333333333333,0.0,0.6666666666666667,0.16666666666666666,0.0,0.8333333333333334,0.0,0.6666666666666666,0.33333333333333337,0.8333333333333334,0.0,0.16666666666666663,0.0,0.6666666666666666,0.33333333333333337,0.16666666666666666,0.8333333333333334,0.0,0.3333333333333333,0.6666666666666666,1.1102230246251565e-16,0.6666666666666666,0.16666666666666666,0.1666666666666667
P-1247,0.3333333333333333,0.16666666666666666,0.5000000000000001,0.3333333333333333,0.5,0.16666666666666674,0.5,0.3333333333333333,0.16666666666666669,0.3333333333333333,0.16666666666666666,0.5000000000000001,0.3333333333333333,0.6666666666666666,1.1102230246251565e-16,0.3333333333333333,0.16666666666666666,0.5000000000000001,0.3333333333333333,0.0,0.6666666666666667,0.16666666666666666,0.8333333333333334,0.0,0.5,0.16666666666666666,0.33333333333333337,0.16666666666666666,0.8333333333333334,0.0,0.0,0.8333333333333334,0.16666666666666663,0.6666666666666666,0.3333333333333333,5.551115123125783e-17,0.6666666666666666,0.3333333333333333,5.551115123125783e-17
P-1248,0.16666666666666666,0.16666666666666666,0.6666666666666667,0.0,0.6666666666666666,0.33333333333333337,0.0,0.6666666666666666,0.33333333333333337,0.16666666666666666,0.0,0.8333333333333334,0.16666666666666666,0.6666666666666666,0.16666666666666674,0.3333333333333333,0.0,0.6666666666666667,0.16666666666666666,0.0,0.8333333333333334,0.0,0.5,0.5,0.8333333333333334,0.0,0.16666666666666663,0.0,0.5,0.5,0.16666666666666666,0.8333333333333334,0.0,0.3333333333333333,0.6666666666666666,1.1102230246251565e-16,0.5,0.16666666666666666,0.33333333333333337
P-1249,0.3333333333333333,0.16666666666666666,0.5000000000000001,0.16666666666666666,0.5,0.33333333333333337,0.16666666666666666,0.5,0.33333333333333337,0.3333333333333333,0.0,0.6666666666666667,0.3333333333333333,0.5,0.16666666666666674,0.5,0.0,0.5,0.16666666666666666,0.16666666666666666,0.6666666666666667,0.0,0.6666666666666666,0.33333333333333337,0.6666666666666666,0.0,0.33333333333333337,0.0,0.6666666666666666,0.33333333333333337,0.16666666666666666,0.8333333333333334,0.0,0.16666666666666666,0.6666666666666666,0.16666666666666674,0.5,0.3333333333333333,0.16666666666666669
P-1250,0.6666666666666666,0.0,0.33333333333333337,0.6666666666666666,0.16666666666666666,0.1666666666666667,0.6666666666666666,0.16666666666666666,0.1666666666666667,0.6666666666666666,0.0,0.33333333333333337,0.6666666666666666,0.16666666666666666,0.1666666666666667,0.6666666666666666,0.0,0.33333333333333337,0.0,0.6666666666666666,0.33333333333333337,0.0,1.0,0.0,0.3333333333333333,0.0,0.6666666666666667,0.0,1.0,0.0,0.0,1.0,0.0,0.0,0.3333333333333333,0.6666666666666667,0.3333333333333333,0.6666666666666666,1.1102230246251565e-16
P-1251,0.8333333333333334,0.0,0.16666666666666663,0.8333333333333334,0.16666666666666666,-2.7755575615628914e-17,0.8333333333333334,0.16666666666666666,-2.7755575615628914e-17,0.8333333333333334,0.0,0.16666666666666663,0.8333333333333334,0.16666666666666666,-2.7755575615628914e-17,0.8333333333333334,0.0,0.16666666666666663,0.0,0.8333333333333334,0.16666666666666663,0.0,1.0,0.0,0.16666666666666666,0.0,0.8333333333333334,0.0,1.0,0.0,0.0,1.0,0.0,0.0,0.16666666666666666,0.8333333333333334,0.16666666666666666,0.8333333333333334,0.0
P-1253,0.3333333333333333,0.16666666666666666,0.5000000000000001,0.5,0.5,0.0,0.5,0.5,0.0,0.5,0.0,0.5,0.5,0.5,0.0,0.3333333333333333,0.16666666666666666,0.5000000000000001,0.16666666666666666,0.3333333333333333,0.5,0.16666666666666666,0.8333333333333334,0.0,0.5,0.16666666666666666,0.33333333333333337,0.16666666666666666,0.8333333333333334,0.0,0.0,1.0,0.0,0.16666666666666666,0.6666666666666666,0.16666666666666674,0.5,0.3333333333333333,0.16666666666666669
P-1254,0.5,0.0,0.5,0.3333333333333333,0.5,0.16666666666666674,0.6666666666666666,0.3333333333333333,5.551115123125783e-17,0.3333333333333333,0.16666666666666666,0.5000000000000001,0.5,0.16666666666666666,0.33333333333333337,0.5,0.16666666666666666,0.33333333333333337,0.3333333333333333,0.16666666666666666,0.5000000000000001,0.16666666666666666,0.5,0.33333333333333337,0.5,0.0,0.5,0.0,0.6666666666666666,0.33333333333333337,0.16666666666666666,0.6666666666666666,0.16666666666666674,0.3333333333333333,0.5,0.16666666666666674,0.5,0.5,0.0
P-1255,0.5,0.16666666666666666,0.33333333333333337,0.3333333333333333,0.3333333333333333,0.3333333333333334,0.6666666666666666,0.16666666666666666,0.1666666666666667,0.3333333333333333,0.16666666666666666,0.5000000000000001,0.5,0.3333333333333333,0.16666666666666669,0.6666666666666666,0.16666666666666666,0.1666666666666667,0.3333333333333333,0.16666666666666666,0.5000000000000001,0.0,0.5,0.5,0.5,0.0,0.5,0.0,0.5,0.5,0.16666666666666666,0.6666666666666666,0.16666666666666674,0.3333333333333333,0.5,0.16666666666666674,0.3333333333333333,0.5,0.16666666666666674
P-1256,0.16666666666666666,0.5,0.33333333333333337,0.3333333333333333,0.3333333333333333,0.3333333333333334,0.5,0.16666666666666666,0.33333333333333337,0.3333333333333333,0.3333333333333333,0.3333333333333334,0.5,0.3333333333333333,0.16666666666666669,0.3333333333333333,0.3333333333333333,0.3333333333333334,0.16666666666666666,0.3333333333333333,0.5,0.5,0.5,0.0,0.3333333333333333,0.5,0.16666666666666674,0.3333333333333333,0.6666666666666666,1.1102230246251565e-16,0.0,1.0,0.0,0.3333333333333333,0.3333333333333333,0.3333333333333334,0.6666666666666666,0.16666666666666666,0.1666666666666667
P-1257,0.16666666666666666,0.3333333333333333,0.5,0.0,0.5,0.5,0.0,0.5,0.5,0.3333333333333333,0.0,0.6666666666666667,0.3333333333333333,0.5,0.16666666666666674,0.5,0.0,0.5,0.16666666666666666,0.16666666666666666,0.6666666666666667,0.16666666666666666,0.5,0.33333333333333337,0.6666666666666666,0.16666666666666666,0.1666666666666667,0.0,0.6666666666666666,0.33333333333333337,0.16666666666666666,0.8333333333333334,0.0,0.16666666666666666,0.6666666666666666,0.16666666666666674,0.5,0.16666666666666666,0.33333333333333337
P-1258,0.16666666666666666,0.6666666666666666,0.16666666666666674,0.5,0.16666666666666666,0.33333333333333337,0.5,0.16666666666666666,0.33333333333333337,0.3333333333333333,0.3333333333333333,0.3333333333333334,0.6666666666666666,0.3333333333333333,5.551115123125783e-17,0.5,0.3333333333333333,0.16666666666666669,0.16666666666666666,0.5,0.33333333333333337,0.5,0.3333333333333333,0.16666666666666669,0.3333333333333333,0.5,0.16666666666666674,0.3333333333333333,0.5,0.16666666666666674,0.0,1.0,0.0,0.16666666666666666,0.3333333333333333,0.5,0.5,0.16666666666666666,0.33333333333333337
P-1259,0.3333333333333333,0.3333333333333333,0.3333333333333334,0.16666666666666666,0.6666666666666666,0.16666666666666674,0.3333333333333333,0.5,0.16666666666666674,0.3333333333333333,0.16666666666666666,0.5000000000000001,0.3333333333333333,0.6666666666666666,1.1102230246251565e-16,0.5,0.16666666666666666,0.33333333333333337,0.3333333333333333,0.0,0.6666666666666667,0.16666666666666666,0.5,0.33333333333333337,0.5,0.16666666666666666,0.33333333333333337,0.16666666666666666,0.5,0.33333333333333337,0.16666666666666666,0.8333333333333334,0.0,0.5,0.5,0.0,0.5,0.3333333333333333,0.16666666666666669
P-1260,0.3333333333333333,0.16666666666666666,0.5000000000000001,0.16666666666666666,0.6666666666666666,0.16666666666666674,0.16666666666666666,0.6666666666666666,0.16666666666666674,0.3333333333333333,0.0,0.6666666666666667,0.3333333333333333,0.5,0.16666666666666674,0.5,0.0,0.5,0.3333333333333333,0.0,0.6666666666666667,0.16666666666666666,0.5,0.33333333333333337,0.6666666666666666,0.0,0.33333333333333337,0.0,0.6666666666666666,0.33333333333333337,0.16666666666666666,0.8333333333333334,0.0,0.3333333333333333,0.6666666666666666,1.1102230246251565e-16,0.5,0.3333333333333333,0.16666666666666669
P-1261,0.5,0.16666666666666666,0.33333333333333337,0.3333333333333333,0.5,0.16666666666666674,0.3333333333333333,0.5,0.16666666666666674,0.5,0.0,0.5,0.5,0.5,0.0,0.6666666666666666,0.0,0.33333333333333337,0.5,0.0,0.5,0.16666666666666666,0.5,0.33333333333333337,0.5,0.0,0.5,0.16666666666666666,0.5,0.33333333333333337,0.16666666666666666,0.6666666666666666,0.16666666666666674,0.3333333333333333,0.5,0.16666666666666674,0.3333333333333333,0.5,0.16666666666666674
P-1262,0.5,0.16666666666666666,0.33333333333333337,0.3333333333333333,0.5,0.16666666666666674,0.3333333333333333,0.5,0.16666666666666674,0.5,0.0,0.5,0.5,0.5,0.0,0.6666666666666666,0.0,0.33333333333333337,0.5,0.0,0.5,0.0,0.6666666666666666,0.33333333333333337,0.5,0.0,0.5,0.0,0.6666666666666666,0.33333333333333337,0.16666666666666666,0.6666666666666666,0.16666666666666674,0.5,0.5,0.0,0.3333333333333333,0.5,0.16666666666666674
P-1263,0.3333333333333333,0.16666666666666666,0.5000000000000001,0.5,0.16666666666666666,0.33333333333333337,0.5,0.16666666666666666,0.33333333333333337,0.5,0.0,0.5,0.5,0.3333333333333333,0.16666666666666669,0.3333333333333333,0.16666666666666666,0.5000000000000001,0.5,0.0,0.5,0.16666666666666666,0.6666666666666666,0.16666666666666674,0.5,0.16666666666666666,0.33333333333333337,0.16666666666666666,0.6666666666666666,0.16666666666666674,0.0,1.0,0.0,0.5,0.3333333333333333,0.16666666666666669,0.5,0.3333333333333333,0.16666666666666669
P-1264,0.3333333333333333,0.16666666666666666,0.5000000000000001,0.16666666666666666,0.5,0.33333333333333337,0.16666666666666666,0.5,0.33333333333333337,0.3333333333333333,0.0,0.6666666666666667,0.3333333333333333,0.5,0.16666666666666674,0.5,0.0,0.5,0.3333333333333333,0.0,0.6666666666666667,0.0,0.5,0.5,0.6666666666666666,0.0,0.33333333333333337,0.0,0.5,0.5,0.16666666666666666,0.8333333333333334,0.0,0.3333333333333333,0.6666666666666666,1.1102230246251565e-16,0.5,0.3333333333333333,0.16666666666666669
P-1265,0.3333333333333333,0.3333333333333333,0.3333333333333334,0.3333333333333333,0.5,0.16666666666666674,0.3333333333333333,0.5,0.16666666666666674,0.3333333333333333,0.16666666666666666,0.5000000000000001,0.5,0.5,0.0,0.5,0.16666666666666666,0.33333333333333337,0.3333333333333333,0.16666666666666666,0.5000000000000001,0.16666666666666666,0.5,0.33333333333333337,0.5,0.16666666666666666,0.33333333333333337,0.16666666666666666,0.5,0.33333333333333337,0.16666666666666666,0.8333333333333334,0.0,0.3333333333333333,0.5,0.16666666666666674,0.5,0.3333333333333333,0.16666666666666669
P-1266,0.3333333333333333,0.3333333333333333,0.3333333333333334,0.16666666666666666,0.6666666666666666,0.16666666666666674,0.16666666666666666,0.6666666666666666,0.16666666666666674,0.3333333333333333,0.16666666666666666,0.5000000000000001,0.3333333333333333,0.6666666666666666,1.1102230246251565e-16,0.6666666666666666,0.0,0.33333333333333337,0.3333333333333333,0.0,0.6666666666666667,0.0,0.5,0.5,0.5,0.0,0.5,0.0,0.5,0.5,0.16666666666666666,0.8333333333333334,0.0,0.5,0.5,0.0,0.3333333333333333,0.3333333333333333,0.3333333333333334
P-1267,0.3333333333333333,0.3333333333333333,0.3333333333333334,0.16666666666666666,0.5,0.33333333333333337,0.3333333333333333,0.3333333333333333,0.3333333333333334,0.3333333333333333,0.16666666666666666,0.5000000000000001,0.3333333333333333,0.5,0.16666666666666674,0.5,0.16666666666666666,0.33333333333333337,0.3333333333333333,0.0,0.6666666666666667,0.16666666666666666,0.5,0.33333333333333337,0.5,0.16666666666666666,0.33333333333333337,0.16666666666666666,0.5,0.33333333333333337,0.16666666666666666,0.8333333333333334,0.0,0.5,0.5,0.0,0.5,0.3333333333333333,0.16666666666666669
P-1268,0.3333333333333333,0.16666666666666666,0.5000000000000001,0.16666666666666666,0.5,0.33333333333333337,0.16666666666666666,0.5,0.33333333333333337,0.3333333333333333,0.0,0.6666666666666667,0.3333333333333333,0.3333333333333333,0.3333333333333334,0.5,0.0,0.5,0.3333333333333333,0.0,0.6666666666666667,0.16666666666666666,0.5,0.33333333333333337,0.6666666666666666,0.0,0.33333333333333337,0.0,0.6666666666666666,0.33333333333333337,0.16666666666666666,0.8333333333333334,0.0,0.3333333333333333,0.6666666666666666,1.1102230246251565e-16,0.5,0.3333333333333333,0.16666666666666669
P-1269,0.5,0.16666666666666666,0.33333333333333337,0.3333333333333333,0.3333333333333333,0.3333333333333334,0.3333333333333333,0.3333333333333333,0.3333333333333334,0.5,0.0,0.5,0.5,0.3333333333333333,0.16666666666666669,0.6666666666666666,0.0,0.33333333333333337,0.5,0.0,0.5,0.16666666666666666,0.5,0.33333333333333337,0.5,0.0,0.5,0.16666666666666666,0.5,0.33333333333333337,0.16666666666666666,0.6666666666666666,0.16666666666666674,0.3333333333333333,0.5,0.16666666666666674,0.3333333333333333,0.5,0.16666666666666674
P-1270,0.5,0.16666666666666666,0.33333333333333337,0.3333333333333333,0.3333333333333333,0.3333333333333334,0.3333333333333333,0.3333333333333333,0.3333333333333334,0.5,0.0,0.5,0.5,0.3333333333333333,0.16666666666666669,0.6666666666666666,0.0,0.33333333333333337,0.5,0.0,0.5,0.0,0.6666666666666666,0.33333333333333337,0.5,0.0,0.5,0.0,0.6666666666666666,0.33333333333333337,0.16666666666666666,0.6666666666666666,0.16666666666666674,0.5,0.5,0.0,0.3333333333333333,0.5,0.16666666666666674
P-1271,0.3333333333333333,0.16666666666666666,0.5000000000000001,0.16666666666666666,0.3333333333333333,0.5,0.16666666666666666,0.3333333333333333,0.5,0.3333333333333333,0.0,0.6666666666666667,0.3333333333333333,0.3333333333333333,0.3333333333333334,0.5,0.0,0.5,0.3333333333333333,0.0,0.6666666666666667,0.0,0.5,0.5,0.6666666666666666,0.0,0.33333333333333337,0.0,0.5,0.5,0.16666666666666666,0.8333333333333334,0.0,0.3333333333333333,0.6666666666666666,1.1102230246251565e-16,0.5,0.3333333333333333,0.16666666666666669
P-1272,0.3333333333333333,0.3333333333333333,0.3333333333333334,0.3333333333333333,0.3333333333333333,0.3333333333333334,0.3333333333333333,0.3333333333333333,0.3333333333333334,0.3333333333333333,0.16666666666666666,0.5000000000000001,0.5,0.3333333333333333,0.16666666666666669,0.5,0.16666666666666666,0.33333333333333337,0.3333333333333333,0.16666666666666666,0.5000000000000001,0.16666666666666666,0.5,0.33333333333333337,0.5,0.16666666666666666,0.33333333333333337,0.16666666666666666,0.5,0.33333333333333337,0.16666666666666666,0.8333333333333334,0.0,0.3333333333333333,0.5,0.16666666666666674,0.5,0.3333333333333333,0.16666666666666669
P-1273,0.3333333333333333,0.3333333333333333,0.3333333333333334,0.16666666666666666,0.5,0.33333333333333337,0.16666666666666666,0.5,0.33333333333333337,0.3333333333333333,0.16666666666666666,0.5000000000000001,0.3333333333333333,0.5,0.16666666666666674,0.6666666666666666,0.0,0.33333333333333337,0.3333333333333333,0.0,0.6666666666666667,0.0,0.5,0.5,0.5,0.0,0.5,0.0,0.5,0.5,0.16666666666666666,0.8333333333333334,0.0,0.5,0.5,0.0,0.3333333333333333,0.3333333333333333,0.3333333333333334
P-1275,0.3333333333333333,0.16666666666666666,0.5000000000000001,0.16666666666666666,0.3333333333333333,0.5,0.16666666666666666,0.3333333333333333,0.5,0.3333333333333333,0.0,0.6666666666666667,0.3333333333333333,0.3333333333333333,0.3333333333333334,0.5,0.0,0.5,0.3333333333333333,0.0,0.6666666666666667,0.0,0.6666666666666666,0.33333333333333337,0.6666666666666666,0.0,0.33333333333333337,0.0,0.6666666666666666,0.33333333333333337,0.16666666666666666,0.8333333333333334,0.0,0.3333333333333333,0.6666666666666666,1.1102230246251565e-16,0.5,0.3333333333333333,0.16666666666666669
P-1276,0.5,0.16666666666666666,0.33333333333333337,0.16666666666666666,0.5,0.33333333333333337,0.16666666666666666,0.5,0.33333333333333337,0.5,0.0,0.5,0.5,0.3333333333333333,0.16666666666666669,0.6666666666666666,0.0,0.33333333333333337,0.5,0.0,0.5,0.0,0.5,0.5,0.5,0.0,0.5,0.0,0.5,0.5,0.3333333333333333,0.6666666666666666,1.1102230246251565e-16,0.5,0.5,0.0,0.3333333333333333,0.5,0.16666666666666674
P-1277,0.3333333333333333,0.16666666666666666,0.5000000000000001,0.16666666666666666,0.3333333333333333,0.5,0.16666666666666666,0.3333333333333333,0.5,0.3333333333333333,0.0,0.6666666666666667,0.3333333333333333,0.5,0.16666666666666674,0.5,0.0,0.5,0.3333333333333333,0.0,0.6666666666666667,0.0,0.6666666666666666,0.33333333333333337,0.6666666666666666,0.0,0.33333333333333337,0.0,0.6666666666666666,0.33333333333333337,0.16666666666666666,0.8333333333333334,0.0,0.5,0.5,0.0,0.5,0.3333333333333333,0.16666666666666669
P-1278,0.3333333333333333,0.16666666666666666,0.5000000000000001,0.16666666666666666,0.5,0.33333333333333337,0.16666666666666666,0.5,0.33333333333333337,0.3333333333333333,0.0,0.6666666666666667,0.3333333333333333,0.5,0.16666666666666674,0.5,0.0,0.5,0.3333333333333333,0.0,0.6666666666666667,0.0,0.5,0.5,0.6666666666666666,0.0,0.33333333333333337,0.0,0.5,0.5,0.16666666666666666,0.8333333333333334,0.0,0.5,0.5,0.0,0.3333333333333333,0.3333333333333333,0.3333333333333334
P-1279,0.5,0.16666666666666666,0.33333333333333337,0.3333333333333333,0.3333333333333333,0.3333333333333334,0.3333333333333333,0.3333333333333333,0.3333333333333334,0.5,0.0,0.5,0.5,0.3333333333333333,0.16666666666666669,0.6666666666666666,0.0,0.33333333333333337,0.3333333333333333,0.16666666666666666,0.5000000000000001,0.0,0.6666666666666666,0.33333333333333337,0.5,0.0,0.5,0.0,0.6666666666666666,0.33333333333333337,0.16666666666666666,0.8333333333333334,0.0,0.3333333333333333,0.5,0.16666666666666674,0.3333333333333333,0.5,0.16666666666666674
P-1280,0.3333333333333333,0.3333333333333333,0.3333333333333334,0.16666666666666666,0.3333333333333333,0.5,0.16666666666666666,0.3333333333333333,0.5,0.5,0.0,0.5,0.5,0.3333333333333333,0.16666666666666669,0.6666666666666666,0.0,0.33333333333333337,0.3333333333333333,0.16666666666666666,0.5000000000000001,0.16666666666666666,0.5,0.33333333333333337,0.5,0.16666666666666666,0.33333333333333337,0.0,0.6666666666666666,0.33333333333333337,0.16666666666666666,0.8333333333333334,0.0,0.3333333333333333,0.5,0.16666666666666674,0.3333333333333333,0.3333333333333333,0.3333333333333334
P-1281,0.5,0.16666666666666666,0.33333333333333337,0.3333333333333333,0.3333333333333333,0.3333333333333334,0.3333333333333333,0.3333333333333333,0.3333333333333334,0.5,0.0,0.5,0.5,0.3333333333333333,0.16666666666666669,0.6666666666666666,0.0,0.33333333333333337,0.5,0.0,0.5,0.0,0.6666666666666666,0.33333333333333337,0.5,0.0,0.5,0.0,0.6666666666666666,0.33333333333333337,0.16666666666666666,0.8333333333333334,0.0,0.5,0.5,0.0,0.3333333333333333,0.5,0.16666666666666674
P-1282,0.5,0.16666666666666666,0.33333333333333337,0.16666666666666666,0.5,0.33333333333333337,0.3333333333333333,0.3333333333333333,0.3333333333333334,0.3333333333333333,0.16666666666666666,0.5000000000000001,0.5,0.3333333333333333,0.16666666666666669,0.6666666666666666,0.0,0.33333333333333337,0.5,0.0,0.5,0.0,0.5,0.5,0.5,0.0,0.5,0.0,0.5,0.5,0.3333333333333333,0.6666666666666666,1.1102230246251565e-16,0.5,0.5,0.0,0.3333333333333333,0.5,0.16666666666666674
P-1283,0.3333333333333333,0.3333333333333333,0.3333333333333334,0.3333333333333333,0.3333333333333333,0.3333333333333334,0.3333333333333333,0.3333333333333333,0.3333333333333334,0.5,0.0,0.5,0.5,0.3333333333333333,0.16666666666666669,0.5,0.16666666666666666,0.33333333333333337,0.5,0.0,0.5,0.16666666666666666,0.5,0.33333333333333337,0.5,0.16666666666666666,0.33333333333333337,0.16666666666666666,0.5,0.33333333333333337,0.16666666666666666,0.8333333333333334,0.0,0.3333333333333333,0.5,0.16666666666666674,0.3333333333333333,0.3333333333333333,0.3333333333333334
P-1284,0.3333333333333333,0.3333333333333333,0.3333333333333334,0.3333333333333333,0.3333333333333333,0.3333333333333334,0.3333333333333333,0.3333333333333333,0.3333333333333334,0.5,0.0,0.5,0.5,0.3333333333333333,0.16666666666666669,0.5,0.16666666666666666,0.33333333333333337,0.3333333333333333,0.16666666666666666,0.5000000000000001,0.16666666666666666,0.5,0.33333333333333337,0.5,0.16666666666666666,0.33333333333333337,0.16666666666666666,0.5,0.33333333333333337,0.16666666666666666,0.8333333333333334,0.0,0.3333333333333333,0.6666666666666666,1.1102230246251565e-16,0.3333333333333333,0.3333333333333333,0.3333333333333334
P-1285,0.3333333333333333,0.16666666666666666,0.5000000000000001,0.16666666666666666,0.6666666666666666,0.16666666666666674,0.3333333333333333,0.5,0.16666666666666674,0.3333333333333333,0.16666666666666666,0.5000000000000001,0.3333333333333333,0.5,0.16666666666666674,0.3333333333333333,0.16666666666666666,0.5000000000000001,0.3333333333333333,0.0,0.6666666666666667,0.16666666666666666,0.6666666666666666,0.16666666666666674,0.5,0.16666666666666666,0.33333333333333337,0.16666666666666666,0.6666666666666666,0.16666666666666674,0.16666666666666666,0.8333333333333334,0.0,0.5,0.5,0.0,0.6666666666666666,0.3333333333333333,5.551115123125783e-17
P-1286,0.3333333333333333,0.0,0.6666666666666667,0.16666666666666666,0.6666666666666666,0.16666666666666674,0.16666666666666666,0.6666666666666666,0.16666666666666674,0.3333333333333333,0.0,0.6666666666666667,0.3333333333333333,0.3333333333333333,0.3333333333333334,0.3333333333333333,0.0,0.6666666666666667,0.3333333333333333,0.0,0.6666666666666667,0.16666666666666666,0.6666666666666666,0.16666666666666674,0.6666666666666666,0.0,0.33333333333333337,0.0,0.8333333333333334,0.16666666666666663,0.16666666666666666,0.8333333333333334,0.0,0.3333333333333333,0.6666666666666666,1.1102230246251565e-16,0.6666666666666666,0.3333333333333333,5.551115123125783e-17
P-1287,0.5,0.0,0.5,0.3333333333333333,0.5,0.16666666666666674,0.3333333333333333,0.5,0.16666666666666674,0.5,0.0,0.5,0.5,0.3333333333333333,0.16666666666666669,0.5,0.0,0.5,0.5,0.0,0.5,0.16666666666666666,0.6666666666666666,0.16666666666666674,0.5,0.0,0.5,0.16666666666666666,0.6666666666666666,0.16666666666666674,0.16666666666666666,0.6666666666666666,0.16666666666666674,0.3333333333333333,0.5,0.16666666666666674,0.5,0.5,0.0
P-1288,0.5,0.0,0.5,0.3333333333333333,0.5,0.16666666666666674,0.3333333333333333,0.5,0.16666666666666674,0.5,0.0,0.5,0.5,0.3333333333333333,0.16666666666666669,0.5,0.0,0.5,0.5,0.0,0.5,0.0,0.8333333333333334,0.16666666666666663,0.5,0.0,0.5,0.0,0.8333333333333334,0.16666666666666663,0.16666666666666666,0.6666666666666666,0.16666666666666674,0.5,0.5,0.0,0.5,0.5,0.0
P-1289,0.3333333333333333,0.0,0.6666666666666667,0.16666666666666666,0.5,0.33333333333333337,0.16666666666666666,0.5,0.33333333333333337,0.3333333333333333,0.0,0.6666666666666667,0.3333333333333333,0.3333333333333333,0.3333333333333334,0.3333333333333333,0.0,0.6666666666666667,0.3333333333333333,0.0,0.6666666666666667,0.0,0.6666666666666666,0.33333333333333337,0.6666666666666666,0.0,0.33333333333333337,0.0,0.6666666666666666,0.33333333333333337,0.16666666666666666,0.8333333333333334,0.0,0.3333333333333333,0.6666666666666666,1.1102230246251565e-16,0.6666666666666666,0.3333333333333333,5.551115123125783e-17
P-1290,0.3333333333333333,0.16666666666666666,0.5000000000000001,0.3333333333333333,0.5,0.16666666666666674,0.3333333333333333,0.5,0.16666666666666674,0.3333333333333333,0.16666666666666666,0.5000000000000001,0.5,0.3333333333333333,0.16666666666666669,0.3333333333333333,0.16666666666666666,0.5000000000000001,0.3333333333333333,0.16666666666666666,0.5000000000000001,0.16666666666666666,0.6666666666666666,0.16666666666666674,0.5,0.16666666666666666,0.33333333333333337,0.16666666666666666,0.6666666666666666,0.16666666666666674,0.16666666666666666,0.8333333333333334,0.0,0.3333333333333333,0.5,0.16666666666666674,0.6666666666666666,0.3333333333333333,5.551115123125783e-17
P-1291,0.3333333333333333,0.16666666666666666,0.5000000000000001,0.16666666666666666,0.6666666666666666,0.16666666666666674,0.16666666666666666,0.6666666666666666,0.16666666666666674,0.3333333333333333,0.16666666666666666,0.5000000000000001,0.3333333333333333,0.5,0.16666666666666674,0.5,0.0,0.5,0.3333333333333333,0.0,0.6666666666666667,0.0,0.6666666666666666,0.33333333333333337,0.5,0.0,0.5,0.0,0.6666666666666666,0.33333333333333337,0.16666666666666666,0.8333333333333334,0.0,0.5,0.5,0.0,0.5,0.3333333333333333,0.16666666666666669
P-1292,0.3333333333333333,0.0,0.6666666666666667,0.16666666666666666,0.5,0.33333333333333337,0.16666666666666666,0.5,0.33333333333333337,0.3333333333333333,0.0,0.6666666666666667,0.3333333333333333,0.3333333333333333,0.3333333333333334,0.3333333333333333,0.0,0.6666666666666667,0.3333333333333333,0.0,0.6666666666666667,0.0,0.8333333333333334,0.16666666666666663,0.6666666666666666,0.0,0.33333333333333337,0.0,0.8333333333333334,0.16666666666666663,0.16666666666666666,0.8333333333333334,0.0,0.3333333333333333,0.6666666666666666,1.1102230246251565e-16,0.6666666666666666,0.3333333333333333,5.551115123125783e-17
P-1293,0.5,0.0,0.5,0.16666666666666666,0.6666666666666666,0.16666666666666674,0.16666666666666666,0.6666666666666666,0.16666666666666674,0.5,0.0,0.5,0.5,0.3333333333333333,0.16666666666666669,0.5,0.0,0.5,0.5,0.0,0.5,0.0,0.6666666666666666,0.33333333333333337,0.5,0.0,0.5,0.0,0.6666666666666666,0.33333333333333337,0.3333333333333333,0.6666666666666666,1.1102230246251565e-16,0.5,0.5,0.0,0.5,0.5,0.0
P-1294,0.3333333333333333,0.0,0.6666666666666667,0.16666666666666666,0.5,0.33333333333333337,0.16666666666666666,0.5,0.33333333333333337,0.3333333333333333,0.0,0.6666666666666667,0.3333333333333333,0.5,0.16666666666666674,0.3333333333333333,0.0,0.6666666666666667,0.3333333333333333,0.0,0.6666666666666667,0.0,0.8333333333333334,0.16666666666666663,0.6666666666666666,0.0,0.33333333333333337,0.0,0.8333333333333334,0.16666666666666663,0.16666666666666666,0.8333333333333334,0.0,0.5,0.5,0.0,0.6666666666666666,0.3333333333333333,5.551115123125783e-17
P-1295,0.3333333333333333,0.0,0.6666666666666667,0.16666666666666666,0.6666666666666666,0.16666666666666674,0.16666666666666666,0.6666666666666666,0.16666666666666674,0.3333333333333333,0.0,0.6666666666666667,0.3333333333333333,0.5,0.16666666666666674,0.3333333333333333,0.0,0.6666666666666667,0.3333333333333333,0.0,0.6666666666666667,0.0,0.6666666666666666,0.33333333333333337,0.6666666666666666,0.0,0.33333333333333337,0.0,0.6666666666666666,0.33333333333333337,0.16666666666666666,0.8333333333333334,0.0,0.5,0.5,0.0,0.5,0.3333333333333333,0.16666666666666669
P-1296,0.5,0.0,0.5,0.3333333333333333,0.5,0.16666666666666674,0.3333333333333333,0.5,0.16666666666666674,0.5,0.0,0.5,0.5,0.3333333333333333,0.16666666666666669,0.5,0.0,0.5,0.3333333333333333,0.16666666666666666,0.5000000000000001,0.0,0.8333333333333334,0.16666666666666663,0.5,0.0,0.5,0.0,0.8333333333333334,0.16666666666666663,0.16666666666666666,0.8333333333333334,0.0,0.3333333333333333,0.5,0.16666666666666674,0.5,0.5,0.0
P-1297,0.3333333333333333,0.16666666666666666,0.5000000000000001,0.16666666666666666,0.5,0.33333333333333337,0.16666666666666666,0.5,0.33333333333333337,0.5,0.0,0.5,0.5,0.3333333333333333,0.16666666666666669,0.5,0.0,0.5,0.3333333333333333,0.16666666666666666,0.5000000000000001,0.16666666666666666,0.6666666666666666,0.16666666666666674,0.5,0.16666666666666666,0.33333333333333337,0.0,0.8333333333333334,0.16666666666666663,0.16666666666666666,0.8333333333333334,0.0,0.3333333333333333,0.5,0.16666666666666674,0.5,0.3333333333333333,0.16666666666666669
P-1298,0.5,0.0,0.5,0.3333333333333333,0.5,0.16666666666666674,0.3333333333333333,0.5,0.16666666666666674,0.5,0.0,0.5,0.5,0.3333333333333333,0.16666666666666669,0.5,0.0,0.5,0.5,0.0,0.5,0.0,0.8333333333333334,0.16666666666666663,0.5,0.0,0.5,0.0,0.8333333333333334,0.16666666666666663,0.16666666666666666,0.8333333333333334,0.0,0.5,0.5,0.0,0.5,0.5,0.0
P-1299,0.5,0.0,0.5,0.16666666666666666,0.6666666666666666,0.16666666666666674,0.3333333333333333,0.5,0.16666666666666674,0.3333333333333333,0.16666666666666666,0.5000000000000001,0.5,0.3333333333333333,0.16666666666666669,0.5,0.0,0.5,0.5,0.0,0.5,0.0,0.6666666666666666,0.33333333333333337,0.5,0.0,0.5,0.0,0.6666666666666666,0.33333333333333337,0.3333333333333333,0.6666666666666666,1.1102230246251565e-16,0.5,0.5,0.0,0.5,0.5,0.0
P-1300,0.3333333333333333,0.16666666666666666,0.5000000000000001,0.3333333333333333,0.5,0.16666666666666674,0.3333333333333333,0.5,0.16666666666666674,0.5,0.0,0.5,0.5,0.3333333333333333,0.16666666666666669,0.3333333333333333,0.16666666666666666,0.5000000000000001,0.5,0.0,0.5,0.16666666666666666,0.6666666666666666,0.16666666666666674,0.5,0.16666666666666666,0.33333333333333337,0.16666666666666666,0.6666666666666666,0.16666666666666674,0.16666666666666666,0.8333333333333334,0.0,0.3333333333333333,0.5,0.16666666666666674,0.5,0.3333333333333333,0.16666666666666669
P-1301,0.3333333333333333,0.16666666666666666,0.5000000000000001,0.3333333333333333,0.5,0.16666666666666674,0.3333333333333333,0.5,0.16666666666666674,0.5,0.0,0.5,0.5,0.3333333333333333,0.16666666666666669,0.3333333333333333,0.16666666666666666,0.5000000000000001,0.3333333333333333,0.16666666666666666,0.5000000000000001,0.16666666666666666,0.6666666666666666,0.16666666666666674,0.5,0.16666666666666666,0.33333333333333337,0.16666666666666666,0.6666666666666666,0.16666666666666674,0.16666666666666666,0.8333333333333334,0.0,0.3333333333333333,0.6666666666666666,1.1102230246251565e-16,0.5,0.3333333333333333,0.16666666666666669
P-1302,0.3333333333333333,0.0,0.6666666666666667,0.16666666666666666,0.6666666666666666,0.16666666666666674,0.16666666666666666,0.6666666666666666,0.16666666666666674,0.3333333333333333,0.0,0.6666666666666667,0.3333333333333333,0.5,0.16666666666666674,0.3333333333333333,0.0,0.6666666666666667,0.3333333333333333,0.0,0.6666666666666667,0.0,0.8333333333333334,0.16666666666666663,0.6666666666666666,0.0,0.33333333333333337,0.0,0.8333333333333334,0.16666666666666663,0.16666666666666666,0.8333333333333334,0.0,0.3333333333333333,0.6666666666666666,1.1102230246251565e-16,0.6666666666666666,0.3333333333333333,5.551115123125783e-17
P-1303,0.3333333333333333,0.0,0.6666666666666667,0.16666666666666666,0.5,0.33333333333333337,0.3333333333333333,0.5,0.16666666666666674,0.3333333333333333,0.0,0.6666666666666667,0.3333333333333333,0.3333333333333333,0.3333333333333334,0.3333333333333333,0.16666666666666666,0.5000000000000001,0.3333333333333333,0.0,0.6666666666666667,0.0,0.6666666666666666,0.33333333333333337,0.6666666666666666,0.0,0.33333333333333337,0.0,0.6666666666666666,0.33333333333333337,0.16666666666666666,0.8333333333333334,0.0,0.3333333333333333,0.6666666666666666,1.1102230246251565e-16,0.6666666666666666,0.3333333333333333,5.551115123125783e-17
P-1304,0.16666666666666666,0.3333333333333333,0.5,0.16666666666666666,0.5,0.33333333333333337,0.3333333333333333,0.3333333333333333,0.3333333333333334,0.16666666666666666,0.16666666666666666,0.6666666666666667,0.16666666666666666,0.6666666666666666,0.16666666666666674,0.3333333333333333,0.16666666666666666,0.5000000000000001,0.16666666666666666,0.0,0.8333333333333334,0.16666666666666666,0.6666666666666666,0.16666666666666674,0.6666666666666666,0.16666666666666666,0.1666666666666667,0.16666666666666666,0.6666666666666666,0.16666666666666674,0.0,1.0,0.0,0.3333333333333333,0.6666666666666666,1.1102230246251565e-16,0.6666666666666666,0.16666666666666666,0.1666666666666667
P-1305,0.16666666666666666,0.16666666666666666,0.6666666666666667,0.16666666666666666,0.5,0.33333333333333337,0.16666666666666666,0.5,0.33333333333333337,0.16666666666666666,0.0,0.8333333333333334,0.16666666666666666,0.5,0.33333333333333337,0.3333333333333333,0.0,0.6666666666666667,0.16666666666666666,0.0,0.8333333333333334,0.16666666666666666,0.6666666666666666,0.16666666666666674,0.8333333333333334,0.0,0.16666666666666663,0.0,0.8333333333333334,0.16666666666666663,0.0,1.0,0.0,0.16666666666666666,0.8333333333333334,0.0,0.6666666666666666,0.16666666666666666,0.1666666666666667
P-1306,0.3333333333333333,0.16666666666666666,0.5000000000000001,0.3333333333333333,0.3333333333333333,0.3333333333333334,0.3333333333333333,0.3333333333333333,0.3333333333333334,0.3333333333333333,0.0,0.6666666666666667,0.3333333333333333,0.5,0.16666666666666674,0.5,0.0,0.5,0.3333333333333333,0.0,0.6666666666666667,0.16666666666666666,0.6666666666666666,0.16666666666666674,0.6666666666666666,0.0,0.33333333333333337,0.16666666666666666,0.6666666666666666,0.16666666666666674,0.0,0.8333333333333334,0.16666666666666663,0.16666666666666666,0.6666666666666666,0.16666666666666674,0.5,0.3333333333333333,0.16666666666666669
P-1307,0.3333333333333333,0.16666666666666666,0.5000000000000001,0.3333333333333333,0.3333333333333333,0.3333333333333334,0.3333333333333333,0.3333333333333333,0.3333333333333334,0.3333333333333333,0.0,0.6666666666666667,0.3333333333333333,0.5,0.16666666666666674,0.5,0.0,0.5,0.3333333333333333,0.0,0.6666666666666667,0.0,0.8333333333333334,0.16666666666666663,0.6666666666666666,0.0,0.33333333333333337,0.0,0.8333333333333334,0.16666666666666663,0.0,0.8333333333333334,0.16666666666666663,0.3333333333333333,0.6666666666666666,1.1102230246251565e-16,0.5,0.3333333333333333,0.16666666666666669
P-1308,0.16666666666666666,0.16666666666666666,0.6666666666666667,0.16666666666666666,0.3333333333333333,0.5,0.16666666666666666,0.3333333333333333,0.5,0.16666666666666666,0.0,0.8333333333333334,0.16666666666666666,0.5,0.33333333333333337,0.3333333333333333,0.0,0.6666666666666667,0.16666666666666666,0.0,0.8333333333333334,0.0,0.6666666666666666,0.33333333333333337,0.8333333333333334,0.0,0.16666666666666663,0.0,0.6666666666666666,0.33333333333333337,0.0,1.0,0.0,0.16666666666666666,0.8333333333333334,0.0,0.6666666666666666,0.16666666666666666,0.1666666666666667
P-1309,0.16666666666666666,0.3333333333333333,0.5,0.3333333333333333,0.3333333333333333,0.3333333333333334,0.3333333333333333,0.3333333333333333,0.3333333333333334,0.16666666666666666,0.16666666666666666,0.6666666666666667,0.3333333333333333,0.5,0.16666666666666674,0.3333333333333333,0.16666666666666666,0.5000000000000001,0.16666666666666666,0.16666666666666666,0.6666666666666667,0.16666666666666666,0.6666666666666666,0.16666666666666674,0.6666666666666666,0.16666666666666666,0.1666666666666667,0.16666666666666666,0.6666666666666666,0.16666666666666674,0.0,1.0,0.0,0.16666666666666666,0.6666666666666666,0.16666666666666674,0.6666666666666666,0.16666666666666666,0.1666666666666667
P-1310,0.16666666666666666,0.3333333333333333,0.5,0.16666666666666666,0.5,0.33333333333333337,0.16666666666666666,0.5,0.33333333333333337,0.16666666666666666,0.16666666666666666,0.6666666666666667,0.16666666666666666,0.6666666666666666,0.16666666666666674,0.5,0.0,0.5,0.16666666666666666,0.0,0.8333333333333334,0.0,0.6666666666666666,0.33333333333333337,0.6666666666666666,0.0,0.33333333333333337,0.0,0.6666666666666666,0.33333333333333337,0.0,1.0,0.0,0.3333333333333333,0.6666666666666666,1.1102230246251565e-16,0.5,0.16666666666666666,0.33333333333333337
P-1311,0.16666666666666666,0.16666666666666666,0.6666666666666667,0.16666666666666666,0.3333333333333333,0.5,0.16666666666666666,0.3333333333333333,0.5,0.16666666666666666,0.0,0.8333333333333334,0.16666666666666666,0.5,0.33333333333333337,0.3333333333333333,0.0,0.6666666666666667,0.16666666666666666,0.0,0.8333333333333334,0.0,0.8333333333333334,0.16666666666666663,0.8333333333333334,0.0,0.16666666666666663,0.0,0.8333333333333334,0.16666666666666663,0.0,1.0,0.0,0.16666666666666666,0.8333333333333334,0.0,0.6666666666666666,0.16666666666666666,0.1666666666666667
P-1312,0.3333333333333333,0.16666666666666666,0.5000000000000001,0.16666666666666666,0.5,0.33333333333333337,0.16666666666666666,0.5,0.33333333333333337,0.3333333333333333,0.0,0.6666666666666667,0.3333333333333333,0.5,0.16666666666666674,0.5,0.0,0.5,0.3333333333333333,0.0,0.6666666666666667,0.0,0.6666666666666666,0.33333333333333337,0.6666666666666666,0.0,0.33333333333333337,0.0,0.6666666666666666,0.33333333333333337,0.16666666666666666,0.8333333333333334,0.0,0.3333333333333333,0.6666666666666666,1.1102230246251565e-16,0.5,0.3333333333333333,0.16666666666666669
P-1313,0.16666666666666666,0.16666666666666666,0.6666666666666667,0.16666666666666666,0.3333333333333333,0.5,0.16666666666666666,0.3333333333333333,0.5,0.16666666666666666,0.0,0.8333333333333334,0.16666666666666666,0.6666666666666666,0.16666666666666674,0.3333333333333333,0.0,0.6666666666666667,0.16666666666666666,0.0,0.8333333333333334,0.0,0.8333333333333334,0.16666666666666663,0.8333333333333334,0.0,0.16666666666666663,0.0,0.8333333333333334,0.16666666666666663,0.0,1.0,0.0,0.3333333333333333,0.6666666666666666,1.1102230246251565e-16,0.6666666666666666,0.16666666666666666,0.1666666666666667
P-1314,0.16666666666666666,0.16666666666666666,0.6666666666666667,0.16666666666666666,0.5,0.33333333333333337,0.16666666666666666,0.5,0.33333333333333337,0.16666666666666666,0.0,0.8333333333333334,0.16666666666666666,0.6666666666666666,0.16666666666666674,0.3333333333333333,0.0,0.6666666666666667,0.16666666666666666,0.0,0.8333333333333334,0.0,0.6666666666666666,0.33333333333333337,0.8333333333333334,0.0,0.16666666666666663,0.0,0.6666666666666666,0.33333333333333337,0.0,1.0,0.0,0.3333333333333333,0.6666666666666666,1.1102230246251565e-16,0.5,0.16666666666666666,0.33333333333333337
P-1315,0.3333333333333333,0.16666666666666666,0.5000000000000001,0.3333333333333333,0.3333333333333333,0.3333333333333334,0.3333333333333333,0.3333333333333333,0.3333333333333334,0.3333333333333333,0.0,0.6666666666666667,0.3333333333333333,0.5,0.16666666666666674,0.5,0.0,0.5,0.16666666666666666,0.16666666666666666,0.6666666666666667,0.0,0.8333333333333334,0.16666666666666663,0.6666666666666666,0.0,0.33333333333333337,0.0,0.8333333333333334,0.16666666666666663,0.0,1.0,0.0,0.16666666666666666,0.6666666666666666,0.16666666666666674,0.5,0.3333333333333333,0.16666666666666669
P-1316,0.16666666666666666,0.3333333333333333,0.5,0.16666666666666666,0.3333333333333333,0.5,0.16666666666666666,0.3333333333333333,0.5,0.3333333333333333,0.0,0.6666666666666667,0.3333333333333333,0.5,0.16666666666666674,0.5,0.0,0.5,0.16666666666666666,0.16666666666666666,0.6666666666666667,0.16666666666666666,0.6666666666666666,0.16666666666666674,0.6666666666666666,0.16666666666666666,0.1666666666666667,0.0,0.8333333333333334,0.16666666666666663,0.0,1.0,0.0,0.16666666666666666,0.6666666666666666,0.16666666666666674,0.5,0.16666666666666666,0.33333333333333337
P-1317,0.3333333333333333,0.16666666666666666,0.5000000000000001,0.3333333333333333,0.3333333333333333,0.3333333333333334,0.3333333333333333,0.3333333333333333,0.3333333333333334,0.3333333333333333,0.0,0.6666666666666667,0.3333333333333333,0.5,0.16666666666666674,0.5,0.0,0.5,0.3333333333333333,0.0,0.6666666666666667,0.0,0.8333333333333334,0.16666666666666663,0.6666666666666666,0.0,0.33333333333333337,0.0,0.8333333333333334,0.16666666666666663,0.0,1.0,0.0,0.3333333333333333,0.6666666666666666,1.1102230246251565e-16,0.5,0.3333333333333333,0.16666666666666669
P-1318,0.3333333333333333,0.16666666666666666,0.5000000000000001,0.16666666666666666,0.5,0.33333333333333337,0.3333333333333333,0.3333333333333333,0.3333333333333334,0.16666666666666666,0.16666666666666666,0.6666666666666667,0.3333333333333333,0.5,0.16666666666666674,0.5,0.0,0.5,0.3333333333333333,0.0,0.6666666666666667,0.0,0.6666666666666666,0.33333333333333337,0.6666666666666666,0.0,0.33333333333333337,0.0,0.6666666666666666,0.33333333333333337,0.16666666666666666,0.8333333333333334,0.0,0.3333333333333333,0.6666666666666666,1.1102230246251565e-16,0.5,0.3333333333333333,0.16666666666666669
P-1319,0.16666666666666666,0.3333333333333333,0.5,0.3333333333333333,0.3333333333333333,0.3333333333333334,0.3333333333333333,0.3333333333333333,0.3333333333333334,0.3333333333333333,0.0,0.6666666666666667,0.3333333333333333,0.5,0.16666666666666674,0.3333333333333333,0.16666666666666666,0.5000000000000001,0.3333333333333333,0.0,0.6666666666666667,0.16666666666666666,0.6666666666666666,0.16666666666666674,0.6666666666666666,0.16666666666666666,0.1666666666666667,0.16666666666666666,0.6666666666666666,0.16666666666666674,0.0,1.0,0.0,0.16666666666666666,0.6666666666666666,0.16666666666666674,0.5,0.16666666666666666,0.33333333333333337
P-1320,0.16666666666666666,0.3333333333333333,0.5,0.3333333333333333,0.3333333333333333,0.3333333333333334,0.3333333333333333,0.3333333333333333,0.3333333333333334,0.3333333333333333,0.0,0.6666666666666667,0.3333333333333333,0.5,0.16666666666666674,0.3333333333333333,0.16666666666666666,0.5000000000000001,0.16666666666666666,0.16666666666666666,0.6666666666666667,0.16666666666666666,0.6666666666666666,0.16666666666666674,0.6666666666666666,0.16666666666666666,0.1666666666666667,0.16666666666666666,0.6666666666666666,0.16666666666666674,0.0,1.0,0.0,0.16666666666666666,0.8333333333333334,0.0,0.5,0.16666666666666666,0.33333333333333337
P-1321,0.16666666666666666,0.16666666666666666,0.6666666666666667,0.16666666666666666,0.5,0.33333333333333337,0.16666666666666666,0.5,0.33333333333333337,0.16666666666666666,0.0,0.8333333333333334,0.16666666666666666,0.6666666666666666,0.16666666666666674,0.3333333333333333,0.0,0.6666666666666667,0.16666666666666666,0.0,0.8333333333333334,0.0,0.8333333333333334,0.16666666666666663,0.8333333333333334,0.0,0.16666666666666663,0.0,0.8333333333333334,0.16666666666666663,0.0,1.0,0.0,0.16666666666666666,0.8333333333333334,0.0,0.6666666666666666,0.16666666666666666,0.1666666666666667
P-1322,0.16666666666666666,0.16666666666666666,0.6666666666666667,0.16666666666666666,0.3333333333333333,0.5,0.3333333333333333,0.3333333333333333,0.3333333333333334,0.16666666666666666,0.0,0.8333333333333334,0.16666666666666666,0.5,0.33333333333333337,0.3333333333333333,0.16666666666666666,0.5000000000000001,0.16666666666666666,0.0,0.8333333333333334,0.0,0.6666666666666666,0.33333333333333337,0.8333333333333334,0.0,0.16666666666666663,0.0,0.6666666666666666,0.33333333333333337,0.0,1.0,0.0,0.16666666666666666,0.8333333333333334,0.0,0.6666666666666666,0.16666666666666666,0.1666666666666667
P-1323,0.16666666666666666,0.3333333333333333,0.5,0.16666666666666666,0.3333333333333333,0.5,0.16666666666666666,0.3333333333333333,0.5,0.16666666666666666,0.0,0.8333333333333334,0.16666666666666666,0.6666666666666666,0.16666666666666674,0.5,0.0,0.5,0.16666666666666666,0.0,0.8333333333333334,0.0,0.6666666666666666,0.33333333333333337,0.8333333333333334,0.0,0.16666666666666663,0.0,0.6666666666666666,0.33333333333333337,0.0,1.0,0.0,0.16666666666666666,0.8333333333333334,0.0,0.5,0.16666666666666666,0.33333333333333337
P-1324,0.3333333333333333,0.16666666666666666,0.5000000000000001,0.16666666666666666,0.3333333333333333,0.5,0.3333333333333333,0.3333333333333333,0.3333333333333334,0.3333333333333333,0.0,0.6666666666666667,0.3333333333333333,0.3333333333333333,0.3333333333333334,0.5,0.16666666666666666,0.33333333333333337,0.3333333333333333,0.0,0.6666666666666667,0.0,0.5,0.5,0.6666666666666666,0.0,0.33333333333333337,0.0,0.5,0.5,0.16666666666666666,0.8333333333333334,0.0,0.3333333333333333,0.6666666666666666,1.1102230246251565e-16,0.5,0.3333333333333333,0.16666666666666669
P-1325,0.3333333333333333,0.3333333333333333,0.3333333333333334,0.16666666666666666,0.3333333333333333,0.5,0.16666666666666666,0.3333333333333333,0.5,0.3333333333333333,0.0,0.6666666666666667,0.3333333333333333,0.5,0.16666666666666674,0.6666666666666666,0.0,0.33333333333333337,0.3333333333333333,0.0,0.6666666666666667,0.0,0.5,0.5,0.6666666666666666,0.0,0.33333333333333337,0.0,0.5,0.5,0.16666666666666666,0.8333333333333334,0.0,0.3333333333333333,0.6666666666666666,1.1102230246251565e-16,0.3333333333333333,0.3333333333333333,0.3333333333333334
P-1326,0.5,0.16666666666666666,0.33333333333333337,0.16666666666666666,0.6666666666666666,0.16666666666666674,0.16666666666666666,0.6666666666666666,0.16666666666666674,0.5,0.0,0.5,0.5,0.5,0.0,0.6666666666666666,0.0,0.33333333333333337,0.5,0.0,0.5,0.0,0.5,0.5,0.5,0.0,0.5,0.0,0.5,0.5,0.3333333333333333,0.6666666666666666,1.1102230246251565e-16,0.5,0.5,0.0,0.3333333333333333,0.5,0.16666666666666674
P-1327,0.3333333333333333,0.16666666666666666,0.5000000000000001,0.16666666666666666,0.5,0.33333333333333337,0.16666666666666666,0.5,0.33333333333333337,0.3333333333333333,0.0,0.6666666666666667,0.3333333333333333,0.6666666666666666,1.1102230246251565e-16,0.5,0.0,0.5,0.3333333333333333,0.0,0.6666666666666667,0.0,0.6666666666666666,0.33333333333333337,0.6666666666666666,0.0,0.33333333333333337,0.0,0.6666666666666666,0.33333333333333337,0.16666666666666666,0.8333333333333334,0.0,0.5,0.5,0.0,0.5,0.3333333333333333,0.16666666666666669
P-1328,0.3333333333333333,0.16666666666666666,0.5000000000000001,0.16666666666666666,0.6666666666666666,0.16666666666666674,0.16666666666666666,0.6666666666666666,0.16666666666666674,0.3333333333333333,0.0,0.6666666666666667,0.3333333333333333,0.6666666666666666,1.1102230246251565e-16,0.5,0.0,0.5,0.3333333333333333,0.0,0.6666666666666667,0.0,0.5,0.5,0.6666666666666666,0.0,0.33333333333333337,0.0,0.5,0.5,0.16666666666666666,0.8333333333333334,0.0,0.5,0.5,0.0,0.3333333333333333,0.3333333333333333,0.3333333333333334
P-1329,0.5,0.16666666666666666,0.33333333333333337,0.3333333333333333,0.5,0.16666666666666674,0.3333333333333333,0.5,0.16666666666666674,0.5,0.0,0.5,0.5,0.5,0.0,0.6666666666666666,0.0,0.33333333333333337,0.3333333333333333,0.16666666666666666,0.5000000000000001,0.0,0.6666666666666666,0.33333333333333337,0.5,0.0,0.5,0.0,0.6666666666666666,0.33333333333333337,0.16666666666666666,0.8333333333333334,0.0,0.3333333333333333,0.5,0.16666666666666674,0.3333333333333333,0.5,0.16666666666666674
P-1330,0.3333333333333333,0.3333333333333333,0.3333333333333334,0.16666666666666666,0.5,0.33333333333333337,0.16666666666666666,0.5,0.33333333333333337,0.5,0.0,0.5,0.5,0.5,0.0,0.6666666666666666,0.0,0.33333333333333337,0.3333333333333333,0.16666666666666666,0.5000000000000001,0.16666666666666666,0.5,0.33333333333333337,0.5,0.16666666666666666,0.33333333333333337,0.0,0.6666666666666666,0.33333333333333337,0.16666666666666666,0.8333333333333334,0.0,0.3333333333333333,0.5,0.16666666666666674,0.3333333333333333,0.3333333333333333,0.3333333333333334
P-1331,0.5,0.16666666666666666,0.33333333333333337,0.3333333333333333,0.5,0.16666666666666674,0.3333333333333333,0.5,0.16666666666666674,0.5,0.0,0.5,0.5,0.5,0.0,0.6666666666666666,0.0,0.33333333333333337,0.5,0.0,0.5,0.0,0.6666666666666666,0.33333333333333337,0.5,0.0,0.5,0.0,0.6666666666666666,0.33333333333333337,0.16666666666666666,0.8333333333333334,0.0,0.5,0.5,0.0,0.3333333333333333,0.5,0.16666666666666674
P-1332,0.5,0.16666666666666666,0.33333333333333337,0.16666666666666666,0.6666666666666666,0.16666666666666674,0.3333333333333333,0.5,0.16666666666666674,0.3333333333333333,0.16666666666666666,0.5000000000000001,0.5,0.5,0.0,0.6666666666666666,0.0,0.33333333333333337,0.5,0.0,0.5,0.0,0.5,0.5,0.5,0.0,0.5,0.0,0.5,0.5,0.3333333333333333,0.6666666666666666,1.1102230246251565e-16,0.5,0.5,0.0,0.3333333333333333,0.5,0.16666666666666674
P-1333,0.3333333333333333,0.3333333333333333,0.3333333333333334,0.3333333333333333,0.5,0.16666666666666674,0.3333333333333333,0.5,0.16666666666666674,0.5,0.0,0.5,0.5,0.5,0.0,0.5,0.16666666666666666,0.33333333333333337,0.5,0.0,0.5,0.16666666666666666,0.5,0.33333333333333337,0.5,0.16666666666666666,0.33333333333333337,0.16666666666666666,0.5,0.33333333333333337,0.16666666666666666,0.8333333333333334,0.0,0.3333333333333333,0.5,0.16666666666666674,0.3333333333333333,0.3333333333333333,0.3333333333333334
P-1334,0.6666666666666666,0.16666666666666666,0.1666666666666667,0.6666666666666666,0.3333333333333333,5.551115123125783e-17,0.6666666666666666,0.3333333333333333,5.551115123125783e-17,0.8333333333333334,0.0,0.16666666666666663,0.8333333333333334,0.16666666666666666,-2.7755575615628914e-17,0.6666666666666666,0.16666666666666666,0.1666666666666667,0.6666666666666666,0.16666666666666666,0.1666666666666667,0.16666666666666666,0.6666666666666666,0.16666666666666674,0.16666666666666666,0.16666666666666666,0.6666666666666667,0.16666666666666666,0.6666666666666666,0.16666666666666674,0.16666666666666666,0.5,0.33333333333333337,0.6666666666666666,0.3333333333333333,5.551115123125783e-17,0.16666666666666666,0.6666666666666666,0.16666666666666674
P-1335,0.3333333333333333,0.3333333333333333,0.3333333333333334,0.3333333333333333,0.5,0.16666666666666674,0.3333333333333333,0.5,0.16666666666666674,0.5,0.0,0.5,0.5,0.5,0.0,0.5,0.16666666666666666,0.33333333333333337,0.3333333333333333,0.16666666666666666,0.5000000000000001,0.16666666666666666,0.5,0.33333333333333337,0.5,0.16666666666666666,0.33333333333333337,0.16666666666666666,0.5,0.33333333333333337,0.16666666666666666,0.8333333333333334,0.0,0.3333333333333333,0.6666666666666666,1.1102230246251565e-16,0.3333333333333333,0.3333333333333333,0.3333333333333334
P-1336,0.3333333333333333,0.16666666666666666,0.5000000000000001,0.16666666666666666,0.6666666666666666,0.16666666666666674,0.16666666666666666,0.6666666666666666,0.16666666666666674,0.3333333333333333,0.0,0.6666666666666667,0.3333333333333333,0.6666666666666666,1.1102230246251565e-16,0.5,0.0,0.5,0.3333333333333333,0.0,0.6666666666666667,0.0,0.6666666666666666,0.33333333333333337,0.6666666666666666,0.0,0.33333333333333337,0.0,0.6666666666666666,0.33333333333333337,0.16666666666666666,0.8333333333333334,0.0,0.3333333333333333,0.6666666666666666,1.1102230246251565e-16,0.5,0.3333333333333333,0.16666666666666669
P-1337,0.3333333333333333,0.16666666666666666,0.5000000000000001,0.16666666666666666,0.5,0.33333333333333337,0.3333333333333333,0.5,0.16666666666666674,0.3333333333333333,0.0,0.6666666666666667,0.3333333333333333,0.5,0.16666666666666674,0.5,0.16666666666666666,0.33333333333333337,0.3333333333333333,0.0,0.6666666666666667,0.0,0.5,0.5,0.6666666666666666,0.0,0.33333333333333337,0.0,0.5,0.5,0.16666666666666666,0.8333333333333334,0.0,0.3333333333333333,0.6666666666666666,1.1102230246251565e-16,0.5,0.3333333333333333,0.16666666666666669
P-1338,0.3333333333333333,0.3333333333333333,0.3333333333333334,0.16666666666666666,0.5,0.33333333333333337,0.16666666666666666,0.5,0.33333333333333337,0.3333333333333333,0.0,0.6666666666666667,0.3333333333333333,0.6666666666666666,1.1102230246251565e-16,0.6666666666666666,0.0,0.33333333333333337,0.3333333333333333,0.0,0.6666666666666667,0.0,0.5,0.5,0.6666666666666666,0.0,0.33333333333333337,0.0,0.5,0.5,0.16666666666666666,0.8333333333333334,0.0,0.3333333333333333,0.6666666666666666,1.1102230246251565e-16,0.3333333333333333,0.3333333333333333,0.3333333333333334
P-1339,0.3333333333333333,0.16666666666666666,0.5000000000000001,0.0,0.6666666666666666,0.33333333333333337,0.16666666666666666,0.5,0.33333333333333337,0.16666666666666666,0.16666666666666666,0.6666666666666667,0.3333333333333333,0.5,0.16666666666666674,0.5,0.0,0.5,0.3333333333333333,0.0,0.6666666666666667,0.0,0.5,0.5,0.6666666666666666,0.0,0.33333333333333337,0.0,0.5,0.5,0.3333333333333333,0.6666666666666666,1.1102230246251565e-16,0.3333333333333333,0.6666666666666666,1.1102230246251565e-16,0.5,0.3333333333333333,0.16666666666666669
P-1340,0.16666666666666666,0.16666666666666666,0.6666666666666667,0.3333333333333333,0.3333333333333333,0.3333333333333334,0.3333333333333333,0.3333333333333333,0.3333333333333334,0.3333333333333333,0.0,0.6666666666666667,0.3333333333333333,0.3333333333333333,0.3333333333333334,0.16666666666666666,0.16666666666666666,0.6666666666666667,0.3333333333333333,0.0,0.6666666666666667,0.16666666666666666,0.6666666666666666,0.16666666666666674,0.6666666666666666,0.16666666666666666,0.1666666666666667,0.16666666666666666,0.6666666666666666,0.16666666666666674,0.0,0.8333333333333334,0.16666666666666663,0.16666666666666666,0.6666666666666666,0.16666666666666674,0.6666666666666666,0.16666666666666666,0.1666666666666667
P-1341,0.0,0.5,0.5,0.3333333333333333,0.3333333333333333,0.3333333333333334,0.5,0.16666666666666666,0.33333333333333337,0.3333333333333333,0.16666666666666666,0.5000000000000001,0.3333333333333333,0.5,0.16666666666666674,0.0,0.5,0.5,0.3333333333333333,0.0,0.6666666666666667,0.5,0.3333333333333333,0.16666666666666669,0.5,0.5,0.0,0.5,0.3333333333333333,0.16666666666666669,0.0,1.0,0.0,0.3333333333333333,0.3333333333333333,0.3333333333333334,0.6666666666666666,0.0,0.33333333333333337
P-1342,0.3333333333333333,0.3333333333333333,0.3333333333333334,0.6666666666666666,0.16666666666666666,0.1666666666666667,0.6666666666666666,0.16666666666666666,0.1666666666666667,0.6666666666666666,0.0,0.33333333333333337,0.6666666666666666,0.16666666666666666,0.1666666666666667,0.3333333333333333,0.3333333333333333,0.3333333333333334,0.6666666666666666,0.0,0.33333333333333337,0.5,0.5,0.0,0.3333333333333333,0.3333333333333333,0.3333333333333334,0.5,0.5,0.0,0.0,0.6666666666666666,0.33333333333333337,0.16666666666666666,0.3333333333333333,0.5,0.3333333333333333,0.3333333333333333,0.3333333333333334
P-1343,0.16666666666666666,0.3333333333333333,0.5,0.16666666666666666,0.5,0.33333333333333337,0.16666666666666666,0.5,0.33333333333333337,0.3333333333333333,0.0,0.6666666666666667,0.3333333333333333,0.5,0.16666666666666674,0.3333333333333333,0.16666666666666666,0.5000000000000001,0.3333333333333333,0.0,0.6666666666666667,0.16666666666666666,0.5,0.33333333333333337,0.6666666666666666,0.16666666666666666,0.1666666666666667,0.16666666666666666,0.5,0.33333333333333337,0.16666666666666666,0.8333333333333334,0.0,0.16666666666666666,0.6666666666666666,0.16666666666666674,0.5,0.16666666666666666,0.33333333333333337
P-1344,0.3333333333333333,0.3333333333333333,0.3333333333333334,0.6666666666666666,0.16666666666666666,0.1666666666666667,0.6666666666666666,0.16666666666666666,0.1666666666666667,0.6666666666666666,0.0,0.33333333333333337,0.6666666666666666,0.3333333333333333,5.551115123125783e-17,0.3333333333333333,0.3333333333333333,0.3333333333333334,0.3333333333333333,0.3333333333333333,0.3333333333333334,0.3333333333333333,0.6666666666666666,1.1102230246251565e-16,0.3333333333333333,0.3333333333333333,0.3333333333333334,0.3333333333333333,0.6666666666666666,1.1102230246251565e-16,0.0,1.0,0.0,0.16666666666666666,0.16666666666666666,0.6666666666666667,0.3333333333333333,0.3333333333333333,0.3333333333333334
P-1345,0.0,0.6666666666666666,0.33333333333333337,0.6666666666666666,0.16666666666666666,0.1666666666666667,0.6666666666666666,0.16666666666666666,0.1666666666666667,0.5,0.16666666666666666,0.33333333333333337,0.6666666666666666,0.16666666666666666,0.1666666666666667,0.0,0.6666666666666666,0.33333333333333337,0.5,0.16666666666666666,0.33333333333333337,0.6666666666666666,0.3333333333333333,5.551115123125783e-17,0.3333333333333333,0.6666666666666666,1.1102230246251565e-16,0.6666666666666666,0.3333333333333333,5.551115123125783e-17,0.0,1.0,0.0,0.0,0.3333333333333333,0.6666666666666667,0.5,0.0,0.5
P-1348,0.0,0.3333333333333333,0.6666666666666667,0.3333333333333333,0.3333333333333333,0.3333333333333334,0.3333333333333333,0.3333333333333333,0.3333333333333334,0.3333333333333333,0.0,0.6666666666666667,0.3333333333333333,0.3333333333333333,0.3333333333333334,0.0,0.3333333333333333,0.6666666666666667,0.0,0.3333333333333333,0.6666666666666667,0.3333333333333333,0.6666666666666666,1.1102230246251565e-16,0.6666666666666666,0.3333333333333333,5.551115123125783e-17,0.3333333333333333,0.6666666666666666,1.1102230246251565e-16,0.0,1.0,0.0,0.0,1.0,0.0,0.6666666666666666,0.0,0.33333333333333337
P-1349,0.16666666666666666,0.3333333333333333,0.5,0.16666666666666666,0.5,0.33333333333333337,0.16666666666666666,0.5,0.33333333333333337,0.3333333333333333,0.0,0.6666666666666667,0.3333333333333333,0.5,0.16666666666666674,0.3333333333333333,0.16666666666666666,0.5000000000000001,0.16666666666666666,0.16666666666666666,0.6666666666666667,0.16666666666666666,0.5,0.33333333333333337,0.6666666666666666,0.16666666666666666,0.1666666666666667,0.16666666666666666,0.5,0.33333333333333337,0.16666666666666666,0.8333333333333334,0.0,0.16666666666666666,0.8333333333333334,0.0,0.5,0.16666666666666666,0.33333333333333337
P-1350,0.3333333333333333,0.3333333333333333,0.3333333333333334,0.16666666666666666,0.8333333333333334,0.0,0.3333333333333333,0.6666666666666666,1.1102230246251565e-16,0.5,0.16666666666666666,0.33333333333333337,0.5,0.5,0.0,0.3333333333333333,0.3333333333333333,0.3333333333333334,0.3333333333333333,0.16666666666666666,0.5000000000000001,0.3333333333333333,0.3333333333333333,0.3333333333333334,0.3333333333333333,0.3333333333333333,0.3333333333333334,0.3333333333333333,0.3333333333333333,0.3333333333333334,0.3333333333333333,0.6666666666666666,1.1102230246251565e-16,0.5,0.5,0.0,0.5,0.3333333333333333,0.16666666666666669
P-1351,0.0,0.6666666666666666,0.33333333333333337,0.3333333333333333,0.5,0.16666666666666674,0.5,0.3333333333333333,0.16666666666666669,0.3333333333333333,0.3333333333333333,0.3333333333333334,0.3333333333333333,0.6666666666666666,1.1102230246251565e-16,0.16666666666666666,0.5,0.33333333333333337,0.0,0.3333333333333333,0.6666666666666667,0.5,0.3333333333333333,0.16666666666666669,0.3333333333333333,0.5,0.16666666666666674,0.5,0.3333333333333333,0.16666666666666669,0.0,1.0,0.0,0.5,0.5,0.0,0.5,0.0,0.5
P-1352,0.16666666666666666,0.5,0.33333333333333337,0.5,0.16666666666666666,0.33333333333333337,0.5,0.16666666666666666,0.33333333333333337,0.6666666666666666,0.0,0.33333333333333337,0.6666666666666666,0.3333333333333333,5.551115123125783e-17,0.3333333333333333,0.3333333333333333,0.3333333333333334,0.3333333333333333,0.3333333333333333,0.3333333333333334,0.5,0.5,0.0,0.3333333333333333,0.5,0.16666666666666674,0.3333333333333333,0.6666666666666666,1.1102230246251565e-16,0.0,1.0,0.0,0.3333333333333333,0.3333333333333333,0.3333333333333334,0.3333333333333333,0.16666666666666666,0.5000000000000001
P-1354,0.3333333333333333,0.16666666666666666,0.5000000000000001,0.5,0.16666666666666666,0.33333333333333337,0.6666666666666666,0.16666666666666666,0.1666666666666667,0.5,0.0,0.5,0.5,0.16666666666666666,0.33333333333333337,0.3333333333333333,0.3333333333333333,0.3333333333333334,0.3333333333333333,0.16666666666666666,0.5000000000000001,0.16666666666666666,0.5,0.33333333333333337,0.5,0.16666666666666666,0.33333333333333337,0.16666666666666666,0.5,0.33333333333333337,0.0,0.8333333333333334,0.16666666666666663,0.3333333333333333,0.6666666666666666,1.1102230246251565e-16,0.5,0.3333333333333333,0.16666666666666669
P-1355,0.16666666666666666,0.3333333333333333,0.5,0.5,0.3333333333333333,0.16666666666666669,0.5,0.3333333333333333,0.16666666666666669,0.3333333333333333,0.16666666666666666,0.5000000000000001,0.5,0.3333333333333333,0.16666666666666669,0.16666666666666666,0.3333333333333333,0.5,0.16666666666666666,0.3333333333333333,0.5,0.3333333333333333,0.5,0.16666666666666674,0.5,0.3333333333333333,0.16666666666666669,0.3333333333333333,0.5,0.16666666666666674,0.0,1.0,0.0,0.16666666666666666,0.6666666666666666,0.16666666666666674,0.6666666666666666,0.16666666666666666,0.1666666666666667
P-1356,0.0,0.6666666666666666,0.33333333333333337,0.6666666666666666,0.16666666666666666,0.1666666666666667,0.6666666666666666,0.16666666666666666,0.1666666666666667,0.6666666666666666,0.0,0.33333333333333337,0.6666666666666666,0.16666666666666666,0.1666666666666667,0.0,0.6666666666666666,0.33333333333333337,0.3333333333333333,0.3333333333333333,0.3333333333333334,0.6666666666666666,0.16666666666666666,0.1666666666666667,0.3333333333333333,0.6666666666666666,1.1102230246251565e-16,0.6666666666666666,0.16666666666666666,0.1666666666666667,0.0,1.0,0.0,0.0,0.6666666666666666,0.33333333333333337,0.3333333333333333,0.0,0.6666666666666667
P-1357,0.0,0.6666666666666666,0.33333333333333337,0.6666666666666666,0.3333333333333333,5.551115123125783e-17,0.6666666666666666,0.3333333333333333,5.551115123125783e-17,0.5,0.16666666666666666,0.33333333333333337,0.6666666666666666,0.3333333333333333,5.551115123125783e-17,0.0,0.6666666666666666,0.33333333333333337,0.0,0.6666666666666666,0.33333333333333337,0.6666666666666666,0.3333333333333333,5.551115123125783e-17,0.3333333333333333,0.6666666666666666,1.1102230246251565e-16,0.6666666666666666,0.3333333333333333,5.551115123125783e-17,0.0,1.0,0.0,0.0,0.8333333333333334,0.16666666666666663,0.5,0.0,0.5
P-1358,0.0,0.5,0.5,0.5,0.5,0.0,0.5,0.5,0.0,0.3333333333333333,0.16666666666666666,0.5000000000000001,0.5,0.5,0.0,0.0,0.5,0.5,0.0,0.5,0.5,0.5,0.5,0.0,0.5,0.5,0.0,0.5,0.5,0.0,0.0,1.0,0.0,0.0,0.8333333333333334,0.16666666666666663,0.6666666666666666,0.0,0.33333333333333337
P-1363,0.16666666666666666,0.16666666666666666,0.6666666666666667,0.0,0.6666666666666666,0.33333333333333337,0.0,0.6666666666666666,0.33333333333333337,0.16666666666666666,0.0,0.8333333333333334,0.16666666666666666,0.6666666666666666,0.16666666666666674,0.3333333333333333,0.0,0.6666666666666667,0.16666666666666666,0.0,0.8333333333333334,0.0,0.6666666666666666,0.33333333333333337,0.8333333333333334,0.0,0.16666666666666663,0.0,0.6666666666666666,0.33333333333333337,0.16666666666666666,0.8333333333333334,0.0,0.16666666666666666,0.8333333333333334,0.0,0.6666666666666666,0.16666666666666666,0.1666666666666667
P-1364,0.16666666666666666,0.5,0.33333333333333337,0.3333333333333333,0.3333333333333333,0.3333333333333334,0.3333333333333333,0.3333333333333333,0.3333333333333334,0.3333333333333333,0.16666666666666666,0.5000000000000001,0.5,0.5,0.0,0.5,0.16666666666666666,0.33333333333333337,0.16666666666666666,0.3333333333333333,0.5,0.3333333333333333,0.5,0.16666666666666674,0.5,0.3333333333333333,0.16666666666666669,0.16666666666666666,0.6666666666666666,0.16666666666666674,0.0,1.0,0.0,0.16666666666666666,0.5,0.33333333333333337,0.5,0.16666666666666666,0.33333333333333337
P-1366,0.3333333333333333,0.3333333333333333,0.3333333333333334,0.6666666666666666,0.3333333333333333,5.551115123125783e-17,0.6666666666666666,0.3333333333333333,5.551115123125783e-17,0.6666666666666666,0.0,0.33333333333333337,0.6666666666666666,0.3333333333333333,5.551115123125783e-17,0.3333333333333333,0.3333333333333333,0.3333333333333334,0.5,0.16666666666666666,0.33333333333333337,0.3333333333333333,0.6666666666666666,1.1102230246251565e-16,0.3333333333333333,0.3333333333333333,0.3333333333333334,0.3333333333333333,0.6666666666666666,1.1102230246251565e-16,0.0,0.6666666666666666,0.33333333333333337,0.3333333333333333,0.5,0.16666666666666674,0.3333333333333333,0.3333333333333333,0.3333333333333334
P-1367,0.16666666666666666,0.3333333333333333,0.5,0.5,0.5,0.0,0.5,0.5,0.0,0.5,0.0,0.5,0.5,0.5,0.0,0.16666666666666666,0.3333333333333333,0.5,0.3333333333333333,0.16666666666666666,0.5000000000000001,0.3333333333333333,0.6666666666666666,1.1102230246251565e-16,0.5,0.3333333333333333,0.16666666666666669,0.3333333333333333,0.6666666666666666,1.1102230246251565e-16,0.0,0.8333333333333334,0.16666666666666663,0.16666666666666666,0.6666666666666666,0.16666666666666674,0.5,0.16666666666666666,0.33333333333333337
P-1368,0.0,0.3333333333333333,0.6666666666666667,0.3333333333333333,0.6666666666666666,1.1102230246251565e-16,0.3333333333333333,0.6666666666666666,1.1102230246251565e-16,0.3333333333333333,0.0,0.6666666666666667,0.3333333333333333,0.6666666666666666,1.1102230246251565e-16,0.0,0.3333333333333333,0.6666666666666667,0.16666666666666666,0.16666666666666666,0.6666666666666667,0.3333333333333333,0.6666666666666666,1.1102230246251565e-16,0.6666666666666666,0.3333333333333333,5.551115123125783e-17,0.3333333333333333,0.6666666666666666,1.1102230246251565e-16,0.0,1.0,0.0,0.0,0.8333333333333334,0.16666666666666663,0.6666666666666666,0.0,0.33333333333333337
P-1369,0.16666666666666666,0.16666666666666666,0.6666666666666667,0.0,0.5,0.5,0.16666666666666666,0.5,0.33333333333333337,0.16666666666666666,0.0,0.8333333333333334,0.16666666666666666,0.5,0.33333333333333337,0.3333333333333333,0.16666666666666666,0.5000000000000001,0.16666666666666666,0.0,0.8333333333333334,0.0,0.5,0.5,0.8333333333333334,0.0,0.16666666666666663,0.0,0.5,0.5,0.16666666666666666,0.8333333333333334,0.0,0.16666666666666666,0.8333333333333334,0.0,0.6666666666666666,0.16666666666666666,0.1666666666666667
P-1371,0.16666666666666666,0.3333333333333333,0.5,0.0,0.5,0.5,0.0,0.5,0.5,0.16666666666666666,0.0,0.8333333333333334,0.16666666666666666,0.6666666666666666,0.16666666666666674,0.5,0.0,0.5,0.16666666666666666,0.0,0.8333333333333334,0.0,0.5,0.5,0.8333333333333334,0.0,0.16666666666666663,0.0,0.5,0.5,0.16666666666666666,0.8333333333333334,0.0,0.16666666666666666,0.8333333333333334,0.0,0.5,0.16666666666666666,0.33333333333333337
P-1372,0.16666666666666666,0.3333333333333333,0.5,0.3333333333333333,0.3333333333333333,0.3333333333333334,0.5,0.3333333333333333,0.16666666666666669,0.3333333333333333,0.0,0.6666666666666667,0.3333333333333333,0.3333333333333333,0.3333333333333334,0.3333333333333333,0.3333333333333333,0.3333333333333334,0.3333333333333333,0.0,0.6666666666666667,0.3333333333333333,0.3333333333333333,0.3333333333333334,0.6666666666666666,0.16666666666666666,0.1666666666666667,0.16666666666666666,0.5,0.33333333333333337,0.0,0.8333333333333334,0.16666666666666663,0.16666666666666666,0.6666666666666666,0.16666666666666674,0.5,0.16666666666666666,0.33333333333333337
P-1373,0.16666666666666666,0.6666666666666666,0.16666666666666674,0.16666666666666666,0.5,0.33333333333333337,0.3333333333333333,0.3333333333333333,0.3333333333333334,0.3333333333333333,0.3333333333333333,0.3333333333333334,0.5,0.5,0.0,0.6666666666666666,0.16666666666666666,0.1666666666666667,0.3333333333333333,0.16666666666666666,0.5000000000000001,0.3333333333333333,0.16666666666666666,0.5000000000000001,0.3333333333333333,0.3333333333333333,0.3333333333333334,0.16666666666666666,0.3333333333333333,0.5,0.16666666666666666,0.8333333333333334,0.0,0.3333333333333333,0.3333333333333333,0.3333333333333334,0.16666666666666666,0.16666666666666666,0.6666666666666667
P-1374,0.16666666666666666,0.3333333333333333,0.5,0.3333333333333333,0.16666666666666666,0.5000000000000001,0.6666666666666666,0.16666666666666666,0.1666666666666667,0.3333333333333333,0.0,0.6666666666666667,0.3333333333333333,0.3333333333333333,0.3333333333333334,0.3333333333333333,0.5,0.16666666666666674,0.3333333333333333,0.0,0.6666666666666667,0.16666666666666666,0.3333333333333333,0.5,0.6666666666666666,0.16666666666666666,0.1666666666666667,0.16666666666666666,0.3333333333333333,0.5,0.0,0.8333333333333334,0.16666666666666663,0.16666666666666666,0.6666666666666666,0.16666666666666674,0.5,0.16666666666666666,0.33333333333333337
P-1375,0.0,0.5,0.5,0.16666666666666666,0.5,0.33333333333333337,0.5,0.3333333333333333,0.16666666666666669,0.16666666666666666,0.16666666666666666,0.6666666666666667,0.16666666666666666,0.6666666666666666,0.16666666666666674,0.16666666666666666,0.5,0.33333333333333337,0.0,0.16666666666666666,0.8333333333333334,0.3333333333333333,0.3333333333333333,0.3333333333333334,0.6666666666666666,0.3333333333333333,5.551115123125783e-17,0.3333333333333333,0.3333333333333333,0.3333333333333334,0.0,1.0,0.0,0.16666666666666666,0.8333333333333334,0.0,0.6666666666666666,0.0,0.33333333333333337
P-1376,0.0,0.3333333333333333,0.6666666666666667,0.3333333333333333,0.5,0.16666666666666674,0.5,0.5,0.0,0.0,0.3333333333333333,0.6666666666666667,0.3333333333333333,0.5,0.16666666666666674,0.0,0.5,0.5,0.0,0.3333333333333333,0.6666666666666667,0.3333333333333333,0.0,0.6666666666666667,0.6666666666666666,0.3333333333333333,5.551115123125783e-17,0.3333333333333333,0.0,0.6666666666666667,0.0,1.0,0.0,0.5,0.16666666666666666,0.33333333333333337,0.5,0.0,0.5
P-1377,0.16666666666666666,0.6666666666666666,0.16666666666666674,0.6666666666666666,0.16666666666666666,0.1666666666666667,1.0,0.0,0.0,0.5,0.3333333333333333,0.16666666666666669,0.6666666666666666,0.16666666666666666,0.1666666666666667,0.16666666666666666,0.8333333333333334,0.0,0.3333333333333333,0.3333333333333333,0.3333333333333334,0.6666666666666666,0.16666666666666666,0.1666666666666667,0.16666666666666666,0.6666666666666666,0.16666666666666674,0.6666666666666666,0.16666666666666666,0.1666666666666667,0.0,1.0,0.0,0.16666666666666666,0.16666666666666666,0.6666666666666667,0.5,0.16666666666666666,0.33333333333333337
P-1378,0.0,0.0,1.0,0.0,0.16666666666666666,0.8333333333333334,0.16666666666666666,0.16666666666666666,0.6666666666666667,0.0,0.0,1.0,0.0,0.16666666666666666,0.8333333333333334,0.0,0.16666666666666666,0.8333333333333334,0.0,0.0,1.0,0.0,0.5,0.5,1.0,0.0,0.0,0.0,0.5,0.5,0.0,1.0,0.0,0.0,1.0,0.0,1.0,0.0,0.0
P-1379,0.3333333333333333,0.3333333333333333,0.3333333333333334,0.6666666666666666,0.0,0.33333333333333337,0.8333333333333334,0.0,0.16666666666666663,0.5,0.16666666666666666,0.33333333333333337,0.6666666666666666,0.0,0.33333333333333337,0.3333333333333333,0.5,0.16666666666666674,0.16666666666666666,0.5,0.33333333333333337,0.3333333333333333,0.3333333333333333,0.3333333333333334,0.3333333333333333,0.3333333333333333,0.3333333333333334,0.3333333333333333,0.3333333333333333,0.3333333333333334,0.0,1.0,0.0,0.16666666666666666,0.5,0.33333333333333337,0.5,0.3333333333333333,0.16666666666666669
P-1380,0.3333333333333333,0.3333333333333333,0.3333333333333334,0.6666666666666666,0.0,0.33333333333333337,0.8333333333333334,0.0,0.16666666666666663,0.6666666666666666,0.0,0.33333333333333337,0.6666666666666666,0.0,0.33333333333333337,0.3333333333333333,0.5,0.16666666666666674,0.3333333333333333,0.3333333333333333,0.3333333333333334,0.3333333333333333,0.3333333333333333,0.3333333333333334,0.3333333333333333,0.3333333333333333,0.3333333333333334,0.3333333333333333,0.3333333333333333,0.3333333333333334,0.0,1.0,0.0,0.16666666666666666,0.5,0.33333333333333337,0.3333333333333333,0.3333333333333333,0.3333333333333334
P-1381,0.16666666666666666,0.5,0.33333333333333337,0.5,0.0,0.5,0.6666666666666666,0.0,0.33333333333333337,0.5,0.16666666666666666,0.33333333333333337,0.6666666666666666,0.0,0.33333333333333337,0.3333333333333333,0.5,0.16666666666666674,0.0,0.6666666666666666,0.33333333333333337,0.5,0.3333333333333333,0.16666666666666669,0.3333333333333333,0.5,0.16666666666666674,0.3333333333333333,0.5,0.16666666666666674,0.0,1.0,0.0,0.0,0.5,0.5,0.5,0.16666666666666666,0.33333333333333337
P-1382,0.16666666666666666,0.3333333333333333,0.5,0.3333333333333333,0.16666666666666666,0.5000000000000001,0.5,0.16666666666666666,0.33333333333333337,0.5,0.0,0.5,0.5,0.16666666666666666,0.33333333333333337,0.3333333333333333,0.3333333333333333,0.3333333333333334,0.0,0.5,0.5,0.3333333333333333,0.5,0.16666666666666674,0.5,0.3333333333333333,0.16666666666666669,0.16666666666666666,0.6666666666666666,0.16666666666666674,0.0,1.0,0.0,0.0,0.6666666666666666,0.33333333333333337,0.5,0.16666666666666666,0.33333333333333337
P-1383,0.3333333333333333,0.16666666666666666,0.5000000000000001,0.16666666666666666,0.3333333333333333,0.5,0.3333333333333333,0.3333333333333333,0.3333333333333334,0.3333333333333333,0.0,0.6666666666666667,0.3333333333333333,0.3333333333333333,0.3333333333333334,0.5,0.16666666666666666,0.33333333333333337,0.3333333333333333,0.0,0.6666666666666667,0.0,0.5,0.5,0.6666666666666666,0.0,0.33333333333333337,0.0,0.5,0.5,0.16666666666666666,0.8333333333333334,0.0,0.3333333333333333,0.6666666666666666,1.1102230246251565e-16,0.5,0.3333333333333333,0.16666666666666669
P-1384,0.0,0.3333333333333333,0.6666666666666667,0.16666666666666666,0.0,0.8333333333333334,0.3333333333333333,0.0,0.6666666666666667,0.16666666666666666,0.0,0.8333333333333334,0.16666666666666666,0.5,0.33333333333333337,0.16666666666666666,0.3333333333333333,0.5,0.16666666666666666,0.0,0.8333333333333334,0.16666666666666666,0.3333333333333333,0.5,0.8333333333333334,0.16666666666666666,-2.7755575615628914e-17,0.16666666666666666,0.3333333333333333,0.5,0.0,1.0,0.0,0.3333333333333333,0.5,0.16666666666666674,0.6666666666666666,0.0,0.33333333333333337
P-1385,0.16666666666666666,0.3333333333333333,0.5,0.3333333333333333,0.0,0.6666666666666667,0.5,0.0,0.5,0.3333333333333333,0.0,0.6666666666666667,0.3333333333333333,0.3333333333333333,0.3333333333333334,0.3333333333333333,0.3333333333333333,0.3333333333333334,0.0,0.3333333333333333,0.6666666666666667,0.16666666666666666,0.3333333333333333,0.5,0.6666666666666666,0.16666666666666666,0.1666666666666667,0.16666666666666666,0.3333333333333333,0.5,0.0,1.0,0.0,0.16666666666666666,0.6666666666666666,0.16666666666666674,0.5,0.16666666666666666,0.33333333333333337
P-1389,0.0,0.16666666666666666,0.8333333333333334,0.16666666666666666,0.16666666666666666,0.6666666666666667,0.5,0.16666666666666666,0.33333333333333337,0.0,0.16666666666666666,0.8333333333333334,0.16666666666666666,0.16666666666666666,0.6666666666666667,0.0,0.5,0.5,0.0,0.16666666666666666,0.8333333333333334,0.16666666666666666,0.3333333333333333,0.5,0.8333333333333334,0.16666666666666666,-2.7755575615628914e-17,0.16666666666666666,0.3333333333333333,0.5,0.0,1.0,0.0,0.0,0.8333333333333334,0.16666666666666663,1.0,0.0,0.0
P-1393,0.5,0.5,0.0,0.6666666666666666,0.16666666666666666,0.1666666666666667,0.8333333333333334,0.0,0.16666666666666663,0.6666666666666666,0.16666666666666666,0.1666666666666667,0.6666666666666666,0.3333333333333333,5.551115123125783e-17,0.6666666666666666,0.3333333333333333,5.551115123125783e-17,0.16666666666666666,0.5,0.33333333333333337,0.3333333333333333,0.5,0.16666666666666674,0.16666666666666666,0.3333333333333333,0.5,0.3333333333333333,0.5,0.16666666666666674,0.0,1.0,0.0,0.16666666666666666,0.16666666666666666,0.6666666666666667,0.16666666666666666,0.5,0.33333333333333337
P-1394,0.0,0.6666666666666666,0.33333333333333337,0.16666666666666666,0.5,0.33333333333333337,0.3333333333333333,0.3333333333333333,0.3333333333333334,0.16666666666666666,0.16666666666666666,0.6666666666666667,0.16666666666666666,0.8333333333333334,0.0,0.3333333333333333,0.3333333333333333,0.3333333333333334,0.0,0.16666666666666666,0.8333333333333334,0.3333333333333333,0.3333333333333333,0.3333333333333334,0.6666666666666666,0.3333333333333333,5.551115123125783e-17,0.3333333333333333,0.3333333333333333,0.3333333333333334,0.0,1.0,0.0,0.16666666666666666,0.8333333333333334,0.0,0.5,0.0,0.5
P-1395,0.16666666666666666,0.8333333333333334,0.0,0.8333333333333334,0.0,0.16666666666666663,0.8333333333333334,0.0,0.16666666666666663,0.16666666666666666,0.6666666666666666,0.16666666666666674,0.8333333333333334,0.16666666666666666,-2.7755575615628914e-17,0.3333333333333333,0.6666666666666666,1.1102230246251565e-16,0.0,0.8333333333333334,0.16666666666666663,0.6666666666666666,0.16666666666666666,0.1666666666666667,0.16666666666666666,0.6666666666666666,0.16666666666666674,0.6666666666666666,0.16666666666666666,0.1666666666666667,0.0,1.0,0.0,0.0,0.16666666666666666,0.8333333333333334,0.6666666666666666,0.16666666666666666,0.1666666666666667
P-1396,0.16666666666666666,0.8333333333333334,0.0,0.8333333333333334,0.0,0.16666666666666663,0.8333333333333334,0.0,0.16666666666666663,0.3333333333333333,0.5,0.16666666666666674,0.8333333333333334,0.16666666666666666,-2.7755575615628914e-17,0.3333333333333333,0.6666666666666666,1.1102230246251565e-16,0.16666666666666666,0.6666666666666666,0.16666666666666674,0.6666666666666666,0.16666666666666666,0.1666666666666667,0.16666666666666666,0.6666666666666666,0.16666666666666674,0.6666666666666666,0.16666666666666666,0.1666666666666667,0.0,1.0,0.0,0.0,0.16666666666666666,0.8333333333333334,0.5,0.16666666666666666,0.33333333333333337
P-1397,0.6666666666666666,0.3333333333333333,5.551115123125783e-17,0.8333333333333334,0.0,0.16666666666666663,0.8333333333333334,0.0,0.16666666666666663,0.6666666666666666,0.16666666666666666,0.1666666666666667,0.8333333333333334,0.16666666666666666,-2.7755575615628914e-17,0.8333333333333334,0.16666666666666666,-2.7755575615628914e-17,0.5,0.3333333333333333,0.16666666666666669,0.16666666666666666,0.6666666666666666,0.16666666666666674,0.16666666666666666,0.16666666666666666,0.6666666666666667,0.16666666666666666,0.6666666666666666,0.16666666666666674,0.0,1.0,0.0,0.5,0.16666666666666666,0.33333333333333337,0.16666666666666666,0.6666666666666666,0.16666666666666674
P-1398,0.5,0.5,0.0,0.8333333333333334,0.0,0.16666666666666663,0.8333333333333334,0.0,0.16666666666666663,0.6666666666666666,0.16666666666666666,0.1666666666666667,0.8333333333333334,0.16666666666666666,-2.7755575615628914e-17,0.6666666666666666,0.3333333333333333,5.551115123125783e-17,0.6666666666666666,0.16666666666666666,0.1666666666666667,0.3333333333333333,0.5,0.16666666666666674,0.16666666666666666,0.3333333333333333,0.5,0.3333333333333333,0.5,0.16666666666666674,0.0,1.0,0.0,0.5,0.16666666666666666,0.33333333333333337,0.16666666666666666,0.5,0.33333333333333337
P-1399,0.3333333333333333,0.6666666666666666,1.1102230246251565e-16,0.6666666666666666,0.0,0.33333333333333337,0.6666666666666666,0.0,0.33333333333333337,0.5,0.16666666666666666,0.33333333333333337,0.6666666666666666,0.3333333333333333,5.551115123125783e-17,0.6666666666666666,0.3333333333333333,5.551115123125783e-17,0.5,0.16666666666666666,0.33333333333333337,0.3333333333333333,0.3333333333333333,0.3333333333333334,0.3333333333333333,0.3333333333333333,0.3333333333333334,0.3333333333333333,0.3333333333333333,0.3333333333333334,0.0,1.0,0.0,0.3333333333333333,0.3333333333333333,0.3333333333333334,0.16666666666666666,0.3333333333333333,0.5
P-1400,0.16666666666666666,0.8333333333333334,0.0,0.6666666666666666,0.0,0.33333333333333337,0.6666666666666666,0.0,0.33333333333333337,0.5,0.16666666666666666,0.33333333333333337,0.6666666666666666,0.3333333333333333,5.551115123125783e-17,0.5,0.5,0.0,0.5,0.16666666666666666,0.33333333333333337,0.5,0.16666666666666666,0.33333333333333337,0.3333333333333333,0.5,0.16666666666666674,0.5,0.16666666666666666,0.33333333333333337,0.0,1.0,0.0,0.16666666666666666,0.3333333333333333,0.5,0.16666666666666666,0.16666666666666666,0.6666666666666667
P-1402,0.3333333333333333,0.16666666666666666,0.5000000000000001,0.3333333333333333,0.16666666666666666,0.5000000000000001,0.3333333333333333,0.16666666666666666,0.5000000000000001,0.3333333333333333,0.0,0.6666666666666667,0.3333333333333333,0.16666666666666666,0.5000000000000001,0.5,0.0,0.5,0.0,0.3333333333333333,0.6666666666666667,0.16666666666666666,0.5,0.33333333333333337,0.6666666666666666,0.0,0.33333333333333337,0.0,0.6666666666666666,0.33333333333333337,0.0,1.0,0.0,0.0,0.6666666666666666,0.33333333333333337,0.5,0.3333333333333333,0.16666666666666669
P-1403,0.3333333333333333,0.16666666666666666,0.5000000000000001,0.3333333333333333,0.16666666666666666,0.5000000000000001,0.3333333333333333,0.16666666666666666,0.5000000000000001,0.3333333333333333,0.0,0.6666666666666667,0.3333333333333333,0.3333333333333333,0.3333333333333334,0.5,0.0,0.5,0.0,0.3333333333333333,0.6666666666666667,0.0,0.5,0.5,0.6666666666666666,0.0,0.33333333333333337,0.0,0.5,0.5,0.0,1.0,0.0,0.16666666666666666,0.5,0.33333333333333337,0.3333333333333333,0.3333333333333333,0.3333333333333334
P-1404,0.5,0.3333333333333333,0.16666666666666669,0.3333333333333333,0.16666666666666666,0.5000000000000001,0.3333333333333333,0.16666666666666666,0.5000000000000001,0.5,0.0,0.5,0.5,0.3333333333333333,0.16666666666666669,0.8333333333333334,0.0,0.16666666666666663,0.16666666666666666,0.3333333333333333,0.5,0.0,0.3333333333333333,0.6666666666666667,0.5,0.0,0.5,0.0,0.3333333333333333,0.6666666666666667,0.16666666666666666,0.8333333333333334,0.0,0.16666666666666666,0.5,0.33333333333333337,0.16666666666666666,0.5,0.33333333333333337
P-1406,0.16666666666666666,0.3333333333333333,0.5,0.16666666666666666,0.0,0.8333333333333334,0.16666666666666666,0.0,0.8333333333333334,0.16666666666666666,0.0,0.8333333333333334,0.16666666666666666,0.6666666666666666,0.16666666666666674,0.5,0.0,0.5,0.16666666666666666,0.0,0.8333333333333334,0.0,0.5,0.5,0.8333333333333334,0.0,0.16666666666666663,0.0,0.5,0.5,0.0,1.0,0.0,0.5,0.5,0.0,0.5,0.16666666666666666,0.33333333333333337
P-1407,0.3333333333333333,0.5,0.16666666666666674,0.6666666666666666,0.0,0.33333333333333337,0.6666666666666666,0.0,0.33333333333333337,0.5,0.16666666666666666,0.33333333333333337,0.6666666666666666,0.3333333333333333,5.551115123125783e-17,0.5,0.3333333333333333,0.16666666666666669,0.16666666666666666,0.5,0.33333333333333337,0.3333333333333333,0.5,0.16666666666666674,0.3333333333333333,0.3333333333333333,0.3333333333333334,0.3333333333333333,0.5,0.16666666666666674,0.0,1.0,0.0,0.16666666666666666,0.16666666666666666,0.6666666666666667,0.3333333333333333,0.3333333333333333,0.3333333333333334
P-1409,0.0,0.6666666666666666,0.33333333333333337,0.16666666666666666,0.0,0.8333333333333334,0.16666666666666666,0.0,0.8333333333333334,0.16666666666666666,0.0,0.8333333333333334,0.16666666666666666,0.8333333333333334,0.0,0.5,0.16666666666666666,0.33333333333333337,0.0,0.16666666666666666,0.8333333333333334,0.16666666666666666,0.3333333333333333,0.5,0.8333333333333334,0.16666666666666666,-2.7755575615628914e-17,0.16666666666666666,0.3333333333333333,0.5,0.0,1.0,0.0,0.3333333333333333,0.6666666666666666,1.1102230246251565e-16,0.3333333333333333,0.0,0.6666666666666667
P-1413,0.5,0.5,0.0,0.5,0.3333333333333333,0.16666666666666669,0.8333333333333334,0.0,0.16666666666666663,0.5,0.3333333333333333,0.16666666666666669,0.5,0.5,0.0,0.6666666666666666,0.3333333333333333,5.551115123125783e-17,0.3333333333333333,0.16666666666666666,0.5000000000000001,0.3333333333333333,0.5,0.16666666666666674,0.16666666666666666,0.3333333333333333,0.5,0.3333333333333333,0.5,0.16666666666666674,0.0,1.0,0.0,0.6666666666666666,0.16666666666666666,0.1666666666666667,0.3333333333333333,0.5,0.16666666666666674
P-1414,0.6666666666666666,0.16666666666666666,0.1666666666666667,0.6666666666666666,0.0,0.33333333333333337,0.6666666666666666,0.0,0.33333333333333337,0.6666666666666666,0.0,0.33333333333333337,0.6666666666666666,0.3333333333333333,5.551115123125783e-17,0.8333333333333334,0.0,0.16666666666666663,0.16666666666666666,0.5,0.33333333333333337,0.0,0.8333333333333334,0.16666666666666663,0.3333333333333333,0.0,0.6666666666666667,0.0,0.8333333333333334,0.16666666666666663,0.0,1.0,0.0,0.3333333333333333,0.16666666666666666,0.5000000000000001,0.16666666666666666,0.6666666666666666,0.16666666666666674
P-1415,0.3333333333333333,0.6666666666666666,1.1102230246251565e-16,0.8333333333333334,0.0,0.16666666666666663,0.8333333333333334,0.0,0.16666666666666663,0.6666666666666666,0.16666666666666666,0.1666666666666667,0.8333333333333334,0.16666666666666666,-2.7755575615628914e-17,0.5,0.5,0.0,0.16666666666666666,0.6666666666666666,0.16666666666666674,0.5,0.3333333333333333,0.16666666666666669,0.16666666666666666,0.5,0.33333333333333337,0.5,0.3333333333333333,0.16666666666666669,0.0,1.0,0.0,0.0,0.3333333333333333,0.6666666666666667,0.16666666666666666,0.3333333333333333,0.5
P-1416,0.6666666666666666,0.3333333333333333,5.551115123125783e-17,0.6666666666666666,0.0,0.33333333333333337,0.6666666666666666,0.0,0.33333333333333337,0.6666666666666666,0.0,0.33333333333333337,0.6666666666666666,0.3333333333333333,5.551115123125783e-17,1.0,0.0,0.0,0.0,0.6666666666666666,0.33333333333333337,0.0,0.6666666666666666,0.33333333333333337,0.3333333333333333,0.0,0.6666666666666667,0.0,0.6666666666666666,0.33333333333333337,0.0,1.0,0.0,0.0,0.3333333333333333,0.6666666666666667,0.0,0.6666666666666666,0.33333333333333337
P-1417,0.3333333333333333,0.6666666666666666,1.1102230246251565e-16,0.5,0.16666666666666666,0.33333333333333337,0.6666666666666666,0.0,0.33333333333333337,0.5,0.3333333333333333,0.16666666666666669,0.6666666666666666,0.3333333333333333,5.551115123125783e-17,0.6666666666666666,0.3333333333333333,5.551115123125783e-17,0.16666666666666666,0.5,0.33333333333333337,0.6666666666666666,0.16666666666666666,0.1666666666666667,0.16666666666666666,0.5,0.33333333333333337,0.5,0.3333333333333333,0.16666666666666669,0.0,0.8333333333333334,0.16666666666666663,0.16666666666666666,0.16666666666666666,0.6666666666666667,0.3333333333333333,0.3333333333333333,0.3333333333333334
P-1418,0.3333333333333333,0.6666666666666666,1.1102230246251565e-16,0.6666666666666666,0.0,0.33333333333333337,0.6666666666666666,0.0,0.33333333333333337,0.5,0.3333333333333333,0.16666666666666669,0.8333333333333334,0.16666666666666666,-2.7755575615628914e-17,0.6666666666666666,0.3333333333333333,5.551115123125783e-17,0.16666666666666666,0.6666666666666666,0.16666666666666674,0.5,0.3333333333333333,0.16666666666666669,0.16666666666666666,0.5,0.33333333333333337,0.3333333333333333,0.5,0.16666666666666674,0.0,1.0,0.0,0.16666666666666666,0.16666666666666666,0.6666666666666667,0.3333333333333333,0.3333333333333333,0.3333333333333334
P-1419,0.3333333333333333,0.5,0.16666666666666674,0.5,0.16666666666666666,0.33333333333333337,0.6666666666666666,0.0,0.33333333333333337,0.3333333333333333,0.3333333333333333,0.3333333333333334,0.5,0.3333333333333333,0.16666666666666669,0.5,0.3333333333333333,0.16666666666666669,0.3333333333333333,0.16666666666666666,0.5000000000000001,0.3333333333333333,0.3333333333333333,0.3333333333333334,0.3333333333333333,0.3333333333333333,0.3333333333333334,0.3333333333333333,0.3333333333333333,0.3333333333333334,0.0,1.0,0.0,0.5,0.3333333333333333,0.16666666666666669,0.5,0.3333333333333333,0.16666666666666669
P-1420,0.3333333333333333,0.6666666666666666,1.1102230246251565e-16,0.3333333333333333,0.3333333333333333,0.3333333333333334,0.6666666666666666,0.0,0.33333333333333337,0.3333333333333333,0.3333333333333333,0.3333333333333334,0.3333333333333333,0.6666666666666666,1.1102230246251565e-16,0.6666666666666666,0.3333333333333333,5.551115123125783e-17,0.16666666666666666,0.16666666666666666,0.6666666666666667,0.3333333333333333,0.3333333333333333,0.3333333333333334,0.3333333333333333,0.3333333333333333,0.3333333333333334,0.3333333333333333,0.3333333333333333,0.3333333333333334,0.0,1.0,0.0,0.5,0.3333333333333333,0.16666666666666669,0.3333333333333333,0.3333333333333333,0.3333333333333334
P-1421,0.3333333333333333,0.6666666666666666,1.1102230246251565e-16,0.5,0.16666666666666666,0.33333333333333337,0.6666666666666666,0.0,0.33333333333333337,0.3333333333333333,0.3333333333333333,0.3333333333333334,0.5,0.5,0.0,0.6666666666666666,0.3333333333333333,5.551115123125783e-17,0.3333333333333333,0.16666666666666666,0.5000000000000001,0.3333333333333333,0.3333333333333333,0.3333333333333334,0.3333333333333333,0.3333333333333333,0.3333333333333334,0.3333333333333333,0.3333333333333333,0.3333333333333334,0.0,1.0,0.0,0.5,0.3333333333333333,0.16666666666666669,0.3333333333333333,0.3333333333333333,0.3333333333333334
P-1422,0.16666666666666666,0.8333333333333334,0.0,0.6666666666666666,0.0,0.33333333333333337,0.6666666666666666,0.0,0.33333333333333337,0.3333333333333333,0.3333333333333333,0.3333333333333334,0.6666666666666666,0.3333333333333333,5.551115123125783e-17,0.5,0.5,0.0,0.3333333333333333,0.3333333333333333,0.3333333333333334,0.5,0.16666666666666666,0.33333333333333337,0.3333333333333333,0.5,0.16666666666666674,0.5,0.16666666666666666,0.33333333333333337,0.0,1.0,0.0,0.16666666666666666,0.3333333333333333,0.5,0.3333333333333333,0.16666666666666666,0.5000000000000001
P-1423,0.3333333333333333,0.3333333333333333,0.3333333333333334,0.16666666666666666,0.3333333333333333,0.5,0.16666666666666666,0.3333333333333333,0.5,0.3333333333333333,0.0,0.6666666666666667,0.3333333333333333,0.5,0.16666666666666674,0.6666666666666666,0.0,0.33333333333333337,0.3333333333333333,0.0,0.6666666666666667,0.0,0.5,0.5,0.6666666666666666,0.0,0.33333333333333337,0.0,0.5,0.5,0.16666666666666666,0.8333333333333334,0.0,0.3333333333333333,0.6666666666666666,1.1102230246251565e-16,0.3333333333333333,0.3333333333333333,0.3333333333333334
P-1424,0.5,0.3333333333333333,0.16666666666666669,0.5,0.0,0.5,0.5,0.0,0.5,0.5,0.0,0.5,0.5,0.5,0.0,0.8333333333333334,0.0,0.16666666666666663,0.3333333333333333,0.16666666666666666,0.5000000000000001,0.0,0.6666666666666666,0.33333333333333337,0.5,0.0,0.5,0.0,0.6666666666666666,0.33333333333333337,0.0,0.8333333333333334,0.16666666666666663,0.5,0.3333333333333333,0.16666666666666669,0.16666666666666666,0.5,0.33333333333333337
P-1425,0.3333333333333333,0.16666666666666666,0.5000000000000001,0.3333333333333333,0.0,0.6666666666666667,0.5,0.0,0.5,0.3333333333333333,0.0,0.6666666666666667,0.3333333333333333,0.3333333333333333,0.3333333333333334,0.5,0.16666666666666666,0.33333333333333337,0.3333333333333333,0.0,0.6666666666666667,0.0,0.6666666666666666,0.33333333333333337,0.6666666666666666,0.0,0.33333333333333337,0.0,0.6666666666666666,0.33333333333333337,0.0,1.0,0.0,0.5,0.5,0.0,0.5,0.3333333333333333,0.16666666666666669
P-1426,0.5,0.5,0.0,0.6666666666666666,0.0,0.33333333333333337,0.6666666666666666,0.0,0.33333333333333337,0.5,0.16666666666666666,0.33333333333333337,0.6666666666666666,0.3333333333333333,5.551115123125783e-17,0.8333333333333334,0.16666666666666666,-2.7755575615628914e-17,0.3333333333333333,0.3333333333333333,0.3333333333333334,0.16666666666666666,0.5,0.33333333333333337,0.3333333333333333,0.16666666666666666,0.5000000000000001,0.16666666666666666,0.5,0.33333333333333337,0.0,1.0,0.0,0.3333333333333333,0.3333333333333333,0.3333333333333334,0.16666666666666666,0.5,0.33333333333333337
P-1427,0.3333333333333333,0.6666666666666666,1.1102230246251565e-16,0.6666666666666666,0.0,0.33333333333333337,0.6666666666666666,0.0,0.33333333333333337,0.3333333333333333,0.3333333333333333,0.3333333333333334,0.6666666666666666,0.3333333333333333,5.551115123125783e-17,0.6666666666666666,0.3333333333333333,5.551115123125783e-17,0.3333333333333333,0.3333333333333333,0.3333333333333334,0.3333333333333333,0.3333333333333333,0.3333333333333334,0.3333333333333333,0.3333333333333333,0.3333333333333334,0.3333333333333333,0.3333333333333333,0.3333333333333334,0.0,1.0,0.0,0.3333333333333333,0.3333333333333333,0.3333333333333334,0.3333333333333333,0.3333333333333333,0.3333333333333334
P-1428,0.6666666666666666,0.16666666666666666,0.1666666666666667,0.6666666666666666,0.0,0.33333333333333337,0.6666666666666666,0.0,0.33333333333333337,0.6666666666666666,0.0,0.33333333333333337,0.6666666666666666,0.16666666666666666,0.1666666666666667,0.8333333333333334,0.0,0.16666666666666663,0.5,0.16666666666666666,0.33333333333333337,0.0,0.6666666666666666,0.33333333333333337,0.3333333333333333,0.0,0.6666666666666667,0.0,0.6666666666666666,0.33333333333333337,0.0,1.0,0.0,0.5,0.3333333333333333,0.16666666666666669,0.16666666666666666,0.6666666666666666,0.16666666666666674
P-1430,0.5,0.5,0.0,0.5,0.0,0.5,0.5,0.0,0.5,0.6666666666666666,0.0,0.33333333333333337,0.6666666666666666,0.3333333333333333,5.551115123125783e-17,1.0,0.0,0.0,0.3333333333333333,0.3333333333333333,0.3333333333333334,0.16666666666666666,0.5,0.33333333333333337,0.3333333333333333,0.16666666666666666,0.5000000000000001,0.0,0.6666666666666666,0.33333333333333337,0.0,1.0,0.0,0.3333333333333333,0.3333333333333333,0.3333333333333334,0.0,0.5,0.5
P-1431,0.5,0.5,0.0,0.6666666666666666,0.0,0.33333333333333337,0.6666666666666666,0.0,0.33333333333333337,0.6666666666666666,0.0,0.33333333333333337,0.6666666666666666,0.3333333333333333,5.551115123125783e-17,0.8333333333333334,0.16666666666666666,-2.7755575615628914e-17,0.6666666666666666,0.0,0.33333333333333337,0.16666666666666666,0.5,0.33333333333333337,0.3333333333333333,0.16666666666666666,0.5000000000000001,0.16666666666666666,0.5,0.33333333333333337,0.0,1.0,0.0,0.5,0.3333333333333333,0.16666666666666669,0.0,0.5,0.5
P-1432,0.16666666666666666,0.8333333333333334,0.0,0.6666666666666666,0.0,0.33333333333333337,0.6666666666666666,0.0,0.33333333333333337,0.16666666666666666,0.5,0.33333333333333337,0.6666666666666666,0.3333333333333333,5.551115123125783e-17,0.5,0.5,0.0,0.16666666666666666,0.5,0.33333333333333337,0.5,0.16666666666666666,0.33333333333333337,0.3333333333333333,0.5,0.16666666666666674,0.5,0.16666666666666666,0.33333333333333337,0.0,1.0,0.0,0.16666666666666666,0.3333333333333333,0.5,0.5,0.16666666666666666,0.33333333333333337
P-1433,0.16666666666666666,0.8333333333333334,0.0,0.8333333333333334,0.0,0.16666666666666663,0.8333333333333334,0.0,0.16666666666666663,0.6666666666666666,0.16666666666666666,0.1666666666666667,0.8333333333333334,0.16666666666666666,-2.7755575615628914e-17,0.3333333333333333,0.6666666666666666,1.1102230246251565e-16,0.5,0.3333333333333333,0.16666666666666669,0.6666666666666666,0.16666666666666666,0.1666666666666667,0.16666666666666666,0.6666666666666666,0.16666666666666674,0.6666666666666666,0.16666666666666666,0.1666666666666667,0.0,1.0,0.0,0.0,0.16666666666666666,0.8333333333333334,0.16666666666666666,0.16666666666666666,0.6666666666666667
P-1434,0.3333333333333333,0.6666666666666666,1.1102230246251565e-16,0.6666666666666666,0.0,0.33333333333333337,0.6666666666666666,0.0,0.33333333333333337,0.5,0.16666666666666666,0.33333333333333337,0.6666666666666666,0.3333333333333333,5.551115123125783e-17,0.6666666666666666,0.3333333333333333,5.551115123125783e-17,0.5,0.16666666666666666,0.33333333333333337,0.3333333333333333,0.3333333333333333,0.3333333333333334,0.3333333333333333,0.3333333333333333,0.3333333333333334,0.3333333333333333,0.3333333333333333,0.3333333333333334,0.0,1.0,0.0,0.3333333333333333,0.3333333333333333,0.3333333333333334,0.16666666666666666,0.3333333333333333,0.5
P-1437,0.3333333333333333,0.5,0.16666666666666674,0.6666666666666666,0.0,0.33333333333333337,0.6666666666666666,0.0,0.33333333333333337,0.6666666666666666,0.0,0.33333333333333337,0.6666666666666666,0.16666666666666666,0.1666666666666667,0.5,0.3333333333333333,0.16666666666666669,0.16666666666666666,0.5,0.33333333333333337,0.3333333333333333,0.5,0.16666666666666674,0.3333333333333333,0.3333333333333333,0.3333333333333334,0.3333333333333333,0.5,0.16666666666666674,0.0,1.0,0.0,0.0,0.5,0.5,0.16666666666666666,0.3333333333333333,0.5
P-1439,0.16666666666666666,0.5,0.33333333333333337,0.3333333333333333,0.16666666666666666,0.5000000000000001,0.3333333333333333,0.16666666666666666,0.5000000000000001,0.16666666666666666,0.16666666666666666,0.6666666666666667,0.3333333333333333,0.5,0.16666666666666674,0.5,0.16666666666666666,0.33333333333333337,0.16666666666666666,0.16666666666666666,0.6666666666666667,0.16666666666666666,0.5,0.33333333333333337,0.6666666666666666,0.16666666666666666,0.1666666666666667,0.16666666666666666,0.5,0.33333333333333337,0.0,0.8333333333333334,0.16666666666666663,0.16666666666666666,0.6666666666666666,0.16666666666666674,0.5,0.16666666666666666,0.33333333333333337
P-1440,0.0,0.6666666666666666,0.33333333333333337,0.3333333333333333,0.3333333333333333,0.3333333333333334,0.3333333333333333,0.3333333333333333,0.3333333333333334,0.16666666666666666,0.3333333333333333,0.5,0.3333333333333333,0.5,0.16666666666666674,0.3333333333333333,0.3333333333333333,0.3333333333333334,0.16666666666666666,0.16666666666666666,0.6666666666666667,0.3333333333333333,0.16666666666666666,0.5000000000000001,0.5,0.3333333333333333,0.16666666666666669,0.3333333333333333,0.16666666666666666,0.5000000000000001,0.0,1.0,0.0,0.16666666666666666,0.5,0.33333333333333337,0.5,0.0,0.5
P-1441,0.5,0.5,0.0,0.5,0.0,0.5,0.5,0.0,0.5,0.5,0.0,0.5,0.5,0.5,0.0,1.0,0.0,0.0,0.0,0.5,0.5,0.0,0.5,0.5,0.5,0.0,0.5,0.0,0.5,0.5,0.0,1.0,0.0,0.0,0.5,0.5,0.0,0.5,0.5
P-1442,0.5,0.5,0.0,0.5,0.0,0.5,0.5,0.0,0.5,0.5,0.0,0.5,0.5,0.5,0.0,1.0,0.0,0.0,0.3333333333333333,0.16666666666666666,0.5000000000000001,0.0,0.5,0.5,0.5,0.0,0.5,0.0,0.5,0.5,0.0,1.0,0.0,0.3333333333333333,0.5,0.16666666666666674,0.0,0.5,0.5
P-1443,0.16666666666666666,0.6666666666666666,0.16666666666666674,0.5,0.0,0.5,0.5,0.0,0.5,0.5,0.0,0.5,0.5,0.3333333333333333,0.16666666666666669,0.5,0.3333333333333333,0.16666666666666669,0.16666666666666666,0.3333333333333333,0.5,0.3333333333333333,0.16666666666666666,0.5000000000000001,0.5,0.3333333333333333,0.16666666666666669,0.3333333333333333,0.16666666666666666,0.5000000000000001,0.0,0.8333333333333334,0.16666666666666663,0.16666666666666666,0.8333333333333334,0.0,0.16666666666666666,0.16666666666666666,0.6666666666666667
P-1444,0.14285714285714285,0.2857142857142857,0.5714285714285715,0.2857142857142857,0.5714285714285714,0.1428571428571429,0.42857142857142855,0.42857142857142855,0.14285714285714285,0.2857142857142857,0.14285714285714285,0.5714285714285714,0.2857142857142857,0.5714285714285714,0.1428571428571429,0.14285714285714285,0.2857142857142857,0.5714285714285715,0.2857142857142857,0.0,0.7142857142857143,0.2857142857142857,0.7142857142857143,0.0,0.5714285714285714,0.2857142857142857,0.1428571428571429,0.2857142857142857,0.7142857142857143,0.0,0.0,0.8571428571428571,0.1428571428571429,0.2857142857142857,0.5714285714285714,0.1428571428571429,0.7142857142857143,0.14285714285714285,0.14285714285714285
P-1445,0.0,0.42857142857142855,0.5714285714285714,0.0,0.5714285714285714,0.4285714285714286,0.42857142857142855,0.14285714285714285,0.42857142857142855,0.0,0.42857142857142855,0.5714285714285714,0.0,0.5714285714285714,0.4285714285714286,0.0,0.42857142857142855,0.5714285714285714,0.0,0.0,1.0,0.42857142857142855,0.42857142857142855,0.14285714285714285,0.5714285714285714,0.42857142857142855,5.551115123125783e-17,0.42857142857142855,0.42857142857142855,0.14285714285714285,0.0,1.0,0.0,0.42857142857142855,0.5714285714285714,0.0,1.0,0.0,0.0
P-1447,0.2857142857142857,0.5714285714285714,0.1428571428571429,0.14285714285714285,0.5714285714285714,0.2857142857142858,0.2857142857142857,0.42857142857142855,0.28571428571428575,0.5714285714285714,0.2857142857142857,0.1428571428571429,0.5714285714285714,0.2857142857142857,0.1428571428571429,0.5714285714285714,0.2857142857142857,0.1428571428571429,0.2857142857142857,0.2857142857142857,0.4285714285714286,0.42857142857142855,0.14285714285714285,0.42857142857142855,0.14285714285714285,0.42857142857142855,0.42857142857142866,0.2857142857142857,0.2857142857142857,0.4285714285714286,0.2857142857142857,0.7142857142857143,0.0,0.5714285714285714,0.2857142857142857,0.1428571428571429,0.2857142857142857,0.2857142857142857,0.4285714285714286
P-1448,0.42857142857142855,0.14285714285714285,0.42857142857142855,0.5714285714285714,0.2857142857142857,0.1428571428571429,0.5714285714285714,0.2857142857142857,0.1428571428571429,0.42857142857142855,0.14285714285714285,0.42857142857142855,0.5714285714285714,0.14285714285714285,0.28571428571428575,0.42857142857142855,0.14285714285714285,0.42857142857142855,0.14285714285714285,0.42857142857142855,0.42857142857142866,0.2857142857142857,0.7142857142857143,0.0,0.42857142857142855,0.14285714285714285,0.42857142857142855,0.14285714285714285,0.8571428571428571,1.1102230246251565e-16,0.0,1.0,0.0,0.14285714285714285,0.42857142857142855,0.42857142857142866,0.5714285714285714,0.42857142857142855,5.551115123125783e-17
P-1449,0.2857142857142857,0.42857142857142855,0.28571428571428575,0.2857142857142857,0.42857142857142855,0.28571428571428575,0.7142857142857143,0.0,0.2857142857142857,0.2857142857142857,0.42857142857142855,0.28571428571428575,0.2857142857142857,0.5714285714285714,0.1428571428571429,0.2857142857142857,0.42857142857142855,0.28571428571428575,0.2857142857142857,0.0,0.7142857142857143,0.5714285714285714,0.42857142857142855,5.551115123125783e-17,0.2857142857142857,0.42857142857142855,0.28571428571428575,0.5714285714285714,0.42857142857142855,5.551115123125783e-17,0.0,0.8571428571428571,0.1428571428571429,0.7142857142857143,0.14285714285714285,0.14285714285714285,0.7142857142857143,0.2857142857142857,0.0
P-1450,0.2857142857142857,0.0,0.7142857142857143,0.2857142857142857,0.14285714285714285,0.5714285714285714,0.2857142857142857,0.14285714285714285,0.5714285714285714,0.2857142857142857,0.0,0.7142857142857143,0.2857142857142857,0.2857142857142857,0.4285714285714286,0.2857142857142857,0.0,0.7142857142857143,0.2857142857142857,0.0,0.7142857142857143,0.2857142857142857,0.42857142857142855,0.28571428571428575,0.7142857142857143,0.0,0.2857142857142857,0.2857142857142857,0.42857142857142855,0.28571428571428575,0.0,0.7142857142857143,0.2857142857142857,0.14285714285714285,0.5714285714285714,0.2857142857142858,0.7142857142857143,0.2857142857142857,0.0
P-1451,0.42857142857142855,0.14285714285714285,0.42857142857142855,0.42857142857142855,0.2857142857142857,0.2857142857142857,0.5714285714285714,0.14285714285714285,0.28571428571428575,0.42857142857142855,0.14285714285714285,0.42857142857142855,0.42857142857142855,0.14285714285714285,0.42857142857142855,0.42857142857142855,0.14285714285714285,0.42857142857142855,0.42857142857142855,0.0,0.5714285714285714,0.2857142857142857,0.5714285714285714,0.1428571428571429,0.42857142857142855,0.14285714285714285,0.42857142857142855,0.14285714285714285,0.7142857142857143,0.1428571428571429,0.0,0.7142857142857143,0.2857142857142857,0.5714285714285714,0.42857142857142855,5.551115123125783e-17,0.5714285714285714,0.42857142857142855,5.551115123125783e-17
P-1452,0.14285714285714285,0.14285714285714285,0.7142857142857144,0.2857142857142857,0.2857142857142857,0.4285714285714286,0.2857142857142857,0.2857142857142857,0.4285714285714286,0.14285714285714285,0.14285714285714285,0.7142857142857144,0.2857142857142857,0.42857142857142855,0.28571428571428575,0.14285714285714285,0.14285714285714285,0.7142857142857144,0.0,0.2857142857142857,0.7142857142857143,0.14285714285714285,0.7142857142857143,0.1428571428571429,0.7142857142857143,0.14285714285714285,0.14285714285714285,0.14285714285714285,0.7142857142857143,0.1428571428571429,0.0,1.0,0.0,0.14285714285714285,0.5714285714285714,0.2857142857142858,0.8571428571428571,0.14285714285714285,5.551115123125783e-17
P-1453,0.14285714285714285,0.14285714285714285,0.7142857142857144,0.2857142857142857,0.2857142857142857,0.4285714285714286,0.2857142857142857,0.2857142857142857,0.4285714285714286,0.14285714285714285,0.14285714285714285,0.7142857142857144,0.2857142857142857,0.42857142857142855,0.28571428571428575,0.14285714285714285,0.14285714285714285,0.7142857142857144,0.0,0.2857142857142857,0.7142857142857143,0.14285714285714285,0.8571428571428571,1.1102230246251565e-16,0.7142857142857143,0.14285714285714285,0.14285714285714285,0.14285714285714285,0.8571428571428571,1.1102230246251565e-16,0.0,1.0,0.0,0.14285714285714285,0.5714285714285714,0.2857142857142858,0.8571428571428571,0.14285714285714285,5.551115123125783e-17
P-1454,0.14285714285714285,0.42857142857142855,0.42857142857142866,0.42857142857142855,0.14285714285714285,0.42857142857142855,0.5714285714285714,0.0,0.4285714285714286,0.2857142857142857,0.2857142857142857,0.4285714285714286,0.42857142857142855,0.2857142857142857,0.2857142857142857,0.14285714285714285,0.42857142857142855,0.42857142857142866,0.0,0.42857142857142855,0.5714285714285714,0.42857142857142855,0.5714285714285714,0.0,0.42857142857142855,0.42857142857142855,0.14285714285714285,0.42857142857142855,0.5714285714285714,0.0,0.0,1.0,0.0,0.2857142857142857,0.42857142857142855,0.28571428571428575,0.7142857142857143,0.14285714285714285,0.14285714285714285
P-1455,0.14285714285714285,0.5714285714285714,0.2857142857142858,0.42857142857142855,0.2857142857142857,0.2857142857142857,0.5714285714285714,0.14285714285714285,0.28571428571428575,0.42857142857142855,0.2857142857142857,0.2857142857142857,0.5714285714285714,0.42857142857142855,5.551115123125783e-17,0.2857142857142857,0.42857142857142855,0.28571428571428575,0.2857142857142857,0.2857142857142857,0.4285714285714286,0.7142857142857143,0.2857142857142857,0.0,0.2857142857142857,0.5714285714285714,0.1428571428571429,0.5714285714285714,0.42857142857142855,5.551115123125783e-17,0.0,0.8571428571428571,0.1428571428571429,0.2857142857142857,0.14285714285714285,0.5714285714285714,0.5714285714285714,0.14285714285714285,0.28571428571428575
P-1456,0.7142857142857143,0.2857142857142857,0.0,0.8571428571428571,0.0,0.1428571428571429,0.8571428571428571,0.0,0.1428571428571429,0.7142857142857143,0.14285714285714285,0.14285714285714285,0.8571428571428571,0.14285714285714285,5.551115123125783e-17,0.8571428571428571,0.14285714285714285,5.551115123125783e-17,0.2857142857142857,0.5714285714285714,0.1428571428571429,0.14285714285714285,0.7142857142857143,0.1428571428571429,0.14285714285714285,0.14285714285714285,0.7142857142857144,0.14285714285714285,0.7142857142857143,0.1428571428571429,0.0,1.0,0.0,0.2857142857142857,0.14285714285714285,0.5714285714285714,0.14285714285714285,0.7142857142857143,0.1428571428571429
P-1457,0.2857142857142857,0.14285714285714285,0.5714285714285714,0.42857142857142855,0.2857142857142857,0.2857142857142857,0.5714285714285714,0.2857142857142857,0.1428571428571429,0.2857142857142857,0.14285714285714285,0.5714285714285714,0.42857142857142855,0.2857142857142857,0.2857142857142857,0.2857142857142857,0.2857142857142857,0.4285714285714286,0.14285714285714285,0.2857142857142857,0.5714285714285715,0.14285714285714285,0.7142857142857143,0.1428571428571429,0.5714285714285714,0.14285714285714285,0.28571428571428575,0.14285714285714285,0.7142857142857143,0.1428571428571429,0.0,1.0,0.0,0.14285714285714285,0.5714285714285714,0.2857142857142858,0.7142857142857143,0.2857142857142857,0.0
P-1459,0.0,0.42857142857142855,0.5714285714285714,0.2857142857142857,0.5714285714285714,0.1428571428571429,0.42857142857142855,0.42857142857142855,0.14285714285714285,0.0,0.42857142857142855,0.5714285714285714,0.2857142857142857,0.42857142857142855,0.28571428571428575,0.0,0.42857142857142855,0.5714285714285714,0.0,0.2857142857142857,0.7142857142857143,0.5714285714285714,0.42857142857142855,5.551115123125783e-17,0.5714285714285714,0.42857142857142855,5.551115123125783e-17,0.42857142857142855,0.5714285714285714,0.0,0.0,1.0,0.0,0.14285714285714285,0.5714285714285714,0.2857142857142858,1.0,0.0,0.0
P-1460,0.42857142857142855,0.0,0.5714285714285714,0.14285714285714285,0.42857142857142855,0.42857142857142866,0.14285714285714285,0.42857142857142855,0.42857142857142866,0.42857142857142855,0.0,0.5714285714285714,0.42857142857142855,0.14285714285714285,0.42857142857142855,0.42857142857142855,0.0,0.5714285714285714,0.2857142857142857,0.14285714285714285,0.5714285714285714,0.0,0.5714285714285714,0.4285714285714286,0.5714285714285714,0.0,0.4285714285714286,0.0,0.5714285714285714,0.4285714285714286,0.2857142857142857,0.7142857142857143,0.0,0.2857142857142857,0.5714285714285714,0.1428571428571429,0.5714285714285714,0.42857142857142855,5.551115123125783e-17
P-1461,0.14285714285714285,0.42857142857142855,0.42857142857142866,0.42857142857142855,0.14285714285714285,0.42857142857142855,0.42857142857142855,0.14285714285714285,0.42857142857142855,0.2857142857142857,0.2857142857142857,0.4285714285714286,0.42857142857142855,0.14285714285714285,0.42857142857142855,0.2857142857142857,0.2857142857142857,0.4285714285714286,0.2857142857142857,0.14285714285714285,0.5714285714285714,0.42857142857142855,0.2857142857142857,0.2857142857142857,0.42857142857142855,0.2857142857142857,0.2857142857142857,0.42857142857142855,0.2857142857142857,0.2857142857142857,0.0,0.8571428571428571,0.1428571428571429,0.14285714285714285,0.42857142857142855,0.42857142857142866,0.5714285714285714,0.14285714285714285,0.28571428571428575
P-1462,0.2857142857142857,0.14285714285714285,0.5714285714285714,0.14285714285714285,0.42857142857142855,0.42857142857142866,0.2857142857142857,0.2857142857142857,0.4285714285714286,0.2857142857142857,0.14285714285714285,0.5714285714285714,0.2857142857142857,0.42857142857142855,0.28571428571428575,0.2857142857142857,0.14285714285714285,0.5714285714285714,0.2857142857142857,0.0,0.7142857142857143,0.14285714285714285,0.42857142857142855,0.42857142857142866,0.5714285714285714,0.14285714285714285,0.28571428571428575,0.14285714285714285,0.42857142857142855,0.42857142857142866,0.14285714285714285,0.7142857142857143,0.1428571428571429,0.5714285714285714,0.42857142857142855,5.551115123125783e-17,0.7142857142857143,0.2857142857142857,0.0
P-1466,0.8571428571428571,0.14285714285714285,5.551115123125783e-17,0.5714285714285714,0.2857142857142857,0.1428571428571429,0.5714285714285714,0.2857142857142857,0.1428571428571429,0.8571428571428571,0.0,0.1428571428571429,0.8571428571428571,0.14285714285714285,5.551115123125783e-17,1.0,0.0,0.0,0.42857142857142855,0.42857142857142855,0.14285714285714285,0.0,0.5714285714285714,0.4285714285714286,0.14285714285714285,0.0,0.8571428571428572,0.0,0.5714285714285714,0.4285714285714286,0.2857142857142857,0.7142857142857143,0.0,0.42857142857142855,0.14285714285714285,0.42857142857142855,0.0,0.8571428571428571,0.1428571428571429
P-1467,0.14285714285714285,0.42857142857142855,0.42857142857142866,0.14285714285714285,0.2857142857142857,0.5714285714285715,0.42857142857142855,0.0,0.5714285714285714,0.14285714285714285,0.2857142857142857,0.5714285714285715,0.2857142857142857,0.5714285714285714,0.1428571428571429,0.2857142857142857,0.2857142857142857,0.4285714285714286,0.2857142857142857,0.0,0.7142857142857143,0.2857142857142857,0.42857142857142855,0.28571428571428575,0.5714285714285714,0.2857142857142857,0.1428571428571429,0.2857142857142857,0.42857142857142855,0.28571428571428575,0.14285714285714285,0.8571428571428571,1.1102230246251565e-16,0.5714285714285714,0.2857142857142857,0.1428571428571429,0.5714285714285714,0.14285714285714285,0.28571428571428575
P-1469,0.14285714285714285,0.2857142857142857,0.5714285714285715,0.14285714285714285,0.2857142857142857,0.5714285714285715,0.2857142857142857,0.14285714285714285,0.5714285714285714,0.14285714285714285,0.14285714285714285,0.7142857142857144,0.14285714285714285,0.8571428571428571,1.1102230246251565e-16,0.2857142857142857,0.14285714285714285,0.5714285714285714,0.14285714285714285,0.0,0.8571428571428572,0.14285714285714285,0.7142857142857143,0.1428571428571429,0.7142857142857143,0.14285714285714285,0.14285714285714285,0.14285714285714285,0.7142857142857143,0.1428571428571429,0.0,0.8571428571428571,0.1428571428571429,0.7142857142857143,0.2857142857142857,0.0,0.7142857142857143,0.14285714285714285,0.14285714285714285
P-1470,0.2857142857142857,0.2857142857142857,0.4285714285714286,0.42857142857142855,0.2857142857142857,0.2857142857142857,0.42857142857142855,0.2857142857142857,0.2857142857142857,0.2857142857142857,0.2857142857142857,0.4285714285714286,0.42857142857142855,0.2857142857142857,0.2857142857142857,0.42857142857142855,0.14285714285714285,0.42857142857142855,0.14285714285714285,0.2857142857142857,0.5714285714285715,0.2857142857142857,0.2857142857142857,0.4285714285714286,0.42857142857142855,0.14285714285714285,0.42857142857142855,0.2857142857142857,0.2857142857142857,0.4285714285714286,0.0,0.8571428571428571,0.1428571428571429,0.2857142857142857,0.2857142857142857,0.4285714285714286,0.42857142857142855,0.2857142857142857,0.2857142857142857
P-1471,0.2857142857142857,0.2857142857142857,0.4285714285714286,0.42857142857142855,0.42857142857142855,0.14285714285714285,0.42857142857142855,0.42857142857142855,0.14285714285714285,0.2857142857142857,0.2857142857142857,0.4285714285714286,0.42857142857142855,0.42857142857142855,0.14285714285714285,0.42857142857142855,0.14285714285714285,0.42857142857142855,0.14285714285714285,0.2857142857142857,0.5714285714285715,0.2857142857142857,0.14285714285714285,0.5714285714285714,0.42857142857142855,0.14285714285714285,0.42857142857142855,0.2857142857142857,0.14285714285714285,0.5714285714285714,0.0,0.8571428571428571,0.1428571428571429,0.42857142857142855,0.14285714285714285,0.42857142857142855,0.2857142857142857,0.2857142857142857,0.4285714285714286
P-1472,0.42857142857142855,0.14285714285714285,0.42857142857142855,0.42857142857142855,0.14285714285714285,0.42857142857142855,0.42857142857142855,0.14285714285714285,0.42857142857142855,0.5714285714285714,0.0,0.4285714285714286,0.5714285714285714,0.42857142857142855,5.551115123125783e-17,0.5714285714285714,0.0,0.4285714285714286,0.42857142857142855,0.14285714285714285,0.42857142857142855,0.14285714285714285,0.7142857142857143,0.1428571428571429,0.42857142857142855,0.14285714285714285,0.42857142857142855,0.0,0.8571428571428571,0.1428571428571429,0.0,0.5714285714285714,0.4285714285714286,0.8571428571428571,0.0,0.1428571428571429,0.2857142857142857,0.42857142857142855,0.28571428571428575
P-1473,0.2857142857142857,0.7142857142857143,0.0,0.5714285714285714,0.14285714285714285,0.28571428571428575,0.7142857142857143,0.0,0.2857142857142857,0.5714285714285714,0.2857142857142857,0.1428571428571429,0.7142857142857143,0.2857142857142857,0.0,0.5714285714285714,0.42857142857142855,5.551115123125783e-17,0.14285714285714285,0.5714285714285714,0.2857142857142858,0.5714285714285714,0.2857142857142857,0.1428571428571429,0.14285714285714285,0.5714285714285714,0.2857142857142858,0.42857142857142855,0.42857142857142855,0.14285714285714285,0.0,0.8571428571428571,0.1428571428571429,0.2857142857142857,0.2857142857142857,0.4285714285714286,0.2857142857142857,0.2857142857142857,0.4285714285714286
P-1474,0.14285714285714285,0.42857142857142855,0.42857142857142866,0.42857142857142855,0.2857142857142857,0.2857142857142857,0.42857142857142855,0.2857142857142857,0.2857142857142857,0.42857142857142855,0.14285714285714285,0.42857142857142855,0.42857142857142855,0.42857142857142855,0.14285714285714285,0.2857142857142857,0.2857142857142857,0.4285714285714286,0.2857142857142857,0.14285714285714285,0.5714285714285714,0.2857142857142857,0.42857142857142855,0.28571428571428575,0.42857142857142855,0.2857142857142857,0.2857142857142857,0.2857142857142857,0.42857142857142855,0.28571428571428575,0.0,1.0,0.0,0.2857142857142857,0.2857142857142857,0.4285714285714286,0.42857142857142855,0.14285714285714285,0.42857142857142855
P-1475,0.2857142857142857,0.42857142857142855,0.28571428571428575,0.5714285714285714,0.2857142857142857,0.1428571428571429,0.5714285714285714,0.2857142857142857,0.1428571428571429,0.5714285714285714,0.14285714285714285,0.28571428571428575,0.5714285714285714,0.42857142857142855,5.551115123125783e-17,0.42857142857142855,0.2857142857142857,0.2857142857142857,0.2857142857142857,0.2857142857142857,0.4285714285714286,0.2857142857142857,0.5714285714285714,0.1428571428571429,0.2857142857142857,0.2857142857142857,0.4285714285714286,0.2857142857142857,0.5714285714285714,0.1428571428571429,0.0,1.0,0.0,0.42857142857142855,0.2857142857142857,0.2857142857142857,0.2857142857142857,0.2857142857142857,0.4285714285714286
P-1476,0.42857142857142855,0.14285714285714285,0.42857142857142855,0.5714285714285714,0.0,0.4285714285714286,0.5714285714285714,0.0,0.4285714285714286,0.5714285714285714,0.0,0.4285714285714286,0.5714285714285714,0.2857142857142857,0.1428571428571429,0.42857142857142855,0.14285714285714285,0.42857142857142855,0.42857142857142855,0.14285714285714285,0.42857142857142855,0.2857142857142857,0.5714285714285714,0.1428571428571429,0.42857142857142855,0.14285714285714285,0.42857142857142855,0.2857142857142857,0.5714285714285714,0.1428571428571429,0.0,0.8571428571428571,0.1428571428571429,0.42857142857142855,0.14285714285714285,0.42857142857142855,0.42857142857142855,0.42857142857142855,0.14285714285714285
P-1477,0.2857142857142857,0.14285714285714285,0.5714285714285714,0.14285714285714285,0.42857142857142855,0.42857142857142866,0.2857142857142857,0.2857142857142857,0.4285714285714286,0.2857142857142857,0.14285714285714285,0.5714285714285714,0.2857142857142857,0.42857142857142855,0.28571428571428575,0.2857142857142857,0.14285714285714285,0.5714285714285714,0.2857142857142857,0.0,0.7142857142857143,0.14285714285714285,0.42857142857142855,0.42857142857142866,0.5714285714285714,0.14285714285714285,0.28571428571428575,0.14285714285714285,0.42857142857142855,0.42857142857142866,0.14285714285714285,0.8571428571428571,1.1102230246251565e-16,0.5714285714285714,0.42857142857142855,5.551115123125783e-17,0.7142857142857143,0.2857142857142857,0.0
P-1478,0.7142857142857143,0.0,0.2857142857142857,0.5714285714285714,0.2857142857142857,0.1428571428571429,0.5714285714285714,0.2857142857142857,0.1428571428571429,0.7142857142857143,0.0,0.2857142857142857,0.7142857142857143,0.14285714285714285,0.14285714285714285,0.7142857142857143,0.0,0.2857142857142857,0.5714285714285714,0.14285714285714285,0.28571428571428575,0.0,0.8571428571428571,0.1428571428571429,0.2857142857142857,0.0,0.7142857142857143,0.0,0.8571428571428571,0.1428571428571429,0.14285714285714285,0.7142857142857143,0.1428571428571429,0.5714285714285714,0.2857142857142857,0.1428571428571429,0.2857142857142857,0.7142857142857143,0.0
P-1481,0.14285714285714285,0.14285714285714285,0.7142857142857144,0.2857142857142857,0.2857142857142857,0.4285714285714286,0.2857142857142857,0.2857142857142857,0.4285714285714286,0.2857142857142857,0.0,0.7142857142857143,0.2857142857142857,0.5714285714285714,0.1428571428571429,0.14285714285714285,0.14285714285714285,0.7142857142857144,0.14285714285714285,0.14285714285714285,0.7142857142857144,0.14285714285714285,0.8571428571428571,1.1102230246251565e-16,0.7142857142857143,0.14285714285714285,0.14285714285714285,0.14285714285714285,0.8571428571428571,1.1102230246251565e-16,0.0,1.0,0.0,0.2857142857142857,0.42857142857142855,0.28571428571428575,0.7142857142857143,0.14285714285714285,0.14285714285714285
P-1482,0.0,0.5714285714285714,0.4285714285714286,0.2857142857142857,0.2857142857142857,0.4285714285714286,0.5714285714285714,0.0,0.4285714285714286,0.2857142857142857,0.2857142857142857,0.4285714285714286,0.2857142857142857,0.42857142857142855,0.28571428571428575,0.0,0.5714285714285714,0.4285714285714286,0.0,0.2857142857142857,0.7142857142857143,0.5714285714285714,0.2857142857142857,0.1428571428571429,0.42857142857142855,0.5714285714285714,0.0,0.5714285714285714,0.2857142857142857,0.1428571428571429,0.0,1.0,0.0,0.42857142857142855,0.5714285714285714,0.0,0.7142857142857143,0.0,0.2857142857142857
P-1483,0.42857142857142855,0.42857142857142855,0.14285714285714285,0.42857142857142855,0.5714285714285714,0.0,0.7142857142857143,0.2857142857142857,0.0,0.5714285714285714,0.2857142857142857,0.1428571428571429,0.5714285714285714,0.42857142857142855,5.551115123125783e-17,0.42857142857142855,0.42857142857142855,0.14285714285714285,0.42857142857142855,0.14285714285714285,0.42857142857142855,0.42857142857142855,0.2857142857142857,0.2857142857142857,0.14285714285714285,0.42857142857142855,0.42857142857142866,0.42857142857142855,0.2857142857142857,0.2857142857142857,0.14285714285714285,0.5714285714285714,0.2857142857142858,0.8571428571428571,0.14285714285714285,5.551115123125783e-17,0.2857142857142857,0.42857142857142855,0.28571428571428575
P-1484,0.0,0.7142857142857143,0.2857142857142857,0.42857142857142855,0.5714285714285714,0.0,0.7142857142857143,0.2857142857142857,0.0,0.2857142857142857,0.42857142857142855,0.28571428571428575,0.42857142857142855,0.5714285714285714,0.0,0.0,0.7142857142857143,0.2857142857142857,0.0,0.42857142857142855,0.5714285714285714,0.7142857142857143,0.2857142857142857,0.0,0.2857142857142857,0.7142857142857143,0.0,0.7142857142857143,0.2857142857142857,0.0,0.0,1.0,0.0,0.2857142857142857,0.5714285714285714,0.1428571428571429,0.7142857142857143,0.0,0.2857142857142857
P-1485,0.14285714285714285,0.5714285714285714,0.2857142857142858,0.42857142857142855,0.0,0.5714285714285714,0.42857142857142855,0.0,0.5714285714285714,0.42857142857142855,0.0,0.5714285714285714,0.42857142857142855,0.42857142857142855,0.14285714285714285,0.42857142857142855,0.2857142857142857,0.2857142857142857,0.2857142857142857,0.14285714285714285,0.5714285714285714,0.2857142857142857,0.42857142857142855,0.28571428571428575,0.5714285714285714,0.2857142857142857,0.1428571428571429,0.2857142857142857,0.42857142857142855,0.28571428571428575,0.0,1.0,0.0,0.2857142857142857,0.5714285714285714,0.1428571428571429,0.2857142857142857,0.14285714285714285,0.5714285714285714
P-1486,0.0,0.42857142857142855,0.5714285714285714,0.14285714285714285,0.42857142857142855,0.42857142857142866,0.42857142857142855,0.14285714285714285,0.42857142857142855,0.14285714285714285,0.2857142857142857,0.5714285714285715,0.14285714285714285,0.5714285714285714,0.2857142857142858,0.0,0.42857142857142855,0.5714285714285714,0.0,0.14285714285714285,0.8571428571428572,0.42857142857142855,0.42857142857142855,0.14285714285714285,0.5714285714285714,0.42857142857142855,5.551115123125783e-17,0.42857142857142855,0.42857142857142855,0.14285714285714285,0.0,1.0,0.0,0.42857142857142855,0.5714285714285714,0.0,0.8571428571428571,0.0,0.1428571428571429
P-1487,0.14285714285714285,0.14285714285714285,0.7142857142857144,0.2857142857142857,0.2857142857142857,0.4285714285714286,0.2857142857142857,0.2857142857142857,0.4285714285714286,0.14285714285714285,0.14285714285714285,0.7142857142857144,0.2857142857142857,0.2857142857142857,0.4285714285714286,0.14285714285714285,0.14285714285714285,0.7142857142857144,0.14285714285714285,0.14285714285714285,0.7142857142857144,0.2857142857142857,0.5714285714285714,0.1428571428571429,0.7142857142857143,0.14285714285714285,0.14285714285714285,0.2857142857142857,0.5714285714285714,0.1428571428571429,0.0,0.8571428571428571,0.1428571428571429,0.0,0.7142857142857143,0.2857142857142857,0.8571428571428571,0.14285714285714285,5.551115123125783e-17
P-1488,0.2857142857142857,0.42857142857142855,0.28571428571428575,0.42857142857142855,0.5714285714285714,0.0,0.42857142857142855,0.5714285714285714,0.0,0.5714285714285714,0.14285714285714285,0.28571428571428575,0.7142857142857143,0.2857142857142857,0.0,0.2857142857142857,0.42857142857142855,0.28571428571428575,0.2857142857142857,0.42857142857142855,0.28571428571428575,0.42857142857142855,0.2857142857142857,0.2857142857142857,0.2857142857142857,0.42857142857142855,0.28571428571428575,0.42857142857142855,0.2857142857142857,0.2857142857142857,0.2857142857142857,0.7142857142857143,0.0,0.2857142857142857,0.5714285714285714,0.1428571428571429,0.42857142857142855,0.2857142857142857,0.2857142857142857
P-1490,0.5714285714285714,0.2857142857142857,0.1428571428571429,0.5714285714285714,0.2857142857142857,0.1428571428571429,0.7142857142857143,0.14285714285714285,0.14285714285714285,0.5714285714285714,0.14285714285714285,0.28571428571428575,0.5714285714285714,0.42857142857142855,5.551115123125783e-17,0.7142857142857143,0.14285714285714285,0.14285714285714285,0.42857142857142855,0.14285714285714285,0.42857142857142855,0.14285714285714285,0.7142857142857143,0.1428571428571429,0.2857142857142857,0.14285714285714285,0.5714285714285714,0.14285714285714285,0.7142857142857143,0.1428571428571429,0.0,1.0,0.0,0.5714285714285714,0.2857142857142857,0.1428571428571429,0.2857142857142857,0.5714285714285714,0.1428571428571429
P-1491,0.2857142857142857,0.2857142857142857,0.4285714285714286,0.2857142857142857,0.7142857142857143,0.0,0.2857142857142857,0.7142857142857143,0.0,0.42857142857142855,0.14285714285714285,0.42857142857142855,0.5714285714285714,0.42857142857142855,5.551115123125783e-17,0.2857142857142857,0.2857142857142857,0.4285714285714286,0.2857142857142857,0.2857142857142857,0.4285714285714286,0.2857142857142857,0.42857142857142855,0.28571428571428575,0.42857142857142855,0.2857142857142857,0.2857142857142857,0.2857142857142857,0.42857142857142855,0.28571428571428575,0.2857142857142857,0.7142857142857143,0.0,0.2857142857142857,0.5714285714285714,0.1428571428571429,0.5714285714285714,0.2857142857142857,0.1428571428571429
P-1492,0.0,0.5714285714285714,0.4285714285714286,0.42857142857142855,0.5714285714285714,0.0,0.5714285714285714,0.42857142857142855,5.551115123125783e-17,0.2857142857142857,0.2857142857142857,0.4285714285714286,0.42857142857142855,0.5714285714285714,0.0,0.0,0.5714285714285714,0.4285714285714286,0.0,0.42857142857142855,0.5714285714285714,0.5714285714285714,0.42857142857142855,5.551115123125783e-17,0.42857142857142855,0.5714285714285714,0.0,0.5714285714285714,0.42857142857142855,5.551115123125783e-17,0.0,1.0,0.0,0.14285714285714285,0.7142857142857143,0.1428571428571429,0.7142857142857143,0.0,0.2857142857142857
P-1493,0.14285714285714285,0.42857142857142855,0.42857142857142866,0.42857142857142855,0.0,0.5714285714285714,0.42857142857142855,0.0,0.5714285714285714,0.2857142857142857,0.14285714285714285,0.5714285714285714,0.42857142857142855,0.42857142857142855,0.14285714285714285,0.2857142857142857,0.2857142857142857,0.4285714285714286,0.14285714285714285,0.2857142857142857,0.5714285714285715,0.2857142857142857,0.5714285714285714,0.1428571428571429,0.5714285714285714,0.2857142857142857,0.1428571428571429,0.2857142857142857,0.5714285714285714,0.1428571428571429,0.0,1.0,0.0,0.2857142857142857,0.2857142857142857,0.4285714285714286,0.5714285714285714,0.14285714285714285,0.28571428571428575
P-1494,0.0,0.625,0.375,0.375,0.25,0.375,0.625,0.0,0.375,0.25,0.375,0.375,0.375,0.375,0.25,0.0,0.625,0.375,0.25,0.125,0.625,0.625,0.25,0.125,0.375,0.625,0.0,0.625,0.25,0.125,0.0,1.0,0.0,0.375,0.25,0.375,0.75,0.0,0.25
P-1495,0.0,1.0,0.0,0.25,0.75,0.0,1.0,0.0,0.0,0.0,1.0,0.0,0.25,0.75,0.0,0.0,1.0,0.0,0.0,0.25,0.75,1.0,0.0,0.0,0.0,1.0,0.0,1.0,0.0,0.0,0.0,1.0,0.0,0.75,0.0,0.25,1.0,0.0,0.0
P-1497,0.5,0.125,0.375,0.5,0.375,0.125,0.625,0.25,0.125,0.375,0.25,0.375,0.625,0.125,0.25,0.5,0.125,0.375,0.25,0.375,0.375,0.25,0.625,0.125,0.375,0.125,0.5,0.125,0.75,0.125,0.125,0.875,0.0,0.25,0.375,0.375,0.5,0.5,0.0
P-1498,0.375,0.5,0.125,0.375,0.5,0.125,0.625,0.25,0.125,0.5,0.25,0.25,0.5,0.5,0.0,0.5,0.375,0.125,0.5,0.0,0.5,0.5,0.25,0.25,0.25,0.375,0.375,0.5,0.25,0.25,0.125,0.625,0.25,0.5,0.25,0.25,0.375,0.375,0.25
P-1500,0.0,0.125,0.875,0.125,0.125,0.75,0.125,0.125,0.75,0.0,0.125,0.875,0.125,0.375,0.5,0.0,0.125,0.875,0.0,0.125,0.875,0.125,0.625,0.25,0.875,0.125,0.0,0.125,0.625,0.25,0.0,1.0,0.0,0.25,0.625,0.125,1.0,0.0,0.0
P-1501,0.5,0.125,0.375,0.5,0.25,0.25,0.625,0.125,0.25,0.375,0.25,0.375,0.625,0.125,0.25,0.5,0.125,0.375,0.25,0.375,0.375,0.125,0.625,0.25,0.375,0.125,0.5,0.125,0.625,0.25,0.125,0.875,0.0,0.25,0.375,0.375,0.5,0.5,0.0
P-1502,0.125,0.5,0.375,0.5,0.25,0.25,0.5,0.25,0.25,0.375,0.125,0.5,0.5,0.5,0.0,0.25,0.375,0.375,0.125,0.375,0.5,0.375,0.5,0.125,0.5,0.375,0.125,0.375,0.5,0.125,0.0,0.875,0.125,0.25,0.625,0.125,0.5,0.125,0.375
P-1503,0.375,0.25,0.375,0.25,0.5,0.25,0.25,0.5,0.25,0.375,0.125,0.5,0.5,0.375,0.125,0.5,0.125,0.375,0.375,0.125,0.5,0.125,0.5,0.375,0.5,0.125,0.375,0.125,0.5,0.375,0.25,0.75,0.0,0.375,0.5,0.125,0.5,0.375,0.125
P-1505,0.5,0.125,0.375,0.5,0.25,0.25,0.625,0.125,0.25,0.375,0.25,0.375,0.625,0.125,0.25,0.5,0.125,0.375,0.25,0.375,0.375,0.125,0.75,0.125,0.375,0.125,0.5,0.125,0.75,0.125,0.125,0.875,0.0,0.25,0.375,0.375,0.5,0.5,0.0
P-1506,0.125,0.375,0.5,0.25,0.375,0.375,0.375,0.25,0.375,0.125,0.375,0.5,0.375,0.375,0.25,0.125,0.375,0.5,0.125,0.25,0.625,0.375,0.375,0.25,0.5,0.375,0.125,0.375,0.375,0.25,0.125,0.875,0.0,0.5,0.25,0.25,0.75,0.125,0.125
P-1507,0.125,0.375,0.5,0.375,0.25,0.375,0.375,0.25,0.375,0.125,0.375,0.5,0.5,0.25,0.25,0.125,0.375,0.5,0.125,0.375,0.5,0.375,0.375,0.25,0.5,0.375,0.125,0.375,0.375,0.25,0.125,0.875,0.0,0.375,0.25,0.375,0.75,0.125,0.125
P-1508,0.125,0.25,0.625,0.25,0.25,0.5,0.25,0.25,0.5,0.125,0.25,0.625,0.375,0.25,0.375,0.125,0.25,0.625,0.125,0.25,0.625,0.25,0.5,0.25,0.625,0.25,0.125,0.25,0.5,0.25,0.125,0.875,0.0,0.375,0.375,0.25,0.75,0.125,0.125
P-1509,0.5,0.125,0.375,0.25,0.5,0.25,0.375,0.375,0.25,0.5,0.125,0.375,0.5,0.25,0.25,0.5,0.125,0.375,0.25,0.25,0.5,0.125,0.5,0.375,0.375,0.125,0.5,0.125,0.5,0.375,0.25,0.75,0.0,0.375,0.375,0.25,0.5,0.5,0.0
P-1510,0.5,0.5,0.0,0.375,0.625,0.0,0.5,0.5,0.0,0.5,0.5,0.0,0.625,0.375,0.0,0.75,0.25,0.0,0.5,0.125,0.375,0.25,0.25,0.5,0.0,0.25,0.75,0.25,0.25,0.5,0.25,0.5,0.25,0.875,0.0,0.125,0.25,0.5,0.25
P-1511,0.125,0.625,0.25,0.25,0.375,0.375,0.625,0.0,0.375,0.375,0.375,0.25,0.375,0.5,0.125,0.25,0.5,0.25,0.125,0.25,0.625,0.625,0.375,0.0,0.25,0.625,0.125,0.5,0.5,0.0,0.0,0.875,0.125,0.625,0.25,0.125,0.625,0.125,0.25
P-1512,0.125,0.375,0.5,0.5,0.125,0.375,0.5,0.125,0.375,0.25,0.25,0.5,0.5,0.5,0.0,0.125,0.375,0.5,0.25,0.25,0.5,0.375,0.625,0.0,0.5,0.375,0.125,0.375,0.625,0.0,0.0,0.875,0.125,0.5,0.125,0.375,0.75,0.125,0.125
P-1513,0.5,0.125,0.375,0.5,0.25,0.25,0.625,0.125,0.25,0.375,0.25,0.375,0.625,0.25,0.125,0.5,0.125,0.375,0.25,0.375,0.375,0.125,0.75,0.125,0.375,0.125,0.5,0.125,0.75,0.125,0.125,0.875,0.0,0.375,0.25,0.375,0.5,0.5,0.0
P-1514,0.5,0.125,0.375,0.5,0.375,0.125,0.625,0.25,0.125,0.375,0.25,0.375,0.625,0.25,0.125,0.5,0.125,0.375,0.25,0.375,0.375,0.125,0.625,0.25,0.375,0.125,0.5,0.125,0.625,0.25,0.125,0.875,0.0,0.375,0.25,0.375,0.375,0.5,0.125
P-1515,0.25,0.25,0.5,0.375,0.625,0.0,0.375,0.625,0.0,0.375,0.125,0.5,0.5,0.5,0.0,0.25,0.25,0.5,0.125,0.375,0.5,0.25,0.5,0.25,0.5,0.25,0.25,0.25,0.5,0.25,0.125,0.875,0.0,0.25,0.5,0.25,0.5,0.25,0.25
P-1516,0.25,0.375,0.375,0.375,0.5,0.125,0.625,0.25,0.125,0.25,0.375,0.375,0.375,0.5,0.125,0.25,0.375,0.375,0.125,0.25,0.625,0.5,0.375,0.125,0.375,0.375,0.25,0.5,0.375,0.125,0.0,0.875,0.125,0.25,0.375,0.375,0.75,0.25,0.0
P-1517,0.125,0.5,0.375,0.375,0.25,0.375,0.625,0.0,0.375,0.375,0.25,0.375,0.375,0.375,0.25,0.125,0.5,0.375,0.25,0.125,0.625,0.5,0.375,0.125,0.375,0.5,0.125,0.5,0.375,0.125,0.0,1.0,0.0,0.375,0.25,0.375,0.625,0.125,0.25
P-1518,0.125,0.625,0.25,0.5,0.25,0.25,0.75,0.0,0.25,0.375,0.375,0.25,0.5,0.375,0.125,0.125,0.625,0.25,0.25,0.25,0.5,0.625,0.25,0.125,0.25,0.625,0.125,0.625,0.25,0.125,0.0,1.0,0.0,0.375,0.125,0.5,0.625,0.125,0.25
P-1519,0.125,0.625,0.25,0.5,0.25,0.25,0.75,0.0,0.25,0.375,0.375,0.25,0.5,0.25,0.25,0.125,0.625,0.25,0.25,0.25,0.5,0.625,0.25,0.125,0.25,0.625,0.125,0.625,0.25,0.125,0.0,1.0,0.0,0.25,0.25,0.5,0.625,0.125,0.25
P-1520,0.125,0.5,0.375,0.5,0.125,0.375,0.625,0.0,0.375,0.375,0.25,0.375,0.5,0.25,0.25,0.125,0.5,0.375,0.25,0.25,0.5,0.5,0.375,0.125,0.375,0.5,0.125,0.5,0.375,0.125,0.0,1.0,0.0,0.25,0.25,0.5,0.625,0.125,0.25
P-1521,0.25,0.25,0.5,0.5,0.25,0.25,0.5,0.25,0.25,0.375,0.125,0.5,0.5,0.25,0.25,0.25,0.25,0.5,0.25,0.25,0.5,0.25,0.5,0.25,0.5,0.25,0.25,0.25,0.5,0.25,0.0,1.0,0.0,0.125,0.5,0.375,0.625,0.25,0.125
P-1522,0.25,0.375,0.375,0.0,0.5,0.5,0.25,0.25,0.5,0.375,0.25,0.375,0.375,0.375,0.25,0.375,0.25,0.375,0.25,0.125,0.625,0.375,0.25,0.375,0.375,0.375,0.25,0.25,0.375,0.375,0.25,0.75,0.0,0.625,0.25,0.125,0.625,0.25,0.125
P-1523,0.375,0.375,0.25,0.5,0.0,0.5,0.5,0.0,0.5,0.5,0.0,0.5,0.5,0.375,0.125,0.625,0.125,0.25,0.375,0.125,0.5,0.125,0.625,0.25,0.5,0.125,0.375,0.125,0.625,0.25,0.0,0.875,0.125,0.375,0.375,0.25,0.25,0.375,0.375
P-1524,0.25,0.375,0.375,0.5,0.125,0.375,0.625,0.0,0.375,0.375,0.25,0.375,0.5,0.25,0.25,0.25,0.375,0.375,0.125,0.375,0.5,0.375,0.5,0.125,0.375,0.375,0.25,0.375,0.5,0.125,0.0,1.0,0.0,0.25,0.25,0.5,0.625,0.25,0.125
P-1525,0.375,0.375,0.25,0.625,0.125,0.25,0.75,0.0,0.25,0.625,0.125,0.25,0.625,0.125,0.25,0.375,0.375,0.25,0.125,0.5,0.375,0.375,0.5,0.125,0.25,0.375,0.375,0.375,0.5,0.125,0.0,1.0,0.0,0.125,0.375,0.5,0.375,0.375,0.25
P-1526,0.25,0.625,0.125,0.75,0.125,0.125,0.75,0.125,0.125,0.625,0.125,0.25,0.75,0.25,0.0,0.375,0.5,0.125,0.125,0.625,0.25,0.5,0.375,0.125,0.25,0.5,0.25,0.5,0.375,0.125,0.0,1.0,0.0,0.0,0.5,0.5,0.25,0.25,0.5
P-1527,0.5,0.125,0.375,0.5,0.375,0.125,0.625,0.25,0.125,0.375,0.25,0.375,0.625,0.25,0.125,0.5,0.125,0.375,0.25,0.375,0.375,0.125,0.75,0.125,0.375,0.125,0.5,0.125,0.75,0.125,0.125,0.875,0.0,0.25,0.375,0.375,0.5,0.5,0.0
P-1528,0.25,0.375,0.375,0.25,0.25,0.5,0.375,0.125,0.5,0.25,0.25,0.5,0.375,0.375,0.25,0.5,0.125,0.375,0.25,0.125,0.625,0.125,0.375,0.5,0.5,0.125,0.375,0.125,0.375,0.5,0.125,0.875,0.0,0.375,0.375,0.25,0.375,0.25,0.375
P-1529,0.3333333333333333,0.3333333333333333,0.3333333333333334,0.3333333333333333,0.3333333333333333,0.3333333333333334,0.6666666666666666,0.0,0.33333333333333337,0.3333333333333333,0.3333333333333333,0.3333333333333334,0.4444444444444444,0.4444444444444444,0.11111111111111116,0.3333333333333333,0.3333333333333333,0.3333333333333334,0.2222222222222222,0.2222222222222222,0.5555555555555556,0.3333333333333333,0.4444444444444444,0.22222222222222232,0.3333333333333333,0.3333333333333333,0.3333333333333334,0.3333333333333333,0.4444444444444444,0.22222222222222232,0.1111111111111111,0.8888888888888888,0.0,0.6666666666666666,0.2222222222222222,0.11111111111111116,0.5555555555555556,0.3333333333333333,0.1111111111111111
P-1530,0.3333333333333333,0.2222222222222222,0.44444444444444453,0.2222222222222222,0.4444444444444444,0.33333333333333337,0.3333333333333333,0.3333333333333333,0.3333333333333334,0.3333333333333333,0.2222222222222222,0.44444444444444453,0.3333333333333333,0.4444444444444444,0.22222222222222232,0.4444444444444444,0.1111111111111111,0.4444444444444445,0.3333333333333333,0.0,0.6666666666666667,0.1111111111111111,0.4444444444444444,0.4444444444444444,0.4444444444444444,0.1111111111111111,0.4444444444444445,0.1111111111111111,0.4444444444444444,0.4444444444444444,0.1111111111111111,0.7777777777777778,0.11111111111111105,0.6666666666666666,0.3333333333333333,5.551115123125783e-17,0.5555555555555556,0.3333333333333333,0.1111111111111111
P-1533,0.4444444444444444,0.1111111111111111,0.4444444444444445,0.2222222222222222,0.4444444444444444,0.33333333333333337,0.3333333333333333,0.3333333333333333,0.3333333333333334,0.4444444444444444,0.1111111111111111,0.4444444444444445,0.4444444444444444,0.3333333333333333,0.22222222222222227,0.4444444444444444,0.1111111111111111,0.4444444444444445,0.4444444444444444,0.0,0.5555555555555556,0.2222222222222222,0.3333333333333333,0.4444444444444445,0.4444444444444444,0.1111111111111111,0.4444444444444445,0.2222222222222222,0.3333333333333333,0.4444444444444445,0.2222222222222222,0.5555555555555556,0.2222222222222222,0.5555555555555556,0.3333333333333333,0.1111111111111111,0.5555555555555556,0.4444444444444444,0.0
P-1534,0.4444444444444444,0.1111111111111111,0.4444444444444445,0.2222222222222222,0.3333333333333333,0.4444444444444445,0.2222222222222222,0.3333333333333333,0.4444444444444445,0.5555555555555556,0.0,0.4444444444444444,0.5555555555555556,0.2222222222222222,0.2222222222222222,0.5555555555555556,0.0,0.4444444444444444,0.4444444444444444,0.1111111111111111,0.4444444444444445,0.2222222222222222,0.3333333333333333,0.4444444444444445,0.4444444444444444,0.1111111111111111,0.4444444444444445,0.1111111111111111,0.4444444444444444,0.4444444444444444,0.2222222222222222,0.5555555555555556,0.2222222222222222,0.4444444444444444,0.3333333333333333,0.22222222222222227,0.4444444444444444,0.4444444444444444,0.11111111111111116
P-1539,0.1111111111111111,0.2222222222222222,0.6666666666666666,0.1111111111111111,0.4444444444444444,0.4444444444444444,0.2222222222222222,0.3333333333333333,0.4444444444444445,0.1111111111111111,0.1111111111111111,0.7777777777777777,0.1111111111111111,0.7777777777777778,0.11111111111111105,0.2222222222222222,0.1111111111111111,0.6666666666666667,0.1111111111111111,0.0,0.8888888888888888,0.2222222222222222,0.6666666666666666,0.11111111111111116,0.7777777777777778,0.1111111111111111,0.1111111111111111,0.1111111111111111,0.7777777777777778,0.11111111111111105,0.0,0.8888888888888888,0.11111111111111116,0.5555555555555556,0.4444444444444444,0.0,0.7777777777777778,0.1111111111111111,0.1111111111111111
P-1540,0.3333333333333333,0.5555555555555556,0.11111111111111116,0.5555555555555556,0.3333333333333333,0.1111111111111111,0.7777777777777778,0.1111111111111111,0.1111111111111111,0.5555555555555556,0.3333333333333333,0.1111111111111111,0.6666666666666666,0.3333333333333333,5.551115123125783e-17,0.3333333333333333,0.5555555555555556,0.11111111111111116,0.3333333333333333,0.3333333333333333,0.3333333333333334,0.5555555555555556,0.3333333333333333,0.1111111111111111,0.1111111111111111,0.5555555555555556,0.33333333333333326,0.5555555555555556,0.3333333333333333,0.1111111111111111,0.1111111111111111,0.8888888888888888,0.0,0.5555555555555556,0.1111111111111111,0.3333333333333333,0.4444444444444444,0.3333333333333333,0.22222222222222227
P-1541,0.3333333333333333,0.3333333333333333,0.3333333333333334,0.5555555555555556,0.2222222222222222,0.2222222222222222,0.5555555555555556,0.2222222222222222,0.2222222222222222,0.5555555555555556,0.1111111111111111,0.3333333333333333,0.5555555555555556,0.3333333333333333,0.1111111111111111,0.4444444444444444,0.2222222222222222,0.33333333333333337,0.2222222222222222,0.3333333333333333,0.4444444444444445,0.2222222222222222,0.5555555555555556,0.2222222222222222,0.3333333333333333,0.2222222222222222,0.44444444444444453,0.2222222222222222,0.5555555555555556,0.2222222222222222,0.0,1.0,0.0,0.2222222222222222,0.2222222222222222,0.5555555555555556,0.3333333333333333,0.3333333333333333,0.3333333333333334
P-1542,0.2222222222222222,0.7777777777777778,0.0,0.4444444444444444,0.1111111111111111,0.4444444444444445,0.5555555555555556,0.0,0.4444444444444444,0.3333333333333333,0.3333333333333333,0.3333333333333334,0.5555555555555556,0.4444444444444444,0.0,0.6666666666666666,0.3333333333333333,5.551115123125783e-17,0.1111111111111111,0.4444444444444444,0.4444444444444444,0.4444444444444444,0.2222222222222222,0.33333333333333337,0.3333333333333333,0.4444444444444444,0.22222222222222232,0.3333333333333333,0.3333333333333333,0.3333333333333334,0.0,1.0,0.0,0.2222222222222222,0.3333333333333333,0.4444444444444445,0.3333333333333333,0.2222222222222222,0.44444444444444453
P-1543,0.4444444444444444,0.5555555555555556,0.0,0.6666666666666666,0.0,0.33333333333333337,0.6666666666666666,0.0,0.33333333333333337,0.5555555555555556,0.2222222222222222,0.2222222222222222,0.7777777777777778,0.2222222222222222,0.0,0.7777777777777778,0.2222222222222222,0.0,0.3333333333333333,0.4444444444444444,0.22222222222222232,0.3333333333333333,0.4444444444444444,0.22222222222222232,0.2222222222222222,0.3333333333333333,0.4444444444444445,0.2222222222222222,0.5555555555555556,0.2222222222222222,0.0,1.0,0.0,0.3333333333333333,0.2222222222222222,0.44444444444444453,0.2222222222222222,0.4444444444444444,0.33333333333333337
P-1544,0.3333333333333333,0.4444444444444444,0.22222222222222232,0.1111111111111111,0.4444444444444444,0.4444444444444444,0.4444444444444444,0.1111111111111111,0.4444444444444445,0.3333333333333333,0.3333333333333333,0.3333333333333334,0.5555555555555556,0.2222222222222222,0.2222222222222222,0.5555555555555556,0.2222222222222222,0.2222222222222222,0.4444444444444444,0.1111111111111111,0.4444444444444445,0.3333333333333333,0.2222222222222222,0.44444444444444453,0.3333333333333333,0.3333333333333333,0.3333333333333334,0.2222222222222222,0.3333333333333333,0.4444444444444445,0.3333333333333333,0.6666666666666666,1.1102230246251565e-16,0.4444444444444444,0.3333333333333333,0.22222222222222227,0.3333333333333333,0.3333333333333333,0.3333333333333334
P-1545,0.5555555555555556,0.4444444444444444,0.0,0.7777777777777778,0.0,0.2222222222222222,0.7777777777777778,0.0,0.2222222222222222,0.5555555555555556,0.2222222222222222,0.2222222222222222,0.7777777777777778,0.2222222222222222,0.0,0.7777777777777778,0.2222222222222222,0.0,0.4444444444444444,0.3333333333333333,0.22222222222222227,0.2222222222222222,0.5555555555555556,0.2222222222222222,0.2222222222222222,0.2222222222222222,0.5555555555555556,0.2222222222222222,0.5555555555555556,0.2222222222222222,0.0,1.0,0.0,0.4444444444444444,0.2222222222222222,0.33333333333333337,0.2222222222222222,0.5555555555555556,0.2222222222222222
P-1546,0.3333333333333333,0.2222222222222222,0.44444444444444453,0.2222222222222222,0.4444444444444444,0.33333333333333337,0.4444444444444444,0.2222222222222222,0.33333333333333337,0.2222222222222222,0.3333333333333333,0.4444444444444445,0.3333333333333333,0.5555555555555556,0.11111111111111116,0.4444444444444444,0.1111111111111111,0.4444444444444445,0.2222222222222222,0.1111111111111111,0.6666666666666667,0.1111111111111111,0.5555555555555556,0.33333333333333326,0.4444444444444444,0.1111111111111111,0.4444444444444445,0.1111111111111111,0.5555555555555556,0.33333333333333326,0.1111111111111111,0.8888888888888888,0.0,0.6666666666666666,0.2222222222222222,0.11111111111111116,0.5555555555555556,0.3333333333333333,0.1111111111111111
P-1548,0.4444444444444444,0.2222222222222222,0.33333333333333337,0.4444444444444444,0.3333333333333333,0.22222222222222227,0.6666666666666666,0.1111111111111111,0.22222222222222227,0.3333333333333333,0.3333333333333333,0.3333333333333334,0.5555555555555556,0.2222222222222222,0.2222222222222222,0.4444444444444444,0.2222222222222222,0.33333333333333337,0.2222222222222222,0.3333333333333333,0.4444444444444445,0.2222222222222222,0.6666666666666666,0.11111111111111116,0.3333333333333333,0.2222222222222222,0.44444444444444453,0.2222222222222222,0.6666666666666666,0.11111111111111116,0.1111111111111111,0.8888888888888888,0.0,0.3333333333333333,0.3333333333333333,0.3333333333333334,0.5555555555555556,0.4444444444444444,0.0
P-1549,0.3333333333333333,0.3333333333333333,0.3333333333333334,0.4444444444444444,0.1111111111111111,0.4444444444444445,0.4444444444444444,0.1111111111111111,0.4444444444444445,0.4444444444444444,0.0,0.5555555555555556,0.4444444444444444,0.4444444444444444,0.11111111111111116,0.5555555555555556,0.1111111111111111,0.3333333333333333,0.3333333333333333,0.1111111111111111,0.5555555555555556,0.2222222222222222,0.5555555555555556,0.2222222222222222,0.5555555555555556,0.1111111111111111,0.3333333333333333,0.1111111111111111,0.6666666666666666,0.2222222222222222,0.0,0.8888888888888888,0.11111111111111116,0.4444444444444444,0.3333333333333333,0.22222222222222227,0.3333333333333333,0.3333333333333333,0.3333333333333334
P-1551,0.0,0.5555555555555556,0.4444444444444444,0.4444444444444444,0.5555555555555556,0.0,0.5555555555555556,0.4444444444444444,0.0,0.1111111111111111,0.4444444444444444,0.4444444444444444,0.4444444444444444,0.5555555555555556,0.0,0.0,0.5555555555555556,0.4444444444444444,0.0,0.4444444444444444,0.5555555555555556,0.5555555555555556,0.4444444444444444,0.0,0.4444444444444444,0.5555555555555556,0.0,0.5555555555555556,0.4444444444444444,0.0,0.0,1.0,0.0,0.1111111111111111,0.5555555555555556,0.33333333333333326,0.8888888888888888,0.0,0.11111111111111116
P-1552,0.2222222222222222,0.5555555555555556,0.2222222222222222,0.5555555555555556,0.2222222222222222,0.2222222222222222,0.5555555555555556,0.2222222222222222,0.2222222222222222,0.5555555555555556,0.1111111111111111,0.3333333333333333,0.6666666666666666,0.3333333333333333,5.551115123125783e-17,0.3333333333333333,0.4444444444444444,0.22222222222222232,0.2222222222222222,0.4444444444444444,0.33333333333333337,0.5555555555555556,0.2222222222222222,0.2222222222222222,0.3333333333333333,0.4444444444444444,0.22222222222222232,0.5555555555555556,0.2222222222222222,0.2222222222222222,0.1111111111111111,0.7777777777777778,0.11111111111111105,0.2222222222222222,0.5555555555555556,0.2222222222222222,0.3333333333333333,0.2222222222222222,0.44444444444444453
P-1553,0.0,0.7,0.30000000000000004,0.3,0.6,0.09999999999999998,0.7,0.2,0.10000000000000003,0.0,0.7,0.30000000000000004,0.3,0.7,0.0,0.0,0.7,0.30000000000000004,0.0,0.3,0.7,0.7,0.3,5.551115123125783e-17,0.3,0.7,0.0,0.7,0.3,5.551115123125783e-17,0.0,1.0,0.0,0.5,0.2,0.3,1.0,0.0,0.0
P-1554,0.3,0.4,0.29999999999999993,0.1,0.9,0.0,0.6,0.4,0.0,0.2,0.5,0.30000000000000004,0.3,0.6,0.09999999999999998,0.3,0.4,0.29999999999999993,0.3,0.0,0.7,0.6,0.2,0.2,0.3,0.4,0.29999999999999993,0.5,0.3,0.2,0.2,0.7,0.10000000000000009,0.6,0.3,0.10000000000000003,0.7,0.3,5.551115123125783e-17
P-1555,0.8,0.2,-5.551115123125783e-17,0.6,0.4,0.0,0.7,0.3,5.551115123125783e-17,0.9,0.1,-2.7755575615628914e-17,0.9,0.1,-2.7755575615628914e-17,0.8,0.2,-5.551115123125783e-17,0.9,0.0,0.09999999999999998,0.3,0.4,0.29999999999999993,0.0,0.2,0.8,0.3,0.4,0.29999999999999993,0.3,0.2,0.49999999999999994,0.8,0.0,0.19999999999999996,0.1,0.8,0.09999999999999998
P-1556,0.1,0.5,0.4,0.2,0.4,0.4,0.5,0.1,0.4,0.2,0.3,0.5,0.2,0.5,0.30000000000000004,0.2,0.4,0.4,0.2,0.0,0.8,0.4,0.3,0.3,0.5,0.4,0.09999999999999998,0.4,0.3,0.3,0.0,1.0,0.0,0.4,0.5,0.09999999999999998,0.7,0.1,0.20000000000000004
P-1557,0.5,0.5,0.0,0.6,0.1,0.30000000000000004,0.7,0.0,0.30000000000000004,0.6,0.2,0.2,0.7,0.3,5.551115123125783e-17,0.8,0.2,-5.551115123125783e-17,0.4,0.3,0.3,0.3,0.5,0.19999999999999996,0.2,0.3,0.5,0.2,0.6,0.20000000000000007,0.0,1.0,0.0,0.5,0.2,0.3,0.2,0.5,0.30000000000000004
P-1558,0.3,0.6,0.09999999999999998,0.3,0.6,0.09999999999999998,0.5,0.4,0.09999999999999998,0.6,0.3,0.10000000000000003,0.7,0.3,5.551115123125783e-17,0.4,0.5,0.09999999999999998,0.3,0.4,0.29999999999999993,0.6,0.1,0.30000000000000004,0.1,0.6,0.30000000000000004,0.5,0.2,0.3,0.3,0.7,0.0,0.5,0.3,0.2,0.4,0.3,0.3
P-1559,0.5,0.2,0.3,0.2,0.7,0.10000000000000009,0.5,0.4,0.09999999999999998,0.4,0.3,0.3,0.6,0.3,0.10000000000000003,0.6,0.1,0.30000000000000004,0.5,0.1,0.4,0.4,0.3,0.3,0.3,0.2,0.49999999999999994,0.2,0.5,0.30000000000000004,0.3,0.6,0.09999999999999998,0.5,0.3,0.2,0.4,0.5,0.09999999999999998
P-1560,0.3,0.4,0.29999999999999993,0.4,0.3,0.3,0.6,0.2,0.2,0.4,0.2,0.39999999999999997,0.5,0.3,0.2,0.4,0.4,0.19999999999999996,0.3,0.2,0.49999999999999994,0.4,0.3,0.3,0.4,0.3,0.3,0.3,0.4,0.29999999999999993,0.1,0.8,0.09999999999999998,0.4,0.3,0.3,0.5,0.3,0.2
P-1561,0.3,0.5,0.19999999999999996,0.5,0.4,0.09999999999999998,0.6,0.3,0.10000000000000003,0.5,0.3,0.2,0.7,0.2,0.10000000000000003,0.4,0.4,0.19999999999999996,0.2,0.5,0.30000000000000004,0.7,0.2,0.10000000000000003,0.2,0.5,0.30000000000000004,0.5,0.4,0.09999999999999998,0.1,0.8,0.09999999999999998,0.2,0.3,0.5,0.5,0.3,0.2
P-1562,0.2,0.2,0.6000000000000001,0.1,0.6,0.30000000000000004,0.2,0.5,0.30000000000000004,0.3,0.1,0.6,0.3,0.6,0.09999999999999998,0.3,0.1,0.6,0.2,0.1,0.7000000000000001,0.4,0.4,0.19999999999999996,0.6,0.2,0.2,0.2,0.6,0.20000000000000007,0.1,0.8,0.09999999999999998,0.5,0.3,0.2,0.6,0.2,0.2
P-1563,0.3,0.4,0.29999999999999993,0.4,0.3,0.3,0.6,0.2,0.2,0.4,0.2,0.39999999999999997,0.5,0.3,0.2,0.4,0.4,0.19999999999999996,0.3,0.2,0.49999999999999994,0.4,0.3,0.3,0.4,0.3,0.3,0.4,0.3,0.3,0.1,0.8,0.09999999999999998,0.3,0.5,0.19999999999999996,0.5,0.3,0.2
P-1564,0.8,0.2,-5.551115123125783e-17,0.6,0.4,0.0,0.7,0.3,5.551115123125783e-17,0.9,0.1,-2.7755575615628914e-17,0.9,0.1,-2.7755575615628914e-17,0.8,0.2,-5.551115123125783e-17,0.9,0.0,0.09999999999999998,0.3,0.4,0.29999999999999993,0.0,0.2,0.8,0.3,0.4,0.29999999999999993,0.3,0.2,0.49999999999999994,0.8,0.0,0.19999999999999996,0.1,0.8,0.09999999999999998
P-1565,0.6,0.1,0.30000000000000004,0.5,0.2,0.3,0.6,0.1,0.30000000000000004,0.5,0.2,0.3,0.7,0.2,0.10000000000000003,0.6,0.1,0.30000000000000004,0.5,0.2,0.3,0.2,0.6,0.20000000000000007,0.3,0.1,0.6,0.2,0.6,0.20000000000000007,0.2,0.5,0.30000000000000004,0.6,0.1,0.30000000000000004,0.4,0.6,0.0
P-1566,0.3,0.3,0.39999999999999997,0.5,0.1,0.4,0.6,0.1,0.30000000000000004,0.6,0.0,0.4,0.6,0.1,0.30000000000000004,0.3,0.4,0.29999999999999993,0.6,0.0,0.4,0.5,0.1,0.4,0.4,0.3,0.3,0.5,0.1,0.4,0.1,0.7,0.20000000000000007,0.2,0.3,0.5,0.4,0.3,0.3
P-1567,0.3,0.1,0.6,0.3,0.4,0.29999999999999993,0.3,0.4,0.29999999999999993,0.3,0.1,0.6,0.4,0.3,0.3,0.3,0.1,0.6,0.3,0.1,0.6,0.3,0.5,0.19999999999999996,0.6,0.1,0.30000000000000004,0.3,0.5,0.19999999999999996,0.1,0.7,0.20000000000000007,0.1,0.6,0.30000000000000004,0.7,0.3,5.551115123125783e-17
P-1568,0.4,0.3,0.3,0.5,0.4,0.09999999999999998,0.6,0.3,0.10000000000000003,0.3,0.3,0.39999999999999997,0.6,0.3,0.10000000000000003,0.5,0.2,0.3,0.4,0.2,0.39999999999999997,0.4,0.4,0.19999999999999996,0.4,0.2,0.39999999999999997,0.3,0.5,0.19999999999999996,0.1,0.8,0.09999999999999998,0.3,0.4,0.29999999999999993,0.5,0.4,0.09999999999999998
P-1569,0.6,0.3,0.10000000000000003,0.4,0.4,0.19999999999999996,0.6,0.2,0.2,0.4,0.3,0.3,0.6,0.4,0.0,0.9,0.0,0.09999999999999998,0.5,0.1,0.4,0.1,0.3,0.6000000000000001,0.3,0.0,0.7,0.1,0.3,0.6000000000000001,0.2,0.5,0.30000000000000004,0.6,0.2,0.2,0.0,0.6,0.4
P-1570,0.7,0.3,5.551115123125783e-17,0.7,0.3,5.551115123125783e-17,0.8,0.2,-5.551115123125783e-17,0.9,0.1,-2.7755575615628914e-17,0.9,0.1,-2.7755575615628914e-17,0.7,0.3,5.551115123125783e-17,0.8,0.1,0.09999999999999995,0.3,0.5,0.19999999999999996,0.0,0.3,0.7,0.3,0.5,0.19999999999999996,0.2,0.3,0.5,0.8,0.1,0.09999999999999995,0.1,0.7,0.20000000000000007
P-1571,0.7,0.2,0.10000000000000003,0.6,0.3,0.10000000000000003,0.6,0.3,0.10000000000000003,0.9,0.0,0.09999999999999998,0.9,0.1,-2.7755575615628914e-17,0.8,0.1,0.09999999999999995,0.7,0.2,0.10000000000000003,0.2,0.6,0.20000000000000007,0.1,0.2,0.7,0.1,0.7,0.20000000000000007,0.2,0.4,0.4,0.7,0.2,0.10000000000000003,0.1,0.7,0.20000000000000007
P-1572,0.7,0.2,0.10000000000000003,0.4,0.4,0.19999999999999996,0.4,0.4,0.19999999999999996,0.9,0.0,0.09999999999999998,0.9,0.1,-2.7755575615628914e-17,0.9,0.0,0.09999999999999998,0.7,0.2,0.10000000000000003,0.2,0.5,0.30000000000000004,0.1,0.2,0.7,0.0,0.7,0.30000000000000004,0.3,0.3,0.39999999999999997,0.7,0.1,0.20000000000000004,0.1,0.7,0.20000000000000007
P-1573,0.6,0.2,0.2,0.5,0.3,0.2,0.5,0.3,0.2,0.8,0.0,0.19999999999999996,0.8,0.2,-5.551115123125783e-17,0.7,0.1,0.20000000000000004,0.7,0.1,0.20000000000000004,0.3,0.5,0.19999999999999996,0.2,0.2,0.6000000000000001,0.2,0.6,0.20000000000000007,0.2,0.4,0.4,0.6,0.1,0.30000000000000004,0.2,0.6,0.20000000000000007
P-1574,0.3,0.5,0.19999999999999996,0.3,0.4,0.29999999999999993,0.5,0.2,0.3,0.5,0.3,0.2,0.5,0.5,0.0,0.5,0.3,0.2,0.4,0.1,0.5,0.4,0.4,0.19999999999999996,0.2,0.4,0.4,0.3,0.5,0.19999999999999996,0.1,0.8,0.09999999999999998,0.8,0.0,0.19999999999999996,0.4,0.3,0.3
P-1575,0.3,0.5,0.19999999999999996,0.5,0.1,0.4,0.6,0.0,0.4,0.5,0.2,0.3,0.6,0.4,0.0,0.5,0.3,0.2,0.2,0.4,0.4,0.4,0.5,0.09999999999999998,0.3,0.4,0.29999999999999993,0.3,0.6,0.09999999999999998,0.0,0.8,0.19999999999999996,0.5,0.2,0.3,0.4,0.3,0.3
P-1576,0.5,0.1,0.4,0.3,0.3,0.39999999999999997,0.3,0.3,0.39999999999999997,0.6,0.0,0.4,0.6,0.3,0.10000000000000003,0.6,0.0,0.4,0.5,0.1,0.4,0.2,0.6,0.20000000000000007,0.4,0.1,0.5,0.1,0.7,0.20000000000000007,0.2,0.5,0.30000000000000004,0.6,0.2,0.2,0.4,0.5,0.09999999999999998
P-1577,0.5,0.2,0.3,0.6,0.3,0.10000000000000003,0.6,0.3,0.10000000000000003,0.7,0.0,0.30000000000000004,0.7,0.2,0.10000000000000003,0.5,0.2,0.3,0.4,0.3,0.3,0.3,0.4,0.29999999999999993,0.3,0.2,0.49999999999999994,0.3,0.4,0.29999999999999993,0.1,0.6,0.30000000000000004,0.4,0.4,0.19999999999999996,0.2,0.5,0.30000000000000004
P-1578,0.5,0.4,0.09999999999999998,0.5,0.3,0.2,0.5,0.3,0.2,0.9,0.0,0.09999999999999998,0.9,0.1,-2.7755575615628914e-17,0.7,0.2,0.10000000000000003,0.5,0.4,0.09999999999999998,0.4,0.4,0.19999999999999996,0.1,0.4,0.5,0.2,0.6,0.20000000000000007,0.2,0.5,0.30000000000000004,0.5,0.3,0.2,0.1,0.5,0.4
P-1579,0.5,0.2,0.3,0.5,0.3,0.2,0.6,0.2,0.2,0.5,0.1,0.4,0.6,0.2,0.2,0.6,0.1,0.30000000000000004,0.5,0.1,0.4,0.2,0.5,0.30000000000000004,0.4,0.1,0.5,0.1,0.6,0.30000000000000004,0.1,0.7,0.20000000000000007,0.6,0.4,0.0,0.2,0.5,0.30000000000000004
P-1580,0.4,0.6,0.0,0.7,0.2,0.10000000000000003,0.9,0.0,0.09999999999999998,0.6,0.3,0.10000000000000003,0.8,0.2,-5.551115123125783e-17,0.5,0.5,0.0,0.3,0.5,0.19999999999999996,0.5,0.3,0.2,0.1,0.5,0.4,0.5,0.3,0.2,0.1,0.8,0.09999999999999998,0.3,0.3,0.39999999999999997,0.2,0.4,0.4
P-1581,0.4,0.6,0.0,0.6,0.2,0.2,0.8,0.0,0.19999999999999996,0.5,0.3,0.2,0.7,0.3,5.551115123125783e-17,0.6,0.4,0.0,0.6,0.1,0.30000000000000004,0.4,0.3,0.3,0.2,0.4,0.4,0.4,0.3,0.3,0.1,0.8,0.09999999999999998,0.5,0.2,0.3,0.2,0.4,0.4
P-1582,0.5,0.5,0.0,0.6,0.2,0.2,0.6,0.2,0.2,1.0,0.0,0.0,1.0,0.0,0.0,0.7,0.3,5.551115123125783e-17,0.5,0.5,0.0,0.5,0.3,0.2,0.0,0.5,0.5,0.3,0.5,0.19999999999999996,0.2,0.5,0.30000000000000004,0.5,0.3,0.2,0.0,0.5,0.5
P-1583,0.4,0.5,0.09999999999999998,0.5,0.1,0.4,0.6,0.0,0.4,0.4,0.2,0.39999999999999997,0.6,0.3,0.10000000000000003,0.7,0.2,0.10000000000000003,0.5,0.1,0.4,0.4,0.1,0.5,0.4,0.2,0.39999999999999997,0.4,0.1,0.5,0.1,0.6,0.30000000000000004,0.2,0.4,0.4,0.2,0.4,0.4
P-1584,0.5,0.3,0.2,0.5,0.4,0.09999999999999998,0.6,0.3,0.10000000000000003,0.5,0.3,0.2,0.7,0.2,0.10000000000000003,0.6,0.2,0.2,0.6,0.1,0.30000000000000004,0.2,0.5,0.30000000000000004,0.2,0.2,0.6000000000000001,0.2,0.5,0.30000000000000004,0.2,0.5,0.30000000000000004,0.6,0.2,0.2,0.3,0.5,0.19999999999999996
P-1586,0.0,0.7,0.30000000000000004,0.5,0.3,0.2,0.6,0.2,0.2,0.2,0.4,0.4,0.5,0.5,0.0,0.1,0.6,0.30000000000000004,0.2,0.3,0.5,0.6,0.1,0.30000000000000004,0.4,0.6,0.0,0.6,0.1,0.30000000000000004,0.0,1.0,0.0,0.4,0.1,0.5,0.5,0.0,0.5
P-1587,0.3,0.7,0.0,0.6,0.0,0.4,0.6,0.0,0.4,0.3,0.3,0.39999999999999997,0.6,0.4,0.0,0.7,0.3,5.551115123125783e-17,0.2,0.4,0.4,0.3,0.3,0.39999999999999997,0.4,0.3,0.3,0.3,0.3,0.39999999999999997,0.0,1.0,0.0,0.2,0.4,0.4,0.3,0.3,0.39999999999999997
P-1588,0.3,0.3,0.39999999999999997,0.4,0.1,0.5,0.6,0.0,0.4,0.3,0.2,0.49999999999999994,0.5,0.1,0.4,0.4,0.3,0.3,0.3,0.2,0.49999999999999994,0.2,0.4,0.4,0.5,0.2,0.3,0.2,0.4,0.4,0.1,0.9,0.0,0.2,0.5,0.30000000000000004,0.5,0.3,0.2
P-1589,0.4,0.4,0.19999999999999996,0.3,0.5,0.19999999999999996,0.5,0.3,0.2,0.5,0.3,0.2,0.6,0.3,0.10000000000000003,0.4,0.4,0.19999999999999996,0.3,0.3,0.39999999999999997,0.4,0.3,0.3,0.2,0.4,0.4,0.4,0.3,0.3,0.3,0.7,0.0,0.6,0.2,0.2,0.5,0.4,0.09999999999999998
P-1590,0.3,0.3,0.39999999999999997,0.2,0.5,0.30000000000000004,0.8,0.1,0.09999999999999995,0.1,0.5,0.4,0.4,0.3,0.3,0.3,0.5,0.19999999999999996,0.2,0.2,0.6000000000000001,0.3,0.3,0.39999999999999997,0.4,0.3,0.3,0.3,0.3,0.39999999999999997,0.2,0.8,0.0,0.4,0.4,0.19999999999999996,0.7,0.3,5.551115123125783e-17
P-1591,0.7,0.3,5.551115123125783e-17,0.8,0.0,0.19999999999999996,0.8,0.0,0.19999999999999996,0.7,0.1,0.20000000000000004,0.8,0.2,-5.551115123125783e-17,0.9,0.1,-2.7755575615628914e-17,0.4,0.4,0.19999999999999996,0.1,0.7,0.20000000000000007,0.2,0.1,0.7000000000000001,0.1,0.7,0.20000000000000007,0.0,1.0,0.0,0.4,0.2,0.39999999999999997,0.1,0.7,0.20000000000000007
P-1592,0.1,0.6,0.30000000000000004,0.3,0.4,0.29999999999999993,0.5,0.2,0.3,0.3,0.4,0.29999999999999993,0.5,0.3,0.2,0.3,0.4,0.29999999999999993,0.3,0.2,0.49999999999999994,0.5,0.2,0.3,0.3,0.5,0.19999999999999996,0.4,0.3,0.3,0.1,0.9,0.0,0.4,0.2,0.39999999999999997,0.4,0.1,0.5
P-1593,0.4,0.4,0.19999999999999996,0.4,0.3,0.3,0.4,0.3,0.3,0.5,0.2,0.3,0.7,0.2,0.10000000000000003,0.5,0.3,0.2,0.4,0.3,0.3,0.4,0.1,0.5,0.3,0.3,0.39999999999999997,0.4,0.1,0.5,0.3,0.6,0.09999999999999998,0.4,0.3,0.3,0.4,0.4,0.19999999999999996
P-1595,0.0,0.9,0.09999999999999998,0.2,0.8,0.0,0.8,0.2,-5.551115123125783e-17,0.0,0.9,0.09999999999999998,0.2,0.8,0.0,0.1,0.8,0.09999999999999998,0.0,0.2,0.8,0.8,0.0,0.19999999999999996,0.1,0.8,0.09999999999999998,0.8,0.0,0.19999999999999996,0.0,1.0,0.0,0.8,0.0,0.19999999999999996,0.8,0.0,0.19999999999999996
P-1596,0.4,0.5,0.09999999999999998,0.5,0.3,0.2,0.6,0.2,0.2,0.6,0.3,0.10000000000000003,0.7,0.2,0.10000000000000003,0.6,0.3,0.10000000000000003,0.3,0.4,0.29999999999999993,0.4,0.3,0.3,0.1,0.4,0.5,0.3,0.4,0.29999999999999993,0.1,0.8,0.09999999999999998,0.4,0.1,0.5,0.3,0.4,0.29999999999999993
P-1597,0.4,0.5,0.09999999999999998,0.4,0.3,0.3,0.5,0.3,0.2,0.8,0.1,0.09999999999999995,0.8,0.1,0.09999999999999995,0.7,0.3,5.551115123125783e-17,0.5,0.3,0.2,0.4,0.2,0.39999999999999997,0.1,0.4,0.5,0.2,0.4,0.4,0.2,0.8,0.0,0.4,0.1,0.5,0.1,0.4,0.5
P-1598,0.0,0.1,0.9,0.1,0.0,0.9,0.1,0.0,0.9,0.1,0.0,0.9,0.1,0.4,0.5,0.0,0.1,0.9,0.1,0.0,0.9,0.1,0.7,0.20000000000000007,0.9,0.1,-2.7755575615628914e-17,0.1,0.7,0.20000000000000007,0.0,1.0,0.0,0.4,0.5,0.09999999999999998,0.9,0.0,0.09999999999999998
P-1599,0.2,0.3,0.5,0.3,0.3,0.39999999999999997,0.4,0.2,0.39999999999999997,0.2,0.2,0.6000000000000001,0.3,0.5,0.19999999999999996,0.3,0.2,0.49999999999999994,0.1,0.2,0.7,0.3,0.5,0.19999999999999996,0.6,0.2,0.2,0.3,0.5,0.19999999999999996,0.0,0.9,0.09999999999999998,0.2,0.5,0.30000000000000004,0.7,0.2,0.10000000000000003
P-1600,0.2,0.4,0.4,0.2,0.1,0.7000000000000001,0.3,0.1,0.6,0.3,0.0,0.7,0.3,0.5,0.19999999999999996,0.5,0.2,0.3,0.3,0.0,0.7,0.2,0.2,0.6000000000000001,0.7,0.1,0.20000000000000004,0.2,0.2,0.6000000000000001,0.1,0.8,0.09999999999999998,0.3,0.5,0.19999999999999996,0.4,0.2,0.39999999999999997
P-1601,0.5,0.3,0.2,0.4,0.4,0.19999999999999996,0.4,0.4,0.19999999999999996,0.8,0.0,0.19999999999999996,0.8,0.2,-5.551115123125783e-17,0.7,0.1,0.20000000000000004,0.5,0.3,0.2,0.3,0.5,0.19999999999999996,0.2,0.3,0.5,0.1,0.7,0.20000000000000007,0.2,0.5,0.30000000000000004,0.5,0.3,0.2,0.2,0.5,0.30000000000000004
P-1602,0.2,0.4,0.4,0.4,0.3,0.3,0.4,0.3,0.3,0.5,0.1,0.4,0.6,0.3,0.10000000000000003,0.2,0.4,0.4,0.5,0.1,0.4,0.4,0.4,0.19999999999999996,0.4,0.4,0.19999999999999996,0.4,0.4,0.19999999999999996,0.2,0.8,0.0,0.4,0.2,0.39999999999999997,0.5,0.2,0.3
P-1603,0.4,0.4,0.19999999999999996,0.4,0.4,0.19999999999999996,0.5,0.3,0.2,0.5,0.3,0.2,0.6,0.3,0.10000000000000003,0.6,0.2,0.2,0.1,0.5,0.4,0.3,0.4,0.29999999999999993,0.2,0.3,0.5,0.2,0.5,0.30000000000000004,0.1,0.9,0.0,0.3,0.2,0.49999999999999994,0.4,0.4,0.19999999999999996
P-1604,0.4,0.3,0.3,0.2,0.5,0.30000000000000004,0.2,0.5,0.30000000000000004,0.7,0.0,0.30000000000000004,0.7,0.3,5.551115123125783e-17,0.5,0.2,0.3,0.5,0.2,0.3,0.3,0.3,0.39999999999999997,0.3,0.3,0.39999999999999997,0.2,0.4,0.4,0.4,0.6,0.0,0.6,0.2,0.2,0.3,0.4,0.29999999999999993
P-1605,0.5,0.4,0.09999999999999998,0.3,0.5,0.19999999999999996,0.3,0.5,0.19999999999999996,0.9,0.0,0.09999999999999998,0.9,0.1,-2.7755575615628914e-17,0.7,0.2,0.10000000000000003,0.5,0.4,0.09999999999999998,0.4,0.1,0.5,0.1,0.4,0.5,0.2,0.3,0.5,0.4,0.6,0.0,0.5,0.1,0.4,0.0,0.5,0.5
P-1606,0.5,0.5,0.0,0.5,0.4,0.09999999999999998,0.6,0.3,0.10000000000000003,0.9,0.1,-2.7755575615628914e-17,0.9,0.1,-2.7755575615628914e-17,0.6,0.4,0.0,0.6,0.3,0.10000000000000003,0.5,0.2,0.3,0.0,0.5,0.5,0.4,0.3,0.3,0.3,0.5,0.19999999999999996,0.6,0.2,0.2,0.1,0.5,0.4
P-1607,0.6,0.3,0.10000000000000003,0.5,0.3,0.2,0.5,0.3,0.2,0.9,0.0,0.09999999999999998,0.9,0.1,-2.7755575615628914e-17,0.7,0.2,0.10000000000000003,0.7,0.2,0.10000000000000003,0.3,0.4,0.29999999999999993,0.1,0.3,0.6000000000000001,0.2,0.5,0.30000000000000004,0.3,0.4,0.29999999999999993,0.7,0.1,0.20000000000000004,0.1,0.6,0.30000000000000004
P-1608,0.2,0.5,0.30000000000000004,0.5,0.3,0.2,0.5,0.3,0.2,0.6,0.1,0.30000000000000004,0.7,0.3,5.551115123125783e-17,0.2,0.5,0.30000000000000004,0.5,0.2,0.3,0.5,0.3,0.2,0.3,0.5,0.19999999999999996,0.5,0.3,0.2,0.2,0.8,0.0,0.4,0.2,0.39999999999999997,0.4,0.2,0.39999999999999997
P-1609,0.3,0.5,0.19999999999999996,0.3,0.7,0.0,0.5,0.5,0.0,0.4,0.4,0.19999999999999996,0.5,0.5,0.0,0.4,0.4,0.19999999999999996,0.2,0.3,0.5,0.4,0.1,0.5,0.2,0.4,0.4,0.4,0.1,0.5,0.2,0.8,0.0,0.7,0.1,0.20000000000000004,0.3,0.3,0.39999999999999997
P-1610,0.3,0.4,0.29999999999999993,0.5,0.3,0.2,0.5,0.3,0.2,0.6,0.1,0.30000000000000004,0.6,0.3,0.10000000000000003,0.4,0.3,0.3,0.6,0.0,0.4,0.4,0.3,0.3,0.3,0.3,0.39999999999999997,0.4,0.3,0.3,0.1,0.7,0.20000000000000007,0.4,0.2,0.39999999999999997,0.3,0.3,0.39999999999999997
P-1611,0.4,0.5,0.09999999999999998,0.5,0.4,0.09999999999999998,0.6,0.3,0.10000000000000003,0.7,0.2,0.10000000000000003,0.8,0.2,-5.551115123125783e-17,0.5,0.4,0.09999999999999998,0.5,0.3,0.2,0.6,0.2,0.2,0.1,0.5,0.4,0.5,0.3,0.2,0.2,0.6,0.20000000000000007,0.4,0.2,0.39999999999999997,0.3,0.4,0.29999999999999993
P-1612,0.3,0.2,0.49999999999999994,0.3,0.3,0.39999999999999997,0.3,0.3,0.39999999999999997,0.4,0.0,0.6,0.4,0.4,0.19999999999999996,0.4,0.1,0.5,0.3,0.1,0.6,0.2,0.4,0.4,0.6,0.1,0.30000000000000004,0.1,0.5,0.4,0.1,0.8,0.09999999999999998,0.5,0.3,0.2,0.4,0.3,0.3
P-1613,0.3,0.5,0.19999999999999996,0.4,0.5,0.09999999999999998,0.6,0.3,0.10000000000000003,0.5,0.3,0.2,0.6,0.4,0.0,0.3,0.5,0.19999999999999996,0.2,0.4,0.4,0.5,0.3,0.2,0.2,0.5,0.30000000000000004,0.5,0.3,0.2,0.2,0.8,0.0,0.5,0.3,0.2,0.5,0.3,0.2
P-1614,0.2,0.2,0.6000000000000001,0.1,0.5,0.4,0.5,0.3,0.2,0.2,0.2,0.6000000000000001,0.2,0.5,0.30000000000000004,0.2,0.4,0.4,0.1,0.1,0.8,0.3,0.3,0.39999999999999997,0.6,0.2,0.2,0.2,0.4,0.4,0.1,0.9,0.0,0.6,0.3,0.10000000000000003,0.7,0.2,0.10000000000000003
P-1615,0.2,0.5,0.30000000000000004,0.5,0.2,0.3,0.6,0.1,0.30000000000000004,0.2,0.4,0.4,0.6,0.3,0.10000000000000003,0.3,0.4,0.29999999999999993,0.3,0.3,0.39999999999999997,0.5,0.2,0.3,0.4,0.4,0.19999999999999996,0.5,0.2,0.3,0.1,0.8,0.09999999999999998,0.3,0.2,0.49999999999999994,0.5,0.2,0.3
P-1616,0.1,0.5,0.4,0.3,0.3,0.39999999999999997,0.3,0.3,0.39999999999999997,0.3,0.2,0.49999999999999994,0.4,0.4,0.19999999999999996,0.4,0.2,0.39999999999999997,0.1,0.3,0.6000000000000001,0.4,0.3,0.3,0.5,0.3,0.2,0.2,0.5,0.30000000000000004,0.0,1.0,0.0,0.2,0.4,0.4,0.5,0.1,0.4
P-1617,0.4,0.3,0.3,0.4,0.4,0.19999999999999996,0.7,0.1,0.20000000000000004,0.4,0.3,0.3,0.4,0.5,0.09999999999999998,0.4,0.3,0.3,0.3,0.1,0.6,0.5,0.5,0.0,0.3,0.3,0.39999999999999997,0.5,0.5,0.0,0.0,0.8,0.19999999999999996,0.5,0.2,0.3,0.6,0.4,0.0
P-1618,0.6,0.2,0.2,0.7,0.1,0.20000000000000004,0.7,0.1,0.20000000000000004,0.7,0.0,0.30000000000000004,0.7,0.2,0.10000000000000003,0.7,0.1,0.20000000000000004,0.4,0.3,0.3,0.2,0.5,0.30000000000000004,0.3,0.1,0.6,0.2,0.5,0.30000000000000004,0.0,0.8,0.19999999999999996,0.3,0.2,0.49999999999999994,0.1,0.6,0.30000000000000004
P-1619,0.4,0.0,0.6,0.3,0.6,0.09999999999999998,0.4,0.5,0.09999999999999998,0.3,0.1,0.6,0.4,0.4,0.19999999999999996,0.4,0.0,0.6,0.4,0.0,0.6,0.1,0.6,0.30000000000000004,0.6,0.0,0.4,0.0,0.7,0.30000000000000004,0.1,0.7,0.20000000000000007,0.6,0.4,0.0,0.4,0.4,0.19999999999999996
P-1620,0.1,0.5,0.4,0.3,0.5,0.19999999999999996,0.5,0.3,0.2,0.3,0.3,0.39999999999999997,0.3,0.5,0.19999999999999996,0.2,0.4,0.4,0.2,0.1,0.7000000000000001,0.6,0.3,0.10000000000000003,0.4,0.4,0.19999999999999996,0.4,0.5,0.09999999999999998,0.0,1.0,0.0,0.5,0.2,0.3,0.6,0.1,0.30000000000000004
P-1621,0.8,0.1,0.09999999999999995,0.6,0.3,0.10000000000000003,0.7,0.2,0.10000000000000003,0.8,0.1,0.09999999999999995,0.8,0.1,0.09999999999999995,0.8,0.1,0.09999999999999995,0.7,0.1,0.20000000000000004,0.2,0.5,0.30000000000000004,0.1,0.1,0.8,0.2,0.5,0.30000000000000004,0.2,0.7,0.10000000000000009,0.7,0.1,0.20000000000000004,0.2,0.8,0.0
P-1622,0.6,0.2,0.2,0.7,0.0,0.30000000000000004,0.7,0.0,0.30000000000000004,0.6,0.1,0.30000000000000004,0.7,0.2,0.10000000000000003,0.7,0.1,0.20000000000000004,0.1,0.6,0.30000000000000004,0.1,0.7,0.20000000000000007,0.3,0.1,0.6,0.1,0.7,0.20000000000000007,0.0,1.0,0.0,0.2,0.2,0.6000000000000001,0.3,0.6,0.09999999999999998
P-1623,0.3,0.4,0.29999999999999993,0.4,0.3,0.3,0.4,0.3,0.3,0.6,0.1,0.30000000000000004,0.6,0.3,0.10000000000000003,0.5,0.2,0.3,0.3,0.3,0.39999999999999997,0.3,0.5,0.19999999999999996,0.3,0.3,0.39999999999999997,0.2,0.6,0.20000000000000007,0.1,0.9,0.0,0.4,0.3,0.3,0.3,0.3,0.39999999999999997
P-1624,0.3,0.4,0.29999999999999993,0.5,0.3,0.2,0.5,0.3,0.2,0.6,0.1,0.30000000000000004,0.6,0.2,0.2,0.4,0.3,0.3,0.2,0.4,0.4,0.3,0.5,0.19999999999999996,0.3,0.3,0.39999999999999997,0.3,0.5,0.19999999999999996,0.1,0.9,0.0,0.3,0.6,0.09999999999999998,0.3,0.3,0.39999999999999997
P-1625,0.4,0.4,0.19999999999999996,0.6,0.1,0.30000000000000004,0.7,0.0,0.30000000000000004,0.4,0.3,0.3,0.6,0.3,0.10000000000000003,0.5,0.3,0.2,0.3,0.3,0.39999999999999997,0.3,0.5,0.19999999999999996,0.3,0.3,0.39999999999999997,0.3,0.5,0.19999999999999996,0.0,1.0,0.0,0.5,0.2,0.3,0.5,0.4,0.09999999999999998
P-1626,0.5,0.1,0.4,0.5,0.4,0.09999999999999998,0.5,0.4,0.09999999999999998,0.5,0.1,0.4,0.5,0.3,0.2,0.6,0.0,0.4,0.2,0.3,0.5,0.2,0.6,0.20000000000000007,0.4,0.0,0.6,0.1,0.7,0.20000000000000007,0.0,0.9,0.09999999999999998,0.2,0.4,0.4,0.4,0.5,0.09999999999999998
P-1627,0.5,0.3,0.2,0.5,0.3,0.2,0.7,0.2,0.10000000000000003,0.5,0.2,0.3,0.7,0.1,0.20000000000000004,0.6,0.3,0.10000000000000003,0.4,0.3,0.3,0.4,0.2,0.39999999999999997,0.3,0.2,0.49999999999999994,0.3,0.3,0.39999999999999997,0.2,0.7,0.10000000000000009,0.2,0.3,0.5,0.3,0.5,0.19999999999999996
P-1628,0.5,0.5,0.0,0.6,0.1,0.30000000000000004,0.7,0.0,0.30000000000000004,0.6,0.2,0.2,0.7,0.3,5.551115123125783e-17,0.8,0.2,-5.551115123125783e-17,0.4,0.3,0.3,0.4,0.4,0.19999999999999996,0.2,0.3,0.5,0.3,0.5,0.19999999999999996,0.0,0.9,0.09999999999999998,0.4,0.2,0.39999999999999997,0.2,0.5,0.30000000000000004
P-1630,0.5,0.5,0.0,0.6,0.2,0.2,0.7,0.1,0.20000000000000004,0.5,0.4,0.09999999999999998,0.9,0.1,-2.7755575615628914e-17,0.7,0.3,5.551115123125783e-17,0.3,0.6,0.09999999999999998,0.4,0.3,0.3,0.1,0.4,0.5,0.3,0.4,0.29999999999999993,0.2,0.8,0.0,0.3,0.1,0.6,0.3,0.5,0.19999999999999996
P-1631,0.5,0.4,0.09999999999999998,0.7,0.0,0.30000000000000004,0.7,0.0,0.30000000000000004,0.6,0.2,0.2,0.8,0.1,0.09999999999999995,0.7,0.2,0.10000000000000003,0.4,0.4,0.19999999999999996,0.3,0.5,0.19999999999999996,0.2,0.3,0.5,0.2,0.6,0.20000000000000007,0.0,1.0,0.0,0.4,0.2,0.39999999999999997,0.3,0.5,0.19999999999999996
P-1632,0.6,0.3,0.10000000000000003,0.7,0.2,0.10000000000000003,0.7,0.2,0.10000000000000003,0.9,0.0,0.09999999999999998,0.9,0.1,-2.7755575615628914e-17,0.7,0.2,0.10000000000000003,0.6,0.3,0.10000000000000003,0.3,0.6,0.09999999999999998,0.1,0.3,0.6000000000000001,0.2,0.7,0.10000000000000009,0.1,0.5,0.4,0.6,0.3,0.10000000000000003,0.1,0.6,0.30000000000000004
P-1633,0.3,0.6,0.09999999999999998,0.8,0.1,0.09999999999999995,0.9,0.1,-2.7755575615628914e-17,0.5,0.4,0.09999999999999998,0.8,0.1,0.09999999999999995,0.4,0.6,0.0,0.3,0.5,0.19999999999999996,0.5,0.3,0.2,0.1,0.5,0.4,0.5,0.3,0.2,0.0,1.0,0.0,0.3,0.2,0.49999999999999994,0.4,0.3,0.3
P-1634,0.5,0.5,0.0,0.7,0.0,0.30000000000000004,0.7,0.0,0.30000000000000004,0.6,0.2,0.2,0.8,0.2,-5.551115123125783e-17,0.8,0.2,-5.551115123125783e-17,0.4,0.4,0.19999999999999996,0.3,0.5,0.19999999999999996,0.2,0.3,0.5,0.2,0.6,0.20000000000000007,0.0,1.0,0.0,0.4,0.2,0.39999999999999997,0.2,0.5,0.30000000000000004
P-1635,0.2,0.7,0.10000000000000009,0.7,0.3,5.551115123125783e-17,0.7,0.3,5.551115123125783e-17,0.7,0.2,0.10000000000000003,0.8,0.2,-5.551115123125783e-17,0.3,0.6,0.09999999999999998,0.2,0.6,0.20000000000000007,0.6,0.2,0.2,0.1,0.6,0.30000000000000004,0.6,0.2,0.2,0.1,0.9,0.0,0.3,0.6,0.09999999999999998,0.2,0.2,0.6000000000000001
P-1636,0.5,0.5,0.0,0.7,0.0,0.30000000000000004,0.7,0.0,0.30000000000000004,0.6,0.2,0.2,0.8,0.2,-5.551115123125783e-17,0.8,0.2,-5.551115123125783e-17,0.4,0.4,0.19999999999999996,0.3,0.5,0.19999999999999996,0.2,0.3,0.5,0.2,0.6,0.20000000000000007,0.0,1.0,0.0,0.4,0.2,0.39999999999999997,0.2,0.5,0.30000000000000004
P-1637,0.4,0.5,0.09999999999999998,0.4,0.4,0.19999999999999996,0.6,0.2,0.2,0.5,0.3,0.2,0.6,0.4,0.0,0.7,0.2,0.10000000000000003,0.4,0.2,0.39999999999999997,0.3,0.4,0.29999999999999993,0.2,0.3,0.5,0.2,0.5,0.30000000000000004,0.1,0.8,0.09999999999999998,0.5,0.2,0.3,0.2,0.4,0.4
P-1638,0.5,0.2,0.3,0.2,0.6,0.20000000000000007,0.6,0.2,0.2,0.3,0.4,0.29999999999999993,0.6,0.3,0.10000000000000003,0.5,0.2,0.3,0.5,0.1,0.4,0.3,0.3,0.39999999999999997,0.3,0.2,0.49999999999999994,0.2,0.4,0.4,0.4,0.5,0.09999999999999998,0.8,0.2,-5.551115123125783e-17,0.4,0.5,0.09999999999999998
P-1639,0.7,0.1,0.20000000000000004,0.4,0.5,0.09999999999999998,0.7,0.2,0.10000000000000003,0.4,0.3,0.3,0.7,0.2,0.10000000000000003,0.8,0.0,0.19999999999999996,0.6,0.1,0.30000000000000004,0.2,0.4,0.4,0.3,0.0,0.7,0.1,0.5,0.4,0.3,0.6,0.09999999999999998,0.5,0.3,0.2,0.2,0.7,0.10000000000000009
P-1640,0.6,0.3,0.10000000000000003,0.4,0.4,0.19999999999999996,0.6,0.2,0.2,0.5,0.3,0.2,0.7,0.3,5.551115123125783e-17,0.9,0.0,0.09999999999999998,0.4,0.3,0.3,0.1,0.4,0.5,0.2,0.1,0.7000000000000001,0.0,0.5,0.5,0.2,0.7,0.10000000000000009,0.6,0.1,0.30000000000000004,0.0,0.6,0.4
P-1641,0.2,0.4,0.4,0.3,0.4,0.29999999999999993,0.5,0.2,0.3,0.3,0.3,0.39999999999999997,0.4,0.5,0.09999999999999998,0.3,0.3,0.39999999999999997,0.3,0.1,0.6,0.3,0.4,0.29999999999999993,0.4,0.3,0.3,0.3,0.4,0.29999999999999993,0.1,0.9,0.0,0.5,0.2,0.3,0.5,0.2,0.3
P-1642,0.3,0.4,0.29999999999999993,0.5,0.1,0.4,0.6,0.0,0.4,0.4,0.2,0.39999999999999997,0.6,0.1,0.30000000000000004,0.4,0.3,0.3,0.4,0.2,0.39999999999999997,0.4,0.3,0.3,0.4,0.3,0.3,0.4,0.3,0.3,0.1,0.8,0.09999999999999998,0.2,0.5,0.30000000000000004,0.4,0.3,0.3
P-1643,0.4,0.3,0.3,0.4,0.4,0.19999999999999996,0.6,0.2,0.2,0.3,0.4,0.29999999999999993,0.7,0.3,5.551115123125783e-17,0.4,0.3,0.3,0.4,0.3,0.3,0.4,0.2,0.39999999999999997,0.3,0.3,0.39999999999999997,0.4,0.2,0.39999999999999997,0.3,0.6,0.09999999999999998,0.6,0.1,0.30000000000000004,0.4,0.4,0.19999999999999996
P-1644,0.4,0.4,0.19999999999999996,0.3,0.4,0.29999999999999993,0.5,0.2,0.3,0.5,0.2,0.3,0.7,0.2,0.10000000000000003,0.6,0.2,0.2,0.5,0.2,0.3,0.3,0.3,0.39999999999999997,0.3,0.3,0.39999999999999997,0.2,0.4,0.4,0.3,0.7,0.0,0.4,0.4,0.19999999999999996,0.2,0.4,0.4
P-1645,0.4,0.5,0.09999999999999998,0.2,0.3,0.5,0.4,0.1,0.5,0.4,0.2,0.39999999999999997,0.6,0.4,0.0,0.9,0.0,0.09999999999999998,0.3,0.3,0.39999999999999997,0.2,0.3,0.5,0.4,0.2,0.39999999999999997,0.0,0.5,0.5,0.2,0.8,0.0,0.3,0.4,0.29999999999999993,0.1,0.4,0.5
P-1646,0.4,0.6,0.0,0.4,0.3,0.3,0.7,0.0,0.30000000000000004,0.3,0.4,0.29999999999999993,0.5,0.5,0.0,0.7,0.3,5.551115123125783e-17,0.3,0.2,0.49999999999999994,0.3,0.3,0.39999999999999997,0.3,0.3,0.39999999999999997,0.3,0.3,0.39999999999999997,0.1,0.9,0.0,0.5,0.3,0.2,0.3,0.4,0.29999999999999993
P-1647,0.3,0.3,0.39999999999999997,0.5,0.2,0.3,0.6,0.1,0.30000000000000004,0.5,0.1,0.4,0.5,0.3,0.2,0.3,0.3,0.39999999999999997,0.4,0.1,0.5,0.5,0.5,0.0,0.4,0.3,0.3,0.4,0.6,0.0,0.0,0.9,0.09999999999999998,0.4,0.2,0.39999999999999997,0.5,0.3,0.2
P-1648,0.5,0.1,0.4,0.5,0.2,0.3,0.5,0.2,0.3,0.6,0.0,0.4,0.6,0.3,0.10000000000000003,0.5,0.1,0.4,0.5,0.1,0.4,0.3,0.6,0.09999999999999998,0.4,0.1,0.5,0.3,0.6,0.09999999999999998,0.1,0.6,0.30000000000000004,0.4,0.2,0.39999999999999997,0.4,0.5,0.09999999999999998
P-1649,0.3,0.5,0.19999999999999996,0.6,0.2,0.2,0.6,0.2,0.2,0.7,0.1,0.20000000000000004,0.8,0.1,0.09999999999999995,0.4,0.4,0.19999999999999996,0.6,0.2,0.2,0.5,0.3,0.2,0.2,0.5,0.30000000000000004,0.4,0.4,0.19999999999999996,0.1,0.7,0.20000000000000007,0.3,0.2,0.49999999999999994,0.3,0.3,0.39999999999999997
P-1650,0.2,0.5,0.30000000000000004,0.5,0.2,0.3,0.5,0.2,0.3,0.5,0.2,0.3,0.6,0.2,0.2,0.4,0.3,0.3,0.4,0.2,0.39999999999999997,0.5,0.3,0.2,0.3,0.4,0.29999999999999993,0.4,0.4,0.19999999999999996,0.0,0.8,0.19999999999999996,0.2,0.3,0.5,0.4,0.2,0.39999999999999997
P-1651,0.1,0.4,0.5,0.4,0.2,0.39999999999999997,0.4,0.2,0.39999999999999997,0.5,0.0,0.5,0.5,0.3,0.2,0.2,0.3,0.5,0.4,0.1,0.5,0.4,0.4,0.19999999999999996,0.5,0.4,0.09999999999999998,0.3,0.5,0.19999999999999996,0.0,0.9,0.09999999999999998,0.2,0.4,0.4,0.5,0.1,0.4
P-1652,0.0,0.5,0.5,0.3,0.3,0.39999999999999997,0.3,0.3,0.39999999999999997,0.5,0.0,0.5,0.5,0.4,0.09999999999999998,0.2,0.3,0.5,0.3,0.2,0.49999999999999994,0.5,0.3,0.2,0.5,0.5,0.0,0.3,0.5,0.19999999999999996,0.0,1.0,0.0,0.2,0.3,0.5,0.4,0.0,0.6
P-1653,0.2,0.5,0.30000000000000004,0.6,0.1,0.30000000000000004,0.7,0.0,0.30000000000000004,0.5,0.2,0.3,0.6,0.2,0.2,0.2,0.5,0.30000000000000004,0.3,0.3,0.39999999999999997,0.5,0.4,0.09999999999999998,0.3,0.5,0.19999999999999996,0.5,0.4,0.09999999999999998,0.0,1.0,0.0,0.2,0.2,0.6000000000000001,0.5,0.2,0.3
P-1654,0.0,0.5,0.5,0.3,0.1,0.6,0.3,0.1,0.6,0.5,0.0,0.5,0.5,0.3,0.2,0.2,0.3,0.5,0.3,0.2,0.49999999999999994,0.5,0.5,0.0,0.5,0.5,0.0,0.3,0.7,0.0,0.0,1.0,0.0,0.2,0.3,0.5,0.5,0.0,0.5
P-1655,0.2,0.6,0.20000000000000007,0.5,0.3,0.2,0.7,0.1,0.20000000000000004,0.5,0.3,0.2,0.6,0.3,0.10000000000000003,0.2,0.6,0.20000000000000007,0.4,0.2,0.39999999999999997,0.6,0.3,0.10000000000000003,0.2,0.6,0.20000000000000007,0.6,0.3,0.10000000000000003,0.1,0.9,0.0,0.4,0.1,0.5,0.5,0.2,0.3
P-1656,0.09090909090909091,0.9090909090909091,0.0,0.7272727272727273,0.18181818181818182,0.09090909090909088,0.9090909090909091,0.0,0.09090909090909094,0.7272727272727273,0.18181818181818182,0.09090909090909088,0.7272727272727273,0.2727272727272727,0.0,0.18181818181818182,0.8181818181818182,-1.1102230246251565e-16,0.5454545454545454,0.18181818181818182,0.27272727272727276,0.8181818181818182,0.09090909090909091,0.09090909090909086,0.09090909090909091,0.8181818181818182,0.09090909090909083,0.8181818181818182,0.09090909090909091,0.09090909090909086,0.0,1.0,0.0,0.18181818181818182,0.18181818181818182,0.6363636363636362,0.18181818181818182,0.09090909090909091,0.7272727272727272
P-1657,0.4,0.1,0.5,0.3,0.7,0.0,0.4,0.6,0.0,0.4,0.1,0.5,0.5,0.5,0.0,0.4,0.1,0.5,0.4,0.1,0.5,0.2,0.4,0.4,0.5,0.1,0.4,0.2,0.4,0.4,0.2,0.6,0.20000000000000007,0.5,0.4,0.09999999999999998,0.3,0.4,0.29999999999999993
P-1658,0.7,0.3,5.551115123125783e-17,0.8,0.2,-5.551115123125783e-17,0.8,0.2,-5.551115123125783e-17,1.0,0.0,0.0,1.0,0.0,0.0,0.7,0.3,5.551115123125783e-17,0.8,0.2,-5.551115123125783e-17,0.3,0.5,0.19999999999999996,0.0,0.3,0.7,0.3,0.5,0.19999999999999996,0.2,0.3,0.5,0.7,0.2,0.10000000000000003,0.0,0.7,0.30000000000000004
P-1659,0.5,0.4,0.09999999999999998,0.7,0.1,0.20000000000000004,0.7,0.1,0.20000000000000004,0.9,0.0,0.09999999999999998,0.9,0.0,0.09999999999999998,0.6,0.3,0.10000000000000003,0.5,0.4,0.09999999999999998,0.5,0.3,0.2,0.1,0.4,0.5,0.4,0.4,0.19999999999999996,0.1,0.5,0.4,0.4,0.4,0.19999999999999996,0.1,0.5,0.4
P-1660,0.5,0.3,0.2,0.4,0.5,0.09999999999999998,0.6,0.3,0.10000000000000003,0.5,0.2,0.3,0.6,0.3,0.10000000000000003,0.6,0.2,0.2,0.5,0.1,0.4,0.4,0.3,0.3,0.3,0.2,0.49999999999999994,0.3,0.4,0.29999999999999993,0.2,0.5,0.30000000000000004,0.5,0.4,0.09999999999999998,0.3,0.5,0.19999999999999996
P-1661,0.6,0.4,0.0,0.5,0.4,0.09999999999999998,0.6,0.3,0.10000000000000003,0.9,0.1,-2.7755575615628914e-17,0.9,0.1,-2.7755575615628914e-17,0.7,0.3,5.551115123125783e-17,0.7,0.2,0.10000000000000003,0.5,0.2,0.3,0.0,0.4,0.6,0.4,0.3,0.3,0.3,0.4,0.29999999999999993,0.6,0.1,0.30000000000000004,0.1,0.6,0.30000000000000004
P-1662,0.6,0.2,0.2,0.4,0.5,0.09999999999999998,0.4,0.5,0.09999999999999998,0.8,0.0,0.19999999999999996,0.8,0.2,-5.551115123125783e-17,0.7,0.1,0.20000000000000004,0.6,0.2,0.2,0.2,0.5,0.30000000000000004,0.2,0.2,0.6000000000000001,0.1,0.6,0.30000000000000004,0.3,0.4,0.29999999999999993,0.6,0.3,0.10000000000000003,0.2,0.6,0.20000000000000007
P-1663,0.1,0.6,0.30000000000000004,0.3,0.5,0.19999999999999996,0.5,0.3,0.2,0.3,0.4,0.29999999999999993,0.4,0.5,0.09999999999999998,0.3,0.4,0.29999999999999993,0.0,0.4,0.6,0.6,0.3,0.10000000000000003,0.3,0.5,0.19999999999999996,0.4,0.5,0.09999999999999998,0.0,1.0,0.0,0.4,0.3,0.3,0.6,0.1,0.30000000000000004
P-1664,0.5,0.5,0.0,0.6,0.2,0.2,0.8,0.0,0.19999999999999996,0.6,0.2,0.2,0.7,0.3,5.551115123125783e-17,0.7,0.3,5.551115123125783e-17,0.6,0.1,0.30000000000000004,0.3,0.4,0.29999999999999993,0.2,0.3,0.5,0.3,0.4,0.29999999999999993,0.1,0.7,0.20000000000000007,0.6,0.3,0.10000000000000003,0.1,0.5,0.4
P-1665,0.4,0.6,0.0,0.6,0.3,0.10000000000000003,0.9,0.0,0.09999999999999998,0.5,0.4,0.09999999999999998,0.7,0.3,5.551115123125783e-17,0.5,0.5,0.0,0.2,0.5,0.30000000000000004,0.6,0.2,0.2,0.1,0.5,0.4,0.6,0.2,0.2,0.1,0.8,0.09999999999999998,0.3,0.3,0.39999999999999997,0.3,0.4,0.29999999999999993
P-1666,0.4,0.5,0.09999999999999998,0.8,0.1,0.09999999999999995,0.8,0.1,0.09999999999999995,0.8,0.1,0.09999999999999995,0.9,0.0,0.09999999999999998,0.4,0.5,0.09999999999999998,0.3,0.6,0.09999999999999998,0.5,0.3,0.2,0.1,0.5,0.4,0.5,0.3,0.2,0.1,0.7,0.20000000000000007,0.3,0.5,0.19999999999999996,0.2,0.4,0.4
P-1667,0.6,0.1,0.30000000000000004,0.3,0.6,0.09999999999999998,0.8,0.2,-5.551115123125783e-17,0.3,0.4,0.29999999999999993,0.6,0.2,0.2,0.6,0.2,0.2,0.4,0.2,0.39999999999999997,0.2,0.4,0.4,0.3,0.1,0.6,0.1,0.5,0.4,0.3,0.7,0.0,0.5,0.3,0.2,0.4,0.6,0.0
P-1668,0.3,0.2,0.49999999999999994,0.3,0.5,0.19999999999999996,0.3,0.5,0.19999999999999996,0.4,0.1,0.5,0.4,0.3,0.3,0.4,0.1,0.5,0.2,0.2,0.6000000000000001,0.3,0.5,0.19999999999999996,0.5,0.1,0.4,0.2,0.6,0.20000000000000007,0.1,0.8,0.09999999999999998,0.2,0.6,0.20000000000000007,0.5,0.3,0.2
P-1669,0.6,0.2,0.2,0.4,0.5,0.09999999999999998,0.4,0.5,0.09999999999999998,0.8,0.0,0.19999999999999996,0.8,0.2,-5.551115123125783e-17,0.7,0.1,0.20000000000000004,0.6,0.2,0.2,0.2,0.5,0.30000000000000004,0.2,0.2,0.6000000000000001,0.1,0.6,0.30000000000000004,0.3,0.5,0.19999999999999996,0.6,0.3,0.10000000000000003,0.2,0.6,0.20000000000000007
P-1670,0.4,0.3,0.3,0.3,0.4,0.29999999999999993,0.7,0.1,0.20000000000000004,0.3,0.4,0.29999999999999993,0.6,0.2,0.2,0.5,0.3,0.2,0.4,0.2,0.39999999999999997,0.4,0.3,0.3,0.3,0.3,0.39999999999999997,0.3,0.4,0.29999999999999993,0.2,0.7,0.10000000000000009,0.4,0.3,0.3,0.5,0.4,0.09999999999999998
P-1671,0.0,0.5,0.5,0.4,0.3,0.3,0.4,0.3,0.3,0.0,0.4,0.6,0.4,0.6,0.0,0.1,0.4,0.5,0.0,0.4,0.6,0.4,0.4,0.19999999999999996,0.6,0.4,0.0,0.4,0.4,0.19999999999999996,0.0,1.0,0.0,0.3,0.3,0.39999999999999997,0.8,0.0,0.19999999999999996
P-1672,0.3,0.5,0.19999999999999996,0.3,0.3,0.39999999999999997,0.4,0.2,0.39999999999999997,0.4,0.1,0.5,0.5,0.5,0.0,0.7,0.1,0.20000000000000004,0.4,0.1,0.5,0.3,0.2,0.49999999999999994,0.5,0.2,0.3,0.2,0.3,0.5,0.1,0.7,0.20000000000000007,0.3,0.4,0.29999999999999993,0.1,0.3,0.6000000000000001
P-1673,0.2,0.4,0.4,0.2,0.6,0.20000000000000007,0.4,0.4,0.19999999999999996,0.2,0.3,0.5,0.3,0.6,0.09999999999999998,0.4,0.2,0.39999999999999997,0.1,0.2,0.7,0.3,0.4,0.29999999999999993,0.5,0.2,0.3,0.2,0.5,0.30000000000000004,0.1,0.9,0.0,0.4,0.5,0.09999999999999998,0.5,0.2,0.3
P-1674,0.1,0.6,0.30000000000000004,0.3,0.0,0.7,0.3,0.0,0.7,0.4,0.0,0.6,0.4,0.5,0.09999999999999998,0.5,0.2,0.3,0.1,0.3,0.6000000000000001,0.3,0.3,0.39999999999999997,0.6,0.3,0.10000000000000003,0.2,0.4,0.4,0.0,0.9,0.09999999999999998,0.3,0.6,0.09999999999999998,0.3,0.1,0.6
P-1675,0.4,0.6,0.0,0.6,0.2,0.2,0.8,0.0,0.19999999999999996,0.5,0.3,0.2,0.7,0.3,5.551115123125783e-17,0.6,0.4,0.0,0.4,0.3,0.3,0.6,0.1,0.30000000000000004,0.2,0.4,0.4,0.6,0.1,0.30000000000000004,0.1,0.7,0.20000000000000007,0.2,0.3,0.5,0.2,0.4,0.4
P-1676,0.5,0.4,0.09999999999999998,0.6,0.1,0.30000000000000004,0.7,0.0,0.30000000000000004,0.5,0.2,0.3,0.6,0.4,0.0,0.7,0.2,0.10000000000000003,0.2,0.4,0.4,0.2,0.6,0.20000000000000007,0.3,0.2,0.49999999999999994,0.2,0.6,0.20000000000000007,0.0,1.0,0.0,0.4,0.2,0.39999999999999997,0.3,0.5,0.19999999999999996
P-1677,0.5,0.5,0.0,0.7,0.0,0.30000000000000004,0.7,0.0,0.30000000000000004,0.6,0.2,0.2,0.8,0.2,-5.551115123125783e-17,0.8,0.2,-5.551115123125783e-17,0.4,0.4,0.19999999999999996,0.3,0.5,0.19999999999999996,0.2,0.3,0.5,0.2,0.6,0.20000000000000007,0.0,1.0,0.0,0.4,0.2,0.39999999999999997,0.2,0.5,0.30000000000000004
P-1678,0.4,0.6,0.0,0.6,0.0,0.4,0.6,0.0,0.4,0.5,0.2,0.3,0.7,0.3,5.551115123125783e-17,0.8,0.2,-5.551115123125783e-17,0.3,0.4,0.29999999999999993,0.3,0.4,0.29999999999999993,0.3,0.3,0.39999999999999997,0.2,0.5,0.30000000000000004,0.0,1.0,0.0,0.3,0.3,0.39999999999999997,0.2,0.4,0.4
P-1679,0.3,0.7,0.0,0.6,0.0,0.4,0.6,0.0,0.4,0.4,0.2,0.39999999999999997,0.6,0.4,0.0,0.7,0.3,5.551115123125783e-17,0.3,0.3,0.39999999999999997,0.3,0.3,0.39999999999999997,0.4,0.3,0.3,0.3,0.3,0.39999999999999997,0.0,1.0,0.0,0.2,0.4,0.4,0.2,0.3,0.5
P-1680,0.5,0.5,0.0,0.7,0.0,0.30000000000000004,0.7,0.0,0.30000000000000004,0.5,0.2,0.3,0.7,0.3,5.551115123125783e-17,0.8,0.2,-5.551115123125783e-17,0.4,0.3,0.3,0.2,0.5,0.30000000000000004,0.3,0.2,0.49999999999999994,0.2,0.5,0.30000000000000004,0.0,1.0,0.0,0.4,0.3,0.3,0.2,0.5,0.30000000000000004
P-1681,0.4,0.6,0.0,0.6,0.0,0.4,0.6,0.0,0.4,0.5,0.2,0.3,0.7,0.3,5.551115123125783e-17,0.8,0.2,-5.551115123125783e-17,0.3,0.4,0.29999999999999993,0.3,0.4,0.29999999999999993,0.3,0.3,0.39999999999999997,0.2,0.5,0.30000000000000004,0.0,1.0,0.0,0.3,0.3,0.39999999999999997,0.2,0.4,0.4
P-1682,0.2,0.4,0.4,0.4,0.3,0.3,0.5,0.2,0.3,0.3,0.2,0.49999999999999994,0.5,0.4,0.09999999999999998,0.3,0.3,0.39999999999999997,0.4,0.1,0.5,0.3,0.3,0.39999999999999997,0.5,0.3,0.2,0.3,0.3,0.39999999999999997,0.1,0.9,0.0,0.4,0.3,0.3,0.4,0.2,0.39999999999999997
P-1683,0.2,0.4,0.4,0.3,0.3,0.39999999999999997,0.6,0.1,0.30000000000000004,0.2,0.3,0.5,0.4,0.4,0.19999999999999996,0.3,0.4,0.29999999999999993,0.2,0.2,0.6000000000000001,0.3,0.3,0.39999999999999997,0.5,0.3,0.2,0.3,0.3,0.39999999999999997,0.1,0.9,0.0,0.4,0.3,0.3,0.5,0.2,0.3
P-1684,0.3,0.7,0.0,0.7,0.0,0.30000000000000004,0.7,0.0,0.30000000000000004,0.4,0.3,0.3,0.7,0.3,5.551115123125783e-17,0.6,0.4,0.0,0.4,0.3,0.3,0.4,0.3,0.3,0.3,0.4,0.29999999999999993,0.4,0.3,0.3,0.0,1.0,0.0,0.3,0.3,0.39999999999999997,0.3,0.3,0.39999999999999997
P-1685,0.6,0.4,0.0,0.9,0.0,0.09999999999999998,0.9,0.0,0.09999999999999998,0.7,0.2,0.10000000000000003,0.9,0.1,-2.7755575615628914e-17,0.7,0.3,5.551115123125783e-17,0.5,0.4,0.09999999999999998,0.3,0.6,0.09999999999999998,0.1,0.3,0.6000000000000001,0.3,0.6,0.09999999999999998,0.0,1.0,0.0,0.4,0.1,0.5,0.2,0.6,0.20000000000000007
P-1686,0.0,0.36363636363636365,0.6363636363636364,0.2727272727272727,0.45454545454545453,0.27272727272727276,0.36363636363636365,0.36363636363636365,0.2727272727272727,0.0,0.36363636363636365,0.6363636363636364,0.2727272727272727,0.5454545454545454,0.18181818181818188,0.0,0.36363636363636365,0.6363636363636364,0.0,0.2727272727272727,0.7272727272727273,0.36363636363636365,0.5454545454545454,0.09090909090909094,0.6363636363636364,0.36363636363636365,0.0,0.36363636363636365,0.5454545454545454,0.09090909090909094,0.0,1.0,0.0,0.2727272727272727,0.45454545454545453,0.27272727272727276,0.9090909090909091,0.0,0.09090909090909094
P-1687,0.2727272727272727,0.2727272727272727,0.4545454545454546,0.2727272727272727,0.45454545454545453,0.27272727272727276,0.5454545454545454,0.18181818181818182,0.27272727272727276,0.2727272727272727,0.2727272727272727,0.4545454545454546,0.36363636363636365,0.45454545454545453,0.18181818181818182,0.2727272727272727,0.2727272727272727,0.4545454545454546,0.18181818181818182,0.18181818181818182,0.6363636363636362,0.36363636363636365,0.45454545454545453,0.18181818181818182,0.45454545454545453,0.2727272727272727,0.2727272727272727,0.2727272727272727,0.5454545454545454,0.18181818181818188,0.09090909090909091,0.9090909090909091,0.0,0.5454545454545454,0.36363636363636365,0.09090909090909094,0.6363636363636364,0.2727272727272727,0.09090909090909094
P-1688,0.18181818181818182,0.18181818181818182,0.6363636363636362,0.09090909090909091,0.6363636363636364,0.2727272727272727,0.18181818181818182,0.5454545454545454,0.2727272727272727,0.2727272727272727,0.09090909090909091,0.6363636363636364,0.2727272727272727,0.6363636363636364,0.09090909090909094,0.2727272727272727,0.09090909090909091,0.6363636363636364,0.18181818181818182,0.09090909090909091,0.7272727272727272,0.36363636363636365,0.45454545454545453,0.18181818181818182,0.6363636363636364,0.18181818181818182,0.18181818181818182,0.18181818181818182,0.6363636363636364,0.18181818181818177,0.09090909090909091,0.8181818181818182,0.09090909090909083,0.45454545454545453,0.36363636363636365,0.18181818181818177,0.6363636363636364,0.18181818181818182,0.18181818181818182
P-1690,0.0,0.6363636363636364,0.36363636363636365,0.36363636363636365,0.6363636363636364,0.0,0.6363636363636364,0.36363636363636365,0.0,0.18181818181818182,0.45454545454545453,0.3636363636363636,0.36363636363636365,0.6363636363636364,0.0,0.0,0.6363636363636364,0.36363636363636365,0.0,0.36363636363636365,0.6363636363636364,0.6363636363636364,0.36363636363636365,0.0,0.36363636363636365,0.6363636363636364,0.0,0.6363636363636364,0.36363636363636365,0.0,0.0,1.0,0.0,0.2727272727272727,0.5454545454545454,0.18181818181818188,0.8181818181818182,0.0,0.18181818181818177
P-1691,0.36363636363636365,0.36363636363636365,0.2727272727272727,0.45454545454545453,0.18181818181818182,0.3636363636363636,0.5454545454545454,0.09090909090909091,0.36363636363636365,0.36363636363636365,0.2727272727272727,0.36363636363636365,0.5454545454545454,0.2727272727272727,0.18181818181818188,0.45454545454545453,0.2727272727272727,0.2727272727272727,0.18181818181818182,0.36363636363636365,0.4545454545454545,0.2727272727272727,0.36363636363636365,0.36363636363636365,0.36363636363636365,0.2727272727272727,0.36363636363636365,0.2727272727272727,0.36363636363636365,0.36363636363636365,0.09090909090909091,0.9090909090909091,0.0,0.36363636363636365,0.2727272727272727,0.36363636363636365,0.5454545454545454,0.36363636363636365,0.09090909090909094
P-1692,0.36363636363636365,0.2727272727272727,0.36363636363636365,0.2727272727272727,0.45454545454545453,0.27272727272727276,0.36363636363636365,0.36363636363636365,0.2727272727272727,0.36363636363636365,0.2727272727272727,0.36363636363636365,0.36363636363636365,0.45454545454545453,0.18181818181818182,0.5454545454545454,0.09090909090909091,0.36363636363636365,0.36363636363636365,0.0,0.6363636363636364,0.18181818181818182,0.36363636363636365,0.4545454545454545,0.36363636363636365,0.09090909090909091,0.5454545454545454,0.18181818181818182,0.36363636363636365,0.4545454545454545,0.09090909090909091,0.7272727272727273,0.18181818181818177,0.6363636363636364,0.2727272727272727,0.09090909090909094,0.45454545454545453,0.36363636363636365,0.18181818181818177
P-1693,0.0,0.09090909090909091,0.9090909090909091,0.09090909090909091,0.0,0.9090909090909091,0.09090909090909091,0.0,0.9090909090909091,0.09090909090909091,0.0,0.9090909090909091,0.09090909090909091,0.36363636363636365,0.5454545454545454,0.0,0.09090909090909091,0.9090909090909091,0.09090909090909091,0.0,0.9090909090909091,0.09090909090909091,0.6363636363636364,0.2727272727272727,0.9090909090909091,0.09090909090909091,2.7755575615628914e-17,0.09090909090909091,0.6363636363636364,0.2727272727272727,0.0,1.0,0.0,0.36363636363636365,0.5454545454545454,0.09090909090909094,0.9090909090909091,0.0,0.09090909090909094
P-1694,0.6363636363636364,0.2727272727272727,0.09090909090909094,0.5454545454545454,0.36363636363636365,0.09090909090909094,0.7272727272727273,0.18181818181818182,0.09090909090909088,0.7272727272727273,0.18181818181818182,0.09090909090909088,0.8181818181818182,0.09090909090909091,0.09090909090909086,0.6363636363636364,0.2727272727272727,0.09090909090909094,0.6363636363636364,0.18181818181818182,0.18181818181818182,0.36363636363636365,0.2727272727272727,0.36363636363636365,0.09090909090909091,0.2727272727272727,0.6363636363636364,0.36363636363636365,0.2727272727272727,0.36363636363636365,0.2727272727272727,0.5454545454545454,0.18181818181818188,0.45454545454545453,0.09090909090909091,0.4545454545454545,0.18181818181818182,0.6363636363636364,0.18181818181818177
P-1695,0.36363636363636365,0.09090909090909091,0.5454545454545454,0.18181818181818182,0.5454545454545454,0.2727272727272727,0.18181818181818182,0.5454545454545454,0.2727272727272727,0.36363636363636365,0.09090909090909091,0.5454545454545454,0.45454545454545453,0.36363636363636365,0.18181818181818177,0.36363636363636365,0.09090909090909091,0.5454545454545454,0.36363636363636365,0.09090909090909091,0.5454545454545454,0.18181818181818182,0.36363636363636365,0.4545454545454545,0.5454545454545454,0.09090909090909091,0.36363636363636365,0.18181818181818182,0.36363636363636365,0.4545454545454545,0.2727272727272727,0.6363636363636364,0.09090909090909094,0.45454545454545453,0.36363636363636365,0.18181818181818177,0.5454545454545454,0.36363636363636365,0.09090909090909094
P-1696,0.18181818181818182,0.5454545454545454,0.2727272727272727,0.6363636363636364,0.09090909090909091,0.2727272727272727,0.6363636363636364,0.09090909090909091,0.2727272727272727,0.5454545454545454,0.09090909090909091,0.36363636363636365,0.6363636363636364,0.18181818181818182,0.18181818181818182,0.2727272727272727,0.45454545454545453,0.27272727272727276,0.2727272727272727,0.36363636363636365,0.36363636363636365,0.5454545454545454,0.18181818181818182,0.27272727272727276,0.36363636363636365,0.45454545454545453,0.18181818181818182,0.5454545454545454,0.18181818181818182,0.27272727272727276,0.0,0.9090909090909091,0.09090909090909094,0.18181818181818182,0.5454545454545454,0.2727272727272727,0.2727272727272727,0.18181818181818182,0.5454545454545454
P-1699,0.36363636363636365,0.18181818181818182,0.45454545454545453,0.5454545454545454,0.09090909090909091,0.36363636363636365,0.5454545454545454,0.09090909090909091,0.36363636363636365,0.45454545454545453,0.09090909090909091,0.4545454545454545,0.5454545454545454,0.09090909090909091,0.36363636363636365,0.36363636363636365,0.18181818181818182,0.45454545454545453,0.2727272727272727,0.2727272727272727,0.4545454545454546,0.45454545454545453,0.36363636363636365,0.18181818181818177,0.45454545454545453,0.18181818181818182,0.3636363636363636,0.36363636363636365,0.45454545454545453,0.18181818181818182,0.0,0.8181818181818182,0.18181818181818177,0.09090909090909091,0.36363636363636365,0.5454545454545454,0.5454545454545454,0.36363636363636365,0.09090909090909094
P-1700,0.36363636363636365,0.18181818181818182,0.45454545454545453,0.5454545454545454,0.09090909090909091,0.36363636363636365,0.5454545454545454,0.09090909090909091,0.36363636363636365,0.45454545454545453,0.09090909090909091,0.4545454545454545,0.5454545454545454,0.09090909090909091,0.36363636363636365,0.36363636363636365,0.18181818181818182,0.45454545454545453,0.18181818181818182,0.36363636363636365,0.4545454545454545,0.36363636363636365,0.45454545454545453,0.18181818181818182,0.45454545454545453,0.18181818181818182,0.3636363636363636,0.2727272727272727,0.5454545454545454,0.18181818181818188,0.0,0.9090909090909091,0.09090909090909094,0.09090909090909091,0.36363636363636365,0.5454545454545454,0.5454545454545454,0.36363636363636365,0.09090909090909094
P-1701,0.2727272727272727,0.2727272727272727,0.4545454545454546,0.45454545454545453,0.09090909090909091,0.4545454545454545,0.45454545454545453,0.09090909090909091,0.4545454545454545,0.36363636363636365,0.09090909090909091,0.5454545454545454,0.45454545454545453,0.18181818181818182,0.3636363636363636,0.36363636363636365,0.18181818181818182,0.45454545454545453,0.18181818181818182,0.2727272727272727,0.5454545454545454,0.36363636363636365,0.36363636363636365,0.2727272727272727,0.5454545454545454,0.18181818181818182,0.27272727272727276,0.2727272727272727,0.45454545454545453,0.27272727272727276,0.0,0.9090909090909091,0.09090909090909094,0.09090909090909091,0.45454545454545453,0.45454545454545453,0.5454545454545454,0.2727272727272727,0.18181818181818188
P-1702,0.36363636363636365,0.18181818181818182,0.45454545454545453,0.2727272727272727,0.45454545454545453,0.27272727272727276,0.5454545454545454,0.18181818181818182,0.27272727272727276,0.2727272727272727,0.2727272727272727,0.4545454545454546,0.45454545454545453,0.36363636363636365,0.18181818181818177,0.36363636363636365,0.18181818181818182,0.45454545454545453,0.36363636363636365,0.09090909090909091,0.5454545454545454,0.18181818181818182,0.5454545454545454,0.2727272727272727,0.45454545454545453,0.18181818181818182,0.3636363636363636,0.18181818181818182,0.5454545454545454,0.2727272727272727,0.18181818181818182,0.8181818181818182,-1.1102230246251565e-16,0.45454545454545453,0.36363636363636365,0.18181818181818177,0.5454545454545454,0.36363636363636365,0.09090909090909094
P-1703,0.16666666666666666,0.5,0.33333333333333337,0.4166666666666667,0.5833333333333334,-1.1102230246251565e-16,0.5833333333333334,0.4166666666666667,-5.551115123125783e-17,0.4166666666666667,0.25,0.33333333333333326,0.5,0.5,0.0,0.16666666666666666,0.5,0.33333333333333337,0.16666666666666666,0.3333333333333333,0.5,0.5,0.4166666666666667,0.08333333333333331,0.3333333333333333,0.5,0.16666666666666674,0.5,0.4166666666666667,0.08333333333333331,0.08333333333333333,0.9166666666666666,0.0,0.3333333333333333,0.5833333333333334,0.08333333333333337,0.5833333333333334,0.16666666666666666,0.24999999999999997
P-1704,0.36363636363636365,0.09090909090909091,0.5454545454545454,0.2727272727272727,0.2727272727272727,0.4545454545454546,0.2727272727272727,0.2727272727272727,0.4545454545454546,0.36363636363636365,0.0,0.6363636363636364,0.36363636363636365,0.45454545454545453,0.18181818181818182,0.45454545454545453,0.0,0.5454545454545454,0.36363636363636365,0.0,0.6363636363636364,0.2727272727272727,0.36363636363636365,0.36363636363636365,0.6363636363636364,0.0,0.36363636363636365,0.2727272727272727,0.36363636363636365,0.36363636363636365,0.09090909090909091,0.6363636363636364,0.2727272727272727,0.2727272727272727,0.45454545454545453,0.27272727272727276,0.5454545454545454,0.36363636363636365,0.09090909090909094
P-1705,0.0,0.7272727272727273,0.2727272727272727,0.2727272727272727,0.18181818181818182,0.5454545454545454,0.45454545454545453,0.0,0.5454545454545454,0.36363636363636365,0.18181818181818182,0.45454545454545453,0.36363636363636365,0.5454545454545454,0.09090909090909094,0.2727272727272727,0.45454545454545453,0.27272727272727276,0.18181818181818182,0.18181818181818182,0.6363636363636362,0.5454545454545454,0.2727272727272727,0.18181818181818188,0.45454545454545453,0.5454545454545454,0.0,0.45454545454545453,0.36363636363636365,0.18181818181818177,0.0,1.0,0.0,0.36363636363636365,0.36363636363636365,0.2727272727272727,0.45454545454545453,0.0,0.5454545454545454
P-1706,0.09090909090909091,0.7272727272727273,0.18181818181818177,0.45454545454545453,0.36363636363636365,0.18181818181818177,0.5454545454545454,0.2727272727272727,0.18181818181818188,0.36363636363636365,0.36363636363636365,0.2727272727272727,0.5454545454545454,0.45454545454545453,5.551115123125783e-17,0.36363636363636365,0.45454545454545453,0.18181818181818182,0.18181818181818182,0.36363636363636365,0.4545454545454545,0.5454545454545454,0.18181818181818182,0.27272727272727276,0.2727272727272727,0.5454545454545454,0.18181818181818188,0.45454545454545453,0.2727272727272727,0.2727272727272727,0.0,1.0,0.0,0.36363636363636365,0.2727272727272727,0.36363636363636365,0.36363636363636365,0.09090909090909091,0.5454545454545454
P-1709,0.3333333333333333,0.25,0.41666666666666674,0.3333333333333333,0.25,0.41666666666666674,0.3333333333333333,0.25,0.41666666666666674,0.5,0.08333333333333333,0.4166666666666667,0.5,0.3333333333333333,0.16666666666666669,0.5,0.08333333333333333,0.4166666666666667,0.4166666666666667,0.08333333333333333,0.49999999999999994,0.3333333333333333,0.4166666666666667,0.25000000000000006,0.4166666666666667,0.16666666666666666,0.41666666666666663,0.25,0.5,0.25,0.08333333333333333,0.6666666666666666,0.25,0.4166666666666667,0.25,0.33333333333333326,0.4166666666666667,0.3333333333333333,0.24999999999999994
P-1710,0.08333333333333333,0.5833333333333334,0.33333333333333326,0.4166666666666667,0.25,0.33333333333333326,0.5,0.16666666666666666,0.33333333333333337,0.25,0.25,0.5,0.4166666666666667,0.5,0.08333333333333326,0.25,0.4166666666666667,0.3333333333333333,0.25,0.16666666666666666,0.5833333333333334,0.4166666666666667,0.3333333333333333,0.24999999999999994,0.5,0.4166666666666667,0.08333333333333331,0.4166666666666667,0.3333333333333333,0.24999999999999994,0.0,1.0,0.0,0.25,0.4166666666666667,0.3333333333333333,0.5833333333333334,0.08333333333333333,0.3333333333333333
P-1712,0.16666666666666666,0.4166666666666667,0.4166666666666667,0.25,0.5,0.25,0.4166666666666667,0.3333333333333333,0.24999999999999994,0.3333333333333333,0.25,0.41666666666666674,0.4166666666666667,0.4166666666666667,0.16666666666666657,0.25,0.3333333333333333,0.4166666666666667,0.25,0.16666666666666666,0.5833333333333334,0.5,0.3333333333333333,0.16666666666666669,0.4166666666666667,0.4166666666666667,0.16666666666666657,0.4166666666666667,0.4166666666666667,0.16666666666666657,0.08333333333333333,0.8333333333333334,0.08333333333333326,0.3333333333333333,0.3333333333333333,0.3333333333333334,0.5833333333333334,0.16666666666666666,0.24999999999999997
P-1714,0.5833333333333334,0.25,0.16666666666666663,0.4166666666666667,0.5,0.08333333333333326,0.5,0.4166666666666667,0.08333333333333331,0.5833333333333334,0.25,0.16666666666666663,0.75,0.16666666666666666,0.08333333333333334,0.5833333333333334,0.25,0.16666666666666663,0.5,0.25,0.25,0.3333333333333333,0.3333333333333333,0.3333333333333334,0.16666666666666666,0.25,0.5833333333333334,0.3333333333333333,0.3333333333333333,0.3333333333333334,0.3333333333333333,0.5,0.16666666666666674,0.5,0.16666666666666666,0.33333333333333337,0.4166666666666667,0.5833333333333334,-1.1102230246251565e-16
P-1715,0.3333333333333333,0.3333333333333333,0.3333333333333334,0.25,0.4166666666666667,0.3333333333333333,0.3333333333333333,0.3333333333333333,0.3333333333333334,0.4166666666666667,0.25,0.33333333333333326,0.5,0.25,0.25,0.5,0.16666666666666666,0.33333333333333337,0.16666666666666666,0.3333333333333333,0.5,0.25,0.3333333333333333,0.4166666666666667,0.3333333333333333,0.25,0.41666666666666674,0.16666666666666666,0.4166666666666667,0.4166666666666667,0.16666666666666666,0.8333333333333334,0.0,0.3333333333333333,0.3333333333333333,0.3333333333333334,0.5,0.3333333333333333,0.16666666666666669
P-1718,0.16666666666666666,0.5,0.33333333333333337,0.5833333333333334,0.16666666666666666,0.24999999999999997,0.6666666666666666,0.08333333333333333,0.25000000000000006,0.4166666666666667,0.25,0.33333333333333326,0.5833333333333334,0.25,0.16666666666666663,0.16666666666666666,0.5,0.33333333333333337,0.16666666666666666,0.4166666666666667,0.4166666666666667,0.5,0.4166666666666667,0.08333333333333331,0.3333333333333333,0.5,0.16666666666666674,0.5,0.4166666666666667,0.08333333333333331,0.0,1.0,0.0,0.16666666666666666,0.3333333333333333,0.5,0.5833333333333334,0.16666666666666666,0.24999999999999997
P-1719,0.08333333333333333,0.5833333333333334,0.33333333333333326,0.16666666666666666,0.4166666666666667,0.4166666666666667,0.5,0.08333333333333333,0.4166666666666667,0.25,0.3333333333333333,0.4166666666666667,0.3333333333333333,0.6666666666666666,1.1102230246251565e-16,0.25,0.4166666666666667,0.3333333333333333,0.25,0.08333333333333333,0.6666666666666666,0.5,0.3333333333333333,0.16666666666666669,0.4166666666666667,0.5,0.08333333333333326,0.4166666666666667,0.4166666666666667,0.16666666666666657,0.08333333333333333,0.9166666666666666,0.0,0.5833333333333334,0.16666666666666666,0.24999999999999997,0.5833333333333334,0.08333333333333333,0.3333333333333333
P-1721,0.16666666666666666,0.25,0.5833333333333334,0.25,0.4166666666666667,0.3333333333333333,0.4166666666666667,0.3333333333333333,0.24999999999999994,0.3333333333333333,0.08333333333333333,0.5833333333333334,0.4166666666666667,0.3333333333333333,0.24999999999999994,0.25,0.25,0.5,0.25,0.16666666666666666,0.5833333333333334,0.4166666666666667,0.4166666666666667,0.16666666666666657,0.5833333333333334,0.25,0.16666666666666663,0.16666666666666666,0.6666666666666666,0.16666666666666674,0.08333333333333333,0.9166666666666666,0.0,0.3333333333333333,0.5,0.16666666666666674,0.5833333333333334,0.16666666666666666,0.24999999999999997
P-1722,0.3333333333333333,0.3333333333333333,0.3333333333333334,0.3333333333333333,0.4166666666666667,0.25000000000000006,0.6666666666666666,0.08333333333333333,0.25000000000000006,0.3333333333333333,0.3333333333333333,0.3333333333333334,0.4166666666666667,0.4166666666666667,0.16666666666666657,0.3333333333333333,0.3333333333333333,0.3333333333333334,0.4166666666666667,0.0,0.5833333333333333,0.4166666666666667,0.5,0.08333333333333326,0.3333333333333333,0.3333333333333333,0.3333333333333334,0.4166666666666667,0.5,0.08333333333333326,0.08333333333333333,0.8333333333333334,0.08333333333333326,0.5833333333333334,0.25,0.16666666666666663,0.5833333333333334,0.3333333333333333,0.08333333333333331
P-1723,0.16666666666666666,0.5,0.33333333333333337,0.4166666666666667,0.5833333333333334,-1.1102230246251565e-16,0.5833333333333334,0.4166666666666667,-5.551115123125783e-17,0.4166666666666667,0.25,0.33333333333333326,0.5,0.5,0.0,0.16666666666666666,0.5,0.33333333333333337,0.16666666666666666,0.3333333333333333,0.5,0.5,0.4166666666666667,0.08333333333333331,0.3333333333333333,0.5,0.16666666666666674,0.5,0.4166666666666667,0.08333333333333331,0.08333333333333333,0.9166666666666666,0.0,0.3333333333333333,0.5833333333333334,0.08333333333333337,0.5833333333333334,0.16666666666666666,0.24999999999999997
P-1728,0.3076923076923077,0.46153846153846156,0.23076923076923073,0.15384615384615385,0.46153846153846156,0.3846153846153846,0.5384615384615384,0.07692307692307693,0.38461538461538464,0.15384615384615385,0.46153846153846156,0.3846153846153846,0.38461538461538464,0.38461538461538464,0.23076923076923078,0.46153846153846156,0.3076923076923077,0.23076923076923073,0.23076923076923078,0.15384615384615385,0.6153846153846153,0.3076923076923077,0.23076923076923078,0.4615384615384615,0.38461538461538464,0.3076923076923077,0.3076923076923077,0.3076923076923077,0.23076923076923078,0.4615384615384615,0.23076923076923078,0.7692307692307693,-1.1102230246251565e-16,0.46153846153846156,0.38461538461538464,0.1538461538461538,0.5384615384615384,0.3076923076923077,0.15384615384615385
P-1730,0.15384615384615385,0.46153846153846156,0.3846153846153846,0.38461538461538464,0.0,0.6153846153846154,0.46153846153846156,0.0,0.5384615384615384,0.38461538461538464,0.0,0.6153846153846154,0.38461538461538464,0.38461538461538464,0.23076923076923078,0.38461538461538464,0.3076923076923077,0.3076923076923077,0.23076923076923078,0.15384615384615385,0.6153846153846153,0.3076923076923077,0.23076923076923078,0.4615384615384615,0.6153846153846154,0.23076923076923078,0.1538461538461538,0.3076923076923077,0.23076923076923078,0.4615384615384615,0.0,0.8461538461538461,0.15384615384615385,0.23076923076923078,0.6153846153846154,0.15384615384615374,0.38461538461538464,0.15384615384615385,0.46153846153846156
P-1731,0.38461538461538464,0.23076923076923078,0.38461538461538464,0.38461538461538464,0.15384615384615385,0.46153846153846156,0.46153846153846156,0.07692307692307693,0.4615384615384615,0.3076923076923077,0.23076923076923078,0.4615384615384615,0.5384615384615384,0.23076923076923078,0.23076923076923078,0.46153846153846156,0.15384615384615385,0.3846153846153846,0.38461538461538464,0.15384615384615385,0.46153846153846156,0.38461538461538464,0.23076923076923078,0.38461538461538464,0.46153846153846156,0.15384615384615385,0.3846153846153846,0.38461538461538464,0.23076923076923078,0.38461538461538464,0.15384615384615385,0.6153846153846154,0.23076923076923073,0.3076923076923077,0.3076923076923077,0.3846153846153846,0.5384615384615384,0.38461538461538464,0.07692307692307693
P-1733,0.23076923076923078,0.46153846153846156,0.3076923076923076,0.6153846153846154,0.38461538461538464,-5.551115123125783e-17,0.6923076923076923,0.3076923076923077,0.0,0.38461538461538464,0.3076923076923077,0.3076923076923077,0.6153846153846154,0.38461538461538464,-5.551115123125783e-17,0.23076923076923078,0.46153846153846156,0.3076923076923076,0.15384615384615385,0.46153846153846156,0.3846153846153846,0.46153846153846156,0.5384615384615384,0.0,0.3076923076923077,0.46153846153846156,0.23076923076923073,0.46153846153846156,0.5384615384615384,0.0,0.0,0.9230769230769231,0.07692307692307687,0.23076923076923078,0.46153846153846156,0.3076923076923076,0.6153846153846154,0.23076923076923078,0.1538461538461538
P-1734,0.3076923076923077,0.38461538461538464,0.30769230769230765,0.38461538461538464,0.23076923076923078,0.38461538461538464,0.46153846153846156,0.15384615384615385,0.3846153846153846,0.46153846153846156,0.07692307692307693,0.4615384615384615,0.5384615384615384,0.3076923076923077,0.15384615384615385,0.46153846153846156,0.23076923076923078,0.30769230769230765,0.46153846153846156,0.07692307692307693,0.4615384615384615,0.23076923076923078,0.38461538461538464,0.3846153846153845,0.46153846153846156,0.23076923076923078,0.30769230769230765,0.23076923076923078,0.38461538461538464,0.3846153846153845,0.15384615384615385,0.7692307692307693,0.07692307692307687,0.3076923076923077,0.38461538461538464,0.30769230769230765,0.3076923076923077,0.3076923076923077,0.3846153846153846
P-1736,0.3076923076923077,0.38461538461538464,0.30769230769230765,0.6153846153846154,0.15384615384615385,0.23076923076923073,0.6923076923076923,0.15384615384615385,0.15384615384615385,0.6923076923076923,0.0,0.3076923076923077,0.6923076923076923,0.15384615384615385,0.15384615384615385,0.3076923076923077,0.46153846153846156,0.23076923076923073,0.46153846153846156,0.23076923076923078,0.30769230769230765,0.5384615384615384,0.23076923076923078,0.23076923076923078,0.3076923076923077,0.38461538461538464,0.30769230769230765,0.5384615384615384,0.23076923076923078,0.23076923076923078,0.07692307692307693,0.7692307692307693,0.15384615384615385,0.15384615384615385,0.38461538461538464,0.4615384615384615,0.3076923076923077,0.3076923076923077,0.3846153846153846
P-1737,0.07692307692307693,0.6153846153846154,0.3076923076923077,0.6153846153846154,0.15384615384615385,0.23076923076923073,0.6153846153846154,0.15384615384615385,0.23076923076923073,0.46153846153846156,0.15384615384615385,0.3846153846153846,0.6153846153846154,0.38461538461538464,-5.551115123125783e-17,0.15384615384615385,0.5384615384615384,0.3076923076923077,0.15384615384615385,0.46153846153846156,0.3846153846153846,0.5384615384615384,0.38461538461538464,0.07692307692307693,0.38461538461538464,0.5384615384615384,0.07692307692307698,0.5384615384615384,0.38461538461538464,0.07692307692307693,0.0,1.0,0.0,0.23076923076923078,0.5384615384615384,0.23076923076923073,0.46153846153846156,0.07692307692307693,0.4615384615384615
P-1738,0.46153846153846156,0.15384615384615385,0.3846153846153846,0.3076923076923077,0.38461538461538464,0.30769230769230765,0.46153846153846156,0.3076923076923077,0.23076923076923073,0.5384615384615384,0.07692307692307693,0.38461538461538464,0.6153846153846154,0.23076923076923078,0.1538461538461538,0.5384615384615384,0.15384615384615385,0.3076923076923077,0.5384615384615384,0.07692307692307693,0.38461538461538464,0.3076923076923077,0.3076923076923077,0.3846153846153846,0.38461538461538464,0.15384615384615385,0.46153846153846156,0.23076923076923078,0.38461538461538464,0.3846153846153845,0.23076923076923078,0.6153846153846154,0.15384615384615374,0.46153846153846156,0.23076923076923078,0.30769230769230765,0.3076923076923077,0.46153846153846156,0.23076923076923073
P-1739,0.3076923076923077,0.38461538461538464,0.30769230769230765,0.5384615384615384,0.23076923076923078,0.23076923076923078,0.5384615384615384,0.23076923076923078,0.23076923076923078,0.46153846153846156,0.15384615384615385,0.3846153846153846,0.6153846153846154,0.23076923076923078,0.1538461538461538,0.38461538461538464,0.3076923076923077,0.3076923076923077,0.23076923076923078,0.38461538461538464,0.3846153846153845,0.38461538461538464,0.38461538461538464,0.23076923076923078,0.38461538461538464,0.3076923076923077,0.3076923076923077,0.3076923076923077,0.46153846153846156,0.23076923076923073,0.07692307692307693,0.9230769230769231,0.0,0.15384615384615385,0.3076923076923077,0.5384615384615384,0.46153846153846156,0.3076923076923077,0.23076923076923073
P-1740,0.3076923076923077,0.3076923076923077,0.3846153846153846,0.46153846153846156,0.38461538461538464,0.1538461538461538,0.5384615384615384,0.3076923076923077,0.15384615384615385,0.46153846153846156,0.15384615384615385,0.3846153846153846,0.46153846153846156,0.46153846153846156,0.07692307692307687,0.38461538461538464,0.23076923076923078,0.38461538461538464,0.15384615384615385,0.3076923076923077,0.5384615384615384,0.23076923076923078,0.6923076923076923,0.07692307692307687,0.38461538461538464,0.23076923076923078,0.38461538461538464,0.23076923076923078,0.6923076923076923,0.07692307692307687,0.0,1.0,0.0,0.3076923076923077,0.38461538461538464,0.30769230769230765,0.46153846153846156,0.3076923076923077,0.23076923076923073
P-1744,0.46153846153846156,0.23076923076923078,0.30769230769230765,0.46153846153846156,0.23076923076923078,0.30769230769230765,0.46153846153846156,0.23076923076923078,0.30769230769230765,0.6153846153846154,0.07692307692307693,0.30769230769230765,0.6153846153846154,0.23076923076923078,0.1538461538461538,0.6923076923076923,0.0,0.3076923076923077,0.38461538461538464,0.23076923076923078,0.38461538461538464,0.38461538461538464,0.46153846153846156,0.15384615384615385,0.3076923076923077,0.15384615384615385,0.5384615384615384,0.23076923076923078,0.6153846153846154,0.15384615384615374,0.0,0.6153846153846154,0.3846153846153846,0.23076923076923078,0.3076923076923077,0.46153846153846145,0.3076923076923077,0.46153846153846156,0.23076923076923073
P-1745,0.3076923076923077,0.23076923076923078,0.4615384615384615,0.23076923076923078,0.5384615384615384,0.23076923076923073,0.3076923076923077,0.46153846153846156,0.23076923076923073,0.3076923076923077,0.23076923076923078,0.4615384615384615,0.3076923076923077,0.5384615384615384,0.15384615384615385,0.46153846153846156,0.07692307692307693,0.4615384615384615,0.3076923076923077,0.0,0.6923076923076923,0.15384615384615385,0.46153846153846156,0.3846153846153846,0.46153846153846156,0.07692307692307693,0.4615384615384615,0.15384615384615385,0.46153846153846156,0.3846153846153846,0.07692307692307693,0.7692307692307693,0.15384615384615385,0.5384615384615384,0.38461538461538464,0.07692307692307693,0.5384615384615384,0.3076923076923077,0.15384615384615385
P-1746,0.14285714285714285,0.5,0.3571428571428572,0.14285714285714285,0.5714285714285714,0.2857142857142858,0.5,0.35714285714285715,0.14285714285714285,0.21428571428571427,0.35714285714285715,0.42857142857142855,0.2857142857142857,0.5,0.2142857142857143,0.35714285714285715,0.42857142857142855,0.21428571428571425,0.2857142857142857,0.0,0.7142857142857143,0.2857142857142857,0.07142857142857142,0.6428571428571429,0.42857142857142855,0.2857142857142857,0.2857142857142857,0.2857142857142857,0.07142857142857142,0.6428571428571429,0.14285714285714285,0.8571428571428571,1.1102230246251565e-16,0.5,0.35714285714285715,0.14285714285714285,0.42857142857142855,0.14285714285714285,0.42857142857142855
P-1747,0.21428571428571427,0.5,0.2857142857142857,0.21428571428571427,0.5714285714285714,0.2142857142857143,0.5714285714285714,0.35714285714285715,0.07142857142857145,0.2857142857142857,0.35714285714285715,0.35714285714285715,0.35714285714285715,0.5,0.1428571428571428,0.42857142857142855,0.42857142857142855,0.14285714285714285,0.35714285714285715,0.0,0.6428571428571428,0.2857142857142857,0.14285714285714285,0.5714285714285714,0.35714285714285715,0.2857142857142857,0.3571428571428571,0.2857142857142857,0.14285714285714285,0.5714285714285714,0.14285714285714285,0.7857142857142857,0.07142857142857151,0.5714285714285714,0.2857142857142857,0.1428571428571429,0.35714285714285715,0.21428571428571427,0.4285714285714285
P-1748,0.21428571428571427,0.42857142857142855,0.35714285714285715,0.21428571428571427,0.5,0.2857142857142857,0.5714285714285714,0.2857142857142857,0.1428571428571429,0.2857142857142857,0.2857142857142857,0.4285714285714286,0.35714285714285715,0.42857142857142855,0.21428571428571425,0.35714285714285715,0.42857142857142855,0.21428571428571425,0.35714285714285715,0.0,0.6428571428571428,0.2857142857142857,0.14285714285714285,0.5714285714285714,0.42857142857142855,0.2857142857142857,0.2857142857142857,0.2857142857142857,0.14285714285714285,0.5714285714285714,0.14285714285714285,0.7857142857142857,0.07142857142857151,0.5,0.35714285714285715,0.14285714285714285,0.42857142857142855,0.21428571428571427,0.3571428571428571
P-1749,0.21428571428571427,0.42857142857142855,0.35714285714285715,0.14285714285714285,0.5714285714285714,0.2857142857142858,0.5,0.35714285714285715,0.14285714285714285,0.21428571428571427,0.35714285714285715,0.42857142857142855,0.2857142857142857,0.5,0.2142857142857143,0.42857142857142855,0.35714285714285715,0.21428571428571425,0.2857142857142857,0.0,0.7142857142857143,0.21428571428571427,0.14285714285714285,0.6428571428571428,0.42857142857142855,0.21428571428571427,0.3571428571428571,0.21428571428571427,0.14285714285714285,0.6428571428571428,0.14285714285714285,0.7857142857142857,0.07142857142857151,0.5714285714285714,0.35714285714285715,0.07142857142857145,0.42857142857142855,0.21428571428571427,0.3571428571428571
P-1750,0.21428571428571427,0.42857142857142855,0.35714285714285715,0.21428571428571427,0.5714285714285714,0.2142857142857143,0.5714285714285714,0.35714285714285715,0.07142857142857145,0.2857142857142857,0.35714285714285715,0.35714285714285715,0.35714285714285715,0.42857142857142855,0.21428571428571425,0.35714285714285715,0.42857142857142855,0.21428571428571425,0.35714285714285715,0.0,0.6428571428571428,0.2857142857142857,0.14285714285714285,0.5714285714285714,0.35714285714285715,0.2857142857142857,0.3571428571428571,0.2857142857142857,0.14285714285714285,0.5714285714285714,0.14285714285714285,0.7857142857142857,0.07142857142857151,0.5714285714285714,0.2857142857142857,0.1428571428571429,0.42857142857142855,0.21428571428571427,0.3571428571428571
P-1751,0.14285714285714285,0.5,0.3571428571428572,0.21428571428571427,0.5,0.2857142857142857,0.5714285714285714,0.2857142857142857,0.1428571428571429,0.21428571428571427,0.35714285714285715,0.42857142857142855,0.2857142857142857,0.5,0.2142857142857143,0.35714285714285715,0.42857142857142855,0.21428571428571425,0.2857142857142857,0.0,0.7142857142857143,0.2857142857142857,0.14285714285714285,0.5714285714285714,0.42857142857142855,0.2857142857142857,0.2857142857142857,0.2857142857142857,0.14285714285714285,0.5714285714285714,0.07142857142857142,0.8571428571428571,0.07142857142857151,0.5,0.35714285714285715,0.14285714285714285,0.42857142857142855,0.14285714285714285,0.42857142857142855
P-1752,0.21428571428571427,0.42857142857142855,0.35714285714285715,0.21428571428571427,0.5,0.2857142857142857,0.5,0.35714285714285715,0.14285714285714285,0.2857142857142857,0.2857142857142857,0.4285714285714286,0.35714285714285715,0.42857142857142855,0.21428571428571425,0.42857142857142855,0.35714285714285715,0.21428571428571425,0.35714285714285715,0.0,0.6428571428571428,0.21428571428571427,0.14285714285714285,0.6428571428571428,0.42857142857142855,0.21428571428571427,0.3571428571428571,0.21428571428571427,0.14285714285714285,0.6428571428571428,0.14285714285714285,0.7857142857142857,0.07142857142857151,0.5,0.35714285714285715,0.14285714285714285,0.35714285714285715,0.21428571428571427,0.4285714285714285
P-1753,0.21428571428571427,0.42857142857142855,0.35714285714285715,0.21428571428571427,0.42857142857142855,0.35714285714285715,0.5,0.2857142857142857,0.2142857142857143,0.2857142857142857,0.21428571428571427,0.5,0.35714285714285715,0.42857142857142855,0.21428571428571425,0.42857142857142855,0.35714285714285715,0.21428571428571425,0.35714285714285715,0.0,0.6428571428571428,0.21428571428571427,0.14285714285714285,0.6428571428571428,0.5,0.21428571428571427,0.2857142857142857,0.21428571428571427,0.14285714285714285,0.6428571428571428,0.14285714285714285,0.7857142857142857,0.07142857142857151,0.42857142857142855,0.42857142857142855,0.14285714285714285,0.35714285714285715,0.21428571428571427,0.4285714285714285
P-1754,0.0,0.6428571428571429,0.3571428571428571,0.42857142857142855,0.35714285714285715,0.21428571428571425,0.5714285714285714,0.21428571428571427,0.21428571428571433,0.07142857142857142,0.5,0.4285714285714286,0.42857142857142855,0.5714285714285714,0.0,0.07142857142857142,0.5714285714285714,0.3571428571428572,0.07142857142857142,0.35714285714285715,0.5714285714285714,0.5714285714285714,0.2857142857142857,0.1428571428571429,0.42857142857142855,0.5714285714285714,0.0,0.5714285714285714,0.2857142857142857,0.1428571428571429,0.0,1.0,0.0,0.35714285714285715,0.21428571428571427,0.4285714285714285,0.7857142857142857,0.0,0.2142857142857143
P-1755,0.2857142857142857,0.35714285714285715,0.35714285714285715,0.5,0.35714285714285715,0.14285714285714285,0.5,0.35714285714285715,0.14285714285714285,0.5714285714285714,0.07142857142857142,0.3571428571428572,0.5714285714285714,0.21428571428571427,0.21428571428571433,0.35714285714285715,0.2857142857142857,0.3571428571428571,0.21428571428571427,0.35714285714285715,0.42857142857142855,0.42857142857142855,0.42857142857142855,0.14285714285714285,0.35714285714285715,0.2857142857142857,0.3571428571428571,0.35714285714285715,0.5,0.1428571428571428,0.07142857142857142,0.8571428571428571,0.07142857142857151,0.21428571428571427,0.6428571428571429,0.1428571428571428,0.35714285714285715,0.2857142857142857,0.3571428571428571
P-1756,0.2857142857142857,0.21428571428571427,0.5,0.2857142857142857,0.2857142857142857,0.4285714285714286,0.2857142857142857,0.2857142857142857,0.4285714285714286,0.42857142857142855,0.07142857142857142,0.5,0.42857142857142855,0.2857142857142857,0.2857142857142857,0.42857142857142855,0.07142857142857142,0.5,0.35714285714285715,0.07142857142857142,0.5714285714285714,0.2857142857142857,0.35714285714285715,0.35714285714285715,0.5,0.14285714285714285,0.35714285714285715,0.21428571428571427,0.42857142857142855,0.35714285714285715,0.07142857142857142,0.7142857142857143,0.2142857142857143,0.2857142857142857,0.42857142857142855,0.28571428571428575,0.5,0.2857142857142857,0.2142857142857143
P-1758,0.2857142857142857,0.5714285714285714,0.1428571428571429,0.5714285714285714,0.35714285714285715,0.07142857142857145,0.7857142857142857,0.14285714285714285,0.07142857142857145,0.5,0.35714285714285715,0.14285714285714285,0.7142857142857143,0.21428571428571427,0.07142857142857142,0.2857142857142857,0.5714285714285714,0.1428571428571429,0.5,0.21428571428571427,0.2857142857142857,0.6428571428571429,0.07142857142857142,0.2857142857142857,0.14285714285714285,0.5714285714285714,0.2857142857142858,0.6428571428571429,0.07142857142857142,0.2857142857142857,0.14285714285714285,0.7142857142857143,0.1428571428571429,0.42857142857142855,0.14285714285714285,0.42857142857142855,0.35714285714285715,0.2857142857142857,0.3571428571428571
P-1759,0.35714285714285715,0.21428571428571427,0.4285714285714285,0.5,0.35714285714285715,0.14285714285714285,0.5714285714285714,0.2857142857142857,0.1428571428571429,0.35714285714285715,0.21428571428571427,0.4285714285714285,0.5714285714285714,0.42857142857142855,5.551115123125783e-17,0.35714285714285715,0.21428571428571427,0.4285714285714285,0.42857142857142855,0.14285714285714285,0.42857142857142855,0.35714285714285715,0.5714285714285714,0.0714285714285714,0.42857142857142855,0.21428571428571427,0.3571428571428571,0.35714285714285715,0.5714285714285714,0.0714285714285714,0.07142857142857142,0.7142857142857143,0.2142857142857143,0.35714285714285715,0.2857142857142857,0.3571428571428571,0.5714285714285714,0.35714285714285715,0.07142857142857145
P-1760,0.07142857142857142,0.6428571428571429,0.2857142857142857,0.14285714285714285,0.8571428571428571,1.1102230246251565e-16,0.5714285714285714,0.42857142857142855,5.551115123125783e-17,0.07142857142857142,0.6428571428571429,0.2857142857142857,0.21428571428571427,0.7857142857142857,0.0,0.14285714285714285,0.5714285714285714,0.2857142857142858,0.07142857142857142,0.14285714285714285,0.7857142857142858,0.5714285714285714,0.14285714285714285,0.28571428571428575,0.2857142857142857,0.5714285714285714,0.1428571428571429,0.5714285714285714,0.14285714285714285,0.28571428571428575,0.07142857142857142,0.9285714285714286,0.0,0.7142857142857143,0.14285714285714285,0.14285714285714285,0.7142857142857143,0.07142857142857142,0.21428571428571427
P-1763,0.42857142857142855,0.14285714285714285,0.42857142857142855,0.21428571428571427,0.5,0.2857142857142857,0.35714285714285715,0.35714285714285715,0.28571428571428564,0.35714285714285715,0.14285714285714285,0.49999999999999994,0.42857142857142855,0.2857142857142857,0.2857142857142857,0.5,0.07142857142857142,0.4285714285714286,0.2857142857142857,0.14285714285714285,0.5714285714285714,0.14285714285714285,0.42857142857142855,0.42857142857142866,0.5,0.07142857142857142,0.4285714285714286,0.07142857142857142,0.5,0.4285714285714286,0.21428571428571427,0.7142857142857143,0.0714285714285714,0.35714285714285715,0.5,0.1428571428571428,0.5,0.42857142857142855,0.07142857142857145
P-1764,0.2857142857142857,0.2857142857142857,0.4285714285714286,0.42857142857142855,0.2857142857142857,0.2857142857142857,0.42857142857142855,0.2857142857142857,0.2857142857142857,0.2857142857142857,0.21428571428571427,0.5,0.5,0.2857142857142857,0.2142857142857143,0.35714285714285715,0.21428571428571427,0.4285714285714285,0.21428571428571427,0.2857142857142857,0.5,0.35714285714285715,0.42857142857142855,0.21428571428571425,0.5,0.21428571428571427,0.2857142857142857,0.35714285714285715,0.42857142857142855,0.21428571428571425,0.07142857142857142,0.7857142857142857,0.1428571428571429,0.07142857142857142,0.5,0.4285714285714286,0.6428571428571429,0.2857142857142857,0.0714285714285714
P-1765,0.21428571428571427,0.5,0.2857142857142857,0.5714285714285714,0.2857142857142857,0.1428571428571429,0.5714285714285714,0.2857142857142857,0.1428571428571429,0.6428571428571429,0.07142857142857142,0.2857142857142857,0.6428571428571429,0.21428571428571427,0.14285714285714282,0.2857142857142857,0.42857142857142855,0.28571428571428575,0.14285714285714285,0.5,0.3571428571428572,0.42857142857142855,0.42857142857142855,0.14285714285714285,0.2857142857142857,0.42857142857142855,0.28571428571428575,0.42857142857142855,0.42857142857142855,0.14285714285714285,0.07142857142857142,0.9285714285714286,0.0,0.21428571428571427,0.7142857142857143,0.0714285714285714,0.2857142857142857,0.21428571428571427,0.5
P-1766,0.0,0.8,0.19999999999999996,0.4,0.5333333333333333,0.06666666666666665,0.8,0.13333333333333333,0.06666666666666662,0.0,0.8,0.19999999999999996,0.4,0.6,0.0,0.0,0.8,0.19999999999999996,0.0,0.4,0.6,0.8,0.2,-5.551115123125783e-17,0.2,0.8,0.0,0.8,0.2,-5.551115123125783e-17,0.0,1.0,0.0,0.4666666666666667,0.13333333333333333,0.4,1.0,0.0,0.0
P-1768,0.4,0.4,0.19999999999999996,0.5333333333333333,0.13333333333333333,0.33333333333333337,0.5333333333333333,0.13333333333333333,0.33333333333333337,0.6666666666666666,0.06666666666666667,0.2666666666666667,0.6666666666666666,0.13333333333333333,0.20000000000000004,0.6,0.2,0.2,0.6,0.06666666666666667,0.33333333333333337,0.3333333333333333,0.3333333333333333,0.3333333333333334,0.26666666666666666,0.26666666666666666,0.46666666666666673,0.26666666666666666,0.4,0.33333333333333337,0.06666666666666667,0.7333333333333333,0.20000000000000007,0.4,0.26666666666666666,0.3333333333333333,0.2,0.4,0.4
P-1769,0.4,0.3333333333333333,0.26666666666666666,0.4,0.3333333333333333,0.26666666666666666,0.6,0.13333333333333333,0.2666666666666667,0.3333333333333333,0.3333333333333333,0.3333333333333334,0.4666666666666667,0.4,0.1333333333333333,0.5333333333333333,0.2,0.26666666666666666,0.4,0.06666666666666667,0.5333333333333333,0.26666666666666666,0.4666666666666667,0.2666666666666667,0.3333333333333333,0.2,0.46666666666666673,0.26666666666666666,0.4666666666666667,0.2666666666666667,0.06666666666666667,0.6,0.33333333333333337,0.6,0.26666666666666666,0.13333333333333336,0.4666666666666667,0.4,0.1333333333333333
P-1770,0.3333333333333333,0.26666666666666666,0.4000000000000001,0.3333333333333333,0.4666666666666667,0.20000000000000007,0.4,0.4,0.19999999999999996,0.3333333333333333,0.26666666666666666,0.4000000000000001,0.4,0.4666666666666667,0.1333333333333333,0.4666666666666667,0.13333333333333333,0.4,0.3333333333333333,0.06666666666666667,0.6000000000000001,0.2,0.4666666666666667,0.33333333333333337,0.4,0.13333333333333333,0.4666666666666667,0.2,0.4666666666666667,0.33333333333333337,0.06666666666666667,0.7333333333333333,0.20000000000000007,0.5333333333333333,0.3333333333333333,0.13333333333333336,0.5333333333333333,0.3333333333333333,0.13333333333333336
P-1771,0.4,0.4666666666666667,0.1333333333333333,0.5333333333333333,0.3333333333333333,0.13333333333333336,0.7333333333333333,0.13333333333333333,0.1333333333333334,0.4,0.3333333333333333,0.26666666666666666,0.6666666666666666,0.3333333333333333,5.551115123125783e-17,0.5333333333333333,0.3333333333333333,0.13333333333333336,0.4666666666666667,0.2,0.3333333333333333,0.4,0.2,0.39999999999999997,0.26666666666666666,0.3333333333333333,0.4000000000000001,0.4,0.2,0.39999999999999997,0.13333333333333333,0.6666666666666666,0.20000000000000007,0.5333333333333333,0.2,0.26666666666666666,0.2,0.4,0.4
P-1772,0.4,0.13333333333333333,0.4666666666666667,0.5333333333333333,0.06666666666666667,0.4,0.5333333333333333,0.06666666666666667,0.4,0.4,0.13333333333333333,0.4666666666666667,0.5333333333333333,0.13333333333333333,0.33333333333333337,0.4,0.13333333333333333,0.4666666666666667,0.13333333333333333,0.4,0.4666666666666667,0.3333333333333333,0.5333333333333333,0.13333333333333341,0.4666666666666667,0.13333333333333333,0.4,0.26666666666666666,0.6,0.13333333333333341,0.0,0.8666666666666667,0.1333333333333333,0.13333333333333333,0.3333333333333333,0.5333333333333334,0.6,0.4,0.0
P-1773,0.4,0.13333333333333333,0.4666666666666667,0.5333333333333333,0.06666666666666667,0.4,0.5333333333333333,0.06666666666666667,0.4,0.4,0.13333333333333333,0.4666666666666667,0.5333333333333333,0.13333333333333333,0.33333333333333337,0.4,0.13333333333333333,0.4666666666666667,0.06666666666666667,0.4666666666666667,0.4666666666666667,0.26666666666666666,0.6,0.13333333333333341,0.4666666666666667,0.13333333333333333,0.4,0.2,0.6666666666666666,0.13333333333333341,0.0,0.9333333333333333,0.06666666666666665,0.13333333333333333,0.3333333333333333,0.5333333333333334,0.6,0.4,0.0
P-1774,0.3333333333333333,0.2,0.46666666666666673,0.4666666666666667,0.06666666666666667,0.4666666666666667,0.4666666666666667,0.06666666666666667,0.4666666666666667,0.3333333333333333,0.13333333333333333,0.5333333333333334,0.4666666666666667,0.2,0.3333333333333333,0.4,0.13333333333333333,0.4666666666666667,0.06666666666666667,0.4,0.5333333333333333,0.26666666666666666,0.5333333333333333,0.20000000000000007,0.5333333333333333,0.13333333333333333,0.33333333333333337,0.2,0.6,0.20000000000000007,0.0,0.9333333333333333,0.06666666666666665,0.13333333333333333,0.4,0.4666666666666667,0.6,0.3333333333333333,0.06666666666666671
P-1775,0.4666666666666667,0.26666666666666666,0.26666666666666666,0.26666666666666666,0.4,0.33333333333333337,0.3333333333333333,0.3333333333333333,0.3333333333333334,0.5333333333333333,0.2,0.26666666666666666,0.6,0.26666666666666666,0.13333333333333336,0.6666666666666666,0.06666666666666667,0.2666666666666667,0.4666666666666667,0.13333333333333333,0.4,0.2,0.26666666666666666,0.5333333333333334,0.26666666666666666,0.13333333333333333,0.6000000000000001,0.13333333333333333,0.3333333333333333,0.5333333333333334,0.26666666666666666,0.5333333333333333,0.20000000000000007,0.6666666666666666,0.2,0.13333333333333336,0.26666666666666666,0.4666666666666667,0.2666666666666667
P-1776,0.13333333333333333,0.3333333333333333,0.5333333333333334,0.4666666666666667,0.2,0.3333333333333333,0.4666666666666667,0.2,0.3333333333333333,0.26666666666666666,0.2,0.5333333333333334,0.4666666666666667,0.4666666666666667,0.06666666666666665,0.13333333333333333,0.3333333333333333,0.5333333333333334,0.26666666666666666,0.2,0.5333333333333334,0.4,0.5333333333333333,0.06666666666666665,0.5333333333333333,0.3333333333333333,0.13333333333333336,0.4,0.5333333333333333,0.06666666666666665,0.0,0.8666666666666667,0.1333333333333333,0.3333333333333333,0.26666666666666666,0.4000000000000001,0.7333333333333333,0.13333333333333333,0.1333333333333334
P-1777,0.2,0.4666666666666667,0.33333333333333337,0.3333333333333333,0.4,0.2666666666666667,0.7333333333333333,0.06666666666666667,0.20000000000000007,0.3333333333333333,0.3333333333333333,0.3333333333333334,0.4,0.4666666666666667,0.1333333333333333,0.2,0.5333333333333333,0.2666666666666667,0.2,0.2,0.6000000000000001,0.4666666666666667,0.3333333333333333,0.2,0.3333333333333333,0.4666666666666667,0.20000000000000007,0.4666666666666667,0.3333333333333333,0.2,0.06666666666666667,0.8666666666666667,0.06666666666666665,0.6,0.26666666666666666,0.13333333333333336,0.5333333333333333,0.2,0.26666666666666666
P-1778,0.4,0.26666666666666666,0.3333333333333333,0.4,0.4,0.19999999999999996,0.4666666666666667,0.4,0.1333333333333333,0.6666666666666666,0.0,0.33333333333333337,0.6666666666666666,0.26666666666666666,0.06666666666666671,0.4666666666666667,0.26666666666666666,0.26666666666666666,0.5333333333333333,0.13333333333333333,0.33333333333333337,0.3333333333333333,0.3333333333333333,0.3333333333333334,0.3333333333333333,0.26666666666666666,0.4000000000000001,0.26666666666666666,0.4,0.33333333333333337,0.2,0.6666666666666666,0.13333333333333341,0.4,0.2,0.39999999999999997,0.26666666666666666,0.4,0.33333333333333337
P-1779,0.3333333333333333,0.4666666666666667,0.20000000000000007,0.4,0.4666666666666667,0.1333333333333333,0.5333333333333333,0.3333333333333333,0.13333333333333336,0.4666666666666667,0.26666666666666666,0.26666666666666666,0.6,0.3333333333333333,0.06666666666666671,0.5333333333333333,0.26666666666666666,0.2,0.26666666666666666,0.3333333333333333,0.4000000000000001,0.4666666666666667,0.26666666666666666,0.26666666666666666,0.26666666666666666,0.3333333333333333,0.4000000000000001,0.3333333333333333,0.4,0.2666666666666667,0.13333333333333333,0.7333333333333333,0.13333333333333341,0.3333333333333333,0.4,0.2666666666666667,0.3333333333333333,0.3333333333333333,0.3333333333333334
P-1780,0.2,0.6,0.20000000000000007,0.26666666666666666,0.5333333333333333,0.20000000000000007,0.6666666666666666,0.13333333333333333,0.20000000000000004,0.13333333333333333,0.5333333333333333,0.33333333333333337,0.4666666666666667,0.4666666666666667,0.06666666666666665,0.3333333333333333,0.4666666666666667,0.20000000000000007,0.26666666666666666,0.2,0.5333333333333334,0.4666666666666667,0.13333333333333333,0.4,0.3333333333333333,0.4666666666666667,0.20000000000000007,0.4666666666666667,0.13333333333333333,0.4,0.2,0.8,0.0,0.4,0.4,0.19999999999999996,0.5333333333333333,0.2,0.26666666666666666
P-1781,0.26666666666666666,0.6,0.13333333333333341,0.4,0.13333333333333333,0.4666666666666667,0.4666666666666667,0.06666666666666667,0.4666666666666667,0.6666666666666666,0.13333333333333333,0.20000000000000004,0.8,0.13333333333333333,0.06666666666666662,0.6,0.26666666666666666,0.13333333333333336,0.4,0.4,0.19999999999999996,0.6,0.13333333333333333,0.2666666666666667,0.2,0.5333333333333333,0.2666666666666667,0.3333333333333333,0.4,0.2666666666666667,0.13333333333333333,0.7333333333333333,0.13333333333333341,0.26666666666666666,0.2,0.5333333333333334,0.2,0.26666666666666666,0.5333333333333334
P-1783,0.2,0.4,0.4,0.26666666666666666,0.4666666666666667,0.2666666666666667,0.3333333333333333,0.4,0.2666666666666667,0.3333333333333333,0.26666666666666666,0.4000000000000001,0.4,0.4666666666666667,0.1333333333333333,0.4,0.2,0.39999999999999997,0.26666666666666666,0.13333333333333333,0.6000000000000001,0.3333333333333333,0.3333333333333333,0.3333333333333334,0.4,0.26666666666666666,0.3333333333333333,0.26666666666666666,0.4,0.33333333333333337,0.06666666666666667,0.8,0.1333333333333333,0.4,0.3333333333333333,0.26666666666666666,0.5333333333333333,0.2,0.26666666666666666
P-1784,0.26666666666666666,0.3333333333333333,0.4000000000000001,0.3333333333333333,0.4666666666666667,0.20000000000000007,0.4,0.4,0.19999999999999996,0.3333333333333333,0.26666666666666666,0.4000000000000001,0.4,0.4666666666666667,0.1333333333333333,0.4,0.2,0.39999999999999997,0.3333333333333333,0.06666666666666667,0.6000000000000001,0.26666666666666666,0.4,0.33333333333333337,0.4,0.2,0.39999999999999997,0.26666666666666666,0.4,0.33333333333333337,0.06666666666666667,0.8,0.1333333333333333,0.4666666666666667,0.3333333333333333,0.2,0.5333333333333333,0.26666666666666666,0.2
P-1786,0.2,0.4,0.4,0.3333333333333333,0.4,0.2666666666666667,0.4,0.3333333333333333,0.26666666666666666,0.3333333333333333,0.26666666666666666,0.4000000000000001,0.4,0.4666666666666667,0.1333333333333333,0.4,0.2,0.39999999999999997,0.26666666666666666,0.13333333333333333,0.6000000000000001,0.3333333333333333,0.4,0.2666666666666667,0.4,0.26666666666666666,0.3333333333333333,0.26666666666666666,0.4666666666666667,0.2666666666666667,0.0,0.8666666666666667,0.1333333333333333,0.4,0.3333333333333333,0.26666666666666666,0.5333333333333333,0.2,0.26666666666666666
P-1787,0.26666666666666666,0.3333333333333333,0.4000000000000001,0.3333333333333333,0.4,0.2666666666666667,0.4,0.3333333333333333,0.26666666666666666,0.4,0.2,0.39999999999999997,0.4666666666666667,0.4,0.1333333333333333,0.4,0.2,0.39999999999999997,0.3333333333333333,0.13333333333333333,0.5333333333333334,0.3333333333333333,0.4,0.2666666666666667,0.4,0.26666666666666666,0.3333333333333333,0.26666666666666666,0.4666666666666667,0.2666666666666667,0.06666666666666667,0.8,0.1333333333333333,0.4,0.3333333333333333,0.26666666666666666,0.5333333333333333,0.26666666666666666,0.2
P-1788,0.26666666666666666,0.3333333333333333,0.4000000000000001,0.3333333333333333,0.4,0.2666666666666667,0.4,0.3333333333333333,0.26666666666666666,0.4,0.2,0.39999999999999997,0.4666666666666667,0.4,0.1333333333333333,0.4,0.2,0.39999999999999997,0.3333333333333333,0.13333333333333333,0.5333333333333334,0.3333333333333333,0.4,0.2666666666666667,0.4,0.26666666666666666,0.3333333333333333,0.26666666666666666,0.4666666666666667,0.2666666666666667,0.06666666666666667,0.8,0.1333333333333333,0.4,0.3333333333333333,0.26666666666666666,0.5333333333333333,0.26666666666666666,0.2
P-1790,0.4375,0.1875,0.375,0.25,0.5,0.25,0.375,0.4375,0.1875,0.4375,0.125,0.4375,0.4375,0.375,0.1875,0.5625,0.125,0.3125,0.3125,0.125,0.5625,0.1875,0.4375,0.375,0.4375,0.0625,0.5,0.125,0.5,0.375,0.1875,0.6875,0.125,0.4375,0.375,0.1875,0.4375,0.4375,0.125
P-1791,0.0,0.625,0.375,0.4375,0.375,0.1875,0.5625,0.25,0.1875,0.125,0.4375,0.4375,0.4375,0.5625,0.0,0.0625,0.5625,0.375,0.125,0.3125,0.5625,0.5625,0.25,0.1875,0.4375,0.5625,0.0,0.5625,0.25,0.1875,0.0,1.0,0.0,0.375,0.1875,0.4375,0.6875,0.0,0.3125
P-1792,0.25,0.4375,0.3125,0.5625,0.3125,0.125,0.5625,0.3125,0.125,0.625,0.0625,0.3125,0.625,0.1875,0.1875,0.3125,0.375,0.3125,0.1875,0.4375,0.375,0.5,0.375,0.125,0.3125,0.375,0.3125,0.4375,0.4375,0.125,0.0625,0.875,0.0625,0.1875,0.6875,0.125,0.3125,0.25,0.4375
P-1793,0.3125,0.3125,0.375,0.375,0.3125,0.3125,0.5,0.1875,0.3125,0.3125,0.3125,0.375,0.5,0.3125,0.1875,0.375,0.25,0.375,0.375,0.125,0.5,0.375,0.375,0.25,0.375,0.25,0.375,0.375,0.375,0.25,0.125,0.75,0.125,0.4375,0.25,0.3125,0.5625,0.3125,0.125
P-1794,0.4375,0.1875,0.375,0.375,0.375,0.25,0.625,0.25,0.125,0.4375,0.1875,0.375,0.5625,0.25,0.1875,0.5,0.25,0.25,0.375,0.1875,0.4375,0.3125,0.375,0.3125,0.375,0.1875,0.4375,0.25,0.4375,0.3125,0.125,0.6875,0.1875,0.3125,0.375,0.3125,0.5,0.4375,0.0625
P-1795,0.375,0.25,0.375,0.375,0.1875,0.4375,0.4375,0.125,0.4375,0.3125,0.1875,0.5,0.5,0.3125,0.1875,0.5,0.125,0.375,0.375,0.125,0.5,0.375,0.25,0.375,0.5,0.125,0.375,0.375,0.25,0.375,0.125,0.625,0.25,0.25,0.375,0.375,0.5,0.375,0.125
P-1797,0.125,0.5,0.375,0.4375,0.4375,0.125,0.5625,0.3125,0.125,0.1875,0.4375,0.375,0.5,0.4375,0.0625,0.125,0.5,0.375,0.125,0.375,0.5,0.5,0.375,0.125,0.375,0.5,0.125,0.5,0.375,0.125,0.0625,0.9375,0.0,0.3125,0.25,0.4375,0.75,0.125,0.125
P-1798,0.125,0.4375,0.4375,0.375,0.4375,0.1875,0.5,0.3125,0.1875,0.1875,0.375,0.4375,0.4375,0.4375,0.125,0.125,0.4375,0.4375,0.125,0.3125,0.5625,0.4375,0.4375,0.125,0.4375,0.4375,0.125,0.4375,0.4375,0.125,0.0625,0.9375,0.0,0.3125,0.3125,0.375,0.75,0.125,0.125
P-1799,0.125,0.4375,0.4375,0.4375,0.375,0.1875,0.5,0.3125,0.1875,0.1875,0.375,0.4375,0.5,0.375,0.125,0.125,0.4375,0.4375,0.125,0.375,0.5,0.4375,0.4375,0.125,0.4375,0.4375,0.125,0.4375,0.4375,0.125,0.0625,0.9375,0.0,0.25,0.3125,0.4375,0.75,0.125,0.125
P-1800,0.25,0.375,0.375,0.5,0.125,0.375,0.6875,0.0625,0.25,0.375,0.1875,0.4375,0.5625,0.125,0.3125,0.3125,0.4375,0.25,0.3125,0.25,0.4375,0.4375,0.3125,0.25,0.4375,0.3125,0.25,0.375,0.375,0.25,0.0625,0.875,0.0625,0.1875,0.4375,0.375,0.5,0.25,0.25
P-1801,0.25,0.4375,0.3125,0.5625,0.0625,0.375,0.75,0.0,0.25,0.4375,0.1875,0.375,0.625,0.125,0.25,0.3125,0.5,0.1875,0.375,0.25,0.375,0.4375,0.3125,0.25,0.375,0.375,0.25,0.4375,0.3125,0.25,0.0625,0.875,0.0625,0.1875,0.375,0.4375,0.4375,0.25,0.3125
P-1802,0.25,0.5,0.25,0.625,0.0625,0.3125,0.8125,0.0,0.1875,0.5,0.1875,0.3125,0.6875,0.125,0.1875,0.3125,0.5625,0.125,0.375,0.3125,0.3125,0.5,0.25,0.25,0.3125,0.4375,0.25,0.5,0.25,0.25,0.0625,0.875,0.0625,0.1875,0.375,0.4375,0.375,0.25,0.375
P-1803,0.375,0.4375,0.1875,0.3125,0.375,0.3125,0.5,0.1875,0.3125,0.5,0.25,0.25,0.625,0.25,0.125,0.625,0.1875,0.1875,0.4375,0.1875,0.375,0.3125,0.375,0.3125,0.25,0.3125,0.4375,0.1875,0.5,0.3125,0.1875,0.75,0.0625,0.5,0.3125,0.1875,0.25,0.375,0.375
P-1804,0.375,0.4375,0.1875,0.5,0.3125,0.1875,0.6875,0.125,0.1875,0.4375,0.3125,0.25,0.6875,0.25,0.0625,0.4375,0.375,0.1875,0.375,0.3125,0.3125,0.375,0.3125,0.3125,0.25,0.375,0.375,0.375,0.3125,0.3125,0.1875,0.8125,0.0,0.375,0.25,0.375,0.375,0.375,0.25
P-1805,0.3125,0.1875,0.5,0.4375,0.3125,0.25,0.5,0.25,0.25,0.3125,0.1875,0.5,0.5,0.375,0.125,0.3125,0.1875,0.5,0.375,0.125,0.5,0.3125,0.5625,0.125,0.5,0.1875,0.3125,0.3125,0.5625,0.125,0.0625,0.75,0.1875,0.3125,0.375,0.3125,0.625,0.3125,0.0625
P-1807,0.3125,0.375,0.3125,0.375,0.4375,0.1875,0.5,0.3125,0.1875,0.4375,0.1875,0.375,0.5,0.3125,0.1875,0.4375,0.25,0.3125,0.4375,0.0625,0.5,0.3125,0.25,0.4375,0.375,0.25,0.375,0.25,0.3125,0.4375,0.125,0.75,0.125,0.5,0.375,0.125,0.3125,0.3125,0.375
P-1808,0.4375,0.3125,0.25,0.4375,0.375,0.1875,0.625,0.1875,0.1875,0.4375,0.25,0.3125,0.625,0.25,0.125,0.5,0.25,0.25,0.5,0.125,0.375,0.3125,0.3125,0.375,0.3125,0.25,0.4375,0.3125,0.3125,0.375,0.1875,0.625,0.1875,0.5,0.3125,0.1875,0.3125,0.4375,0.25
P-1809,0.3125,0.375,0.3125,0.375,0.375,0.25,0.4375,0.3125,0.25,0.4375,0.25,0.3125,0.5,0.375,0.125,0.5,0.1875,0.3125,0.375,0.125,0.5,0.3125,0.375,0.3125,0.3125,0.25,0.4375,0.25,0.4375,0.3125,0.0625,0.75,0.1875,0.5,0.25,0.25,0.4375,0.3125,0.25
P-1810,0.3125,0.3125,0.375,0.3125,0.4375,0.25,0.375,0.375,0.25,0.4375,0.1875,0.375,0.4375,0.4375,0.125,0.5,0.125,0.375,0.375,0.0625,0.5625,0.25,0.4375,0.3125,0.375,0.1875,0.4375,0.1875,0.5,0.3125,0.0625,0.75,0.1875,0.5,0.3125,0.1875,0.4375,0.3125,0.25
P-1811,0.25,0.375,0.375,0.3125,0.4375,0.25,0.375,0.375,0.25,0.375,0.25,0.375,0.4375,0.4375,0.125,0.4375,0.1875,0.375,0.3125,0.125,0.5625,0.25,0.4375,0.3125,0.375,0.25,0.375,0.1875,0.5,0.3125,0.0625,0.8125,0.125,0.5,0.3125,0.1875,0.5,0.25,0.25
P-1813,0.4375,0.25,0.3125,0.5,0.25,0.25,0.5,0.25,0.25,0.5625,0.125,0.3125,0.625,0.3125,0.0625,0.5625,0.125,0.3125,0.375,0.25,0.375,0.1875,0.625,0.1875,0.3125,0.1875,0.5,0.125,0.6875,0.1875,0.0625,0.8125,0.125,0.5625,0.125,0.3125,0.3125,0.4375,0.25
P-1814,0.0625,0.5625,0.375,0.4375,0.5625,0.0,0.625,0.375,0.0,0.25,0.375,0.375,0.4375,0.5625,0.0,0.0625,0.5625,0.375,0.0,0.4375,0.5625,0.5625,0.4375,0.0,0.375,0.5625,0.0625,0.5625,0.4375,0.0,0.0,1.0,0.0,0.1875,0.5625,0.25,0.75,0.0625,0.1875
P-1816,0.29411764705882354,0.5882352941176471,0.11764705882352933,0.35294117647058826,0.47058823529411764,0.17647058823529405,0.7058823529411765,0.11764705882352941,0.17647058823529407,0.35294117647058826,0.47058823529411764,0.17647058823529405,0.47058823529411764,0.4117647058823529,0.11764705882352944,0.35294117647058826,0.5294117647058824,0.11764705882352933,0.29411764705882354,0.17647058823529413,0.5294117647058822,0.5294117647058824,0.29411764705882354,0.1764705882352941,0.17647058823529413,0.5294117647058824,0.2941176470588235,0.5294117647058824,0.29411764705882354,0.1764705882352941,0.11764705882352941,0.8235294117647058,0.05882352941176472,0.5882352941176471,0.17647058823529413,0.2352941176470588,0.5882352941176471,0.29411764705882354,0.11764705882352938
P-1817,0.35294117647058826,0.35294117647058826,0.29411764705882343,0.47058823529411764,0.35294117647058826,0.1764705882352941,0.6470588235294118,0.17647058823529413,0.17647058823529407,0.4117647058823529,0.29411764705882354,0.29411764705882354,0.5294117647058824,0.4117647058823529,0.05882352941176472,0.35294117647058826,0.35294117647058826,0.29411764705882343,0.4117647058823529,0.11764705882352941,0.47058823529411764,0.35294117647058826,0.5294117647058824,0.11764705882352933,0.29411764705882354,0.35294117647058826,0.35294117647058815,0.35294117647058826,0.5294117647058824,0.11764705882352933,0.058823529411764705,0.6470588235294118,0.2941176470588235,0.6470588235294118,0.17647058823529413,0.17647058823529407,0.5882352941176471,0.35294117647058826,0.05882352941176466
P-1818,0.4117647058823529,0.17647058823529413,0.4117647058823529,0.4117647058823529,0.4117647058823529,0.17647058823529416,0.47058823529411764,0.35294117647058826,0.1764705882352941,0.47058823529411764,0.058823529411764705,0.47058823529411764,0.5294117647058824,0.29411764705882354,0.1764705882352941,0.47058823529411764,0.11764705882352941,0.4117647058823529,0.4117647058823529,0.11764705882352941,0.47058823529411764,0.23529411764705882,0.47058823529411764,0.2941176470588235,0.47058823529411764,0.11764705882352941,0.4117647058823529,0.17647058823529413,0.5294117647058824,0.2941176470588235,0.11764705882352941,0.7058823529411765,0.17647058823529405,0.47058823529411764,0.47058823529411764,0.05882352941176472,0.29411764705882354,0.4117647058823529,0.2941176470588235
P-1819,0.4117647058823529,0.47058823529411764,0.11764705882352944,0.6470588235294118,0.17647058823529413,0.17647058823529407,0.7647058823529411,0.058823529411764705,0.17647058823529416,0.7058823529411765,0.17647058823529413,0.11764705882352935,0.8823529411764706,0.0,0.11764705882352944,0.47058823529411764,0.4117647058823529,0.11764705882352944,0.5294117647058824,0.35294117647058826,0.11764705882352938,0.5294117647058824,0.23529411764705882,0.23529411764705882,0.11764705882352941,0.47058823529411764,0.4117647058823529,0.47058823529411764,0.29411764705882354,0.23529411764705882,0.17647058823529413,0.7058823529411765,0.11764705882352933,0.23529411764705882,0.23529411764705882,0.5294117647058822,0.17647058823529413,0.4117647058823529,0.4117647058823529
P-1821,0.058823529411764705,0.0,0.9411764705882353,0.0,0.7058823529411765,0.2941176470588235,0.058823529411764705,0.6470588235294118,0.2941176470588235,0.0,0.058823529411764705,0.9411764705882353,0.058823529411764705,0.8235294117647058,0.11764705882352944,0.058823529411764705,0.0,0.9411764705882353,0.058823529411764705,0.0,0.9411764705882353,0.0,0.9411764705882353,0.05882352941176472,0.9411764705882353,0.0,0.05882352941176472,0.0,0.9411764705882353,0.05882352941176472,0.058823529411764705,0.9411764705882353,0.0,0.23529411764705882,0.7647058823529411,0.0,0.9411764705882353,0.058823529411764705,1.3877787807814457e-17
P-1822,0.35294117647058826,0.17647058823529413,0.47058823529411753,0.4117647058823529,0.35294117647058826,0.23529411764705882,0.5294117647058824,0.23529411764705882,0.23529411764705882,0.29411764705882354,0.23529411764705882,0.4705882352941176,0.5294117647058824,0.35294117647058826,0.11764705882352938,0.35294117647058826,0.17647058823529413,0.47058823529411753,0.4117647058823529,0.11764705882352941,0.47058823529411764,0.29411764705882354,0.5294117647058824,0.17647058823529405,0.47058823529411764,0.17647058823529413,0.3529411764705882,0.29411764705882354,0.5294117647058824,0.17647058823529405,0.11764705882352941,0.7058823529411765,0.17647058823529405,0.35294117647058826,0.35294117647058826,0.29411764705882343,0.5882352941176471,0.35294117647058826,0.05882352941176466
P-1823,0.29411764705882354,0.4117647058823529,0.2941176470588235,0.47058823529411764,0.35294117647058826,0.1764705882352941,0.5882352941176471,0.23529411764705882,0.1764705882352941,0.47058823529411764,0.17647058823529413,0.3529411764705882,0.5882352941176471,0.35294117647058826,0.05882352941176466,0.35294117647058826,0.35294117647058826,0.29411764705882343,0.47058823529411764,0.11764705882352941,0.4117647058823529,0.4117647058823529,0.35294117647058826,0.23529411764705882,0.35294117647058826,0.35294117647058826,0.29411764705882343,0.4117647058823529,0.35294117647058826,0.23529411764705882,0.11764705882352941,0.7647058823529411,0.11764705882352944,0.35294117647058826,0.35294117647058826,0.29411764705882343,0.4117647058823529,0.29411764705882354,0.29411764705882354
P-1825,0.5882352941176471,0.29411764705882354,0.11764705882352938,0.4117647058823529,0.4117647058823529,0.17647058823529416,0.6470588235294118,0.17647058823529413,0.17647058823529407,0.6470588235294118,0.23529411764705882,0.11764705882352938,0.7058823529411765,0.29411764705882354,-5.551115123125783e-17,0.6470588235294118,0.23529411764705882,0.11764705882352938,0.5294117647058824,0.17647058823529413,0.2941176470588235,0.29411764705882354,0.47058823529411764,0.23529411764705876,0.11764705882352941,0.29411764705882354,0.588235294117647,0.23529411764705882,0.5294117647058824,0.23529411764705876,0.23529411764705882,0.6470588235294118,0.11764705882352933,0.8235294117647058,0.058823529411764705,0.11764705882352945,0.29411764705882354,0.5882352941176471,0.11764705882352933
P-1826,0.058823529411764705,0.5294117647058824,0.4117647058823529,0.35294117647058826,0.29411764705882354,0.35294117647058815,0.47058823529411764,0.17647058823529413,0.3529411764705882,0.29411764705882354,0.17647058823529413,0.5294117647058822,0.35294117647058826,0.4117647058823529,0.23529411764705876,0.17647058823529413,0.4117647058823529,0.4117647058823529,0.11764705882352941,0.23529411764705882,0.6470588235294117,0.47058823529411764,0.35294117647058826,0.1764705882352941,0.5294117647058824,0.4117647058823529,0.05882352941176472,0.4117647058823529,0.4117647058823529,0.17647058823529416,0.0,1.0,0.0,0.17647058823529413,0.5882352941176471,0.23529411764705876,0.5882352941176471,0.058823529411764705,0.3529411764705882
P-1827,0.5294117647058824,0.35294117647058826,0.11764705882352938,0.47058823529411764,0.35294117647058826,0.1764705882352941,0.5294117647058824,0.29411764705882354,0.1764705882352941,0.6470588235294118,0.11764705882352941,0.2352941176470588,0.7647058823529411,0.23529411764705882,5.551115123125783e-17,0.7058823529411765,0.17647058823529413,0.11764705882352935,0.5882352941176471,0.17647058823529413,0.2352941176470588,0.35294117647058826,0.23529411764705882,0.41176470588235287,0.23529411764705882,0.23529411764705882,0.5294117647058822,0.29411764705882354,0.29411764705882354,0.41176470588235287,0.23529411764705882,0.5294117647058824,0.23529411764705876,0.47058823529411764,0.23529411764705882,0.29411764705882354,0.11764705882352941,0.5294117647058824,0.3529411764705882
P-1828,0.29411764705882354,0.35294117647058826,0.35294117647058815,0.35294117647058826,0.4117647058823529,0.23529411764705876,0.4117647058823529,0.35294117647058826,0.23529411764705882,0.35294117647058826,0.23529411764705882,0.41176470588235287,0.4117647058823529,0.47058823529411764,0.11764705882352944,0.47058823529411764,0.17647058823529413,0.3529411764705882,0.35294117647058826,0.058823529411764705,0.588235294117647,0.23529411764705882,0.4117647058823529,0.3529411764705882,0.4117647058823529,0.17647058823529413,0.4117647058823529,0.23529411764705882,0.4117647058823529,0.3529411764705882,0.058823529411764705,0.7647058823529411,0.17647058823529416,0.47058823529411764,0.35294117647058826,0.1764705882352941,0.47058823529411764,0.29411764705882354,0.23529411764705882
P-1829,0.0,0.6666666666666666,0.33333333333333337,0.4444444444444444,0.3888888888888889,0.16666666666666669,0.6111111111111112,0.2222222222222222,0.16666666666666663,0.1111111111111111,0.5,0.38888888888888884,0.4444444444444444,0.5555555555555556,0.0,0.05555555555555555,0.6111111111111112,0.33333333333333326,0.1111111111111111,0.3333333333333333,0.5555555555555556,0.6111111111111112,0.2222222222222222,0.16666666666666663,0.3888888888888889,0.6111111111111112,0.0,0.6111111111111112,0.2222222222222222,0.16666666666666663,0.0,1.0,0.0,0.3888888888888889,0.16666666666666666,0.44444444444444453,0.7222222222222222,0.0,0.2777777777777778
P-1830,0.3333333333333333,0.4444444444444444,0.22222222222222232,0.3888888888888889,0.3888888888888889,0.22222222222222227,0.6666666666666666,0.1111111111111111,0.22222222222222227,0.3888888888888889,0.3333333333333333,0.27777777777777785,0.5555555555555556,0.3888888888888889,0.055555555555555525,0.3888888888888889,0.3888888888888889,0.22222222222222227,0.3888888888888889,0.16666666666666666,0.44444444444444453,0.3888888888888889,0.3333333333333333,0.27777777777777785,0.2777777777777778,0.3888888888888889,0.3333333333333333,0.3888888888888889,0.3333333333333333,0.27777777777777785,0.16666666666666666,0.7777777777777778,0.05555555555555558,0.5,0.16666666666666666,0.33333333333333337,0.4444444444444444,0.3333333333333333,0.22222222222222227
P-1832,0.2777777777777778,0.2222222222222222,0.5,0.3333333333333333,0.2777777777777778,0.38888888888888895,0.3333333333333333,0.2777777777777778,0.38888888888888895,0.4444444444444444,0.05555555555555555,0.5,0.4444444444444444,0.3333333333333333,0.22222222222222227,0.3888888888888889,0.1111111111111111,0.5,0.3333333333333333,0.1111111111111111,0.5555555555555556,0.3333333333333333,0.3888888888888889,0.27777777777777785,0.5,0.16666666666666666,0.33333333333333337,0.2777777777777778,0.4444444444444444,0.2777777777777778,0.05555555555555555,0.7222222222222222,0.2222222222222222,0.2777777777777778,0.4444444444444444,0.2777777777777778,0.5,0.2777777777777778,0.2222222222222222
P-1833,0.3888888888888889,0.3333333333333333,0.27777777777777785,0.5555555555555556,0.05555555555555555,0.38888888888888884,0.5555555555555556,0.05555555555555555,0.38888888888888884,0.6666666666666666,0.0,0.33333333333333337,0.6666666666666666,0.05555555555555555,0.2777777777777778,0.5,0.2222222222222222,0.2777777777777778,0.5555555555555556,0.1111111111111111,0.3333333333333333,0.2777777777777778,0.5,0.2222222222222222,0.3333333333333333,0.2777777777777778,0.38888888888888895,0.2222222222222222,0.5555555555555556,0.2222222222222222,0.05555555555555555,0.6111111111111112,0.33333333333333326,0.3888888888888889,0.3888888888888889,0.22222222222222227,0.2777777777777778,0.3888888888888889,0.3333333333333333
P-1834,0.16666666666666666,0.5,0.33333333333333337,0.5,0.5,0.0,0.6666666666666666,0.3333333333333333,5.551115123125783e-17,0.3333333333333333,0.3333333333333333,0.3333333333333334,0.5,0.5,0.0,0.16666666666666666,0.5,0.33333333333333337,0.1111111111111111,0.3888888888888889,0.49999999999999994,0.5,0.5,0.0,0.3333333333333333,0.5,0.16666666666666674,0.5,0.5,0.0,0.0,0.9444444444444444,0.05555555555555558,0.2777777777777778,0.5,0.2222222222222222,0.6666666666666666,0.16666666666666666,0.1666666666666667
P-1836,0.2777777777777778,0.2222222222222222,0.5,0.2777777777777778,0.3333333333333333,0.3888888888888889,0.2777777777777778,0.3333333333333333,0.3888888888888889,0.4444444444444444,0.05555555555555555,0.5,0.4444444444444444,0.3333333333333333,0.22222222222222227,0.3888888888888889,0.1111111111111111,0.5,0.3333333333333333,0.1111111111111111,0.5555555555555556,0.2777777777777778,0.3888888888888889,0.3333333333333333,0.5,0.16666666666666666,0.33333333333333337,0.2222222222222222,0.4444444444444444,0.33333333333333337,0.1111111111111111,0.7222222222222222,0.16666666666666663,0.3333333333333333,0.4444444444444444,0.22222222222222232,0.5,0.2777777777777778,0.2222222222222222
P-1837,0.2222222222222222,0.3888888888888889,0.3888888888888889,0.2222222222222222,0.5,0.2777777777777778,0.4444444444444444,0.2777777777777778,0.2777777777777778,0.2222222222222222,0.3333333333333333,0.4444444444444445,0.2777777777777778,0.5555555555555556,0.16666666666666663,0.3333333333333333,0.2777777777777778,0.38888888888888895,0.16666666666666666,0.1111111111111111,0.7222222222222223,0.2777777777777778,0.4444444444444444,0.2777777777777778,0.4444444444444444,0.2777777777777778,0.2777777777777778,0.2777777777777778,0.4444444444444444,0.2777777777777778,0.05555555555555555,0.8333333333333334,0.11111111111111105,0.5,0.3888888888888889,0.1111111111111111,0.6666666666666666,0.2222222222222222,0.11111111111111116
P-1838,0.2777777777777778,0.2777777777777778,0.4444444444444444,0.3333333333333333,0.3888888888888889,0.27777777777777785,0.4444444444444444,0.2777777777777778,0.2777777777777778,0.3333333333333333,0.16666666666666666,0.5000000000000001,0.3888888888888889,0.4444444444444444,0.16666666666666674,0.3333333333333333,0.2222222222222222,0.44444444444444453,0.2777777777777778,0.1111111111111111,0.6111111111111112,0.2222222222222222,0.5555555555555556,0.2222222222222222,0.5,0.2222222222222222,0.2777777777777778,0.2222222222222222,0.5555555555555556,0.2222222222222222,0.05555555555555555,0.8888888888888888,0.05555555555555558,0.3888888888888889,0.4444444444444444,0.16666666666666674,0.6111111111111112,0.2777777777777778,0.11111111111111105
P-1840,0.3333333333333333,0.5,0.16666666666666674,0.6111111111111112,0.16666666666666666,0.22222222222222218,0.6666666666666666,0.1111111111111111,0.22222222222222227,0.6666666666666666,0.1111111111111111,0.22222222222222227,0.7777777777777778,0.16666666666666666,0.05555555555555555,0.4444444444444444,0.3888888888888889,0.16666666666666669,0.3888888888888889,0.3888888888888889,0.22222222222222227,0.5555555555555556,0.2777777777777778,0.16666666666666663,0.2222222222222222,0.4444444444444444,0.33333333333333337,0.4444444444444444,0.3888888888888889,0.16666666666666669,0.1111111111111111,0.7222222222222222,0.16666666666666663,0.3888888888888889,0.3888888888888889,0.22222222222222227,0.2222222222222222,0.3333333333333333,0.4444444444444445
P-1841,0.3888888888888889,0.5,0.11111111111111116,0.6111111111111112,0.16666666666666666,0.22222222222222218,0.7222222222222222,0.05555555555555555,0.22222222222222224,0.6666666666666666,0.16666666666666666,0.1666666666666667,0.8333333333333334,0.16666666666666666,-2.7755575615628914e-17,0.5,0.3888888888888889,0.1111111111111111,0.4444444444444444,0.3888888888888889,0.16666666666666669,0.5,0.2777777777777778,0.2222222222222222,0.16666666666666666,0.4444444444444444,0.38888888888888895,0.4444444444444444,0.3333333333333333,0.22222222222222227,0.16666666666666666,0.6666666666666666,0.16666666666666674,0.4444444444444444,0.3333333333333333,0.22222222222222227,0.16666666666666666,0.3888888888888889,0.4444444444444445
P-1843,0.2777777777777778,0.3333333333333333,0.3888888888888889,0.3333333333333333,0.16666666666666666,0.5000000000000001,0.5,0.1111111111111111,0.3888888888888889,0.3888888888888889,0.1111111111111111,0.5,0.5,0.2222222222222222,0.2777777777777778,0.5,0.2222222222222222,0.2777777777777778,0.3333333333333333,0.16666666666666666,0.5000000000000001,0.2777777777777778,0.3333333333333333,0.3888888888888889,0.5,0.2222222222222222,0.2777777777777778,0.16666666666666666,0.4444444444444444,0.38888888888888895,0.05555555555555555,0.7222222222222222,0.2222222222222222,0.2222222222222222,0.5,0.2777777777777778,0.4444444444444444,0.2777777777777778,0.2777777777777778
P-1845,0.2777777777777778,0.2222222222222222,0.5,0.2777777777777778,0.3333333333333333,0.3888888888888889,0.2777777777777778,0.3333333333333333,0.3888888888888889,0.4444444444444444,0.05555555555555555,0.5,0.4444444444444444,0.3333333333333333,0.22222222222222227,0.3888888888888889,0.1111111111111111,0.5,0.3333333333333333,0.1111111111111111,0.5555555555555556,0.2777777777777778,0.3888888888888889,0.3333333333333333,0.5,0.16666666666666666,0.33333333333333337,0.2222222222222222,0.4444444444444444,0.33333333333333337,0.1111111111111111,0.7222222222222222,0.16666666666666663,0.3333333333333333,0.4444444444444444,0.22222222222222232,0.5,0.2777777777777778,0.2222222222222222
P-1846,0.2777777777777778,0.3888888888888889,0.3333333333333333,0.4444444444444444,0.2222222222222222,0.33333333333333337,0.5,0.16666666666666666,0.33333333333333337,0.5,0.1111111111111111,0.3888888888888889,0.5555555555555556,0.4444444444444444,0.0,0.4444444444444444,0.2222222222222222,0.33333333333333337,0.2222222222222222,0.3333333333333333,0.4444444444444445,0.3333333333333333,0.5555555555555556,0.11111111111111116,0.3888888888888889,0.3333333333333333,0.27777777777777785,0.2222222222222222,0.6666666666666666,0.11111111111111116,0.0,0.7777777777777778,0.2222222222222222,0.5,0.2777777777777778,0.2222222222222222,0.3888888888888889,0.2777777777777778,0.33333333333333337
P-1847,0.5,0.2777777777777778,0.2222222222222222,0.5555555555555556,0.2777777777777778,0.16666666666666663,0.6111111111111112,0.2222222222222222,0.16666666666666663,0.6111111111111112,0.16666666666666666,0.22222222222222218,0.7222222222222222,0.16666666666666666,0.11111111111111113,0.5555555555555556,0.2222222222222222,0.2222222222222222,0.6111111111111112,0.1111111111111111,0.27777777777777773,0.3333333333333333,0.3888888888888889,0.27777777777777785,0.2222222222222222,0.2222222222222222,0.5555555555555556,0.3333333333333333,0.3888888888888889,0.27777777777777785,0.16666666666666666,0.5555555555555556,0.2777777777777778,0.4444444444444444,0.16666666666666666,0.38888888888888895,0.2777777777777778,0.5,0.2222222222222222
P-1848,0.5,0.2222222222222222,0.2777777777777778,0.5555555555555556,0.16666666666666666,0.2777777777777778,0.6666666666666666,0.1111111111111111,0.22222222222222227,0.6111111111111112,0.1111111111111111,0.27777777777777773,0.7222222222222222,0.16666666666666666,0.11111111111111113,0.5555555555555556,0.2222222222222222,0.2222222222222222,0.4444444444444444,0.2777777777777778,0.2777777777777778,0.2777777777777778,0.5,0.2222222222222222,0.2777777777777778,0.2222222222222222,0.5,0.2222222222222222,0.5555555555555556,0.2222222222222222,0.1111111111111111,0.6111111111111112,0.2777777777777777,0.5,0.2777777777777778,0.2222222222222222,0.3333333333333333,0.5,0.16666666666666674
P-1849,0.3333333333333333,0.2222222222222222,0.44444444444444453,0.16666666666666666,0.6666666666666666,0.16666666666666674,0.5,0.3333333333333333,0.16666666666666669,0.0,0.5,0.5,0.5,0.2222222222222222,0.2777777777777778,0.3888888888888889,0.16666666666666666,0.44444444444444453,0.3333333333333333,0.16666666666666666,0.5000000000000001,0.3888888888888889,0.16666666666666666,0.44444444444444453,0.5,0.16666666666666666,0.33333333333333337,0.16666666666666666,0.3888888888888889,0.4444444444444445,0.3333333333333333,0.6666666666666666,1.1102230246251565e-16,0.3888888888888889,0.4444444444444444,0.16666666666666674,0.6111111111111112,0.3333333333333333,0.055555555555555525
P-1850,0.1111111111111111,0.5555555555555556,0.33333333333333326,0.5,0.2777777777777778,0.2222222222222222,0.6111111111111112,0.16666666666666666,0.22222222222222218,0.4444444444444444,0.16666666666666666,0.38888888888888895,0.5,0.3888888888888889,0.1111111111111111,0.16666666666666666,0.5,0.33333333333333337,0.2222222222222222,0.2777777777777778,0.5,0.5555555555555556,0.2777777777777778,0.16666666666666663,0.3888888888888889,0.5,0.11111111111111116,0.5555555555555556,0.2777777777777778,0.16666666666666663,0.0,0.9444444444444444,0.05555555555555558,0.2777777777777778,0.5,0.2222222222222222,0.4444444444444444,0.1111111111111111,0.4444444444444445
P-1851,0.3888888888888889,0.3333333333333333,0.27777777777777785,0.3888888888888889,0.3888888888888889,0.22222222222222227,0.5555555555555556,0.2222222222222222,0.2222222222222222,0.4444444444444444,0.2222222222222222,0.33333333333333337,0.5,0.3333333333333333,0.16666666666666669,0.5,0.2222222222222222,0.2777777777777778,0.4444444444444444,0.05555555555555555,0.5,0.3333333333333333,0.3333333333333333,0.3333333333333334,0.3333333333333333,0.2222222222222222,0.44444444444444453,0.2777777777777778,0.3888888888888889,0.3333333333333333,0.1111111111111111,0.6666666666666666,0.2222222222222222,0.5555555555555556,0.3333333333333333,0.1111111111111111,0.3888888888888889,0.3888888888888889,0.22222222222222227
P-1853,0.3157894736842105,0.47368421052631576,0.21052631578947373,0.5263157894736842,0.21052631578947367,0.26315789473684215,0.5789473684210527,0.15789473684210525,0.2631578947368421,0.5789473684210527,0.15789473684210525,0.2631578947368421,0.6842105263157895,0.2631578947368421,0.05263157894736842,0.3684210526315789,0.42105263157894735,0.21052631578947367,0.2631578947368421,0.42105263157894735,0.3157894736842106,0.42105263157894735,0.3684210526315789,0.21052631578947373,0.2631578947368421,0.42105263157894735,0.3157894736842106,0.42105263157894735,0.3684210526315789,0.21052631578947373,0.15789473684210525,0.7368421052631579,0.10526315789473684,0.47368421052631576,0.3684210526315789,0.15789473684210537,0.3684210526315789,0.3157894736842105,0.3157894736842105
P-1855,0.3684210526315789,0.47368421052631576,0.15789473684210525,0.42105263157894735,0.3684210526315789,0.21052631578947373,0.7368421052631579,0.05263157894736842,0.21052631578947373,0.42105263157894735,0.3684210526315789,0.21052631578947373,0.631578947368421,0.3157894736842105,0.052631578947368474,0.47368421052631576,0.3684210526315789,0.15789473684210537,0.47368421052631576,0.15789473684210525,0.36842105263157904,0.47368421052631576,0.3157894736842105,0.21052631578947378,0.21052631578947367,0.42105263157894735,0.368421052631579,0.42105263157894735,0.3684210526315789,0.21052631578947373,0.15789473684210525,0.7368421052631579,0.10526315789473684,0.5263157894736842,0.21052631578947367,0.26315789473684215,0.3684210526315789,0.3684210526315789,0.2631578947368421
P-1858,0.3684210526315789,0.2631578947368421,0.3684210526315789,0.2631578947368421,0.47368421052631576,0.2631578947368422,0.2631578947368421,0.47368421052631576,0.2631578947368422,0.42105263157894735,0.21052631578947367,0.368421052631579,0.5263157894736842,0.3684210526315789,0.10526315789473689,0.5263157894736842,0.10526315789473684,0.368421052631579,0.3684210526315789,0.15789473684210525,0.47368421052631576,0.21052631578947367,0.3684210526315789,0.4210526315789474,0.3684210526315789,0.15789473684210525,0.47368421052631576,0.15789473684210525,0.42105263157894735,0.42105263157894735,0.21052631578947367,0.631578947368421,0.1578947368421053,0.5789473684210527,0.21052631578947367,0.21052631578947367,0.42105263157894735,0.3684210526315789,0.21052631578947373
P-1859,0.42105263157894735,0.3157894736842105,0.26315789473684215,0.5263157894736842,0.3157894736842105,0.1578947368421053,0.6842105263157895,0.21052631578947367,0.10526315789473684,0.3684210526315789,0.3157894736842105,0.3157894736842105,0.6842105263157895,0.21052631578947367,0.10526315789473684,0.47368421052631576,0.3157894736842105,0.21052631578947378,0.42105263157894735,0.2631578947368421,0.31578947368421056,0.3684210526315789,0.21052631578947367,0.42105263157894735,0.3157894736842105,0.2631578947368421,0.4210526315789474,0.3684210526315789,0.21052631578947367,0.42105263157894735,0.15789473684210525,0.6842105263157895,0.1578947368421052,0.3684210526315789,0.21052631578947367,0.42105263157894735,0.3684210526315789,0.42105263157894735,0.21052631578947367
P-1860,0.21052631578947367,0.42105263157894735,0.368421052631579,0.3684210526315789,0.3157894736842105,0.3157894736842105,0.5263157894736842,0.21052631578947367,0.26315789473684215,0.3684210526315789,0.21052631578947367,0.42105263157894735,0.47368421052631576,0.3684210526315789,0.15789473684210537,0.2631578947368421,0.42105263157894735,0.3157894736842106,0.3157894736842105,0.15789473684210525,0.5263157894736843,0.42105263157894735,0.3684210526315789,0.21052631578947373,0.42105263157894735,0.3684210526315789,0.21052631578947373,0.42105263157894735,0.3684210526315789,0.21052631578947373,0.10526315789473684,0.7894736842105263,0.10526315789473684,0.3684210526315789,0.3684210526315789,0.2631578947368421,0.5789473684210527,0.21052631578947367,0.21052631578947367
P-1861,0.3157894736842105,0.3684210526315789,0.31578947368421056,0.42105263157894735,0.3684210526315789,0.21052631578947373,0.47368421052631576,0.3157894736842105,0.21052631578947378,0.3684210526315789,0.2631578947368421,0.3684210526315789,0.47368421052631576,0.42105263157894735,0.10526315789473695,0.47368421052631576,0.21052631578947367,0.3157894736842106,0.3157894736842105,0.15789473684210525,0.5263157894736843,0.2631578947368421,0.42105263157894735,0.3157894736842106,0.3684210526315789,0.21052631578947367,0.42105263157894735,0.2631578947368421,0.42105263157894735,0.3157894736842106,0.05263157894736842,0.7894736842105263,0.1578947368421053,0.42105263157894735,0.3157894736842105,0.26315789473684215,0.47368421052631576,0.3157894736842105,0.21052631578947378
P-1865,0.2631578947368421,0.2631578947368421,0.4736842105263159,0.3157894736842105,0.42105263157894735,0.26315789473684215,0.5263157894736842,0.3157894736842105,0.1578947368421053,0.3157894736842105,0.21052631578947367,0.4736842105263158,0.3684210526315789,0.5263157894736842,0.10526315789473684,0.3157894736842105,0.3157894736842105,0.368421052631579,0.3157894736842105,0.05263157894736842,0.631578947368421,0.21052631578947367,0.5789473684210527,0.21052631578947367,0.47368421052631576,0.21052631578947367,0.3157894736842106,0.21052631578947367,0.5789473684210527,0.21052631578947367,0.05263157894736842,0.7894736842105263,0.1578947368421053,0.5789473684210527,0.3157894736842105,0.10526315789473684,0.631578947368421,0.2631578947368421,0.10526315789473689
P-1867,0.3,0.45,0.24999999999999994,0.55,0.25,0.19999999999999996,0.6,0.2,0.2,0.6,0.15,0.25,0.65,0.3,0.04999999999999999,0.4,0.35,0.25,0.35,0.3,0.35000000000000003,0.5,0.35,0.15000000000000002,0.25,0.4,0.35,0.45,0.4,0.15000000000000002,0.05,0.75,0.19999999999999996,0.4,0.25,0.35,0.3,0.3,0.39999999999999997
P-1868,0.45,0.15,0.4,0.5,0.2,0.3,0.6,0.2,0.2,0.6,0.0,0.4,0.6,0.25,0.15000000000000002,0.45,0.25,0.30000000000000004,0.35,0.25,0.4,0.3,0.5,0.19999999999999996,0.4,0.15,0.44999999999999996,0.3,0.5,0.19999999999999996,0.1,0.7,0.20000000000000007,0.3,0.35,0.35,0.4,0.45,0.14999999999999997
P-1869,0.25,0.5,0.25,0.45,0.05,0.5,0.5,0.05,0.45,0.5,0.05,0.45,0.55,0.3,0.14999999999999997,0.5,0.3,0.2,0.3,0.25,0.44999999999999996,0.4,0.2,0.39999999999999997,0.45,0.3,0.25000000000000006,0.35,0.25,0.4,0.05,0.75,0.19999999999999996,0.25,0.5,0.25,0.3,0.25,0.44999999999999996
P-1870,0.5,0.3,0.2,0.5,0.2,0.3,0.6,0.1,0.30000000000000004,0.6,0.15,0.25,0.65,0.15,0.19999999999999998,0.6,0.2,0.2,0.5,0.15,0.35,0.35,0.45,0.2,0.25,0.25,0.5,0.3,0.5,0.19999999999999996,0.1,0.6,0.30000000000000004,0.45,0.25,0.30000000000000004,0.35,0.5,0.15000000000000002
P-1871,0.25,0.45,0.3,0.5,0.5,0.0,0.65,0.35,0.0,0.4,0.3,0.3,0.55,0.45,-5.551115123125783e-17,0.25,0.45,0.3,0.2,0.35,0.45000000000000007,0.45,0.5,0.050000000000000044,0.3,0.45,0.24999999999999994,0.45,0.5,0.050000000000000044,0.05,0.9,0.04999999999999993,0.35,0.45,0.2,0.6,0.25,0.15000000000000002
P-1872,0.45,0.4,0.15000000000000002,0.5,0.4,0.09999999999999998,0.7,0.2,0.10000000000000003,0.5,0.3,0.2,0.6,0.35,0.050000000000000044,0.5,0.35,0.15000000000000002,0.35,0.25,0.4,0.5,0.3,0.2,0.2,0.35,0.45000000000000007,0.5,0.3,0.2,0.1,0.7,0.20000000000000007,0.4,0.25,0.35,0.45,0.45,0.10000000000000003
P-1873,0.4,0.25,0.35,0.4,0.35,0.25,0.45,0.3,0.25000000000000006,0.45,0.2,0.35000000000000003,0.55,0.25,0.19999999999999996,0.5,0.15,0.35,0.25,0.3,0.45,0.25,0.45,0.3,0.35,0.2,0.45,0.2,0.5,0.30000000000000004,0.1,0.75,0.15000000000000002,0.3,0.35,0.35,0.5,0.4,0.09999999999999998
P-1874,0.25,0.45,0.3,0.6,0.35,0.050000000000000044,0.65,0.35,0.0,0.45,0.25,0.30000000000000004,0.7,0.25,0.050000000000000044,0.25,0.5,0.25,0.25,0.45,0.3,0.45,0.4,0.15000000000000002,0.3,0.45,0.24999999999999994,0.45,0.4,0.15000000000000002,0.1,0.9,0.0,0.2,0.45,0.35000000000000003,0.55,0.25,0.19999999999999996
P-1875,0.35,0.55,0.09999999999999998,0.45,0.5,0.050000000000000044,0.75,0.2,0.04999999999999999,0.55,0.35,0.09999999999999998,0.6,0.35,0.050000000000000044,0.4,0.5,0.09999999999999998,0.5,0.1,0.4,0.55,0.15,0.29999999999999993,0.1,0.5,0.4,0.55,0.15,0.29999999999999993,0.15,0.7,0.15000000000000002,0.65,0.15,0.19999999999999998,0.3,0.35,0.35
P-1877,0.25,0.3,0.45,0.4,0.2,0.39999999999999997,0.4,0.2,0.39999999999999997,0.4,0.1,0.5,0.45,0.35,0.20000000000000007,0.4,0.15,0.44999999999999996,0.25,0.2,0.55,0.35,0.45,0.2,0.5,0.2,0.3,0.25,0.55,0.19999999999999996,0.0,0.85,0.15000000000000002,0.25,0.35,0.4,0.5,0.25,0.25
P-1880,0.25,0.4,0.35,0.35,0.4,0.25,0.45,0.3,0.25000000000000006,0.4,0.25,0.35,0.5,0.45,0.04999999999999999,0.3,0.35,0.35,0.3,0.2,0.49999999999999994,0.4,0.4,0.19999999999999996,0.35,0.35,0.30000000000000004,0.4,0.4,0.19999999999999996,0.15,0.75,0.09999999999999998,0.55,0.25,0.19999999999999996,0.55,0.25,0.19999999999999996
P-1881,0.45,0.35,0.20000000000000007,0.6,0.25,0.15000000000000002,0.75,0.15,0.1,0.55,0.25,0.19999999999999996,0.8,0.1,0.09999999999999995,0.5,0.35,0.15000000000000002,0.55,0.25,0.19999999999999996,0.35,0.4,0.25,0.2,0.35,0.45000000000000007,0.3,0.45,0.24999999999999994,0.15,0.65,0.19999999999999996,0.4,0.2,0.39999999999999997,0.35,0.45,0.2
P-1883,0.2,0.5,0.30000000000000004,0.45,0.3,0.25000000000000006,0.75,0.05,0.2,0.35,0.35,0.30000000000000004,0.45,0.3,0.25000000000000006,0.2,0.55,0.25,0.2,0.25,0.55,0.5,0.4,0.09999999999999998,0.3,0.5,0.19999999999999996,0.5,0.4,0.09999999999999998,0.0,0.95,0.050000000000000044,0.35,0.35,0.30000000000000004,0.65,0.2,0.14999999999999997
P-1884,0.23809523809523808,0.5238095238095238,0.23809523809523803,0.42857142857142855,0.09523809523809523,0.47619047619047616,0.5238095238095238,0.047619047619047616,0.42857142857142855,0.47619047619047616,0.09523809523809523,0.4285714285714286,0.5238095238095238,0.3333333333333333,0.14285714285714285,0.47619047619047616,0.3333333333333333,0.19047619047619052,0.2857142857142857,0.23809523809523808,0.4761904761904762,0.42857142857142855,0.19047619047619047,0.38095238095238093,0.42857142857142855,0.3333333333333333,0.23809523809523808,0.38095238095238093,0.23809523809523808,0.380952380952381,0.047619047619047616,0.7619047619047619,0.19047619047619047,0.2857142857142857,0.47619047619047616,0.23809523809523814,0.3333333333333333,0.23809523809523808,0.42857142857142866
P-1886,0.19047619047619047,0.5238095238095238,0.2857142857142857,0.42857142857142855,0.23809523809523808,0.3333333333333333,0.5238095238095238,0.14285714285714285,0.3333333333333333,0.3333333333333333,0.2857142857142857,0.38095238095238104,0.5238095238095238,0.3333333333333333,0.14285714285714285,0.38095238095238093,0.3333333333333333,0.28571428571428575,0.3333333333333333,0.19047619047619047,0.4761904761904763,0.47619047619047616,0.19047619047619047,0.33333333333333337,0.38095238095238093,0.38095238095238093,0.23809523809523814,0.42857142857142855,0.23809523809523808,0.3333333333333333,0.047619047619047616,0.8095238095238095,0.1428571428571428,0.3333333333333333,0.23809523809523808,0.42857142857142866,0.38095238095238093,0.19047619047619047,0.4285714285714286
P-1887,0.14285714285714285,0.6190476190476191,0.23809523809523814,0.3333333333333333,0.6190476190476191,0.04761904761904767,0.6190476190476191,0.3333333333333333,0.047619047619047616,0.19047619047619047,0.5714285714285714,0.23809523809523814,0.42857142857142855,0.5714285714285714,0.0,0.19047619047619047,0.5714285714285714,0.23809523809523814,0.09523809523809523,0.3333333333333333,0.5714285714285714,0.5714285714285714,0.19047619047619047,0.23809523809523814,0.23809523809523808,0.5714285714285714,0.19047619047619047,0.5714285714285714,0.19047619047619047,0.23809523809523814,0.09523809523809523,0.9047619047619048,0.0,0.5714285714285714,0.14285714285714285,0.28571428571428575,0.6666666666666666,0.14285714285714285,0.19047619047619052
P-1892,0.3333333333333333,0.38095238095238093,0.2857142857142858,0.42857142857142855,0.38095238095238093,0.19047619047619047,0.47619047619047616,0.3333333333333333,0.19047619047619052,0.42857142857142855,0.23809523809523808,0.3333333333333333,0.5238095238095238,0.38095238095238093,0.09523809523809523,0.47619047619047616,0.23809523809523808,0.28571428571428575,0.38095238095238093,0.14285714285714285,0.4761904761904762,0.2857142857142857,0.38095238095238093,0.33333333333333337,0.3333333333333333,0.23809523809523808,0.42857142857142866,0.2857142857142857,0.38095238095238093,0.33333333333333337,0.09523809523809523,0.7619047619047619,0.1428571428571429,0.42857142857142855,0.2857142857142857,0.2857142857142857,0.42857142857142855,0.3333333333333333,0.23809523809523808
P-1893,0.14285714285714285,0.5238095238095238,0.33333333333333337,0.47619047619047616,0.2857142857142857,0.23809523809523814,0.5714285714285714,0.19047619047619047,0.23809523809523814,0.47619047619047616,0.14285714285714285,0.380952380952381,0.5238095238095238,0.38095238095238093,0.09523809523809523,0.19047619047619047,0.47619047619047616,0.33333333333333337,0.2857142857142857,0.23809523809523808,0.4761904761904762,0.5238095238095238,0.2857142857142857,0.19047619047619047,0.38095238095238093,0.47619047619047616,0.1428571428571429,0.5238095238095238,0.2857142857142857,0.19047619047619047,0.047619047619047616,0.9047619047619048,0.04761904761904756,0.3333333333333333,0.42857142857142855,0.2380952380952382,0.42857142857142855,0.14285714285714285,0.42857142857142855
P-1894,0.09523809523809523,0.6666666666666666,0.23809523809523814,0.38095238095238093,0.5714285714285714,0.04761904761904767,0.6666666666666666,0.2857142857142857,0.04761904761904767,0.14285714285714285,0.6190476190476191,0.23809523809523814,0.42857142857142855,0.5714285714285714,0.0,0.14285714285714285,0.6190476190476191,0.23809523809523814,0.047619047619047616,0.38095238095238093,0.5714285714285714,0.6190476190476191,0.2857142857142857,0.09523809523809523,0.23809523809523808,0.6190476190476191,0.1428571428571428,0.6190476190476191,0.2857142857142857,0.09523809523809523,0.047619047619047616,0.9523809523809523,0.0,0.42857142857142855,0.23809523809523808,0.3333333333333333,0.8095238095238095,0.09523809523809523,0.09523809523809523
P-1895,0.38095238095238093,0.3333333333333333,0.28571428571428575,0.47619047619047616,0.2857142857142857,0.23809523809523814,0.6666666666666666,0.14285714285714285,0.19047619047619052,0.47619047619047616,0.23809523809523808,0.28571428571428575,0.6666666666666666,0.19047619047619047,0.1428571428571429,0.42857142857142855,0.3333333333333333,0.23809523809523808,0.47619047619047616,0.19047619047619047,0.33333333333333337,0.38095238095238093,0.2857142857142857,0.33333333333333337,0.2857142857142857,0.2857142857142857,0.4285714285714286,0.38095238095238093,0.2857142857142857,0.33333333333333337,0.19047619047619047,0.6190476190476191,0.19047619047619047,0.42857142857142855,0.3333333333333333,0.23809523809523808,0.3333333333333333,0.38095238095238093,0.2857142857142858
P-1897,0.5238095238095238,0.14285714285714285,0.3333333333333333,0.38095238095238093,0.2857142857142857,0.33333333333333337,0.42857142857142855,0.23809523809523808,0.3333333333333333,0.47619047619047616,0.14285714285714285,0.380952380952381,0.5714285714285714,0.14285714285714285,0.28571428571428575,0.6190476190476191,0.047619047619047616,0.3333333333333333,0.5238095238095238,0.047619047619047616,0.42857142857142855,0.23809523809523808,0.38095238095238093,0.38095238095238093,0.38095238095238093,0.047619047619047616,0.5714285714285714,0.19047619047619047,0.42857142857142855,0.380952380952381,0.19047619047619047,0.5238095238095238,0.2857142857142857,0.47619047619047616,0.3333333333333333,0.19047619047619052,0.38095238095238093,0.5238095238095238,0.09523809523809523
P-1898,0.4090909090909091,0.3181818181818182,0.27272727272727265,0.45454545454545453,0.3181818181818182,0.22727272727272724,0.5909090909090909,0.18181818181818182,0.22727272727272724,0.5454545454545454,0.18181818181818182,0.27272727272727276,0.5909090909090909,0.3181818181818182,0.09090909090909088,0.5,0.22727272727272727,0.2727272727272727,0.4090909090909091,0.18181818181818182,0.409090909090909,0.36363636363636365,0.4090909090909091,0.22727272727272724,0.2727272727272727,0.2727272727272727,0.4545454545454546,0.3181818181818182,0.45454545454545453,0.22727272727272735,0.09090909090909091,0.7272727272727273,0.18181818181818177,0.45454545454545453,0.22727272727272727,0.3181818181818181,0.36363636363636365,0.4090909090909091,0.22727272727272724
P-1900,0.36363636363636365,0.36363636363636365,0.2727272727272727,0.45454545454545453,0.2727272727272727,0.2727272727272727,0.5454545454545454,0.18181818181818182,0.27272727272727276,0.45454545454545453,0.18181818181818182,0.3636363636363636,0.5,0.4090909090909091,0.09090909090909088,0.5,0.22727272727272727,0.2727272727272727,0.3181818181818182,0.18181818181818182,0.5,0.3181818181818182,0.45454545454545453,0.22727272727272735,0.36363636363636365,0.22727272727272727,0.40909090909090906,0.3181818181818182,0.45454545454545453,0.22727272727272735,0.045454545454545456,0.7727272727272727,0.18181818181818188,0.45454545454545453,0.36363636363636365,0.18181818181818177,0.4090909090909091,0.36363636363636365,0.22727272727272718
P-1901,0.3181818181818182,0.4090909090909091,0.27272727272727276,0.45454545454545453,0.2727272727272727,0.2727272727272727,0.5454545454545454,0.18181818181818182,0.27272727272727276,0.45454545454545453,0.18181818181818182,0.3636363636363636,0.5,0.4090909090909091,0.09090909090909088,0.45454545454545453,0.2727272727272727,0.2727272727272727,0.3181818181818182,0.18181818181818182,0.5,0.36363636363636365,0.4090909090909091,0.22727272727272724,0.36363636363636365,0.2727272727272727,0.36363636363636365,0.36363636363636365,0.4090909090909091,0.22727272727272724,0.045454545454545456,0.8181818181818182,0.13636363636363635,0.4090909090909091,0.36363636363636365,0.22727272727272718,0.4090909090909091,0.3181818181818182,0.27272727272727265
P-1902,0.3181818181818182,0.4090909090909091,0.27272727272727276,0.45454545454545453,0.2727272727272727,0.2727272727272727,0.5454545454545454,0.18181818181818182,0.27272727272727276,0.45454545454545453,0.18181818181818182,0.3636363636363636,0.5,0.4090909090909091,0.09090909090909088,0.45454545454545453,0.2727272727272727,0.2727272727272727,0.3181818181818182,0.18181818181818182,0.5,0.36363636363636365,0.4090909090909091,0.22727272727272724,0.36363636363636365,0.2727272727272727,0.36363636363636365,0.36363636363636365,0.4090909090909091,0.22727272727272724,0.045454545454545456,0.8181818181818182,0.13636363636363635,0.4090909090909091,0.36363636363636365,0.22727272727272718,0.4090909090909091,0.3181818181818182,0.27272727272727265
P-1905,0.3181818181818182,0.4090909090909091,0.27272727272727276,0.4090909090909091,0.3181818181818182,0.27272727272727265,0.5,0.22727272727272727,0.2727272727272727,0.45454545454545453,0.18181818181818182,0.3636363636363636,0.5,0.4090909090909091,0.09090909090909088,0.45454545454545453,0.2727272727272727,0.2727272727272727,0.3181818181818182,0.18181818181818182,0.5,0.36363636363636365,0.36363636363636365,0.2727272727272727,0.36363636363636365,0.2727272727272727,0.36363636363636365,0.36363636363636365,0.36363636363636365,0.2727272727272727,0.09090909090909091,0.8181818181818182,0.09090909090909083,0.4090909090909091,0.36363636363636365,0.22727272727272718,0.4090909090909091,0.3181818181818182,0.27272727272727265
P-1906,0.36363636363636365,0.4090909090909091,0.22727272727272724,0.45454545454545453,0.3181818181818182,0.22727272727272724,0.5454545454545454,0.22727272727272727,0.22727272727272732,0.5,0.18181818181818182,0.3181818181818182,0.5454545454545454,0.36363636363636365,0.09090909090909094,0.5,0.2727272727272727,0.2272727272727273,0.36363636363636365,0.18181818181818182,0.45454545454545453,0.36363636363636365,0.36363636363636365,0.2727272727272727,0.3181818181818182,0.2727272727272727,0.40909090909090917,0.36363636363636365,0.36363636363636365,0.2727272727272727,0.09090909090909091,0.7727272727272727,0.13636363636363635,0.4090909090909091,0.36363636363636365,0.22727272727272718,0.36363636363636365,0.36363636363636365,0.2727272727272727
P-1907,0.2727272727272727,0.5,0.2272727272727273,0.5909090909090909,0.18181818181818182,0.22727272727272724,0.6363636363636364,0.13636363636363635,0.2272727272727273,0.5909090909090909,0.13636363636363635,0.2727272727272727,0.7272727272727273,0.2727272727272727,0.0,0.36363636363636365,0.4090909090909091,0.22727272727272724,0.36363636363636365,0.36363636363636365,0.2727272727272727,0.5,0.36363636363636365,0.13636363636363635,0.2727272727272727,0.45454545454545453,0.27272727272727276,0.45454545454545453,0.4090909090909091,0.1363636363636363,0.09090909090909091,0.7727272727272727,0.13636363636363635,0.36363636363636365,0.36363636363636365,0.2727272727272727,0.3181818181818182,0.2727272727272727,0.40909090909090917
P-1908,0.2727272727272727,0.4090909090909091,0.3181818181818182,0.4090909090909091,0.2727272727272727,0.3181818181818181,0.5,0.18181818181818182,0.3181818181818182,0.4090909090909091,0.18181818181818182,0.409090909090909,0.45454545454545453,0.45454545454545453,0.09090909090909088,0.4090909090909091,0.2727272727272727,0.3181818181818181,0.2727272727272727,0.18181818181818182,0.5454545454545454,0.36363636363636365,0.4090909090909091,0.22727272727272724,0.4090909090909091,0.2727272727272727,0.3181818181818181,0.36363636363636365,0.4090909090909091,0.22727272727272724,0.045454545454545456,0.8636363636363636,0.09090909090909094,0.4090909090909091,0.36363636363636365,0.22727272727272718,0.45454545454545453,0.2727272727272727,0.2727272727272727
P-1909,0.3181818181818182,0.4090909090909091,0.27272727272727276,0.45454545454545453,0.2727272727272727,0.2727272727272727,0.5454545454545454,0.18181818181818182,0.27272727272727276,0.45454545454545453,0.18181818181818182,0.3636363636363636,0.5,0.4090909090909091,0.09090909090909088,0.45454545454545453,0.2727272727272727,0.2727272727272727,0.3181818181818182,0.18181818181818182,0.5,0.36363636363636365,0.4090909090909091,0.22727272727272724,0.36363636363636365,0.2727272727272727,0.36363636363636365,0.36363636363636365,0.4090909090909091,0.22727272727272724,0.045454545454545456,0.8181818181818182,0.13636363636363635,0.4090909090909091,0.36363636363636365,0.22727272727272718,0.4090909090909091,0.3181818181818182,0.27272727272727265
P-1910,0.2727272727272727,0.45454545454545453,0.27272727272727276,0.45454545454545453,0.2727272727272727,0.2727272727272727,0.5454545454545454,0.18181818181818182,0.27272727272727276,0.45454545454545453,0.18181818181818182,0.3636363636363636,0.5,0.4090909090909091,0.09090909090909088,0.4090909090909091,0.3181818181818182,0.27272727272727265,0.3181818181818182,0.18181818181818182,0.5,0.4090909090909091,0.36363636363636365,0.22727272727272718,0.36363636363636365,0.3181818181818182,0.3181818181818182,0.4090909090909091,0.36363636363636365,0.22727272727272718,0.045454545454545456,0.8636363636363636,0.09090909090909094,0.36363636363636365,0.36363636363636365,0.2727272727272727,0.4090909090909091,0.2727272727272727,0.3181818181818181
P-1911,0.2727272727272727,0.3181818181818182,0.4090909090909091,0.4090909090909091,0.22727272727272727,0.36363636363636354,0.4090909090909091,0.22727272727272727,0.36363636363636354,0.45454545454545453,0.09090909090909091,0.4545454545454545,0.5,0.3181818181818182,0.18181818181818182,0.4090909090909091,0.18181818181818182,0.409090909090909,0.3181818181818182,0.18181818181818182,0.5,0.36363636363636365,0.4090909090909091,0.22727272727272724,0.45454545454545453,0.22727272727272727,0.3181818181818181,0.2727272727272727,0.5,0.2272727272727273,0.045454545454545456,0.8181818181818182,0.13636363636363635,0.2727272727272727,0.3181818181818182,0.4090909090909091,0.45454545454545453,0.2727272727272727,0.2727272727272727
P-1914,0.34782608695652173,0.391304347826087,0.2608695652173913,0.4782608695652174,0.34782608695652173,0.17391304347826086,0.5217391304347826,0.30434782608695654,0.17391304347826086,0.43478260869565216,0.2608695652173913,0.3043478260869566,0.5652173913043478,0.34782608695652173,0.08695652173913049,0.4782608695652174,0.2608695652173913,0.2608695652173913,0.391304347826087,0.17391304347826086,0.4347826086956522,0.34782608695652173,0.34782608695652173,0.30434782608695654,0.30434782608695654,0.2608695652173913,0.43478260869565216,0.34782608695652173,0.34782608695652173,0.30434782608695654,0.08695652173913043,0.7391304347826086,0.17391304347826098,0.391304347826087,0.2608695652173913,0.3478260869565218,0.43478260869565216,0.34782608695652173,0.21739130434782616
P-1915,0.34782608695652173,0.43478260869565216,0.2173913043478261,0.5217391304347826,0.2608695652173913,0.2173913043478261,0.6086956521739131,0.17391304347826086,0.21739130434782605,0.4782608695652174,0.2608695652173913,0.2608695652173913,0.6521739130434783,0.21739130434782608,0.13043478260869565,0.391304347826087,0.391304347826087,0.2173913043478261,0.34782608695652173,0.30434782608695654,0.34782608695652173,0.43478260869565216,0.34782608695652173,0.21739130434782616,0.2608695652173913,0.391304347826087,0.3478260869565217,0.43478260869565216,0.34782608695652173,0.21739130434782616,0.13043478260869565,0.6956521739130435,0.17391304347826086,0.43478260869565216,0.2608695652173913,0.3043478260869566,0.43478260869565216,0.34782608695652173,0.21739130434782616
P-1916,0.5652173913043478,0.21739130434782608,0.21739130434782614,0.4782608695652174,0.30434782608695654,0.21739130434782605,0.5652173913043478,0.21739130434782608,0.21739130434782614,0.6086956521739131,0.13043478260869565,0.26086956521739124,0.6956521739130435,0.13043478260869565,0.1739130434782609,0.6521739130434783,0.13043478260869565,0.21739130434782608,0.5652173913043478,0.13043478260869565,0.30434782608695654,0.21739130434782608,0.43478260869565216,0.3478260869565218,0.2608695652173913,0.13043478260869565,0.608695652173913,0.21739130434782608,0.43478260869565216,0.3478260869565218,0.21739130434782608,0.6086956521739131,0.17391304347826086,0.43478260869565216,0.30434782608695654,0.26086956521739135,0.21739130434782608,0.5652173913043478,0.21739130434782616
P-1918,0.34782608695652173,0.34782608695652173,0.30434782608695654,0.5217391304347826,0.34782608695652173,0.13043478260869568,0.5217391304347826,0.34782608695652173,0.13043478260869568,0.6086956521739131,0.08695652173913043,0.3043478260869565,0.6086956521739131,0.21739130434782608,0.17391304347826084,0.43478260869565216,0.2608695652173913,0.3043478260869566,0.21739130434782608,0.391304347826087,0.391304347826087,0.34782608695652173,0.43478260869565216,0.2173913043478261,0.30434782608695654,0.2608695652173913,0.43478260869565216,0.30434782608695654,0.4782608695652174,0.21739130434782605,0.08695652173913043,0.8695652173913043,0.0434782608695653,0.2608695652173913,0.5652173913043478,0.17391304347826086,0.30434782608695654,0.34782608695652173,0.34782608695652173
P-1920,0.0,0.625,0.375,0.4166666666666667,0.3333333333333333,0.24999999999999994,0.5416666666666666,0.20833333333333334,0.25,0.08333333333333333,0.5416666666666666,0.375,0.5,0.4583333333333333,0.041666666666666685,0.08333333333333333,0.5416666666666666,0.375,0.0,0.5,0.5,0.625,0.375,0.0,0.375,0.625,0.0,0.5416666666666666,0.4583333333333333,5.551115123125783e-17,0.0,1.0,0.0,0.25,0.25,0.5,0.9166666666666666,0.0,0.08333333333333337
P-1922,0.16666666666666666,0.3333333333333333,0.5,0.375,0.375,0.25,0.4583333333333333,0.2916666666666667,0.25000000000000006,0.20833333333333334,0.2916666666666667,0.49999999999999994,0.4166666666666667,0.4166666666666667,0.16666666666666657,0.16666666666666666,0.3333333333333333,0.5,0.16666666666666666,0.25,0.5833333333333334,0.375,0.4583333333333333,0.16666666666666669,0.5,0.3333333333333333,0.16666666666666669,0.375,0.4583333333333333,0.16666666666666669,0.041666666666666664,0.875,0.08333333333333337,0.2916666666666667,0.375,0.33333333333333326,0.75,0.16666666666666666,0.08333333333333334
P-1923,0.20833333333333334,0.5,0.29166666666666663,0.2916666666666667,0.2916666666666667,0.4166666666666666,0.4166666666666667,0.16666666666666666,0.41666666666666663,0.4166666666666667,0.2916666666666667,0.2916666666666666,0.6666666666666666,0.25,0.08333333333333337,0.4583333333333333,0.25,0.29166666666666674,0.2916666666666667,0.375,0.33333333333333326,0.4583333333333333,0.3333333333333333,0.20833333333333343,0.2916666666666667,0.4583333333333333,0.24999999999999994,0.25,0.5416666666666666,0.20833333333333337,0.16666666666666666,0.7916666666666666,0.04166666666666674,0.375,0.20833333333333334,0.41666666666666663,0.4166666666666667,0.20833333333333334,0.3749999999999999
P-1924,0.25,0.4583333333333333,0.2916666666666667,0.4166666666666667,0.4166666666666667,0.16666666666666657,0.5416666666666666,0.2916666666666667,0.16666666666666669,0.5,0.20833333333333334,0.29166666666666663,0.5,0.4583333333333333,0.041666666666666685,0.375,0.3333333333333333,0.2916666666666667,0.20833333333333334,0.2916666666666667,0.49999999999999994,0.4166666666666667,0.3333333333333333,0.24999999999999994,0.2916666666666667,0.375,0.33333333333333326,0.375,0.375,0.25,0.041666666666666664,0.8333333333333334,0.125,0.5,0.2916666666666667,0.20833333333333331,0.3333333333333333,0.25,0.41666666666666674
P-1926,0.0,0.64,0.36,0.52,0.24,0.24,0.6,0.16,0.24000000000000002,0.04,0.6,0.36,0.56,0.44,-5.551115123125783e-17,0.04,0.6,0.36,0.0,0.56,0.43999999999999995,0.64,0.36,0.0,0.36,0.64,0.0,0.6,0.4,0.0,0.0,1.0,0.0,0.28,0.16,0.5599999999999999,0.96,0.0,0.040000000000000036
P-1927,0.32,0.44,0.23999999999999994,0.44,0.4,0.16000000000000003,0.52,0.32,0.15999999999999998,0.4,0.32,0.27999999999999997,0.52,0.4,0.07999999999999996,0.48,0.28,0.24,0.36,0.16,0.48,0.36,0.32,0.32,0.28,0.28,0.43999999999999995,0.36,0.32,0.32,0.08,0.76,0.16000000000000003,0.44,0.24,0.32000000000000006,0.44,0.32,0.24000000000000005
P-1928,0.4,0.36,0.24,0.44,0.4,0.16000000000000003,0.68,0.16,0.15999999999999995,0.52,0.24,0.24,0.6,0.24,0.16000000000000003,0.4,0.36,0.24,0.36,0.24,0.4,0.36,0.36,0.28,0.24,0.36,0.4,0.36,0.36,0.28,0.16,0.8,0.039999999999999925,0.44,0.2,0.36000000000000004,0.32,0.4,0.2799999999999999
P-1929,0.4,0.36,0.24,0.44,0.32,0.24000000000000005,0.6,0.16,0.24000000000000002,0.52,0.16,0.31999999999999995,0.6,0.24,0.16000000000000003,0.48,0.28,0.24,0.36,0.24,0.4,0.28,0.36,0.36,0.32,0.28,0.3999999999999999,0.28,0.36,0.36,0.16,0.8,0.039999999999999925,0.36,0.28,0.36,0.24,0.4,0.36
P-1931,0.4,0.36,0.24,0.36,0.28,0.36,0.4,0.24,0.36,0.56,0.12,0.31999999999999995,0.6,0.36,0.040000000000000036,0.6,0.16,0.24000000000000002,0.44,0.16,0.4,0.24,0.44,0.32,0.32,0.24,0.43999999999999995,0.16,0.52,0.31999999999999995,0.16,0.64,0.19999999999999996,0.64,0.2,0.15999999999999998,0.32,0.4,0.2799999999999999
P-1937,0.34615384615384615,0.34615384615384615,0.3076923076923077,0.4230769230769231,0.3076923076923077,0.26923076923076916,0.5769230769230769,0.15384615384615385,0.2692307692307693,0.38461538461538464,0.3076923076923077,0.3076923076923077,0.5384615384615384,0.34615384615384615,0.11538461538461542,0.46153846153846156,0.23076923076923078,0.30769230769230765,0.34615384615384615,0.19230769230769232,0.46153846153846156,0.38461538461538464,0.38461538461538464,0.23076923076923078,0.3076923076923077,0.2692307692307692,0.4230769230769231,0.3076923076923077,0.46153846153846156,0.23076923076923073,0.07692307692307693,0.7692307692307693,0.15384615384615385,0.5,0.15384615384615385,0.34615384615384615,0.46153846153846156,0.34615384615384615,0.1923076923076923
P-1938,0.4074074074074074,0.2222222222222222,0.37037037037037035,0.4444444444444444,0.25925925925925924,0.29629629629629634,0.5925925925925926,0.18518518518518517,0.22222222222222227,0.5185185185185185,0.1111111111111111,0.3703703703703704,0.5925925925925926,0.25925925925925924,0.1481481481481482,0.4444444444444444,0.25925925925925924,0.29629629629629634,0.3333333333333333,0.25925925925925924,0.4074074074074075,0.3333333333333333,0.4444444444444444,0.22222222222222232,0.37037037037037035,0.2222222222222222,0.40740740740740744,0.2962962962962963,0.48148148148148145,0.22222222222222227,0.1111111111111111,0.7407407407407407,0.14814814814814814,0.3333333333333333,0.3333333333333333,0.3333333333333334,0.4444444444444444,0.4074074074074074,0.1481481481481482
P-1940,0.39285714285714285,0.35714285714285715,0.25000000000000006,0.42857142857142855,0.39285714285714285,0.17857142857142855,0.5357142857142857,0.2857142857142857,0.1785714285714286,0.42857142857142855,0.2857142857142857,0.2857142857142857,0.5357142857142857,0.35714285714285715,0.10714285714285715,0.5357142857142857,0.21428571428571427,0.25,0.42857142857142855,0.10714285714285714,0.46428571428571425,0.32142857142857145,0.32142857142857145,0.35714285714285715,0.2857142857142857,0.21428571428571427,0.5,0.32142857142857145,0.32142857142857145,0.35714285714285715,0.10714285714285714,0.6785714285714286,0.2142857142857143,0.4642857142857143,0.25,0.2857142857142857,0.39285714285714285,0.39285714285714285,0.21428571428571436
P-1941,0.39285714285714285,0.2857142857142857,0.3214285714285715,0.39285714285714285,0.39285714285714285,0.21428571428571436,0.5357142857142857,0.25,0.2142857142857143,0.42857142857142855,0.17857142857142858,0.3928571428571428,0.5,0.42857142857142855,0.07142857142857145,0.4642857142857143,0.21428571428571427,0.3214285714285714,0.35714285714285715,0.14285714285714285,0.49999999999999994,0.39285714285714285,0.39285714285714285,0.21428571428571436,0.39285714285714285,0.21428571428571427,0.3928571428571429,0.35714285714285715,0.42857142857142855,0.21428571428571425,0.10714285714285714,0.6785714285714286,0.2142857142857143,0.4642857142857143,0.32142857142857145,0.21428571428571425,0.42857142857142855,0.39285714285714285,0.17857142857142855
P-1949,0.20689655172413793,0.3448275862068966,0.4482758620689655,0.3448275862068966,0.4482758620689655,0.2068965517241379,0.41379310344827586,0.3793103448275862,0.206896551724138,0.2413793103448276,0.3103448275862069,0.44827586206896547,0.41379310344827586,0.4482758620689655,0.13793103448275867,0.27586206896551724,0.27586206896551724,0.4482758620689655,0.20689655172413793,0.20689655172413793,0.5862068965517242,0.3103448275862069,0.4482758620689655,0.24137931034482762,0.4482758620689655,0.27586206896551724,0.27586206896551724,0.3103448275862069,0.4482758620689655,0.24137931034482762,0.06896551724137931,0.8620689655172413,0.06896551724137934,0.3793103448275862,0.3448275862068966,0.27586206896551724,0.6551724137931034,0.20689655172413793,0.13793103448275865
P-1950,0.13793103448275862,0.3448275862068966,0.5172413793103448,0.3103448275862069,0.20689655172413793,0.48275862068965525,0.41379310344827586,0.10344827586206896,0.48275862068965525,0.20689655172413793,0.2413793103448276,0.5517241379310345,0.41379310344827586,0.3103448275862069,0.2758620689655173,0.20689655172413793,0.27586206896551724,0.5172413793103449,0.1724137931034483,0.2413793103448276,0.5862068965517241,0.3103448275862069,0.5172413793103449,0.1724137931034483,0.5517241379310345,0.3103448275862069,0.13793103448275862,0.27586206896551724,0.5517241379310345,0.1724137931034483,0.06896551724137931,0.8620689655172413,0.06896551724137934,0.3448275862068966,0.4482758620689655,0.2068965517241379,0.6551724137931034,0.13793103448275862,0.20689655172413796
P-1956,0.3448275862068966,0.41379310344827586,0.24137931034482757,0.5172413793103449,0.2413793103448276,0.24137931034482754,0.6551724137931034,0.13793103448275862,0.20689655172413796,0.5172413793103449,0.1724137931034483,0.31034482758620685,0.6206896551724138,0.27586206896551724,0.10344827586206895,0.4482758620689655,0.3448275862068966,0.2068965517241379,0.4482758620689655,0.1724137931034483,0.3793103448275862,0.41379310344827586,0.2413793103448276,0.3448275862068966,0.3103448275862069,0.3103448275862069,0.37931034482758624,0.41379310344827586,0.2413793103448276,0.3448275862068966,0.10344827586206896,0.7931034482758621,0.10344827586206895,0.3793103448275862,0.3103448275862069,0.3103448275862069,0.27586206896551724,0.3448275862068966,0.3793103448275862
P-1957,0.3,0.4,0.29999999999999993,0.3333333333333333,0.4,0.2666666666666667,0.5,0.23333333333333334,0.26666666666666666,0.3,0.36666666666666664,0.3333333333333333,0.4666666666666667,0.36666666666666664,0.16666666666666669,0.4666666666666667,0.23333333333333334,0.3,0.3333333333333333,0.13333333333333333,0.5333333333333334,0.36666666666666664,0.3,0.3333333333333333,0.3333333333333333,0.26666666666666666,0.4000000000000001,0.3333333333333333,0.3333333333333333,0.3333333333333334,0.1,0.7666666666666667,0.1333333333333333,0.43333333333333335,0.3,0.26666666666666666,0.5,0.3,0.2
P-1959,0.3225806451612903,0.25806451612903225,0.4193548387096775,0.3225806451612903,0.3870967741935484,0.29032258064516137,0.5161290322580645,0.25806451612903225,0.22580645161290325,0.2903225806451613,0.2903225806451613,0.41935483870967744,0.41935483870967744,0.41935483870967744,0.16129032258064507,0.3870967741935484,0.25806451612903225,0.3548387096774194,0.3225806451612903,0.0967741935483871,0.5806451612903226,0.25806451612903225,0.4838709677419355,0.25806451612903225,0.41935483870967744,0.1935483870967742,0.3870967741935483,0.25806451612903225,0.4838709677419355,0.25806451612903225,0.0967741935483871,0.7419354838709677,0.16129032258064513,0.5483870967741935,0.2903225806451613,0.16129032258064518,0.6129032258064516,0.3225806451612903,0.06451612903225806
P-1960,0.3225806451612903,0.3225806451612903,0.35483870967741943,0.45161290322580644,0.2903225806451613,0.2580645161290322,0.5483870967741935,0.1935483870967742,0.2580645161290323,0.41935483870967744,0.22580645161290322,0.35483870967741926,0.5161290322580645,0.3548387096774194,0.12903225806451613,0.41935483870967744,0.22580645161290322,0.35483870967741926,0.2903225806451613,0.22580645161290322,0.4838709677419355,0.3548387096774194,0.45161290322580644,0.1935483870967742,0.3548387096774194,0.25806451612903225,0.3870967741935484,0.2903225806451613,0.5161290322580645,0.19354838709677424,0.03225806451612903,0.8064516129032258,0.16129032258064524,0.41935483870967744,0.25806451612903225,0.32258064516129026,0.4838709677419355,0.3225806451612903,0.1935483870967742
P-1961,0.3548387096774194,0.3225806451612903,0.3225806451612903,0.4838709677419355,0.2903225806451613,0.2258064516129032,0.5806451612903226,0.1935483870967742,0.2258064516129032,0.4838709677419355,0.1935483870967742,0.3225806451612903,0.5806451612903226,0.3225806451612903,0.09677419354838707,0.41935483870967744,0.25806451612903225,0.32258064516129026,0.3548387096774194,0.22580645161290322,0.4193548387096774,0.3870967741935484,0.45161290322580644,0.16129032258064518,0.3225806451612903,0.2903225806451613,0.38709677419354843,0.3225806451612903,0.5161290322580645,0.16129032258064524,0.06451612903225806,0.7741935483870968,0.16129032258064524,0.41935483870967744,0.22580645161290322,0.35483870967741926,0.45161290322580644,0.3548387096774194,0.19354838709677413
P-1962,0.22580645161290322,0.3548387096774194,0.4193548387096774,0.3548387096774194,0.41935483870967744,0.2258064516129032,0.41935483870967744,0.3548387096774194,0.22580645161290314,0.25806451612903225,0.2903225806451613,0.45161290322580644,0.41935483870967744,0.45161290322580644,0.12903225806451607,0.3225806451612903,0.25806451612903225,0.4193548387096775,0.22580645161290322,0.1935483870967742,0.5806451612903225,0.2903225806451613,0.45161290322580644,0.2580645161290323,0.45161290322580644,0.25806451612903225,0.29032258064516125,0.2903225806451613,0.45161290322580644,0.2580645161290323,0.06451612903225806,0.8387096774193549,0.09677419354838712,0.3870967741935484,0.3548387096774194,0.25806451612903225,0.6129032258064516,0.22580645161290322,0.16129032258064516
P-1963,0.3125,0.34375,0.34375,0.46875,0.28125,0.25,0.5625,0.1875,0.25,0.4375,0.21875,0.34375,0.53125,0.34375,0.125,0.40625,0.25,0.34375,0.3125,0.21875,0.46875,0.375,0.4375,0.1875,0.34375,0.28125,0.375,0.3125,0.5,0.1875,0.03125,0.8125,0.15625,0.40625,0.25,0.34375,0.46875,0.3125,0.21875
P-1964,0.34375,0.34375,0.3125,0.46875,0.3125,0.21875,0.5625,0.21875,0.21875,0.46875,0.21875,0.3125,0.5625,0.34375,0.09375,0.4375,0.25,0.3125,0.34375,0.21875,0.4375,0.375,0.4375,0.1875,0.3125,0.28125,0.40625,0.3125,0.5,0.1875,0.0625,0.78125,0.15625,0.4375,0.21875,0.34375,0.4375,0.34375,0.21875
P-1965,0.3333333333333333,0.3333333333333333,0.3333333333333334,0.45454545454545453,0.30303030303030304,0.24242424242424238,0.5454545454545454,0.21212121212121213,0.24242424242424246,0.45454545454545453,0.21212121212121213,0.33333333333333326,0.5454545454545454,0.3333333333333333,0.12121212121212127,0.42424242424242425,0.24242424242424243,0.33333333333333326,0.3333333333333333,0.21212121212121213,0.4545454545454546,0.36363636363636365,0.42424242424242425,0.2121212121212121,0.3333333333333333,0.2727272727272727,0.39393939393939403,0.30303030303030304,0.48484848484848486,0.21212121212121215,0.06060606060606061,0.7878787878787878,0.1515151515151516,0.42424242424242425,0.24242424242424243,0.33333333333333326,0.45454545454545453,0.3333333333333333,0.2121212121212121
P-1966,0.30303030303030304,0.36363636363636365,0.33333333333333337,0.3333333333333333,0.45454545454545453,0.2121212121212122,0.5454545454545454,0.24242424242424243,0.21212121212121215,0.30303030303030304,0.30303030303030304,0.393939393939394,0.48484848484848486,0.42424242424242425,0.09090909090909088,0.3939393939393939,0.2727272727272727,0.33333333333333337,0.30303030303030304,0.18181818181818182,0.5151515151515151,0.3333333333333333,0.3939393939393939,0.2727272727272728,0.3939393939393939,0.2727272727272727,0.33333333333333337,0.30303030303030304,0.42424242424242425,0.27272727272727276,0.15151515151515152,0.7878787878787878,0.06060606060606066,0.45454545454545453,0.3939393939393939,0.1515151515151515,0.48484848484848486,0.30303030303030304,0.2121212121212121
P-1967,0.3333333333333333,0.36363636363636365,0.3030303030303031,0.36363636363636365,0.45454545454545453,0.18181818181818182,0.5757575757575758,0.24242424242424243,0.18181818181818177,0.3333333333333333,0.30303030303030304,0.3636363636363637,0.5151515151515151,0.3939393939393939,0.09090909090909094,0.42424242424242425,0.2727272727272727,0.303030303030303,0.3333333333333333,0.18181818181818182,0.4848484848484849,0.3333333333333333,0.3939393939393939,0.2727272727272728,0.36363636363636365,0.2727272727272727,0.36363636363636365,0.30303030303030304,0.42424242424242425,0.27272727272727276,0.15151515151515152,0.7878787878787878,0.06060606060606066,0.45454545454545453,0.3939393939393939,0.1515151515151515,0.45454545454545453,0.3333333333333333,0.2121212121212121
P-1970,0.20588235294117646,0.4117647058823529,0.3823529411764707,0.29411764705882354,0.38235294117647056,0.32352941176470584,0.47058823529411764,0.20588235294117646,0.3235294117647059,0.29411764705882354,0.29411764705882354,0.41176470588235287,0.4411764705882353,0.4117647058823529,0.1470588235294118,0.35294117647058826,0.2647058823529412,0.3823529411764705,0.2647058823529412,0.17647058823529413,0.5588235294117647,0.4411764705882353,0.35294117647058826,0.20588235294117646,0.4117647058823529,0.3235294117647059,0.2647058823529412,0.3235294117647059,0.47058823529411764,0.20588235294117652,0.08823529411764706,0.8529411764705882,0.05882352941176472,0.4117647058823529,0.29411764705882354,0.29411764705882354,0.5294117647058824,0.20588235294117646,0.2647058823529412
P-1971,0.05714285714285714,0.2,0.7428571428571429,0.08571428571428572,0.5428571428571428,0.37142857142857144,0.14285714285714285,0.4857142857142857,0.3714285714285715,0.08571428571428572,0.17142857142857143,0.7428571428571429,0.2,0.6285714285714286,0.17142857142857149,0.14285714285714285,0.11428571428571428,0.7428571428571429,0.05714285714285714,0.14285714285714285,0.8,0.22857142857142856,0.6285714285714286,0.1428571428571429,0.7428571428571429,0.17142857142857143,0.08571428571428569,0.11428571428571428,0.7428571428571429,0.1428571428571428,0.05714285714285714,0.9428571428571428,0.0,0.34285714285714286,0.5142857142857142,0.1428571428571429,0.8285714285714286,0.05714285714285714,0.11428571428571424
P-1972,0.37142857142857144,0.3142857142857143,0.3142857142857143,0.4857142857142857,0.2857142857142857,0.22857142857142854,0.5714285714285714,0.2,0.2285714285714286,0.4857142857142857,0.2,0.3142857142857142,0.5714285714285714,0.3142857142857143,0.11428571428571432,0.45714285714285713,0.22857142857142856,0.3142857142857144,0.37142857142857144,0.2,0.42857142857142855,0.34285714285714286,0.45714285714285713,0.2,0.3142857142857143,0.2571428571428571,0.4285714285714286,0.2857142857142857,0.5142857142857142,0.20000000000000007,0.05714285714285714,0.7714285714285715,0.17142857142857137,0.45714285714285713,0.22857142857142856,0.3142857142857144,0.42857142857142855,0.37142857142857144,0.19999999999999996
P-1973,0.37142857142857144,0.3142857142857143,0.3142857142857143,0.45714285714285713,0.3142857142857143,0.22857142857142865,0.5714285714285714,0.2,0.2285714285714286,0.45714285714285713,0.22857142857142856,0.3142857142857144,0.5714285714285714,0.3142857142857143,0.11428571428571432,0.45714285714285713,0.22857142857142856,0.3142857142857144,0.37142857142857144,0.2,0.42857142857142855,0.34285714285714286,0.42857142857142855,0.2285714285714286,0.3142857142857143,0.2571428571428571,0.4285714285714286,0.2857142857142857,0.4857142857142857,0.2285714285714286,0.08571428571428572,0.7428571428571429,0.17142857142857137,0.45714285714285713,0.22857142857142856,0.3142857142857144,0.42857142857142855,0.37142857142857144,0.19999999999999996
P-1974,0.34285714285714286,0.34285714285714286,0.3142857142857143,0.45714285714285713,0.3142857142857143,0.22857142857142865,0.5714285714285714,0.2,0.2285714285714286,0.45714285714285713,0.22857142857142856,0.3142857142857144,0.5714285714285714,0.3142857142857143,0.11428571428571432,0.42857142857142855,0.2571428571428571,0.3142857142857143,0.37142857142857144,0.2,0.42857142857142855,0.37142857142857144,0.4,0.22857142857142854,0.3142857142857143,0.2857142857142857,0.4,0.3142857142857143,0.45714285714285713,0.2285714285714286,0.08571428571428572,0.7714285714285715,0.1428571428571428,0.42857142857142855,0.22857142857142856,0.34285714285714286,0.42857142857142855,0.34285714285714286,0.22857142857142854
P-1978,0.3783783783783784,0.32432432432432434,0.29729729729729726,0.4864864864864865,0.2972972972972973,0.21621621621621617,0.5945945945945946,0.1891891891891892,0.21621621621621617,0.4864864864864865,0.21621621621621623,0.29729729729729726,0.5945945945945946,0.2972972972972973,0.10810810810810806,0.4594594594594595,0.24324324324324326,0.2972972972972973,0.40540540540540543,0.1891891891891892,0.4054054054054053,0.35135135135135137,0.43243243243243246,0.21621621621621623,0.2972972972972973,0.2702702702702703,0.43243243243243235,0.2972972972972973,0.4864864864864865,0.21621621621621612,0.08108108108108109,0.7567567567567568,0.16216216216216206,0.4594594594594595,0.21621621621621623,0.32432432432432434,0.40540540540540543,0.3783783783783784,0.21621621621621612
P-1980,0.25,0.4,0.35,0.375,0.425,0.2,0.5,0.3,0.2,0.275,0.35,0.375,0.45,0.425,0.12500000000000006,0.35,0.3,0.35000000000000003,0.275,0.175,0.55,0.375,0.35,0.275,0.375,0.3,0.325,0.375,0.35,0.275,0.075,0.8,0.125,0.4,0.3,0.3,0.575,0.25,0.17500000000000004
P-1981,0.25,0.375,0.375,0.375,0.4,0.22499999999999998,0.475,0.3,0.22500000000000003,0.275,0.325,0.39999999999999997,0.45,0.425,0.12500000000000006,0.35,0.275,0.375,0.275,0.175,0.55,0.35,0.375,0.275,0.4,0.275,0.32499999999999996,0.35,0.375,0.275,0.075,0.775,0.15000000000000002,0.4,0.3,0.3,0.575,0.25,0.17500000000000004
P-1982,0.25,0.4,0.35,0.375,0.425,0.2,0.5,0.3,0.2,0.275,0.35,0.375,0.45,0.425,0.12500000000000006,0.35,0.3,0.35000000000000003,0.275,0.175,0.55,0.375,0.35,0.275,0.375,0.3,0.325,0.375,0.35,0.275,0.075,0.8,0.125,0.4,0.3,0.3,0.575,0.25,0.17500000000000004
P-1983,0.275,0.375,0.35,0.4,0.4,0.19999999999999996,0.5,0.3,0.2,0.3,0.325,0.37499999999999994,0.475,0.4,0.125,0.375,0.275,0.35,0.3,0.175,0.5249999999999999,0.375,0.35,0.275,0.375,0.275,0.35,0.375,0.35,0.275,0.075,0.775,0.15000000000000002,0.375,0.3,0.325,0.55,0.275,0.17499999999999993
P-1984,0.275,0.375,0.35,0.4,0.4,0.19999999999999996,0.5,0.3,0.2,0.3,0.325,0.37499999999999994,0.475,0.4,0.125,0.375,0.275,0.35,0.3,0.175,0.5249999999999999,0.35,0.35,0.30000000000000004,0.375,0.275,0.35,0.35,0.35,0.30000000000000004,0.075,0.775,0.15000000000000002,0.425,0.275,0.29999999999999993,0.525,0.275,0.19999999999999996
P-1985,0.275,0.375,0.35,0.4,0.375,0.22499999999999998,0.5,0.275,0.22499999999999998,0.3,0.325,0.37499999999999994,0.475,0.4,0.125,0.375,0.275,0.35,0.3,0.175,0.5249999999999999,0.35,0.4,0.25,0.375,0.275,0.35,0.35,0.4,0.25,0.075,0.775,0.15000000000000002,0.4,0.3,0.3,0.575,0.275,0.15000000000000002
P-1986,0.275,0.4,0.32499999999999996,0.4,0.375,0.22499999999999998,0.5,0.275,0.22499999999999998,0.325,0.325,0.35000000000000003,0.5,0.375,0.125,0.4,0.275,0.32499999999999996,0.3,0.2,0.49999999999999994,0.375,0.35,0.275,0.35,0.3,0.35000000000000003,0.35,0.375,0.275,0.075,0.775,0.15000000000000002,0.4,0.275,0.32499999999999996,0.525,0.275,0.19999999999999996
P-1987,0.275,0.375,0.35,0.4,0.4,0.19999999999999996,0.5,0.3,0.2,0.3,0.325,0.37499999999999994,0.475,0.4,0.125,0.375,0.275,0.35,0.3,0.175,0.5249999999999999,0.35,0.375,0.275,0.375,0.275,0.35,0.35,0.375,0.275,0.075,0.775,0.15000000000000002,0.4,0.3,0.3,0.55,0.275,0.17499999999999993
P-1988,0.275,0.375,0.35,0.375,0.4,0.22499999999999998,0.475,0.3,0.22500000000000003,0.325,0.3,0.37500000000000006,0.475,0.4,0.125,0.4,0.25,0.35,0.3,0.175,0.5249999999999999,0.35,0.375,0.275,0.375,0.275,0.35,0.325,0.4,0.275,0.075,0.775,0.15000000000000002,0.4,0.3,0.3,0.525,0.275,0.19999999999999996
P-1989,0.275,0.375,0.35,0.375,0.4,0.22499999999999998,0.475,0.3,0.22500000000000003,0.325,0.3,0.37500000000000006,0.475,0.4,0.125,0.4,0.25,0.35,0.3,0.175,0.5249999999999999,0.35,0.375,0.275,0.375,0.275,0.35,0.325,0.4,0.275,0.075,0.775,0.15000000000000002,0.4,0.3,0.3,0.525,0.275,0.19999999999999996
P-1990,0.275,0.375,0.35,0.375,0.425,0.2,0.5,0.3,0.2,0.3,0.325,0.37499999999999994,0.45,0.425,0.12500000000000006,0.375,0.275,0.35,0.3,0.15,0.5499999999999999,0.35,0.375,0.275,0.375,0.275,0.35,0.35,0.375,0.275,0.075,0.775,0.15000000000000002,0.425,0.3,0.27499999999999997,0.55,0.275,0.17499999999999993
P-1991,0.25,0.4,0.35,0.4,0.4,0.19999999999999996,0.5,0.3,0.2,0.3,0.325,0.37499999999999994,0.475,0.4,0.125,0.35,0.3,0.35000000000000003,0.325,0.15,0.525,0.375,0.35,0.275,0.375,0.3,0.325,0.375,0.35,0.275,0.075,0.775,0.15000000000000002,0.4,0.3,0.3,0.55,0.25,0.19999999999999996
P-1992,0.25,0.4,0.35,0.375,0.4,0.22499999999999998,0.475,0.3,0.22500000000000003,0.275,0.325,0.39999999999999997,0.45,0.425,0.12500000000000006,0.375,0.275,0.35,0.275,0.175,0.55,0.325,0.375,0.30000000000000004,0.4,0.275,0.32499999999999996,0.325,0.375,0.30000000000000004,0.075,0.8,0.125,0.4,0.325,0.27499999999999997,0.55,0.25,0.19999999999999996
P-1993,0.25,0.4,0.35,0.375,0.4,0.22499999999999998,0.475,0.3,0.22500000000000003,0.3,0.325,0.37499999999999994,0.475,0.4,0.125,0.375,0.275,0.35,0.275,0.2,0.5249999999999999,0.375,0.35,0.275,0.375,0.3,0.325,0.35,0.375,0.275,0.075,0.8,0.125,0.375,0.3,0.325,0.55,0.25,0.19999999999999996
P-1994,0.275,0.375,0.35,0.4,0.4,0.19999999999999996,0.5,0.3,0.2,0.3,0.325,0.37499999999999994,0.475,0.4,0.125,0.375,0.275,0.35,0.3,0.175,0.5249999999999999,0.35,0.375,0.275,0.375,0.275,0.35,0.35,0.375,0.275,0.075,0.8,0.125,0.4,0.3,0.3,0.55,0.275,0.17499999999999993
P-1995,0.275,0.35,0.375,0.4,0.375,0.22499999999999998,0.475,0.3,0.22500000000000003,0.3,0.3,0.39999999999999997,0.475,0.4,0.125,0.375,0.25,0.375,0.3,0.175,0.5249999999999999,0.325,0.4,0.275,0.4,0.25,0.35,0.325,0.4,0.275,0.075,0.775,0.15000000000000002,0.4,0.3,0.3,0.55,0.275,0.17499999999999993
P-1996,0.275,0.35,0.375,0.4,0.425,0.175,0.475,0.35,0.17500000000000004,0.3,0.3,0.39999999999999997,0.475,0.425,0.10000000000000003,0.375,0.25,0.375,0.3,0.175,0.5249999999999999,0.325,0.425,0.25000000000000006,0.4,0.25,0.35,0.325,0.425,0.25000000000000006,0.075,0.775,0.15000000000000002,0.375,0.325,0.3,0.55,0.275,0.17499999999999993
P-1997,0.275,0.4,0.32499999999999996,0.4,0.4,0.19999999999999996,0.5,0.3,0.2,0.325,0.325,0.35000000000000003,0.5,0.375,0.125,0.4,0.275,0.32499999999999996,0.3,0.2,0.49999999999999994,0.375,0.35,0.275,0.35,0.3,0.35000000000000003,0.35,0.375,0.275,0.075,0.775,0.15000000000000002,0.375,0.3,0.325,0.525,0.275,0.19999999999999996
P-1998,0.25,0.425,0.325,0.425,0.375,0.19999999999999996,0.55,0.25,0.19999999999999996,0.3,0.35,0.35,0.475,0.4,0.125,0.35,0.325,0.325,0.275,0.2,0.5249999999999999,0.4,0.35,0.25,0.35,0.325,0.325,0.4,0.35,0.25,0.05,0.8,0.1499999999999999,0.4,0.3,0.3,0.55,0.25,0.19999999999999996
P-1999,0.25,0.375,0.375,0.425,0.375,0.19999999999999996,0.5,0.3,0.2,0.3,0.3,0.39999999999999997,0.475,0.4,0.125,0.35,0.275,0.375,0.275,0.2,0.5249999999999999,0.35,0.4,0.25,0.4,0.275,0.32499999999999996,0.35,0.4,0.25,0.05,0.8,0.1499999999999999,0.35,0.35,0.30000000000000004,0.55,0.25,0.19999999999999996
P-2000,0.275,0.375,0.35,0.375,0.425,0.2,0.5,0.3,0.2,0.275,0.35,0.375,0.475,0.4,0.125,0.375,0.275,0.35,0.3,0.175,0.5249999999999999,0.35,0.35,0.30000000000000004,0.375,0.275,0.35,0.35,0.35,0.30000000000000004,0.1,0.75,0.15000000000000002,0.4,0.3,0.3,0.55,0.275,0.17499999999999993
P-2001,0.275,0.375,0.35,0.4,0.375,0.22499999999999998,0.5,0.275,0.22499999999999998,0.325,0.3,0.37500000000000006,0.5,0.375,0.125,0.375,0.275,0.35,0.3,0.2,0.49999999999999994,0.375,0.375,0.25,0.375,0.3,0.325,0.35,0.4,0.25,0.075,0.775,0.15000000000000002,0.375,0.3,0.325,0.55,0.275,0.17499999999999993
P-2002,0.275,0.375,0.35,0.4,0.375,0.22499999999999998,0.5,0.275,0.22499999999999998,0.3,0.3,0.39999999999999997,0.475,0.4,0.125,0.375,0.275,0.35,0.3,0.175,0.5249999999999999,0.35,0.375,0.275,0.4,0.275,0.32499999999999996,0.35,0.375,0.275,0.075,0.775,0.15000000000000002,0.375,0.325,0.3,0.55,0.275,0.17499999999999993
P-2003,0.275,0.375,0.35,0.4,0.375,0.22499999999999998,0.5,0.275,0.22499999999999998,0.3,0.3,0.39999999999999997,0.475,0.4,0.125,0.375,0.275,0.35,0.275,0.2,0.5249999999999999,0.325,0.375,0.30000000000000004,0.4,0.275,0.32499999999999996,0.325,0.375,0.30000000000000004,0.075,0.8,0.125,0.4,0.3,0.3,0.525,0.275,0.19999999999999996
P-2004,0.275,0.4,0.32499999999999996,0.4,0.4,0.19999999999999996,0.5,0.3,0.2,0.325,0.325,0.35000000000000003,0.5,0.4,0.09999999999999998,0.4,0.275,0.32499999999999996,0.3,0.2,0.49999999999999994,0.375,0.375,0.25,0.35,0.3,0.35000000000000003,0.35,0.4,0.25,0.075,0.775,0.15000000000000002,0.4,0.275,0.32499999999999996,0.525,0.275,0.19999999999999996
P-2005,0.275,0.35,0.375,0.4,0.4,0.19999999999999996,0.475,0.325,0.2,0.3,0.3,0.39999999999999997,0.475,0.4,0.125,0.375,0.25,0.375,0.3,0.175,0.5249999999999999,0.325,0.4,0.275,0.4,0.25,0.35,0.325,0.4,0.275,0.075,0.775,0.15000000000000002,0.375,0.325,0.3,0.55,0.275,0.17499999999999993
P-2006,0.275,0.35,0.375,0.4,0.375,0.22499999999999998,0.475,0.3,0.22500000000000003,0.3,0.3,0.39999999999999997,0.475,0.425,0.10000000000000003,0.375,0.25,0.375,0.3,0.175,0.5249999999999999,0.325,0.425,0.25000000000000006,0.4,0.25,0.35,0.325,0.425,0.25000000000000006,0.075,0.775,0.15000000000000002,0.4,0.3,0.3,0.575,0.275,0.15000000000000002
P-2007,0.25,0.375,0.375,0.4,0.4,0.19999999999999996,0.475,0.325,0.2,0.275,0.325,0.39999999999999997,0.475,0.4,0.125,0.35,0.275,0.375,0.275,0.2,0.5249999999999999,0.35,0.375,0.275,0.4,0.275,0.32499999999999996,0.35,0.375,0.275,0.075,0.8,0.125,0.35,0.325,0.325,0.575,0.25,0.17500000000000004
P-2008,0.25,0.375,0.375,0.4,0.4,0.19999999999999996,0.475,0.325,0.2,0.275,0.325,0.39999999999999997,0.475,0.4,0.125,0.35,0.275,0.375,0.275,0.2,0.5249999999999999,0.325,0.4,0.275,0.4,0.275,0.32499999999999996,0.325,0.4,0.275,0.075,0.8,0.125,0.375,0.325,0.3,0.575,0.25,0.17500000000000004
P-2009,0.2619047619047619,0.38095238095238093,0.3571428571428572,0.38095238095238093,0.38095238095238093,0.23809523809523814,0.5,0.2619047619047619,0.23809523809523808,0.2857142857142857,0.3333333333333333,0.380952380952381,0.4523809523809524,0.40476190476190477,0.1428571428571429,0.35714285714285715,0.2857142857142857,0.3571428571428571,0.2857142857142857,0.16666666666666666,0.5476190476190477,0.35714285714285715,0.40476190476190477,0.23809523809523803,0.38095238095238093,0.2857142857142857,0.33333333333333337,0.35714285714285715,0.40476190476190477,0.23809523809523803,0.07142857142857142,0.7857142857142857,0.1428571428571429,0.40476190476190477,0.30952380952380953,0.2857142857142857,0.5952380952380952,0.2619047619047619,0.14285714285714285
P-2010,0.2619047619047619,0.38095238095238093,0.3571428571428572,0.38095238095238093,0.38095238095238093,0.23809523809523814,0.5,0.2619047619047619,0.23809523809523808,0.2857142857142857,0.3333333333333333,0.380952380952381,0.4523809523809524,0.40476190476190477,0.1428571428571429,0.35714285714285715,0.2857142857142857,0.3571428571428571,0.2857142857142857,0.16666666666666666,0.5476190476190477,0.35714285714285715,0.40476190476190477,0.23809523809523803,0.38095238095238093,0.2857142857142857,0.33333333333333337,0.35714285714285715,0.40476190476190477,0.23809523809523803,0.07142857142857142,0.7857142857142857,0.1428571428571429,0.40476190476190477,0.30952380952380953,0.2857142857142857,0.5952380952380952,0.2619047619047619,0.14285714285714285
P-2011,0.2619047619047619,0.35714285714285715,0.380952380952381,0.38095238095238093,0.35714285714285715,0.2619047619047619,0.5,0.23809523809523808,0.2619047619047619,0.2857142857142857,0.30952380952380953,0.40476190476190477,0.42857142857142855,0.40476190476190477,0.16666666666666663,0.35714285714285715,0.2619047619047619,0.3809523809523809,0.2857142857142857,0.14285714285714285,0.5714285714285714,0.35714285714285715,0.40476190476190477,0.23809523809523803,0.40476190476190477,0.2619047619047619,0.3333333333333333,0.35714285714285715,0.40476190476190477,0.23809523809523803,0.047619047619047616,0.7857142857142857,0.16666666666666663,0.38095238095238093,0.3333333333333333,0.28571428571428575,0.5952380952380952,0.2619047619047619,0.14285714285714285
P-2012,0.2619047619047619,0.38095238095238093,0.3571428571428572,0.40476190476190477,0.35714285714285715,0.23809523809523808,0.5238095238095238,0.23809523809523808,0.23809523809523808,0.2857142857142857,0.3333333333333333,0.380952380952381,0.4523809523809524,0.40476190476190477,0.1428571428571429,0.35714285714285715,0.2857142857142857,0.3571428571428571,0.2857142857142857,0.16666666666666666,0.5476190476190477,0.38095238095238093,0.40476190476190477,0.2142857142857143,0.38095238095238093,0.2857142857142857,0.33333333333333337,0.38095238095238093,0.40476190476190477,0.2142857142857143,0.047619047619047616,0.7857142857142857,0.16666666666666663,0.38095238095238093,0.30952380952380953,0.30952380952380953,0.5952380952380952,0.2619047619047619,0.14285714285714285
P-2013,0.2619047619047619,0.38095238095238093,0.3571428571428572,0.38095238095238093,0.38095238095238093,0.23809523809523814,0.5,0.2619047619047619,0.23809523809523808,0.2857142857142857,0.3333333333333333,0.380952380952381,0.4523809523809524,0.40476190476190477,0.1428571428571429,0.35714285714285715,0.2857142857142857,0.3571428571428571,0.2857142857142857,0.16666666666666666,0.5476190476190477,0.35714285714285715,0.40476190476190477,0.23809523809523803,0.38095238095238093,0.2857142857142857,0.33333333333333337,0.35714285714285715,0.40476190476190477,0.23809523809523803,0.07142857142857142,0.7857142857142857,0.1428571428571429,0.40476190476190477,0.30952380952380953,0.2857142857142857,0.5952380952380952,0.2619047619047619,0.14285714285714285
P-2014,0.2619047619047619,0.38095238095238093,0.3571428571428572,0.38095238095238093,0.40476190476190477,0.2142857142857143,0.5,0.2857142857142857,0.2142857142857143,0.2857142857142857,0.3333333333333333,0.380952380952381,0.4523809523809524,0.40476190476190477,0.1428571428571429,0.35714285714285715,0.2857142857142857,0.3571428571428571,0.2857142857142857,0.16666666666666666,0.5476190476190477,0.35714285714285715,0.38095238095238093,0.26190476190476186,0.38095238095238093,0.2857142857142857,0.33333333333333337,0.35714285714285715,0.38095238095238093,0.26190476190476186,0.07142857142857142,0.7857142857142857,0.1428571428571429,0.40476190476190477,0.30952380952380953,0.2857142857142857,0.5714285714285714,0.2619047619047619,0.16666666666666669
P-2015,0.2619047619047619,0.38095238095238093,0.3571428571428572,0.38095238095238093,0.38095238095238093,0.23809523809523814,0.5,0.2619047619047619,0.23809523809523808,0.2857142857142857,0.3333333333333333,0.380952380952381,0.4523809523809524,0.40476190476190477,0.1428571428571429,0.35714285714285715,0.2857142857142857,0.3571428571428571,0.2857142857142857,0.16666666666666666,0.5476190476190477,0.35714285714285715,0.40476190476190477,0.23809523809523803,0.38095238095238093,0.2857142857142857,0.33333333333333337,0.35714285714285715,0.40476190476190477,0.23809523809523803,0.07142857142857142,0.7857142857142857,0.1428571428571429,0.40476190476190477,0.30952380952380953,0.2857142857142857,0.5952380952380952,0.2619047619047619,0.14285714285714285
P-2016,0.2619047619047619,0.38095238095238093,0.3571428571428572,0.35714285714285715,0.40476190476190477,0.23809523809523803,0.47619047619047616,0.2857142857142857,0.23809523809523814,0.2857142857142857,0.3333333333333333,0.380952380952381,0.4523809523809524,0.40476190476190477,0.1428571428571429,0.35714285714285715,0.2857142857142857,0.3571428571428571,0.2857142857142857,0.16666666666666666,0.5476190476190477,0.3333333333333333,0.40476190476190477,0.261904761904762,0.38095238095238093,0.2857142857142857,0.33333333333333337,0.3333333333333333,0.40476190476190477,0.261904761904762,0.09523809523809523,0.7857142857142857,0.11904761904761907,0.42857142857142855,0.30952380952380953,0.26190476190476186,0.5952380952380952,0.2619047619047619,0.14285714285714285
P-2017,0.2619047619047619,0.38095238095238093,0.3571428571428572,0.38095238095238093,0.38095238095238093,0.23809523809523814,0.5,0.2619047619047619,0.23809523809523808,0.2857142857142857,0.3333333333333333,0.380952380952381,0.4523809523809524,0.40476190476190477,0.1428571428571429,0.35714285714285715,0.2857142857142857,0.3571428571428571,0.2857142857142857,0.16666666666666666,0.5476190476190477,0.35714285714285715,0.40476190476190477,0.23809523809523803,0.38095238095238093,0.2857142857142857,0.33333333333333337,0.35714285714285715,0.40476190476190477,0.23809523809523803,0.07142857142857142,0.7857142857142857,0.1428571428571429,0.40476190476190477,0.30952380952380953,0.2857142857142857,0.5952380952380952,0.2619047619047619,0.14285714285714285
P-2018,0.2619047619047619,0.40476190476190477,0.33333333333333337,0.40476190476190477,0.38095238095238093,0.2142857142857143,0.5238095238095238,0.2619047619047619,0.21428571428571425,0.2857142857142857,0.35714285714285715,0.35714285714285715,0.47619047619047616,0.40476190476190477,0.11904761904761907,0.35714285714285715,0.30952380952380953,0.33333333333333326,0.2857142857142857,0.19047619047619047,0.5238095238095238,0.38095238095238093,0.40476190476190477,0.2142857142857143,0.35714285714285715,0.30952380952380953,0.33333333333333326,0.38095238095238093,0.40476190476190477,0.2142857142857143,0.07142857142857142,0.7857142857142857,0.1428571428571429,0.40476190476190477,0.2857142857142857,0.30952380952380953,0.5952380952380952,0.2619047619047619,0.14285714285714285
P-2023,0.3137254901960784,0.37254901960784315,0.3137254901960784,0.47058823529411764,0.3137254901960784,0.21568627450980393,0.6470588235294118,0.17647058823529413,0.17647058823529407,0.47058823529411764,0.21568627450980393,0.3137254901960784,0.6078431372549019,0.19607843137254902,0.19607843137254907,0.35294117647058826,0.37254901960784315,0.27450980392156854,0.3137254901960784,0.29411764705882354,0.39215686274509803,0.5098039215686274,0.3333333333333333,0.15686274509803927,0.3137254901960784,0.37254901960784315,0.3137254901960784,0.39215686274509803,0.45098039215686275,0.15686274509803927,0.09803921568627451,0.8431372549019608,0.05882352941176472,0.27450980392156865,0.27450980392156865,0.4509803921568627,0.45098039215686275,0.3137254901960784,0.23529411764705888
P-2025,0.2830188679245283,0.39622641509433965,0.3207547169811321,0.4716981132075472,0.2641509433962264,0.2641509433962264,0.6226415094339622,0.1509433962264151,0.22641509433962267,0.4716981132075472,0.18867924528301888,0.33962264150943394,0.6037735849056604,0.18867924528301888,0.20754716981132076,0.33962264150943394,0.37735849056603776,0.28301886792452835,0.33962264150943394,0.2641509433962264,0.3962264150943397,0.5283018867924528,0.32075471698113206,0.15094339622641512,0.33962264150943394,0.37735849056603776,0.28301886792452835,0.41509433962264153,0.4339622641509434,0.15094339622641506,0.09433962264150944,0.8301886792452831,0.07547169811320753,0.24528301886792453,0.32075471698113206,0.43396226415094347,0.4528301886792453,0.2830188679245283,0.2641509433962264
P-2026,0.21428571428571427,0.5535714285714286,0.2321428571428571,0.42857142857142855,0.4107142857142857,0.1607142857142857,0.6071428571428571,0.26785714285714285,0.12500000000000006,0.3392857142857143,0.4107142857142857,0.25,0.5714285714285714,0.375,0.0535714285714286,0.3392857142857143,0.4642857142857143,0.1964285714285714,0.19642857142857142,0.375,0.4285714285714286,0.5,0.17857142857142858,0.3214285714285714,0.25,0.48214285714285715,0.26785714285714285,0.44642857142857145,0.23214285714285715,0.32142857142857145,0.08928571428571429,0.8928571428571429,0.017857142857142794,0.44642857142857145,0.14285714285714285,0.41071428571428575,0.4642857142857143,0.21428571428571427,0.3214285714285714
P-2028,0.18461538461538463,0.6153846153846154,0.19999999999999996,0.46153846153846156,0.3384615384615385,0.19999999999999996,0.6153846153846154,0.2153846153846154,0.16923076923076918,0.3384615384615385,0.4307692307692308,0.23076923076923073,0.6,0.3230769230769231,0.07692307692307693,0.3384615384615385,0.49230769230769234,0.16923076923076918,0.23076923076923078,0.36923076923076925,0.3999999999999999,0.5384615384615384,0.18461538461538463,0.27692307692307694,0.23076923076923078,0.5230769230769231,0.24615384615384606,0.47692307692307695,0.24615384615384617,0.2769230769230768,0.07692307692307693,0.8923076923076924,0.03076923076923077,0.4,0.16923076923076924,0.43076923076923074,0.49230769230769234,0.18461538461538463,0.32307692307692304
P-2030,0.3037974683544304,0.46835443037974683,0.22784810126582272,0.4810126582278481,0.4430379746835443,0.07594936708860761,0.6075949367088608,0.31645569620253167,0.07594936708860756,0.45569620253164556,0.3037974683544304,0.24050632911392406,0.620253164556962,0.35443037974683544,0.025316455696202556,0.34177215189873417,0.43037974683544306,0.22784810126582272,0.3037974683544304,0.31645569620253167,0.3797468354430379,0.45569620253164556,0.379746835443038,0.16455696202531644,0.24050632911392406,0.4430379746835443,0.3164556962025317,0.4430379746835443,0.3924050632911392,0.16455696202531656,0.12658227848101267,0.7721518987341772,0.10126582278481011,0.43037974683544306,0.3291139240506329,0.240506329113924,0.5189873417721519,0.3037974683544304,0.17721518987341772
