,GAAC_alphatic,GAAC_aromatic,GAAC_postivecharge,GAAC_negativecharge,GAAC_uncharge
P-0001,0.3333333333333333,0.3333333333333333,0.0,0.3333333333333333,0.0
P-0002,0.0,0.5,0.25,0.25,0.0
P-0003,0.5,0.0,0.25,0.25,0.0
P-0004,0.0,0.0,0.0,0.0,1.0
P-0005,0.25,0.0,0.25,0.25,0.25
P-0006,0.6,0.0,0.0,0.0,0.4
P-0007,0.4,0.0,0.0,0.2,0.4
P-0008,0.0,0.4,0.2,0.2,0.2
P-0009,0.2,0.6,0.0,0.2,0.0
P-0010,0.8,0.2,0.0,0.0,0.0
P-0011,0.4,0.2,0.2,0.0,0.2
P-0012,1.0,0.0,0.0,0.0,0.0
P-0013,0.4,0.4,0.2,0.0,0.0
P-0014,0.6,0.0,0.2,0.0,0.2
P-0015,0.6,0.4,0.0,0.0,0.0
P-0016,0.4,0.2,0.0,0.0,0.4
P-0017,0.4,0.2,0.2,0.0,0.2
P-0018,0.8,0.0,0.0,0.0,0.2
P-0019,0.0,0.0,0.0,0.0,1.0
P-0020,0.2,0.0,0.2,0.2,0.4
P-0021,0.2,0.2,0.0,0.2,0.4
P-0022,0.8333333333333334,0.0,0.0,0.0,0.16666666666666666
P-0023,0.5,0.0,0.16666666666666666,0.16666666666666666,0.16666666666666666
P-0024,0.5,0.3333333333333333,0.0,0.16666666666666666,0.0
P-0025,0.8333333333333334,0.16666666666666666,0.0,0.0,0.0
P-0026,0.8333333333333334,0.0,0.0,0.0,0.16666666666666666
P-0027,0.5,0.0,0.0,0.0,0.5
P-0028,0.3333333333333333,0.0,0.3333333333333333,0.0,0.3333333333333333
P-0029,0.8333333333333334,0.0,0.0,0.0,0.16666666666666666
P-0030,0.3333333333333333,0.3333333333333333,0.3333333333333333,0.0,0.0
P-0031,0.6666666666666666,0.16666666666666666,0.0,0.0,0.16666666666666666
P-0032,0.5,0.0,0.0,0.16666666666666666,0.3333333333333333
P-0033,0.8333333333333334,0.0,0.0,0.0,0.16666666666666666
P-0034,0.6666666666666666,0.0,0.0,0.16666666666666666,0.16666666666666666
P-0035,0.5,0.0,0.0,0.3333333333333333,0.16666666666666666
P-0036,0.3333333333333333,0.16666666666666666,0.16666666666666666,0.3333333333333333,0.0
P-0037,0.5,0.16666666666666666,0.0,0.3333333333333333,0.0
P-0038,0.3333333333333333,0.0,0.16666666666666666,0.16666666666666666,0.3333333333333333
P-0039,0.16666666666666666,0.0,0.3333333333333333,0.3333333333333333,0.16666666666666666
P-0040,0.16666666666666666,0.0,0.16666666666666666,0.3333333333333333,0.3333333333333333
P-0041,0.8333333333333334,0.0,0.0,0.16666666666666666,0.0
P-0042,0.5,0.16666666666666666,0.0,0.16666666666666666,0.16666666666666666
P-0043,0.3333333333333333,0.16666666666666666,0.0,0.0,0.5
P-0044,0.3333333333333333,0.16666666666666666,0.0,0.0,0.5
P-0045,0.5,0.3333333333333333,0.0,0.0,0.16666666666666666
P-0046,0.6666666666666666,0.0,0.0,0.0,0.3333333333333333
P-0047,0.5,0.3333333333333333,0.0,0.0,0.16666666666666666
P-0048,0.3333333333333333,0.16666666666666666,0.0,0.0,0.5
P-0049,0.3333333333333333,0.3333333333333333,0.0,0.3333333333333333,0.0
P-0050,0.6666666666666666,0.16666666666666666,0.0,0.0,0.16666666666666666
P-0051,1.0,0.0,0.0,0.0,0.0
P-0052,0.5,0.0,0.0,0.0,0.5
P-0053,0.5,0.0,0.16666666666666666,0.0,0.3333333333333333
P-0054,0.3333333333333333,0.0,0.0,0.0,0.6666666666666666
P-0055,0.8333333333333334,0.0,0.0,0.16666666666666666,0.0
P-0056,0.8333333333333334,0.0,0.0,0.0,0.16666666666666666
P-0057,0.8333333333333334,0.0,0.0,0.0,0.16666666666666666
P-0058,0.6666666666666666,0.0,0.0,0.0,0.3333333333333333
P-0059,0.3333333333333333,0.16666666666666666,0.0,0.3333333333333333,0.16666666666666666
P-0060,0.3333333333333333,0.16666666666666666,0.0,0.0,0.5
P-0061,0.5,0.0,0.0,0.16666666666666666,0.3333333333333333
P-0062,1.0,0.0,0.0,0.0,0.0
P-0063,0.5,0.0,0.0,0.0,0.5
P-0064,0.3333333333333333,0.0,0.3333333333333333,0.0,0.3333333333333333
P-0065,0.5,0.16666666666666666,0.16666666666666666,0.0,0.16666666666666666
P-0066,0.16666666666666666,0.0,0.0,0.0,0.8333333333333334
P-0067,0.16666666666666666,0.16666666666666666,0.0,0.0,0.6666666666666666
P-0068,0.16666666666666666,0.0,0.5,0.0,0.3333333333333333
P-0069,0.6666666666666666,0.0,0.0,0.0,0.3333333333333333
P-0070,0.5,0.0,0.0,0.0,0.5
P-0071,0.5,0.16666666666666666,0.0,0.0,0.3333333333333333
P-0072,0.5,0.16666666666666666,0.16666666666666666,0.0,0.16666666666666666
P-0073,0.6666666666666666,0.0,0.0,0.0,0.3333333333333333
P-0074,0.5,0.0,0.0,0.0,0.5
P-0075,0.16666666666666666,0.0,0.0,0.0,0.8333333333333334
P-0076,0.16666666666666666,0.0,0.16666666666666666,0.0,0.6666666666666666
P-0077,0.16666666666666666,0.16666666666666666,0.0,0.0,0.6666666666666666
P-0078,0.3333333333333333,0.16666666666666666,0.16666666666666666,0.0,0.3333333333333333
P-0079,0.3333333333333333,0.0,0.3333333333333333,0.16666666666666666,0.16666666666666666
P-0080,0.3333333333333333,0.16666666666666666,0.0,0.16666666666666666,0.3333333333333333
P-0081,0.3333333333333333,0.0,0.16666666666666666,0.0,0.5
P-0082,0.6666666666666666,0.0,0.0,0.16666666666666666,0.16666666666666666
P-0083,0.5,0.16666666666666666,0.0,0.0,0.3333333333333333
P-0084,0.3333333333333333,0.16666666666666666,0.0,0.16666666666666666,0.3333333333333333
P-0085,0.5,0.0,0.0,0.16666666666666666,0.3333333333333333
P-0086,0.6666666666666666,0.3333333333333333,0.0,0.0,0.0
P-0087,0.6666666666666666,0.0,0.0,0.0,0.3333333333333333
P-0088,0.5,0.16666666666666666,0.0,0.0,0.3333333333333333
P-0089,0.5,0.16666666666666666,0.0,0.0,0.3333333333333333
P-0090,0.8333333333333334,0.0,0.0,0.0,0.16666666666666666
P-0091,0.5,0.3333333333333333,0.0,0.0,0.16666666666666666
P-0092,0.16666666666666666,0.0,0.0,0.0,0.8333333333333334
P-0093,0.3333333333333333,0.16666666666666666,0.16666666666666666,0.0,0.3333333333333333
P-0094,0.5,0.0,0.0,0.0,0.5
P-0095,0.3333333333333333,0.3333333333333333,0.0,0.0,0.3333333333333333
P-0096,0.3333333333333333,0.3333333333333333,0.0,0.0,0.3333333333333333
P-0097,0.5,0.16666666666666666,0.0,0.0,0.3333333333333333
P-0098,0.3333333333333333,0.3333333333333333,0.0,0.0,0.3333333333333333
P-0099,0.5,0.16666666666666666,0.0,0.3333333333333333,0.0
P-0100,0.3333333333333333,0.16666666666666666,0.0,0.16666666666666666,0.3333333333333333
P-0101,0.5,0.16666666666666666,0.0,0.16666666666666666,0.16666666666666666
P-0102,0.5,0.0,0.16666666666666666,0.16666666666666666,0.16666666666666666
P-0103,0.3333333333333333,0.0,0.0,0.16666666666666666,0.5
P-0104,0.16666666666666666,0.3333333333333333,0.0,0.3333333333333333,0.16666666666666666
P-0105,0.0,0.5,0.0,0.3333333333333333,0.16666666666666666
P-0106,0.0,0.16666666666666666,0.0,0.3333333333333333,0.5
P-0107,0.5,0.0,0.0,0.3333333333333333,0.16666666666666666
P-0108,0.0,0.3333333333333333,0.3333333333333333,0.16666666666666666,0.16666666666666666
P-0109,0.0,0.16666666666666666,0.16666666666666666,0.16666666666666666,0.5
P-0110,0.5,0.0,0.16666666666666666,0.16666666666666666,0.16666666666666666
P-0111,0.3333333333333333,0.16666666666666666,0.16666666666666666,0.16666666666666666,0.16666666666666666
P-0112,0.5,0.0,0.16666666666666666,0.3333333333333333,0.0
P-0113,0.5,0.0,0.0,0.5,0.0
P-0114,0.3333333333333333,0.16666666666666666,0.0,0.16666666666666666,0.3333333333333333
P-0115,0.0,0.0,0.3333333333333333,0.6666666666666666,0.0
P-0116,0.5,0.0,0.16666666666666666,0.16666666666666666,0.16666666666666666
P-0117,0.3333333333333333,0.0,0.0,0.16666666666666666,0.5
P-0118,0.3333333333333333,0.0,0.16666666666666666,0.16666666666666666,0.3333333333333333
P-0119,0.16666666666666666,0.16666666666666666,0.0,0.16666666666666666,0.5
P-0120,0.3333333333333333,0.16666666666666666,0.16666666666666666,0.16666666666666666,0.16666666666666666
P-0121,0.16666666666666666,0.0,0.0,0.16666666666666666,0.6666666666666666
P-0122,0.16666666666666666,0.16666666666666666,0.16666666666666666,0.16666666666666666,0.3333333333333333
P-0123,0.16666666666666666,0.0,0.0,0.16666666666666666,0.6666666666666666
P-0124,0.5,0.0,0.0,0.16666666666666666,0.3333333333333333
P-0125,0.16666666666666666,0.0,0.16666666666666666,0.3333333333333333,0.3333333333333333
P-0126,0.5,0.0,0.0,0.3333333333333333,0.16666666666666666
P-0127,0.5,0.0,0.0,0.16666666666666666,0.3333333333333333
P-0128,0.3333333333333333,0.0,0.16666666666666666,0.16666666666666666,0.3333333333333333
P-0129,0.3333333333333333,0.0,0.0,0.5,0.16666666666666666
P-0130,0.6666666666666666,0.16666666666666666,0.0,0.16666666666666666,0.0
P-0131,0.3333333333333333,0.16666666666666666,0.0,0.16666666666666666,0.3333333333333333
P-0132,0.5,0.16666666666666666,0.0,0.16666666666666666,0.16666666666666666
P-0133,0.0,0.5,0.0,0.3333333333333333,0.16666666666666666
P-0134,0.3333333333333333,0.0,0.0,0.3333333333333333,0.3333333333333333
P-0135,0.3333333333333333,0.16666666666666666,0.0,0.3333333333333333,0.16666666666666666
P-0136,0.16666666666666666,0.0,0.16666666666666666,0.5,0.16666666666666666
P-0137,0.0,0.0,0.3333333333333333,0.6666666666666666,0.0
P-0138,0.16666666666666666,0.0,0.16666666666666666,0.3333333333333333,0.3333333333333333
P-0139,0.16666666666666666,0.0,0.16666666666666666,0.5,0.16666666666666666
P-0140,0.16666666666666666,0.0,0.16666666666666666,0.5,0.16666666666666666
P-0141,0.16666666666666666,0.0,0.3333333333333333,0.3333333333333333,0.16666666666666666
P-0142,0.6666666666666666,0.16666666666666666,0.0,0.16666666666666666,0.0
P-0143,0.16666666666666666,0.0,0.16666666666666666,0.3333333333333333,0.3333333333333333
P-0144,0.6666666666666666,0.0,0.0,0.16666666666666666,0.16666666666666666
P-0145,0.16666666666666666,0.16666666666666666,0.16666666666666666,0.5,0.0
P-0146,0.0,0.0,0.5,0.5,0.0
P-0147,0.3333333333333333,0.16666666666666666,0.16666666666666666,0.16666666666666666,0.16666666666666666
P-0148,0.16666666666666666,0.0,0.16666666666666666,0.16666666666666666,0.5
P-0149,0.16666666666666666,0.0,0.16666666666666666,0.3333333333333333,0.3333333333333333
P-0150,0.16666666666666666,0.0,0.16666666666666666,0.3333333333333333,0.3333333333333333
P-0151,0.3333333333333333,0.16666666666666666,0.0,0.16666666666666666,0.3333333333333333
P-0152,0.3333333333333333,0.0,0.16666666666666666,0.3333333333333333,0.16666666666666666
P-0153,0.3333333333333333,0.0,0.16666666666666666,0.16666666666666666,0.3333333333333333
P-0154,0.16666666666666666,0.0,0.16666666666666666,0.3333333333333333,0.3333333333333333
P-0155,0.0,0.0,0.16666666666666666,0.3333333333333333,0.5
P-0156,0.16666666666666666,0.0,0.3333333333333333,0.3333333333333333,0.16666666666666666
P-0157,0.3333333333333333,0.16666666666666666,0.16666666666666666,0.16666666666666666,0.16666666666666666
P-0158,0.16666666666666666,0.5,0.16666666666666666,0.16666666666666666,0.0
P-0159,0.3333333333333333,0.0,0.3333333333333333,0.3333333333333333,0.0
P-0160,0.0,0.0,0.3333333333333333,0.5,0.16666666666666666
P-0161,0.0,0.0,0.0,0.16666666666666666,0.8333333333333334
P-0162,0.0,0.0,0.16666666666666666,0.3333333333333333,0.5
P-0163,0.5,0.0,0.0,0.3333333333333333,0.16666666666666666
P-0164,0.6666666666666666,0.0,0.0,0.16666666666666666,0.16666666666666666
P-0165,0.16666666666666666,0.5,0.0,0.16666666666666666,0.16666666666666666
P-0166,0.3333333333333333,0.16666666666666666,0.0,0.16666666666666666,0.3333333333333333
P-0167,0.5,0.0,0.16666666666666666,0.3333333333333333,0.0
P-0168,0.5,0.0,0.0,0.16666666666666666,0.3333333333333333
P-0169,0.5,0.16666666666666666,0.16666666666666666,0.16666666666666666,0.0
P-0170,0.0,0.3333333333333333,0.0,0.16666666666666666,0.5
P-0171,0.3333333333333333,0.3333333333333333,0.3333333333333333,0.0,0.0
P-0172,0.5,0.3333333333333333,0.0,0.0,0.16666666666666666
P-0173,0.16666666666666666,0.16666666666666666,0.0,0.16666666666666666,0.5
P-0174,0.16666666666666666,0.16666666666666666,0.3333333333333333,0.16666666666666666,0.16666666666666666
P-0175,0.0,0.3333333333333333,0.0,0.16666666666666666,0.5
P-0176,0.16666666666666666,0.3333333333333333,0.0,0.0,0.5
P-0177,0.16666666666666666,0.6666666666666666,0.16666666666666666,0.0,0.0
P-0178,0.0,0.5,0.16666666666666666,0.0,0.3333333333333333
P-0179,0.5,0.3333333333333333,0.0,0.0,0.16666666666666666
P-0180,0.3333333333333333,0.3333333333333333,0.0,0.3333333333333333,0.0
P-0181,0.6666666666666666,0.16666666666666666,0.0,0.0,0.16666666666666666
P-0182,0.3333333333333333,0.16666666666666666,0.0,0.0,0.5
P-0183,0.3333333333333333,0.16666666666666666,0.0,0.0,0.5
P-0184,0.3333333333333333,0.16666666666666666,0.0,0.0,0.5
P-0185,0.3333333333333333,0.16666666666666666,0.16666666666666666,0.0,0.3333333333333333
P-0186,0.3333333333333333,0.3333333333333333,0.0,0.0,0.3333333333333333
P-0187,0.16666666666666666,0.16666666666666666,0.16666666666666666,0.16666666666666666,0.3333333333333333
P-0188,0.16666666666666666,0.3333333333333333,0.0,0.0,0.5
P-0189,0.6666666666666666,0.16666666666666666,0.0,0.0,0.16666666666666666
P-0190,0.5,0.16666666666666666,0.16666666666666666,0.0,0.16666666666666666
P-0191,0.16666666666666666,0.5,0.16666666666666666,0.0,0.16666666666666666
P-0192,0.3333333333333333,0.16666666666666666,0.16666666666666666,0.0,0.3333333333333333
P-0193,0.5,0.5,0.0,0.0,0.0
P-0194,0.3333333333333333,0.3333333333333333,0.0,0.16666666666666666,0.16666666666666666
P-0195,0.3333333333333333,0.16666666666666666,0.0,0.16666666666666666,0.3333333333333333
P-0196,0.3333333333333333,0.3333333333333333,0.16666666666666666,0.0,0.16666666666666666
P-0197,0.3333333333333333,0.16666666666666666,0.0,0.0,0.5
P-0198,0.0,0.3333333333333333,0.0,0.0,0.6666666666666666
P-0199,0.3333333333333333,0.3333333333333333,0.16666666666666666,0.0,0.16666666666666666
P-0200,0.0,0.16666666666666666,0.3333333333333333,0.0,0.5
P-0201,0.0,0.16666666666666666,0.0,0.0,0.8333333333333334
P-0202,0.3333333333333333,0.16666666666666666,0.0,0.0,0.5
P-0203,0.0,0.3333333333333333,0.16666666666666666,0.16666666666666666,0.3333333333333333
P-0204,0.16666666666666666,0.16666666666666666,0.0,0.0,0.6666666666666666
P-0205,0.16666666666666666,0.5,0.0,0.0,0.3333333333333333
P-0206,0.0,0.16666666666666666,0.16666666666666666,0.16666666666666666,0.5
P-0207,0.5,0.16666666666666666,0.0,0.16666666666666666,0.16666666666666666
P-0208,0.3333333333333333,0.6666666666666666,0.0,0.0,0.0
P-0209,0.3333333333333333,0.16666666666666666,0.16666666666666666,0.0,0.3333333333333333
P-0210,0.3333333333333333,0.6666666666666666,0.0,0.0,0.0
P-0211,0.0,0.3333333333333333,0.16666666666666666,0.0,0.5
P-0212,0.8333333333333334,0.16666666666666666,0.0,0.0,0.0
P-0213,0.6666666666666666,0.0,0.0,0.16666666666666666,0.16666666666666666
P-0214,0.6666666666666666,0.0,0.0,0.16666666666666666,0.16666666666666666
P-0215,0.5,0.16666666666666666,0.0,0.0,0.3333333333333333
P-0216,1.0,0.0,0.0,0.0,0.0
P-0217,0.6666666666666666,0.0,0.0,0.0,0.3333333333333333
P-0218,0.8333333333333334,0.0,0.0,0.0,0.16666666666666666
P-0219,0.6666666666666666,0.16666666666666666,0.0,0.0,0.16666666666666666
P-0220,0.5,0.16666666666666666,0.0,0.16666666666666666,0.16666666666666666
P-0221,0.5,0.0,0.16666666666666666,0.16666666666666666,0.16666666666666666
P-0222,0.6666666666666666,0.0,0.0,0.3333333333333333,0.0
P-0223,0.5,0.16666666666666666,0.0,0.3333333333333333,0.0
P-0224,0.5,0.0,0.0,0.16666666666666666,0.3333333333333333
P-0225,0.8333333333333334,0.0,0.0,0.16666666666666666,0.0
P-0226,0.3333333333333333,0.3333333333333333,0.16666666666666666,0.16666666666666666,0.0
P-0227,0.16666666666666666,0.3333333333333333,0.0,0.3333333333333333,0.16666666666666666
P-0228,0.3333333333333333,0.3333333333333333,0.0,0.0,0.3333333333333333
P-0229,0.16666666666666666,0.3333333333333333,0.0,0.0,0.5
P-0230,0.16666666666666666,0.5,0.0,0.0,0.3333333333333333
P-0231,0.5,0.16666666666666666,0.0,0.0,0.3333333333333333
P-0232,0.3333333333333333,0.16666666666666666,0.0,0.0,0.5
P-0233,0.5,0.16666666666666666,0.0,0.0,0.3333333333333333
P-0234,0.3333333333333333,0.16666666666666666,0.16666666666666666,0.0,0.3333333333333333
P-0235,0.3333333333333333,0.3333333333333333,0.16666666666666666,0.0,0.16666666666666666
P-0236,0.3333333333333333,0.16666666666666666,0.0,0.0,0.5
P-0237,0.16666666666666666,0.16666666666666666,0.0,0.0,0.6666666666666666
P-0238,0.3333333333333333,0.3333333333333333,0.0,0.0,0.3333333333333333
P-0239,0.16666666666666666,0.16666666666666666,0.0,0.0,0.6666666666666666
P-0240,0.3333333333333333,0.3333333333333333,0.0,0.0,0.3333333333333333
P-0241,0.16666666666666666,0.16666666666666666,0.0,0.0,0.6666666666666666
P-0242,0.5,0.16666666666666666,0.0,0.0,0.3333333333333333
P-0243,0.3333333333333333,0.3333333333333333,0.16666666666666666,0.0,0.16666666666666666
P-0244,0.6666666666666666,0.0,0.16666666666666666,0.0,0.16666666666666666
P-0245,0.6666666666666666,0.0,0.0,0.0,0.3333333333333333
P-0246,0.6666666666666666,0.16666666666666666,0.0,0.0,0.16666666666666666
P-0247,0.8333333333333334,0.0,0.0,0.0,0.16666666666666666
P-0248,0.6666666666666666,0.0,0.16666666666666666,0.0,0.16666666666666666
P-0249,0.5,0.0,0.0,0.0,0.5
P-0250,0.6666666666666666,0.0,0.0,0.0,0.3333333333333333
P-0251,0.6666666666666666,0.16666666666666666,0.0,0.0,0.16666666666666666
P-0252,0.8333333333333334,0.0,0.0,0.0,0.16666666666666666
P-0253,0.6666666666666666,0.0,0.0,0.16666666666666666,0.16666666666666666
P-0254,0.6666666666666666,0.0,0.16666666666666666,0.0,0.16666666666666666
P-0255,0.5,0.0,0.0,0.0,0.5
P-0256,0.6666666666666666,0.0,0.0,0.0,0.3333333333333333
P-0257,0.3333333333333333,0.0,0.0,0.0,0.6666666666666666
P-0258,0.5,0.16666666666666666,0.16666666666666666,0.0,0.16666666666666666
P-0259,0.8333333333333334,0.0,0.0,0.0,0.16666666666666666
P-0260,1.0,0.0,0.0,0.0,0.0
P-0261,0.8333333333333334,0.16666666666666666,0.0,0.0,0.0
P-0262,0.8333333333333334,0.16666666666666666,0.0,0.0,0.0
P-0263,0.3333333333333333,0.16666666666666666,0.0,0.0,0.5
P-0264,0.3333333333333333,0.3333333333333333,0.0,0.0,0.3333333333333333
P-0265,0.8333333333333334,0.16666666666666666,0.0,0.0,0.0
P-0266,0.3333333333333333,0.3333333333333333,0.0,0.0,0.3333333333333333
P-0267,0.5,0.16666666666666666,0.16666666666666666,0.0,0.16666666666666666
P-0268,0.5,0.0,0.16666666666666666,0.0,0.3333333333333333
P-0269,0.6666666666666666,0.0,0.16666666666666666,0.0,0.16666666666666666
P-0270,1.0,0.0,0.0,0.0,0.0
P-0271,0.3333333333333333,0.16666666666666666,0.16666666666666666,0.0,0.3333333333333333
P-0272,0.3333333333333333,0.16666666666666666,0.16666666666666666,0.0,0.3333333333333333
P-0273,0.3333333333333333,0.3333333333333333,0.0,0.0,0.3333333333333333
P-0274,0.6666666666666666,0.16666666666666666,0.0,0.0,0.16666666666666666
P-0275,0.6666666666666666,0.16666666666666666,0.0,0.0,0.16666666666666666
P-0276,0.6666666666666666,0.16666666666666666,0.0,0.0,0.16666666666666666
P-0277,0.5,0.16666666666666666,0.0,0.0,0.3333333333333333
P-0278,0.6666666666666666,0.0,0.0,0.0,0.3333333333333333
P-0279,0.6666666666666666,0.0,0.16666666666666666,0.0,0.16666666666666666
P-0280,1.0,0.0,0.0,0.0,0.0
P-0281,0.6666666666666666,0.16666666666666666,0.0,0.0,0.16666666666666666
P-0282,0.5,0.16666666666666666,0.0,0.0,0.3333333333333333
P-0283,0.5,0.0,0.0,0.16666666666666666,0.3333333333333333
P-0284,0.5,0.16666666666666666,0.0,0.0,0.3333333333333333
P-0285,0.3333333333333333,0.16666666666666666,0.0,0.0,0.5
P-0286,0.8333333333333334,0.0,0.0,0.0,0.16666666666666666
P-0287,0.6666666666666666,0.0,0.0,0.16666666666666666,0.16666666666666666
P-0288,0.6666666666666666,0.0,0.16666666666666666,0.0,0.16666666666666666
P-0289,0.5,0.0,0.0,0.0,0.5
P-0290,0.16666666666666666,0.0,0.0,0.0,0.8333333333333334
P-0291,0.16666666666666666,0.16666666666666666,0.16666666666666666,0.0,0.5
P-0292,0.3333333333333333,0.0,0.0,0.0,0.6666666666666666
P-0293,0.16666666666666666,0.16666666666666666,0.0,0.0,0.6666666666666666
P-0294,0.3333333333333333,0.0,0.0,0.0,0.6666666666666666
P-0295,0.3333333333333333,0.16666666666666666,0.0,0.0,0.5
P-0296,0.6666666666666666,0.0,0.0,0.0,0.3333333333333333
P-0297,0.5,0.0,0.0,0.0,0.5
P-0298,0.3333333333333333,0.0,0.0,0.0,0.6666666666666666
P-0299,0.8333333333333334,0.0,0.0,0.0,0.16666666666666666
P-0300,0.5,0.0,0.0,0.0,0.5
P-0301,0.16666666666666666,0.3333333333333333,0.16666666666666666,0.0,0.3333333333333333
P-0302,0.3333333333333333,0.0,0.0,0.3333333333333333,0.3333333333333333
P-0303,0.5,0.16666666666666666,0.16666666666666666,0.0,0.16666666666666666
P-0304,0.16666666666666666,0.0,0.0,0.0,0.8333333333333334
P-0305,0.16666666666666666,0.16666666666666666,0.0,0.0,0.6666666666666666
P-0306,0.16666666666666666,0.16666666666666666,0.0,0.0,0.6666666666666666
P-0307,0.16666666666666666,0.16666666666666666,0.0,0.0,0.6666666666666666
P-0308,0.16666666666666666,0.16666666666666666,0.0,0.0,0.6666666666666666
P-0309,0.3333333333333333,0.16666666666666666,0.3333333333333333,0.0,0.16666666666666666
P-0310,0.8333333333333334,0.0,0.16666666666666666,0.0,0.0
P-0311,0.5,0.0,0.0,0.0,0.5
P-0312,0.5,0.16666666666666666,0.0,0.0,0.3333333333333333
P-0313,0.5,0.16666666666666666,0.0,0.0,0.3333333333333333
P-0314,0.5,0.0,0.16666666666666666,0.16666666666666666,0.16666666666666666
P-0315,0.6666666666666666,0.0,0.0,0.0,0.3333333333333333
P-0316,0.16666666666666666,0.16666666666666666,0.0,0.0,0.6666666666666666
P-0317,0.5,0.0,0.0,0.0,0.5
P-0318,0.3333333333333333,0.3333333333333333,0.0,0.0,0.3333333333333333
P-0319,0.3333333333333333,0.3333333333333333,0.0,0.0,0.3333333333333333
P-0320,0.16666666666666666,0.3333333333333333,0.0,0.16666666666666666,0.3333333333333333
P-0321,0.5,0.16666666666666666,0.0,0.0,0.3333333333333333
P-0322,0.3333333333333333,0.16666666666666666,0.0,0.0,0.5
P-0323,0.5,0.3333333333333333,0.0,0.0,0.16666666666666666
P-0324,0.6666666666666666,0.16666666666666666,0.0,0.0,0.16666666666666666
P-0325,0.6666666666666666,0.0,0.0,0.16666666666666666,0.16666666666666666
P-0326,0.6666666666666666,0.16666666666666666,0.0,0.0,0.16666666666666666
P-0327,0.5,0.3333333333333333,0.0,0.0,0.16666666666666666
P-0328,0.8333333333333334,0.0,0.0,0.0,0.16666666666666666
P-0329,0.3333333333333333,0.16666666666666666,0.0,0.0,0.5
P-0330,1.0,0.0,0.0,0.0,0.0
P-0331,0.8333333333333334,0.16666666666666666,0.0,0.0,0.0
P-0332,0.3333333333333333,0.0,0.0,0.0,0.6666666666666666
P-0333,0.5,0.3333333333333333,0.0,0.0,0.16666666666666666
P-0334,0.8333333333333334,0.0,0.0,0.0,0.16666666666666666
P-0335,0.6666666666666666,0.0,0.0,0.16666666666666666,0.16666666666666666
P-0336,0.6666666666666666,0.0,0.0,0.0,0.3333333333333333
P-0337,0.5,0.16666666666666666,0.0,0.0,0.3333333333333333
P-0338,0.5,0.0,0.0,0.16666666666666666,0.3333333333333333
P-0339,0.8333333333333334,0.0,0.0,0.0,0.16666666666666666
P-0340,0.3333333333333333,0.6666666666666666,0.0,0.0,0.0
P-0341,0.5,0.16666666666666666,0.0,0.0,0.3333333333333333
P-0342,0.5,0.3333333333333333,0.0,0.0,0.16666666666666666
P-0343,0.5,0.3333333333333333,0.0,0.0,0.16666666666666666
P-0344,0.3333333333333333,0.5,0.0,0.0,0.16666666666666666
P-0345,0.5,0.3333333333333333,0.0,0.0,0.16666666666666666
P-0346,0.3333333333333333,0.16666666666666666,0.0,0.0,0.5
P-0347,0.6666666666666666,0.16666666666666666,0.0,0.0,0.16666666666666666
P-0348,0.5,0.3333333333333333,0.0,0.0,0.16666666666666666
P-0349,0.3333333333333333,0.3333333333333333,0.0,0.0,0.3333333333333333
P-0350,0.5,0.16666666666666666,0.0,0.0,0.3333333333333333
P-0351,0.16666666666666666,0.3333333333333333,0.0,0.0,0.5
P-0352,0.16666666666666666,0.3333333333333333,0.0,0.0,0.5
P-0353,0.16666666666666666,0.3333333333333333,0.0,0.0,0.5
P-0354,0.3333333333333333,0.3333333333333333,0.0,0.0,0.3333333333333333
P-0355,0.6666666666666666,0.16666666666666666,0.16666666666666666,0.0,0.0
P-0356,0.6666666666666666,0.16666666666666666,0.0,0.0,0.16666666666666666
P-0357,0.16666666666666666,0.5,0.0,0.0,0.3333333333333333
P-0358,0.6666666666666666,0.16666666666666666,0.16666666666666666,0.0,0.0
P-0359,0.5,0.16666666666666666,0.16666666666666666,0.0,0.16666666666666666
P-0360,0.5,0.3333333333333333,0.16666666666666666,0.0,0.0
P-0361,0.16666666666666666,0.16666666666666666,0.16666666666666666,0.0,0.5
P-0362,0.6666666666666666,0.0,0.16666666666666666,0.0,0.16666666666666666
P-0363,0.6666666666666666,0.0,0.16666666666666666,0.0,0.16666666666666666
P-0364,0.6666666666666666,0.16666666666666666,0.16666666666666666,0.0,0.0
P-0365,0.16666666666666666,0.3333333333333333,0.16666666666666666,0.0,0.3333333333333333
P-0366,0.6666666666666666,0.16666666666666666,0.16666666666666666,0.0,0.0
P-0367,0.5,0.16666666666666666,0.16666666666666666,0.0,0.16666666666666666
P-0368,0.3333333333333333,0.3333333333333333,0.3333333333333333,0.0,0.0
P-0369,0.3333333333333333,0.16666666666666666,0.16666666666666666,0.0,0.3333333333333333
P-0370,0.6666666666666666,0.0,0.16666666666666666,0.16666666666666666,0.0
P-0371,0.6666666666666666,0.16666666666666666,0.16666666666666666,0.0,0.0
P-0372,0.0,0.0,0.16666666666666666,0.0,0.8333333333333334
P-0373,0.0,0.0,0.16666666666666666,0.0,0.8333333333333334
P-0374,0.16666666666666666,0.16666666666666666,0.16666666666666666,0.0,0.5
P-0375,0.16666666666666666,0.0,0.16666666666666666,0.0,0.6666666666666666
P-0376,0.3333333333333333,0.0,0.16666666666666666,0.16666666666666666,0.3333333333333333
P-0377,0.16666666666666666,0.16666666666666666,0.16666666666666666,0.0,0.5
P-0378,0.3333333333333333,0.16666666666666666,0.3333333333333333,0.0,0.16666666666666666
P-0379,0.6666666666666666,0.0,0.16666666666666666,0.0,0.16666666666666666
P-0380,0.0,0.16666666666666666,0.16666666666666666,0.0,0.6666666666666666
P-0381,0.3333333333333333,0.0,0.16666666666666666,0.0,0.5
P-0382,0.3333333333333333,0.16666666666666666,0.16666666666666666,0.0,0.3333333333333333
P-0383,0.5,0.0,0.16666666666666666,0.16666666666666666,0.16666666666666666
P-0384,0.16666666666666666,0.3333333333333333,0.16666666666666666,0.0,0.3333333333333333
P-0385,0.16666666666666666,0.3333333333333333,0.3333333333333333,0.0,0.16666666666666666
P-0386,0.16666666666666666,0.5,0.16666666666666666,0.0,0.16666666666666666
P-0387,0.6666666666666666,0.16666666666666666,0.0,0.0,0.16666666666666666
P-0388,0.3333333333333333,0.16666666666666666,0.0,0.0,0.5
P-0389,0.3333333333333333,0.0,0.16666666666666666,0.16666666666666666,0.3333333333333333
P-0390,0.5,0.0,0.0,0.3333333333333333,0.16666666666666666
P-0391,0.3333333333333333,0.0,0.3333333333333333,0.3333333333333333,0.0
P-0392,0.6666666666666666,0.16666666666666666,0.0,0.16666666666666666,0.0
P-0393,0.3333333333333333,0.3333333333333333,0.0,0.16666666666666666,0.16666666666666666
P-0394,0.16666666666666666,0.3333333333333333,0.0,0.0,0.5
P-0395,0.3333333333333333,0.16666666666666666,0.0,0.0,0.5
P-0396,0.6666666666666666,0.0,0.16666666666666666,0.0,0.16666666666666666
P-0397,0.5,0.0,0.0,0.0,0.5
P-0398,0.6666666666666666,0.0,0.16666666666666666,0.0,0.16666666666666666
P-0399,0.5,0.16666666666666666,0.16666666666666666,0.0,0.16666666666666666
P-0400,0.6666666666666666,0.16666666666666666,0.0,0.0,0.16666666666666666
P-0401,0.3333333333333333,0.0,0.3333333333333333,0.0,0.3333333333333333
P-0402,1.0,0.0,0.0,0.0,0.0
P-0403,0.5,0.16666666666666666,0.16666666666666666,0.0,0.16666666666666666
P-0404,0.3333333333333333,0.16666666666666666,0.0,0.16666666666666666,0.3333333333333333
P-0405,0.5,0.16666666666666666,0.0,0.0,0.3333333333333333
P-0406,0.3333333333333333,0.16666666666666666,0.0,0.16666666666666666,0.3333333333333333
P-0407,0.5,0.0,0.0,0.0,0.5
P-0408,0.6666666666666666,0.0,0.3333333333333333,0.0,0.0
P-0409,0.6666666666666666,0.0,0.16666666666666666,0.0,0.16666666666666666
P-0410,0.5,0.0,0.0,0.16666666666666666,0.3333333333333333
P-0411,0.5,0.0,0.0,0.0,0.5
P-0412,0.5,0.0,0.0,0.0,0.5
P-0413,0.8333333333333334,0.0,0.0,0.16666666666666666,0.0
P-0414,0.8333333333333334,0.0,0.0,0.0,0.16666666666666666
P-0415,0.3333333333333333,0.16666666666666666,0.0,0.16666666666666666,0.3333333333333333
P-0416,0.3333333333333333,0.0,0.0,0.0,0.6666666666666666
P-0417,0.3333333333333333,0.0,0.0,0.0,0.6666666666666666
P-0418,0.6666666666666666,0.0,0.0,0.0,0.3333333333333333
P-0419,0.6666666666666666,0.16666666666666666,0.0,0.0,0.16666666666666666
P-0420,0.5,0.16666666666666666,0.16666666666666666,0.0,0.16666666666666666
P-0421,0.16666666666666666,0.0,0.0,0.0,0.8333333333333334
P-0422,0.16666666666666666,0.0,0.3333333333333333,0.0,0.5
P-0423,0.3333333333333333,0.16666666666666666,0.16666666666666666,0.0,0.3333333333333333
P-0424,0.5,0.3333333333333333,0.0,0.0,0.16666666666666666
P-0425,0.5,0.0,0.0,0.16666666666666666,0.3333333333333333
P-0426,0.3333333333333333,0.0,0.0,0.0,0.6666666666666666
P-0427,0.5,0.3333333333333333,0.0,0.0,0.16666666666666666
P-0428,0.5,0.0,0.16666666666666666,0.0,0.3333333333333333
P-0429,0.6666666666666666,0.0,0.0,0.16666666666666666,0.16666666666666666
P-0430,0.3333333333333333,0.0,0.0,0.16666666666666666,0.5
P-0431,0.5,0.0,0.16666666666666666,0.0,0.3333333333333333
P-0432,0.5,0.0,0.16666666666666666,0.0,0.3333333333333333
P-0433,0.8333333333333334,0.0,0.0,0.0,0.16666666666666666
P-0434,0.3333333333333333,0.16666666666666666,0.0,0.16666666666666666,0.3333333333333333
P-0435,0.3333333333333333,0.3333333333333333,0.0,0.16666666666666666,0.16666666666666666
P-0436,0.3333333333333333,0.3333333333333333,0.0,0.0,0.3333333333333333
P-0437,0.5,0.3333333333333333,0.0,0.0,0.16666666666666666
P-0438,0.5,0.16666666666666666,0.16666666666666666,0.16666666666666666,0.0
P-0439,0.5,0.16666666666666666,0.16666666666666666,0.0,0.16666666666666666
P-0440,0.6666666666666666,0.16666666666666666,0.16666666666666666,0.0,0.0
P-0441,0.5,0.0,0.3333333333333333,0.16666666666666666,0.0
P-0442,0.5,0.16666666666666666,0.16666666666666666,0.0,0.16666666666666666
P-0443,0.3333333333333333,0.16666666666666666,0.16666666666666666,0.0,0.3333333333333333
P-0444,0.0,0.3333333333333333,0.16666666666666666,0.0,0.5
P-0445,0.0,0.5,0.16666666666666666,0.16666666666666666,0.16666666666666666
P-0446,0.3333333333333333,0.0,0.16666666666666666,0.16666666666666666,0.3333333333333333
P-0447,0.0,0.0,0.3333333333333333,0.5,0.16666666666666666
P-0448,0.16666666666666666,0.0,0.3333333333333333,0.3333333333333333,0.16666666666666666
P-0449,0.0,0.0,0.3333333333333333,0.5,0.16666666666666666
P-0450,0.3333333333333333,0.16666666666666666,0.16666666666666666,0.16666666666666666,0.16666666666666666
P-0451,0.0,0.0,0.3333333333333333,0.3333333333333333,0.3333333333333333
P-0452,0.16666666666666666,0.16666666666666666,0.16666666666666666,0.16666666666666666,0.3333333333333333
P-0453,0.6666666666666666,0.0,0.3333333333333333,0.0,0.0
P-0454,0.3333333333333333,0.16666666666666666,0.3333333333333333,0.16666666666666666,0.0
P-0455,0.0,0.0,0.5,0.5,0.0
P-0456,0.0,0.0,0.5,0.3333333333333333,0.16666666666666666
P-0457,0.0,0.0,0.5,0.3333333333333333,0.16666666666666666
P-0458,0.3333333333333333,0.0,0.5,0.0,0.16666666666666666
P-0459,0.16666666666666666,0.0,0.5,0.16666666666666666,0.16666666666666666
P-0460,0.5,0.0,0.16666666666666666,0.0,0.3333333333333333
P-0461,0.5,0.16666666666666666,0.16666666666666666,0.0,0.16666666666666666
P-0462,0.3333333333333333,0.3333333333333333,0.16666666666666666,0.0,0.16666666666666666
P-0463,0.6666666666666666,0.0,0.16666666666666666,0.16666666666666666,0.0
P-0464,0.5,0.16666666666666666,0.16666666666666666,0.16666666666666666,0.0
P-0465,0.5,0.3333333333333333,0.16666666666666666,0.0,0.0
P-0466,0.3333333333333333,0.0,0.16666666666666666,0.0,0.5
P-0467,0.3333333333333333,0.3333333333333333,0.16666666666666666,0.0,0.16666666666666666
P-0468,0.3333333333333333,0.0,0.16666666666666666,0.3333333333333333,0.16666666666666666
P-0469,0.16666666666666666,0.0,0.16666666666666666,0.3333333333333333,0.3333333333333333
P-0470,0.16666666666666666,0.0,0.5,0.0,0.3333333333333333
P-0471,0.16666666666666666,0.0,0.16666666666666666,0.16666666666666666,0.5
P-0472,0.3333333333333333,0.0,0.3333333333333333,0.0,0.3333333333333333
P-0473,0.5,0.16666666666666666,0.16666666666666666,0.0,0.16666666666666666
P-0474,0.6666666666666666,0.0,0.16666666666666666,0.0,0.16666666666666666
P-0475,0.3333333333333333,0.16666666666666666,0.3333333333333333,0.0,0.16666666666666666
P-0476,0.16666666666666666,0.0,0.3333333333333333,0.0,0.5
P-0477,0.16666666666666666,0.0,0.3333333333333333,0.16666666666666666,0.3333333333333333
P-0478,0.16666666666666666,0.0,0.3333333333333333,0.16666666666666666,0.3333333333333333
P-0479,0.0,0.0,0.3333333333333333,0.16666666666666666,0.5
P-0480,0.16666666666666666,0.16666666666666666,0.16666666666666666,0.0,0.5
P-0481,0.3333333333333333,0.0,0.3333333333333333,0.16666666666666666,0.16666666666666666
P-0482,0.16666666666666666,0.0,0.3333333333333333,0.16666666666666666,0.3333333333333333
P-0483,0.3333333333333333,0.0,0.3333333333333333,0.0,0.3333333333333333
P-0484,0.5,0.0,0.3333333333333333,0.0,0.16666666666666666
P-0485,0.5,0.0,0.16666666666666666,0.16666666666666666,0.16666666666666666
P-0486,0.5,0.0,0.16666666666666666,0.16666666666666666,0.16666666666666666
P-0487,0.5,0.0,0.16666666666666666,0.0,0.3333333333333333
P-0488,0.5,0.0,0.16666666666666666,0.16666666666666666,0.16666666666666666
P-0489,0.3333333333333333,0.16666666666666666,0.16666666666666666,0.16666666666666666,0.16666666666666666
P-0490,0.5,0.0,0.16666666666666666,0.16666666666666666,0.16666666666666666
P-0491,0.16666666666666666,0.0,0.3333333333333333,0.16666666666666666,0.3333333333333333
P-0492,0.3333333333333333,0.0,0.3333333333333333,0.3333333333333333,0.0
P-0493,0.3333333333333333,0.0,0.16666666666666666,0.3333333333333333,0.16666666666666666
P-0494,0.16666666666666666,0.0,0.3333333333333333,0.3333333333333333,0.16666666666666666
P-0495,0.6666666666666666,0.0,0.3333333333333333,0.0,0.0
P-0496,0.5,0.0,0.16666666666666666,0.0,0.3333333333333333
P-0497,0.16666666666666666,0.16666666666666666,0.3333333333333333,0.3333333333333333,0.0
P-0498,0.16666666666666666,0.3333333333333333,0.16666666666666666,0.16666666666666666,0.16666666666666666
P-0499,0.16666666666666666,0.16666666666666666,0.16666666666666666,0.0,0.5
P-0500,0.8333333333333334,0.16666666666666666,0.0,0.0,0.0
P-0501,0.6666666666666666,0.16666666666666666,0.0,0.0,0.16666666666666666
P-0502,0.6666666666666666,0.16666666666666666,0.0,0.16666666666666666,0.0
P-0503,0.8333333333333334,0.0,0.0,0.16666666666666666,0.0
P-0504,0.6666666666666666,0.16666666666666666,0.0,0.16666666666666666,0.0
P-0505,0.6666666666666666,0.3333333333333333,0.0,0.0,0.0
P-0506,0.8333333333333334,0.16666666666666666,0.0,0.0,0.0
P-0507,0.6666666666666666,0.16666666666666666,0.16666666666666666,0.0,0.0
P-0508,0.8333333333333334,0.16666666666666666,0.0,0.0,0.0
P-0509,0.6666666666666666,0.16666666666666666,0.16666666666666666,0.0,0.0
P-0510,0.5,0.0,0.0,0.16666666666666666,0.3333333333333333
P-0511,0.8333333333333334,0.16666666666666666,0.0,0.0,0.0
P-0512,0.8333333333333334,0.16666666666666666,0.0,0.0,0.0
P-0513,0.5,0.0,0.16666666666666666,0.0,0.3333333333333333
P-0514,0.6666666666666666,0.16666666666666666,0.0,0.0,0.16666666666666666
P-0515,0.6666666666666666,0.16666666666666666,0.0,0.0,0.16666666666666666
P-0516,0.6666666666666666,0.16666666666666666,0.0,0.0,0.16666666666666666
P-0517,0.6666666666666666,0.16666666666666666,0.0,0.0,0.16666666666666666
P-0518,0.6666666666666666,0.16666666666666666,0.16666666666666666,0.0,0.0
P-0519,0.3333333333333333,0.0,0.0,0.0,0.6666666666666666
P-0520,0.3333333333333333,0.0,0.16666666666666666,0.0,0.5
P-0521,0.6666666666666666,0.16666666666666666,0.0,0.0,0.16666666666666666
P-0522,0.6666666666666666,0.16666666666666666,0.0,0.0,0.16666666666666666
P-0523,0.5,0.16666666666666666,0.0,0.0,0.3333333333333333
P-0524,0.5,0.16666666666666666,0.0,0.16666666666666666,0.16666666666666666
P-0525,0.5,0.16666666666666666,0.0,0.16666666666666666,0.16666666666666666
P-0526,0.5,0.3333333333333333,0.0,0.0,0.16666666666666666
P-0527,0.6666666666666666,0.16666666666666666,0.0,0.0,0.16666666666666666
P-0528,0.5,0.16666666666666666,0.16666666666666666,0.0,0.16666666666666666
P-0529,0.6666666666666666,0.16666666666666666,0.0,0.0,0.16666666666666666
P-0530,0.5,0.16666666666666666,0.16666666666666666,0.0,0.16666666666666666
P-0531,0.6666666666666666,0.16666666666666666,0.0,0.0,0.16666666666666666
P-0532,0.6666666666666666,0.16666666666666666,0.0,0.0,0.16666666666666666
P-0533,0.5,0.16666666666666666,0.0,0.0,0.3333333333333333
P-0534,0.5,0.16666666666666666,0.0,0.0,0.3333333333333333
P-0535,0.5,0.16666666666666666,0.0,0.0,0.3333333333333333
P-0536,0.5,0.16666666666666666,0.16666666666666666,0.0,0.16666666666666666
P-0537,0.5,0.16666666666666666,0.0,0.0,0.3333333333333333
P-0538,0.5,0.16666666666666666,0.0,0.0,0.3333333333333333
P-0539,0.8333333333333334,0.0,0.0,0.0,0.16666666666666666
P-0540,0.6666666666666666,0.0,0.0,0.0,0.3333333333333333
P-0541,0.6666666666666666,0.0,0.0,0.16666666666666666,0.16666666666666666
P-0542,0.6666666666666666,0.0,0.0,0.16666666666666666,0.16666666666666666
P-0543,0.6666666666666666,0.16666666666666666,0.0,0.0,0.16666666666666666
P-0544,0.8333333333333334,0.0,0.0,0.0,0.16666666666666666
P-0545,0.6666666666666666,0.0,0.16666666666666666,0.0,0.16666666666666666
P-0546,0.8333333333333334,0.0,0.0,0.0,0.16666666666666666
P-0547,0.6666666666666666,0.0,0.16666666666666666,0.0,0.16666666666666666
P-0548,0.8333333333333334,0.0,0.0,0.0,0.16666666666666666
P-0549,0.8333333333333334,0.0,0.0,0.0,0.16666666666666666
P-0550,0.6666666666666666,0.0,0.0,0.0,0.3333333333333333
P-0551,0.6666666666666666,0.0,0.0,0.0,0.3333333333333333
P-0552,0.6666666666666666,0.0,0.0,0.0,0.3333333333333333
P-0553,0.6666666666666666,0.0,0.16666666666666666,0.0,0.16666666666666666
P-0554,0.6666666666666666,0.0,0.0,0.0,0.3333333333333333
P-0555,0.6666666666666666,0.0,0.0,0.0,0.3333333333333333
P-0556,0.8333333333333334,0.0,0.0,0.0,0.16666666666666666
P-0557,0.6666666666666666,0.16666666666666666,0.0,0.0,0.16666666666666666
P-0558,0.6666666666666666,0.16666666666666666,0.0,0.0,0.16666666666666666
P-0559,0.5,0.16666666666666666,0.0,0.0,0.3333333333333333
P-0560,0.5,0.16666666666666666,0.0,0.16666666666666666,0.16666666666666666
P-0561,0.5,0.16666666666666666,0.0,0.16666666666666666,0.16666666666666666
P-0562,0.5,0.3333333333333333,0.0,0.0,0.16666666666666666
P-0563,0.6666666666666666,0.16666666666666666,0.0,0.0,0.16666666666666666
P-0564,0.5,0.16666666666666666,0.16666666666666666,0.0,0.16666666666666666
P-0565,0.6666666666666666,0.16666666666666666,0.0,0.0,0.16666666666666666
P-0566,0.5,0.16666666666666666,0.16666666666666666,0.0,0.16666666666666666
P-0567,0.6666666666666666,0.16666666666666666,0.0,0.0,0.16666666666666666
P-0568,0.6666666666666666,0.16666666666666666,0.0,0.0,0.16666666666666666
P-0569,0.5,0.16666666666666666,0.0,0.0,0.3333333333333333
P-0570,0.5,0.16666666666666666,0.0,0.0,0.3333333333333333
P-0571,0.5,0.16666666666666666,0.0,0.0,0.3333333333333333
P-0572,0.5,0.16666666666666666,0.16666666666666666,0.0,0.16666666666666666
P-0573,0.5,0.16666666666666666,0.0,0.0,0.3333333333333333
P-0574,0.5,0.16666666666666666,0.0,0.0,0.3333333333333333
P-0575,0.6666666666666666,0.16666666666666666,0.0,0.0,0.16666666666666666
P-0576,0.5,0.3333333333333333,0.0,0.0,0.16666666666666666
P-0577,0.5,0.3333333333333333,0.0,0.0,0.16666666666666666
P-0578,0.5,0.3333333333333333,0.0,0.0,0.16666666666666666
P-0579,0.5,0.3333333333333333,0.0,0.0,0.16666666666666666
P-0580,0.8333333333333334,0.0,0.0,0.16666666666666666,0.0
P-0581,0.8333333333333334,0.16666666666666666,0.0,0.0,0.0
P-0582,0.8333333333333334,0.16666666666666666,0.0,0.0,0.0
P-0583,0.6666666666666666,0.3333333333333333,0.0,0.0,0.0
P-0584,0.6666666666666666,0.3333333333333333,0.0,0.0,0.0
P-0585,0.5,0.16666666666666666,0.0,0.0,0.3333333333333333
P-0586,0.3333333333333333,0.16666666666666666,0.16666666666666666,0.16666666666666666,0.16666666666666666
P-0587,0.3333333333333333,0.0,0.16666666666666666,0.16666666666666666,0.3333333333333333
P-0588,0.3333333333333333,0.16666666666666666,0.0,0.16666666666666666,0.3333333333333333
P-0589,0.5,0.16666666666666666,0.0,0.16666666666666666,0.16666666666666666
P-0590,0.3333333333333333,0.3333333333333333,0.0,0.16666666666666666,0.16666666666666666
P-0591,0.5,0.16666666666666666,0.0,0.16666666666666666,0.16666666666666666
P-0592,0.3333333333333333,0.3333333333333333,0.0,0.16666666666666666,0.16666666666666666
P-0593,0.3333333333333333,0.16666666666666666,0.0,0.16666666666666666,0.3333333333333333
P-0594,0.16666666666666666,0.16666666666666666,0.0,0.0,0.6666666666666666
P-0595,0.5,0.3333333333333333,0.0,0.0,0.16666666666666666
P-0596,0.3333333333333333,0.0,0.0,0.0,0.6666666666666666
P-0597,0.6666666666666666,0.16666666666666666,0.0,0.0,0.16666666666666666
P-0598,0.5,0.16666666666666666,0.16666666666666666,0.0,0.16666666666666666
P-0599,0.6666666666666666,0.16666666666666666,0.0,0.0,0.16666666666666666
P-0600,0.8333333333333334,0.16666666666666666,0.0,0.0,0.0
P-0601,0.5,0.0,0.0,0.0,0.5
P-0602,0.6666666666666666,0.16666666666666666,0.0,0.0,0.16666666666666666
P-0603,0.8333333333333334,0.0,0.0,0.16666666666666666,0.0
P-0604,0.8333333333333334,0.0,0.0,0.16666666666666666,0.0
P-0605,0.8333333333333334,0.0,0.0,0.16666666666666666,0.0
P-0606,0.8333333333333334,0.0,0.16666666666666666,0.0,0.0
P-0607,0.8333333333333334,0.0,0.0,0.0,0.16666666666666666
P-0608,0.8333333333333334,0.0,0.0,0.0,0.16666666666666666
P-0609,0.5,0.0,0.16666666666666666,0.0,0.3333333333333333
P-0610,0.3333333333333333,0.0,0.3333333333333333,0.16666666666666666,0.16666666666666666
P-0611,0.5,0.16666666666666666,0.16666666666666666,0.0,0.16666666666666666
P-0612,0.6666666666666666,0.0,0.3333333333333333,0.0,0.0
P-0613,1.0,0.0,0.0,0.0,0.0
P-0614,0.5,0.16666666666666666,0.16666666666666666,0.0,0.16666666666666666
P-0615,0.5,0.3333333333333333,0.16666666666666666,0.0,0.0
P-0616,0.6666666666666666,0.0,0.0,0.0,0.3333333333333333
P-0617,0.3333333333333333,0.0,0.16666666666666666,0.0,0.5
P-0618,0.6666666666666666,0.16666666666666666,0.0,0.0,0.16666666666666666
P-0619,0.6666666666666666,0.0,0.0,0.0,0.3333333333333333
P-0620,0.3333333333333333,0.3333333333333333,0.0,0.16666666666666666,0.16666666666666666
P-0621,0.3333333333333333,0.0,0.0,0.0,0.6666666666666666
P-0622,0.6666666666666666,0.16666666666666666,0.0,0.0,0.16666666666666666
P-0623,0.6666666666666666,0.16666666666666666,0.0,0.0,0.16666666666666666
P-0624,0.16666666666666666,0.16666666666666666,0.16666666666666666,0.16666666666666666,0.3333333333333333
P-0625,0.3333333333333333,0.3333333333333333,0.0,0.0,0.3333333333333333
P-0626,0.5,0.0,0.0,0.0,0.5
P-0627,0.5,0.16666666666666666,0.0,0.0,0.3333333333333333
P-0628,0.3333333333333333,0.0,0.16666666666666666,0.3333333333333333,0.16666666666666666
P-0629,0.5,0.16666666666666666,0.0,0.0,0.3333333333333333
P-0630,0.5,0.16666666666666666,0.0,0.0,0.3333333333333333
P-0631,0.5,0.16666666666666666,0.16666666666666666,0.0,0.16666666666666666
P-0632,0.3333333333333333,0.0,0.0,0.0,0.6666666666666666
P-0633,0.3333333333333333,0.16666666666666666,0.0,0.0,0.5
P-0634,0.3333333333333333,0.0,0.16666666666666666,0.16666666666666666,0.3333333333333333
P-0635,0.5,0.16666666666666666,0.0,0.0,0.3333333333333333
P-0636,0.5,0.16666666666666666,0.16666666666666666,0.0,0.16666666666666666
P-0637,0.16666666666666666,0.16666666666666666,0.16666666666666666,0.16666666666666666,0.3333333333333333
P-0638,0.3333333333333333,0.0,0.16666666666666666,0.16666666666666666,0.3333333333333333
P-0639,0.3333333333333333,0.0,0.16666666666666666,0.0,0.5
P-0640,0.5,0.16666666666666666,0.0,0.0,0.3333333333333333
P-0641,0.5,0.16666666666666666,0.0,0.0,0.3333333333333333
P-0642,0.3333333333333333,0.0,0.16666666666666666,0.0,0.5
P-0643,0.3333333333333333,0.16666666666666666,0.16666666666666666,0.0,0.3333333333333333
P-0644,0.5,0.16666666666666666,0.0,0.0,0.3333333333333333
P-0645,0.6666666666666666,0.0,0.0,0.16666666666666666,0.16666666666666666
P-0646,0.6666666666666666,0.16666666666666666,0.0,0.16666666666666666,0.0
P-0647,0.3333333333333333,0.3333333333333333,0.0,0.0,0.3333333333333333
P-0648,0.3333333333333333,0.0,0.16666666666666666,0.0,0.5
P-0649,0.5,0.0,0.0,0.0,0.5
P-0650,0.6666666666666666,0.16666666666666666,0.0,0.0,0.16666666666666666
P-0651,0.5,0.3333333333333333,0.0,0.0,0.16666666666666666
P-0652,0.3333333333333333,0.16666666666666666,0.0,0.16666666666666666,0.3333333333333333
P-0653,0.5,0.3333333333333333,0.0,0.0,0.16666666666666666
P-0654,0.8333333333333334,0.16666666666666666,0.0,0.0,0.0
P-0655,0.8333333333333334,0.0,0.0,0.0,0.16666666666666666
P-0656,0.6666666666666666,0.16666666666666666,0.0,0.0,0.16666666666666666
P-0657,0.3333333333333333,0.16666666666666666,0.0,0.0,0.5
P-0658,0.5,0.0,0.3333333333333333,0.16666666666666666,0.0
P-0659,0.5,0.16666666666666666,0.16666666666666666,0.16666666666666666,0.0
P-0660,0.8333333333333334,0.0,0.0,0.0,0.16666666666666666
P-0661,0.8333333333333334,0.0,0.0,0.0,0.16666666666666666
P-0662,0.5,0.0,0.0,0.0,0.5
P-0663,0.5,0.0,0.16666666666666666,0.0,0.3333333333333333
P-0664,0.5,0.0,0.0,0.16666666666666666,0.3333333333333333
P-0665,0.5,0.5,0.0,0.0,0.0
P-0666,0.5,0.16666666666666666,0.16666666666666666,0.0,0.16666666666666666
P-0667,0.5,0.16666666666666666,0.0,0.0,0.3333333333333333
P-0668,0.5,0.0,0.0,0.0,0.5
P-0669,0.5,0.0,0.16666666666666666,0.0,0.3333333333333333
P-0670,0.8333333333333334,0.16666666666666666,0.0,0.0,0.0
P-0671,0.8333333333333334,0.0,0.0,0.0,0.16666666666666666
P-0672,1.0,0.0,0.0,0.0,0.0
P-0673,0.5,0.16666666666666666,0.16666666666666666,0.0,0.16666666666666666
P-0674,0.5,0.3333333333333333,0.0,0.0,0.16666666666666666
P-0675,0.3333333333333333,0.3333333333333333,0.0,0.0,0.3333333333333333
P-0676,0.5,0.16666666666666666,0.16666666666666666,0.0,0.16666666666666666
P-0677,0.16666666666666666,0.0,0.0,0.16666666666666666,0.6666666666666666
P-0678,0.3333333333333333,0.16666666666666666,0.0,0.16666666666666666,0.3333333333333333
P-0679,0.3333333333333333,0.16666666666666666,0.0,0.0,0.5
P-0680,0.6666666666666666,0.0,0.0,0.16666666666666666,0.16666666666666666
P-0681,0.3333333333333333,0.16666666666666666,0.16666666666666666,0.0,0.3333333333333333
P-0682,1.0,0.0,0.0,0.0,0.0
P-0683,0.3333333333333333,0.6666666666666666,0.0,0.0,0.0
P-0684,0.5,0.5,0.0,0.0,0.0
P-0685,0.5,0.0,0.0,0.0,0.5
P-0686,0.3333333333333333,0.0,0.0,0.0,0.6666666666666666
P-0687,0.16666666666666666,0.0,0.0,0.0,0.8333333333333334
P-0688,0.3333333333333333,0.0,0.0,0.0,0.6666666666666666
P-0689,0.3333333333333333,0.0,0.16666666666666666,0.0,0.5
P-0690,0.3333333333333333,0.0,0.3333333333333333,0.0,0.3333333333333333
P-0691,0.5,0.16666666666666666,0.0,0.0,0.3333333333333333
P-0692,0.0,0.16666666666666666,0.16666666666666666,0.16666666666666666,0.5
P-0693,0.0,0.0,0.0,0.16666666666666666,0.8333333333333334
P-0694,0.0,0.0,0.0,0.16666666666666666,0.8333333333333334
P-0695,0.3333333333333333,0.16666666666666666,0.0,0.16666666666666666,0.3333333333333333
P-0696,0.3333333333333333,0.0,0.0,0.16666666666666666,0.5
P-0697,0.16666666666666666,0.3333333333333333,0.0,0.0,0.5
P-0698,0.3333333333333333,0.5,0.0,0.0,0.16666666666666666
P-0699,0.3333333333333333,0.3333333333333333,0.0,0.0,0.3333333333333333
P-0700,0.6666666666666666,0.16666666666666666,0.0,0.0,0.16666666666666666
P-0701,0.16666666666666666,0.3333333333333333,0.0,0.16666666666666666,0.3333333333333333
P-0702,0.3333333333333333,0.16666666666666666,0.0,0.0,0.5
P-0703,0.16666666666666666,0.3333333333333333,0.0,0.0,0.5
P-0704,0.3333333333333333,0.16666666666666666,0.16666666666666666,0.0,0.3333333333333333
P-0705,0.16666666666666666,0.16666666666666666,0.0,0.0,0.6666666666666666
P-0706,0.0,0.3333333333333333,0.0,0.0,0.6666666666666666
P-0707,0.16666666666666666,0.3333333333333333,0.0,0.0,0.5
P-0708,0.6666666666666666,0.0,0.0,0.16666666666666666,0.16666666666666666
P-0709,0.6666666666666666,0.0,0.0,0.16666666666666666,0.16666666666666666
P-0710,0.3333333333333333,0.0,0.16666666666666666,0.3333333333333333,0.16666666666666666
P-0711,0.8333333333333334,0.0,0.0,0.0,0.16666666666666666
P-0712,0.16666666666666666,0.16666666666666666,0.16666666666666666,0.0,0.5
P-0713,0.3333333333333333,0.0,0.0,0.0,0.6666666666666666
P-0714,0.3333333333333333,0.0,0.0,0.0,0.6666666666666666
P-0715,0.16666666666666666,0.0,0.0,0.0,0.8333333333333334
P-0716,0.16666666666666666,0.0,0.16666666666666666,0.0,0.6666666666666666
P-0717,0.16666666666666666,0.0,0.0,0.0,0.8333333333333334
P-0718,0.16666666666666666,0.16666666666666666,0.16666666666666666,0.0,0.5
P-0719,0.6666666666666666,0.0,0.16666666666666666,0.0,0.16666666666666666
P-0720,0.3333333333333333,0.0,0.16666666666666666,0.0,0.5
P-0721,0.16666666666666666,0.16666666666666666,0.0,0.16666666666666666,0.5
P-0722,0.16666666666666666,0.3333333333333333,0.0,0.0,0.5
P-0723,0.3333333333333333,0.16666666666666666,0.0,0.0,0.5
P-0724,0.3333333333333333,0.3333333333333333,0.0,0.0,0.3333333333333333
P-0725,0.3333333333333333,0.0,0.0,0.0,0.6666666666666666
P-0726,0.3333333333333333,0.16666666666666666,0.0,0.0,0.5
P-0727,0.16666666666666666,0.3333333333333333,0.0,0.0,0.5
P-0728,0.3333333333333333,0.16666666666666666,0.0,0.0,0.5
P-0729,0.5,0.0,0.0,0.0,0.5
P-0730,0.16666666666666666,0.0,0.16666666666666666,0.0,0.6666666666666666
P-0731,0.16666666666666666,0.0,0.0,0.0,0.8333333333333334
P-0732,0.3333333333333333,0.0,0.0,0.0,0.6666666666666666
P-0733,0.16666666666666666,0.0,0.0,0.0,0.8333333333333334
P-0734,0.16666666666666666,0.3333333333333333,0.0,0.0,0.5
P-0735,0.16666666666666666,0.0,0.0,0.0,0.8333333333333334
P-0736,0.8333333333333334,0.0,0.0,0.0,0.16666666666666666
P-0737,0.3333333333333333,0.3333333333333333,0.0,0.0,0.3333333333333333
P-0738,0.3333333333333333,0.16666666666666666,0.16666666666666666,0.0,0.3333333333333333
P-0739,0.6666666666666666,0.0,0.16666666666666666,0.0,0.16666666666666666
P-0740,0.5,0.0,0.3333333333333333,0.0,0.16666666666666666
P-0741,0.3333333333333333,0.3333333333333333,0.0,0.0,0.3333333333333333
P-0742,0.6666666666666666,0.0,0.0,0.0,0.3333333333333333
P-0743,0.3333333333333333,0.16666666666666666,0.0,0.0,0.5
P-0744,0.16666666666666666,0.16666666666666666,0.16666666666666666,0.16666666666666666,0.3333333333333333
P-0745,0.8333333333333334,0.0,0.0,0.0,0.16666666666666666
P-0746,0.5,0.0,0.0,0.0,0.5
P-0747,0.3333333333333333,0.0,0.16666666666666666,0.0,0.5
P-0748,0.3333333333333333,0.0,0.0,0.0,0.6666666666666666
P-0749,0.3333333333333333,0.16666666666666666,0.0,0.0,0.5
P-0750,0.16666666666666666,0.0,0.0,0.0,0.8333333333333334
P-0751,0.16666666666666666,0.0,0.0,0.0,0.8333333333333334
P-0752,0.3333333333333333,0.0,0.0,0.0,0.6666666666666666
P-0753,0.0,0.0,0.16666666666666666,0.0,0.8333333333333334
P-0754,0.3333333333333333,0.0,0.0,0.0,0.6666666666666666
P-0755,0.0,0.0,0.0,0.16666666666666666,0.8333333333333334
P-0756,0.0,0.0,0.0,0.0,1.0
P-0757,0.0,0.0,0.0,0.0,1.0
P-0758,0.3333333333333333,0.0,0.16666666666666666,0.0,0.5
P-0759,0.0,0.0,0.0,0.0,1.0
P-0760,0.16666666666666666,0.16666666666666666,0.0,0.0,0.6666666666666666
P-0761,0.0,0.16666666666666666,0.0,0.0,0.8333333333333334
P-0762,0.0,0.16666666666666666,0.0,0.0,0.8333333333333334
P-0763,0.16666666666666666,0.16666666666666666,0.16666666666666666,0.0,0.5
P-0764,0.16666666666666666,0.0,0.0,0.0,0.8333333333333334
P-0765,0.16666666666666666,0.16666666666666666,0.0,0.0,0.6666666666666666
P-0766,0.3333333333333333,0.16666666666666666,0.0,0.0,0.5
P-0767,0.6666666666666666,0.0,0.0,0.0,0.3333333333333333
P-0768,0.3333333333333333,0.16666666666666666,0.0,0.16666666666666666,0.3333333333333333
P-0769,0.3333333333333333,0.0,0.16666666666666666,0.0,0.5
P-0770,0.3333333333333333,0.16666666666666666,0.0,0.0,0.5
P-0771,0.3333333333333333,0.16666666666666666,0.0,0.0,0.5
P-0772,0.3333333333333333,0.16666666666666666,0.0,0.0,0.5
P-0773,0.16666666666666666,0.0,0.0,0.0,0.8333333333333334
P-0774,0.16666666666666666,0.16666666666666666,0.0,0.0,0.6666666666666666
P-0775,0.3333333333333333,0.16666666666666666,0.16666666666666666,0.0,0.3333333333333333
P-0776,0.16666666666666666,0.0,0.0,0.0,0.8333333333333334
P-0777,0.16666666666666666,0.16666666666666666,0.0,0.0,0.6666666666666666
P-0778,0.0,0.16666666666666666,0.0,0.0,0.8333333333333334
P-0779,0.0,0.16666666666666666,0.0,0.0,0.8333333333333334
P-0780,0.16666666666666666,0.0,0.0,0.0,0.8333333333333334
P-0781,0.0,0.0,0.0,0.0,1.0
P-0782,0.3333333333333333,0.16666666666666666,0.0,0.0,0.5
P-0783,0.0,0.16666666666666666,0.0,0.0,0.8333333333333334
P-0784,0.16666666666666666,0.3333333333333333,0.16666666666666666,0.0,0.3333333333333333
P-0785,0.6666666666666666,0.0,0.0,0.0,0.3333333333333333
P-0786,0.3333333333333333,0.0,0.0,0.16666666666666666,0.5
P-0787,0.6666666666666666,0.0,0.0,0.0,0.3333333333333333
P-0788,0.16666666666666666,0.0,0.0,0.0,0.8333333333333334
P-0789,0.3333333333333333,0.0,0.0,0.0,0.6666666666666666
P-0790,0.0,0.0,0.0,0.0,1.0
P-0791,0.0,0.0,0.0,0.0,1.0
P-0792,0.0,0.0,0.0,0.0,1.0
P-0793,0.0,0.0,0.16666666666666666,0.0,0.8333333333333334
P-0794,0.0,0.16666666666666666,0.0,0.0,0.8333333333333334
P-0795,0.16666666666666666,0.16666666666666666,0.0,0.0,0.6666666666666666
P-0796,0.16666666666666666,0.16666666666666666,0.0,0.0,0.6666666666666666
P-0797,0.3333333333333333,0.16666666666666666,0.0,0.0,0.5
P-0798,0.0,0.0,0.0,0.0,1.0
P-0799,0.5,0.0,0.0,0.16666666666666666,0.3333333333333333
P-0800,0.6666666666666666,0.0,0.16666666666666666,0.0,0.16666666666666666
P-0801,0.6666666666666666,0.0,0.16666666666666666,0.0,0.16666666666666666
P-0802,0.16666666666666666,0.16666666666666666,0.0,0.0,0.6666666666666666
P-0803,0.5,0.0,0.0,0.0,0.5
P-0804,0.16666666666666666,0.3333333333333333,0.0,0.0,0.5
P-0805,0.3333333333333333,0.3333333333333333,0.16666666666666666,0.0,0.16666666666666666
P-0806,0.0,0.3333333333333333,0.16666666666666666,0.0,0.5
P-0807,0.16666666666666666,0.16666666666666666,0.0,0.0,0.6666666666666666
P-0808,0.16666666666666666,0.16666666666666666,0.0,0.0,0.6666666666666666
P-0809,0.0,0.16666666666666666,0.0,0.0,0.8333333333333334
P-0810,0.0,0.3333333333333333,0.16666666666666666,0.0,0.5
P-0811,0.16666666666666666,0.3333333333333333,0.0,0.0,0.5
P-0812,0.0,0.3333333333333333,0.0,0.0,0.6666666666666666
P-0813,0.5,0.3333333333333333,0.0,0.0,0.16666666666666666
P-0814,0.16666666666666666,0.0,0.16666666666666666,0.3333333333333333,0.3333333333333333
P-0815,0.5,0.3333333333333333,0.0,0.0,0.16666666666666666
P-0816,0.8333333333333334,0.0,0.0,0.0,0.16666666666666666
P-0817,0.5,0.16666666666666666,0.0,0.0,0.3333333333333333
P-0818,0.3333333333333333,0.16666666666666666,0.0,0.16666666666666666,0.3333333333333333
P-0819,0.5,0.16666666666666666,0.0,0.0,0.3333333333333333
P-0820,0.3333333333333333,0.16666666666666666,0.16666666666666666,0.0,0.3333333333333333
P-0821,0.16666666666666666,0.0,0.5,0.0,0.3333333333333333
P-0822,0.0,0.0,0.5,0.0,0.5
P-0823,0.3333333333333333,0.0,0.16666666666666666,0.3333333333333333,0.16666666666666666
P-0824,0.5,0.16666666666666666,0.0,0.0,0.3333333333333333
P-0825,0.5,0.0,0.0,0.0,0.5
P-0826,0.16666666666666666,0.0,0.0,0.0,0.8333333333333334
P-0827,0.5,0.0,0.0,0.0,0.5
P-0828,0.5,0.0,0.16666666666666666,0.0,0.3333333333333333
P-0829,0.3333333333333333,0.16666666666666666,0.0,0.0,0.5
P-0830,0.3333333333333333,0.16666666666666666,0.16666666666666666,0.0,0.3333333333333333
P-0831,0.3333333333333333,0.0,0.0,0.0,0.6666666666666666
P-0832,0.5,0.16666666666666666,0.0,0.0,0.3333333333333333
P-0833,0.3333333333333333,0.0,0.0,0.3333333333333333,0.3333333333333333
P-0834,0.16666666666666666,0.0,0.0,0.0,0.8333333333333334
P-0835,0.0,0.0,0.16666666666666666,0.5,0.3333333333333333
P-0836,0.16666666666666666,0.0,0.16666666666666666,0.3333333333333333,0.3333333333333333
P-0837,0.0,0.0,0.16666666666666666,0.0,0.8333333333333334
P-0838,0.0,0.0,0.16666666666666666,0.16666666666666666,0.6666666666666666
P-0839,0.5,0.0,0.0,0.16666666666666666,0.3333333333333333
P-0840,0.16666666666666666,0.0,0.3333333333333333,0.3333333333333333,0.16666666666666666
P-0841,0.16666666666666666,0.0,0.0,0.3333333333333333,0.5
P-0842,0.16666666666666666,0.16666666666666666,0.0,0.0,0.6666666666666666
P-0843,0.5,0.0,0.0,0.0,0.5
P-0844,0.3333333333333333,0.0,0.16666666666666666,0.0,0.5
P-0845,0.3333333333333333,0.16666666666666666,0.0,0.0,0.5
P-0846,0.3333333333333333,0.0,0.3333333333333333,0.0,0.3333333333333333
P-0847,0.16666666666666666,0.16666666666666666,0.0,0.0,0.6666666666666666
P-0848,0.5,0.0,0.0,0.0,0.5
P-0849,0.5,0.16666666666666666,0.0,0.0,0.3333333333333333
P-0850,0.3333333333333333,0.16666666666666666,0.0,0.0,0.5
P-0851,0.16666666666666666,0.16666666666666666,0.3333333333333333,0.16666666666666666,0.16666666666666666
P-0852,0.16666666666666666,0.5,0.0,0.0,0.3333333333333333
P-0853,0.5,0.16666666666666666,0.0,0.0,0.3333333333333333
P-0854,0.16666666666666666,0.16666666666666666,0.0,0.0,0.6666666666666666
P-0855,0.16666666666666666,0.16666666666666666,0.0,0.0,0.6666666666666666
P-0856,0.5,0.0,0.16666666666666666,0.0,0.3333333333333333
P-0857,0.3333333333333333,0.16666666666666666,0.0,0.0,0.5
P-0858,0.5,0.0,0.0,0.0,0.5
P-0859,0.16666666666666666,0.0,0.0,0.0,0.8333333333333334
P-0860,0.16666666666666666,0.16666666666666666,0.16666666666666666,0.0,0.5
P-0861,0.3333333333333333,0.16666666666666666,0.16666666666666666,0.0,0.3333333333333333
P-0862,0.5,0.16666666666666666,0.0,0.0,0.3333333333333333
P-0863,0.3333333333333333,0.3333333333333333,0.0,0.0,0.3333333333333333
P-0864,0.3333333333333333,0.3333333333333333,0.0,0.0,0.3333333333333333
P-0865,0.5,0.0,0.16666666666666666,0.0,0.3333333333333333
P-0866,0.6666666666666666,0.0,0.16666666666666666,0.0,0.16666666666666666
P-0867,0.5,0.16666666666666666,0.0,0.0,0.3333333333333333
P-0868,0.3333333333333333,0.0,0.16666666666666666,0.0,0.5
P-0869,0.0,0.0,0.3333333333333333,0.0,0.6666666666666666
P-0870,0.16666666666666666,0.16666666666666666,0.0,0.16666666666666666,0.5
P-0871,0.3333333333333333,0.3333333333333333,0.0,0.0,0.3333333333333333
P-0872,0.3333333333333333,0.16666666666666666,0.0,0.0,0.5
P-0873,0.5,0.16666666666666666,0.0,0.0,0.3333333333333333
P-0874,0.16666666666666666,0.0,0.0,0.0,0.8333333333333334
P-0875,0.3333333333333333,0.16666666666666666,0.0,0.0,0.5
P-0876,0.0,0.0,0.0,0.0,1.0
P-0877,0.16666666666666666,0.0,0.0,0.0,0.8333333333333334
P-0878,0.0,0.16666666666666666,0.0,0.0,0.8333333333333334
P-0879,0.3333333333333333,0.0,0.0,0.0,0.6666666666666666
P-0880,0.16666666666666666,0.3333333333333333,0.0,0.0,0.5
P-0881,0.0,0.3333333333333333,0.0,0.0,0.6666666666666666
P-0882,0.5,0.16666666666666666,0.0,0.0,0.3333333333333333
P-0883,0.3333333333333333,0.0,0.3333333333333333,0.0,0.3333333333333333
P-0884,0.5,0.0,0.0,0.0,0.5
P-0885,0.16666666666666666,0.0,0.0,0.0,0.8333333333333334
P-0886,0.0,0.16666666666666666,0.0,0.0,0.8333333333333334
P-0887,0.3333333333333333,0.16666666666666666,0.0,0.0,0.5
P-0888,0.16666666666666666,0.0,0.16666666666666666,0.0,0.6666666666666666
P-0889,0.3333333333333333,0.16666666666666666,0.16666666666666666,0.0,0.3333333333333333
P-0890,0.3333333333333333,0.0,0.16666666666666666,0.0,0.5
P-0891,0.0,0.0,0.0,0.0,1.0
P-0892,0.16666666666666666,0.0,0.0,0.0,0.8333333333333334
P-0893,0.0,0.16666666666666666,0.0,0.0,0.8333333333333334
P-0894,0.0,0.16666666666666666,0.0,0.0,0.8333333333333334
P-0895,0.0,0.16666666666666666,0.0,0.0,0.8333333333333334
P-0896,0.0,0.16666666666666666,0.16666666666666666,0.0,0.6666666666666666
P-0897,0.0,0.16666666666666666,0.0,0.0,0.8333333333333334
P-0898,0.16666666666666666,0.0,0.0,0.0,0.8333333333333334
P-0899,0.16666666666666666,0.16666666666666666,0.0,0.0,0.6666666666666666
P-0900,0.0,0.16666666666666666,0.0,0.0,0.8333333333333334
P-0901,0.0,0.16666666666666666,0.0,0.0,0.8333333333333334
P-0902,0.16666666666666666,0.16666666666666666,0.0,0.0,0.6666666666666666
P-0903,0.16666666666666666,0.16666666666666666,0.0,0.0,0.6666666666666666
P-0904,0.0,0.16666666666666666,0.0,0.0,0.8333333333333334
P-0905,0.16666666666666666,0.16666666666666666,0.0,0.0,0.6666666666666666
P-0906,0.0,0.16666666666666666,0.0,0.16666666666666666,0.6666666666666666
P-0907,0.0,0.16666666666666666,0.0,0.0,0.8333333333333334
P-0908,0.0,0.16666666666666666,0.0,0.0,0.8333333333333334
P-0909,0.3333333333333333,0.16666666666666666,0.16666666666666666,0.0,0.3333333333333333
P-0910,0.16666666666666666,0.0,0.0,0.0,0.8333333333333334
P-0911,0.3333333333333333,0.16666666666666666,0.0,0.0,0.5
P-0912,0.3333333333333333,0.0,0.0,0.0,0.6666666666666666
P-0913,0.3333333333333333,0.16666666666666666,0.0,0.0,0.5
P-0914,0.0,0.16666666666666666,0.0,0.0,0.8333333333333334
P-0915,0.16666666666666666,0.16666666666666666,0.0,0.0,0.6666666666666666
P-0916,0.0,0.16666666666666666,0.0,0.0,0.8333333333333334
P-0917,0.16666666666666666,0.3333333333333333,0.0,0.0,0.5
P-0918,0.16666666666666666,0.0,0.16666666666666666,0.16666666666666666,0.5
P-0919,0.0,0.0,0.3333333333333333,0.3333333333333333,0.3333333333333333
P-0920,0.3333333333333333,0.16666666666666666,0.0,0.0,0.5
P-0921,0.16666666666666666,0.3333333333333333,0.0,0.0,0.5
P-0922,0.3333333333333333,0.16666666666666666,0.0,0.0,0.5
P-0923,0.5,0.0,0.0,0.16666666666666666,0.3333333333333333
P-0924,0.5,0.16666666666666666,0.0,0.0,0.3333333333333333
P-0925,0.6666666666666666,0.0,0.16666666666666666,0.0,0.16666666666666666
P-0926,0.6666666666666666,0.0,0.0,0.0,0.3333333333333333
P-0927,0.16666666666666666,0.16666666666666666,0.16666666666666666,0.0,0.5
P-0928,0.0,0.5,0.0,0.16666666666666666,0.3333333333333333
P-0929,0.6666666666666666,0.16666666666666666,0.0,0.0,0.16666666666666666
P-0930,0.5,0.16666666666666666,0.0,0.0,0.3333333333333333
P-0931,0.5,0.16666666666666666,0.0,0.0,0.3333333333333333
P-0932,0.3333333333333333,0.16666666666666666,0.0,0.0,0.5
P-0933,0.0,0.16666666666666666,0.0,0.0,0.8333333333333334
P-0934,0.16666666666666666,0.16666666666666666,0.0,0.16666666666666666,0.5
P-0935,0.16666666666666666,0.16666666666666666,0.0,0.0,0.6666666666666666
P-0936,0.16666666666666666,0.16666666666666666,0.0,0.0,0.6666666666666666
P-0937,0.5,0.16666666666666666,0.16666666666666666,0.0,0.16666666666666666
P-0938,0.16666666666666666,0.0,0.3333333333333333,0.16666666666666666,0.3333333333333333
P-0939,0.0,0.5,0.16666666666666666,0.16666666666666666,0.16666666666666666
P-0940,0.16666666666666666,0.5,0.16666666666666666,0.0,0.16666666666666666
P-0941,0.3333333333333333,0.16666666666666666,0.16666666666666666,0.0,0.3333333333333333
P-0942,0.3333333333333333,0.16666666666666666,0.3333333333333333,0.0,0.16666666666666666
P-0943,0.16666666666666666,0.16666666666666666,0.3333333333333333,0.0,0.3333333333333333
P-0944,0.6666666666666666,0.0,0.16666666666666666,0.0,0.16666666666666666
P-0945,0.3333333333333333,0.0,0.16666666666666666,0.0,0.5
P-0946,0.5,0.16666666666666666,0.16666666666666666,0.16666666666666666,0.0
P-0947,0.5,0.16666666666666666,0.16666666666666666,0.0,0.16666666666666666
P-0948,0.16666666666666666,0.0,0.3333333333333333,0.16666666666666666,0.3333333333333333
P-0949,0.0,0.16666666666666666,0.16666666666666666,0.0,0.6666666666666666
P-0950,0.3333333333333333,0.16666666666666666,0.3333333333333333,0.0,0.16666666666666666
P-0951,0.16666666666666666,0.0,0.16666666666666666,0.0,0.6666666666666666
P-0952,0.5,0.16666666666666666,0.16666666666666666,0.0,0.16666666666666666
P-0953,0.16666666666666666,0.0,0.3333333333333333,0.0,0.5
P-0954,0.5,0.0,0.16666666666666666,0.16666666666666666,0.16666666666666666
P-0955,0.3333333333333333,0.3333333333333333,0.16666666666666666,0.16666666666666666,0.0
P-0956,0.5,0.16666666666666666,0.16666666666666666,0.0,0.16666666666666666
P-0957,0.3333333333333333,0.0,0.3333333333333333,0.0,0.3333333333333333
P-0958,0.3333333333333333,0.0,0.16666666666666666,0.0,0.5
P-0959,0.16666666666666666,0.3333333333333333,0.16666666666666666,0.0,0.3333333333333333
P-0960,0.16666666666666666,0.0,0.16666666666666666,0.3333333333333333,0.3333333333333333
P-0961,0.6666666666666666,0.0,0.0,0.0,0.3333333333333333
P-0962,0.5,0.0,0.0,0.0,0.5
P-0963,0.3333333333333333,0.0,0.0,0.16666666666666666,0.5
P-0964,0.5,0.16666666666666666,0.0,0.0,0.3333333333333333
P-0965,0.6666666666666666,0.0,0.0,0.16666666666666666,0.16666666666666666
P-0966,0.0,0.0,0.0,0.0,1.0
P-0967,0.16666666666666666,0.0,0.0,0.0,0.8333333333333334
P-0968,0.0,0.0,0.3333333333333333,0.5,0.16666666666666666
P-0969,0.16666666666666666,0.16666666666666666,0.0,0.16666666666666666,0.5
P-0970,0.3333333333333333,0.0,0.0,0.16666666666666666,0.5
P-0971,0.16666666666666666,0.0,0.0,0.16666666666666666,0.6666666666666666
P-0972,0.16666666666666666,0.0,0.0,0.16666666666666666,0.6666666666666666
P-0973,0.5,0.0,0.0,0.3333333333333333,0.16666666666666666
P-0974,0.3333333333333333,0.16666666666666666,0.0,0.16666666666666666,0.3333333333333333
P-0975,0.3333333333333333,0.0,0.16666666666666666,0.16666666666666666,0.3333333333333333
P-0976,0.3333333333333333,0.0,0.16666666666666666,0.16666666666666666,0.3333333333333333
P-0977,0.5,0.0,0.0,0.3333333333333333,0.16666666666666666
P-0978,0.3333333333333333,0.3333333333333333,0.0,0.0,0.3333333333333333
P-0979,0.16666666666666666,0.5,0.0,0.0,0.3333333333333333
P-0980,0.5,0.3333333333333333,0.0,0.0,0.16666666666666666
P-0981,0.3333333333333333,0.3333333333333333,0.0,0.0,0.3333333333333333
P-0982,0.5,0.16666666666666666,0.0,0.16666666666666666,0.16666666666666666
P-0983,0.8333333333333334,0.0,0.0,0.0,0.16666666666666666
P-0984,0.5,0.0,0.0,0.16666666666666666,0.3333333333333333
P-0985,0.3333333333333333,0.0,0.16666666666666666,0.16666666666666666,0.3333333333333333
P-0986,0.3333333333333333,0.16666666666666666,0.0,0.0,0.5
P-0987,0.16666666666666666,0.16666666666666666,0.16666666666666666,0.0,0.5
P-0988,0.6666666666666666,0.0,0.16666666666666666,0.0,0.16666666666666666
P-0989,0.3333333333333333,0.16666666666666666,0.0,0.0,0.5
P-0990,0.3333333333333333,0.0,0.0,0.0,0.6666666666666666
P-0991,0.6666666666666666,0.0,0.0,0.16666666666666666,0.16666666666666666
P-0992,0.3333333333333333,0.16666666666666666,0.0,0.0,0.5
P-0993,0.5,0.0,0.16666666666666666,0.16666666666666666,0.16666666666666666
P-0994,0.5,0.0,0.16666666666666666,0.16666666666666666,0.16666666666666666
P-0995,0.3333333333333333,0.0,0.0,0.16666666666666666,0.5
P-0996,0.3333333333333333,0.0,0.0,0.3333333333333333,0.3333333333333333
P-0997,0.5,0.0,0.0,0.0,0.5
P-0998,0.6666666666666666,0.0,0.0,0.16666666666666666,0.16666666666666666
P-0999,0.5,0.0,0.16666666666666666,0.16666666666666666,0.16666666666666666
P-1000,0.6666666666666666,0.16666666666666666,0.0,0.0,0.16666666666666666
P-1001,0.16666666666666666,0.16666666666666666,0.0,0.16666666666666666,0.5
P-1002,0.3333333333333333,0.0,0.16666666666666666,0.16666666666666666,0.3333333333333333
P-1003,0.6666666666666666,0.0,0.0,0.16666666666666666,0.16666666666666666
P-1004,0.3333333333333333,0.16666666666666666,0.0,0.16666666666666666,0.3333333333333333
P-1005,0.6666666666666666,0.0,0.0,0.16666666666666666,0.16666666666666666
P-1006,0.5,0.16666666666666666,0.0,0.0,0.3333333333333333
P-1007,0.5,0.0,0.0,0.0,0.5
P-1008,0.6666666666666666,0.0,0.0,0.0,0.3333333333333333
P-1009,0.6666666666666666,0.0,0.0,0.0,0.3333333333333333
P-1010,0.3333333333333333,0.16666666666666666,0.0,0.0,0.5
P-1011,0.16666666666666666,0.0,0.0,0.0,0.8333333333333334
P-1012,0.16666666666666666,0.0,0.0,0.0,0.8333333333333334
P-1013,0.0,0.16666666666666666,0.0,0.0,0.8333333333333334
P-1014,0.5,0.0,0.0,0.0,0.5
P-1015,0.0,0.0,0.0,0.0,1.0
P-1016,0.5,0.0,0.0,0.16666666666666666,0.3333333333333333
P-1017,0.5,0.0,0.0,0.16666666666666666,0.3333333333333333
P-1018,0.5,0.0,0.16666666666666666,0.0,0.3333333333333333
P-1019,0.16666666666666666,0.3333333333333333,0.0,0.0,0.5
P-1020,0.5,0.0,0.0,0.0,0.5
P-1021,0.3333333333333333,0.16666666666666666,0.16666666666666666,0.0,0.3333333333333333
P-1022,0.16666666666666666,0.0,0.0,0.0,0.8333333333333334
P-1023,0.0,0.0,0.0,0.0,1.0
P-1024,0.5,0.0,0.0,0.16666666666666666,0.3333333333333333
P-1025,0.16666666666666666,0.0,0.3333333333333333,0.16666666666666666,0.3333333333333333
P-1026,0.0,0.0,0.16666666666666666,0.0,0.8333333333333334
P-1027,0.5,0.0,0.16666666666666666,0.16666666666666666,0.16666666666666666
P-1028,0.5,0.0,0.16666666666666666,0.0,0.3333333333333333
P-1029,0.3333333333333333,0.0,0.0,0.16666666666666666,0.5
P-1030,0.16666666666666666,0.16666666666666666,0.0,0.0,0.6666666666666666
P-1031,0.0,0.0,0.0,0.0,1.0
P-1032,0.16666666666666666,0.0,0.0,0.0,0.8333333333333334
P-1033,0.3333333333333333,0.0,0.16666666666666666,0.0,0.5
P-1034,0.3333333333333333,0.0,0.0,0.0,0.6666666666666666
P-1035,0.3333333333333333,0.0,0.0,0.0,0.6666666666666666
P-1036,0.5,0.0,0.0,0.16666666666666666,0.3333333333333333
P-1037,0.3333333333333333,0.0,0.0,0.0,0.6666666666666666
P-1038,0.5,0.16666666666666666,0.0,0.0,0.3333333333333333
P-1039,0.0,0.3333333333333333,0.0,0.0,0.6666666666666666
P-1040,0.16666666666666666,0.16666666666666666,0.0,0.3333333333333333,0.3333333333333333
P-1041,0.5,0.0,0.0,0.16666666666666666,0.3333333333333333
P-1042,0.3333333333333333,0.0,0.0,0.3333333333333333,0.3333333333333333
P-1043,0.3333333333333333,0.0,0.0,0.3333333333333333,0.3333333333333333
P-1044,0.16666666666666666,0.3333333333333333,0.0,0.16666666666666666,0.3333333333333333
P-1045,0.3333333333333333,0.16666666666666666,0.0,0.16666666666666666,0.3333333333333333
P-1046,0.3333333333333333,0.16666666666666666,0.0,0.16666666666666666,0.3333333333333333
P-1047,0.0,0.3333333333333333,0.0,0.16666666666666666,0.5
P-1048,0.16666666666666666,0.16666666666666666,0.0,0.16666666666666666,0.5
P-1049,0.5,0.0,0.0,0.16666666666666666,0.3333333333333333
P-1050,0.3333333333333333,0.0,0.16666666666666666,0.16666666666666666,0.3333333333333333
P-1051,0.5,0.0,0.0,0.16666666666666666,0.3333333333333333
P-1052,0.3333333333333333,0.0,0.16666666666666666,0.16666666666666666,0.3333333333333333
P-1053,0.3333333333333333,0.16666666666666666,0.0,0.16666666666666666,0.3333333333333333
P-1054,0.5,0.0,0.0,0.16666666666666666,0.3333333333333333
P-1055,0.3333333333333333,0.16666666666666666,0.0,0.16666666666666666,0.3333333333333333
P-1056,0.5,0.0,0.0,0.16666666666666666,0.3333333333333333
P-1057,0.3333333333333333,0.16666666666666666,0.0,0.16666666666666666,0.3333333333333333
P-1058,0.16666666666666666,0.16666666666666666,0.0,0.16666666666666666,0.5
P-1059,0.3333333333333333,0.0,0.0,0.16666666666666666,0.5
P-1060,0.5,0.0,0.0,0.16666666666666666,0.3333333333333333
P-1061,0.3333333333333333,0.0,0.0,0.0,0.6666666666666666
P-1062,0.16666666666666666,0.16666666666666666,0.0,0.16666666666666666,0.5
P-1063,0.3333333333333333,0.0,0.0,0.16666666666666666,0.5
P-1064,0.16666666666666666,0.16666666666666666,0.0,0.16666666666666666,0.5
P-1065,0.0,0.0,0.0,0.0,1.0
P-1066,0.0,0.0,0.0,0.0,1.0
P-1067,0.0,0.16666666666666666,0.0,0.16666666666666666,0.6666666666666666
P-1068,0.16666666666666666,0.0,0.0,0.16666666666666666,0.6666666666666666
P-1069,0.3333333333333333,0.0,0.0,0.16666666666666666,0.5
P-1070,0.16666666666666666,0.16666666666666666,0.0,0.16666666666666666,0.5
P-1071,0.3333333333333333,0.0,0.0,0.16666666666666666,0.5
P-1072,0.16666666666666666,0.16666666666666666,0.0,0.16666666666666666,0.5
P-1073,0.3333333333333333,0.0,0.16666666666666666,0.16666666666666666,0.3333333333333333
P-1074,0.3333333333333333,0.0,0.0,0.16666666666666666,0.5
P-1075,0.3333333333333333,0.0,0.0,0.16666666666666666,0.5
P-1076,0.3333333333333333,0.0,0.0,0.0,0.6666666666666666
P-1077,0.5,0.0,0.0,0.16666666666666666,0.3333333333333333
P-1078,0.3333333333333333,0.0,0.0,0.3333333333333333,0.3333333333333333
P-1079,0.3333333333333333,0.0,0.0,0.3333333333333333,0.3333333333333333
P-1080,0.3333333333333333,0.16666666666666666,0.0,0.16666666666666666,0.3333333333333333
P-1081,0.5,0.0,0.0,0.16666666666666666,0.3333333333333333
P-1082,0.3333333333333333,0.0,0.16666666666666666,0.16666666666666666,0.3333333333333333
P-1083,0.5,0.0,0.0,0.16666666666666666,0.3333333333333333
P-1084,0.3333333333333333,0.0,0.0,0.3333333333333333,0.3333333333333333
P-1085,0.3333333333333333,0.0,0.0,0.3333333333333333,0.3333333333333333
P-1086,0.3333333333333333,0.16666666666666666,0.0,0.16666666666666666,0.3333333333333333
P-1087,0.5,0.0,0.0,0.16666666666666666,0.3333333333333333
P-1088,0.3333333333333333,0.0,0.16666666666666666,0.16666666666666666,0.3333333333333333
P-1089,0.6666666666666666,0.0,0.0,0.0,0.3333333333333333
P-1090,0.5,0.0,0.0,0.16666666666666666,0.3333333333333333
P-1091,0.5,0.0,0.0,0.16666666666666666,0.3333333333333333
P-1092,0.5,0.16666666666666666,0.0,0.0,0.3333333333333333
P-1093,0.6666666666666666,0.0,0.0,0.0,0.3333333333333333
P-1094,0.5,0.0,0.16666666666666666,0.0,0.3333333333333333
P-1095,0.6666666666666666,0.0,0.0,0.0,0.3333333333333333
P-1096,0.5,0.0,0.16666666666666666,0.0,0.3333333333333333
P-1097,0.6666666666666666,0.0,0.0,0.0,0.3333333333333333
P-1098,0.6666666666666666,0.0,0.0,0.0,0.3333333333333333
P-1099,0.5,0.0,0.0,0.0,0.5
P-1100,0.5,0.0,0.0,0.0,0.5
P-1101,0.5,0.0,0.0,0.0,0.5
P-1102,0.5,0.0,0.16666666666666666,0.0,0.3333333333333333
P-1103,0.5,0.0,0.0,0.0,0.5
P-1104,0.5,0.0,0.0,0.0,0.5
P-1105,0.6666666666666666,0.0,0.0,0.0,0.3333333333333333
P-1106,0.5,0.16666666666666666,0.0,0.0,0.3333333333333333
P-1107,0.5,0.16666666666666666,0.0,0.0,0.3333333333333333
P-1108,0.3333333333333333,0.0,0.16666666666666666,0.16666666666666666,0.3333333333333333
P-1109,0.3333333333333333,0.0,0.16666666666666666,0.0,0.5
P-1110,0.5,0.0,0.0,0.16666666666666666,0.3333333333333333
P-1111,0.5,0.0,0.0,0.16666666666666666,0.3333333333333333
P-1112,0.3333333333333333,0.0,0.0,0.16666666666666666,0.5
P-1113,0.3333333333333333,0.0,0.0,0.16666666666666666,0.5
P-1114,0.3333333333333333,0.0,0.0,0.16666666666666666,0.5
P-1115,0.3333333333333333,0.0,0.16666666666666666,0.16666666666666666,0.3333333333333333
P-1116,0.3333333333333333,0.0,0.0,0.16666666666666666,0.5
P-1117,0.3333333333333333,0.0,0.0,0.16666666666666666,0.5
P-1118,0.5,0.0,0.0,0.16666666666666666,0.3333333333333333
P-1119,0.3333333333333333,0.16666666666666666,0.0,0.16666666666666666,0.3333333333333333
P-1120,0.3333333333333333,0.16666666666666666,0.0,0.16666666666666666,0.3333333333333333
P-1121,0.3333333333333333,0.0,0.16666666666666666,0.16666666666666666,0.3333333333333333
P-1122,0.5,0.0,0.0,0.16666666666666666,0.3333333333333333
P-1123,0.5,0.0,0.0,0.16666666666666666,0.3333333333333333
P-1124,0.3333333333333333,0.0,0.0,0.16666666666666666,0.5
P-1125,0.3333333333333333,0.0,0.0,0.16666666666666666,0.5
P-1126,0.3333333333333333,0.0,0.0,0.16666666666666666,0.5
P-1127,0.3333333333333333,0.0,0.16666666666666666,0.16666666666666666,0.3333333333333333
P-1128,0.3333333333333333,0.0,0.0,0.16666666666666666,0.5
P-1129,0.16666666666666666,0.16666666666666666,0.0,0.16666666666666666,0.5
P-1130,0.3333333333333333,0.0,0.0,0.16666666666666666,0.5
P-1131,0.5,0.0,0.0,0.16666666666666666,0.3333333333333333
P-1132,0.3333333333333333,0.16666666666666666,0.0,0.16666666666666666,0.3333333333333333
P-1133,0.3333333333333333,0.16666666666666666,0.0,0.16666666666666666,0.3333333333333333
P-1134,0.16666666666666666,0.3333333333333333,0.0,0.16666666666666666,0.3333333333333333
P-1135,0.3333333333333333,0.16666666666666666,0.0,0.16666666666666666,0.3333333333333333
P-1136,0.16666666666666666,0.3333333333333333,0.0,0.16666666666666666,0.3333333333333333
P-1137,0.3333333333333333,0.16666666666666666,0.0,0.16666666666666666,0.3333333333333333
P-1138,0.0,0.3333333333333333,0.0,0.16666666666666666,0.5
P-1139,0.16666666666666666,0.16666666666666666,0.0,0.16666666666666666,0.5
P-1140,0.3333333333333333,0.16666666666666666,0.0,0.16666666666666666,0.3333333333333333
P-1141,0.5,0.0,0.0,0.0,0.5
P-1142,0.5,0.0,0.0,0.16666666666666666,0.3333333333333333
P-1143,0.3333333333333333,0.0,0.0,0.0,0.6666666666666666
P-1144,0.16666666666666666,0.16666666666666666,0.0,0.0,0.6666666666666666
P-1145,0.6666666666666666,0.0,0.0,0.16666666666666666,0.16666666666666666
P-1146,0.6666666666666666,0.16666666666666666,0.0,0.0,0.16666666666666666
P-1147,0.5,0.16666666666666666,0.0,0.16666666666666666,0.16666666666666666
P-1148,0.3333333333333333,0.16666666666666666,0.0,0.16666666666666666,0.3333333333333333
P-1149,0.3333333333333333,0.3333333333333333,0.0,0.16666666666666666,0.16666666666666666
P-1150,0.0,0.16666666666666666,0.0,0.0,0.8333333333333334
P-1151,0.16666666666666666,0.16666666666666666,0.0,0.0,0.6666666666666666
P-1152,0.16666666666666666,0.16666666666666666,0.0,0.0,0.6666666666666666
P-1153,0.5,0.16666666666666666,0.0,0.16666666666666666,0.16666666666666666
P-1154,0.3333333333333333,0.16666666666666666,0.16666666666666666,0.0,0.3333333333333333
P-1155,0.5,0.0,0.0,0.16666666666666666,0.3333333333333333
P-1156,0.6666666666666666,0.0,0.0,0.0,0.3333333333333333
P-1157,0.6666666666666666,0.0,0.0,0.0,0.3333333333333333
P-1158,0.16666666666666666,0.0,0.0,0.0,0.8333333333333334
P-1159,0.5,0.16666666666666666,0.0,0.0,0.3333333333333333
P-1160,0.3333333333333333,0.16666666666666666,0.16666666666666666,0.0,0.3333333333333333
P-1161,0.3333333333333333,0.0,0.3333333333333333,0.0,0.3333333333333333
P-1162,0.5,0.0,0.0,0.0,0.5
P-1163,0.5,0.0,0.0,0.0,0.5
P-1164,0.3333333333333333,0.3333333333333333,0.0,0.16666666666666666,0.16666666666666666
P-1165,0.5,0.0,0.0,0.0,0.5
P-1166,0.16666666666666666,0.0,0.3333333333333333,0.0,0.5
P-1167,0.3333333333333333,0.0,0.0,0.3333333333333333,0.3333333333333333
P-1168,0.0,0.0,0.3333333333333333,0.5,0.16666666666666666
P-1169,0.0,0.16666666666666666,0.0,0.16666666666666666,0.6666666666666666
P-1170,0.16666666666666666,0.16666666666666666,0.0,0.0,0.6666666666666666
P-1171,0.16666666666666666,0.16666666666666666,0.0,0.0,0.6666666666666666
P-1172,0.16666666666666666,0.3333333333333333,0.0,0.16666666666666666,0.3333333333333333
P-1173,0.5,0.0,0.0,0.16666666666666666,0.3333333333333333
P-1174,0.6666666666666666,0.0,0.0,0.0,0.3333333333333333
P-1175,0.8333333333333334,0.0,0.0,0.0,0.16666666666666666
P-1176,0.5,0.0,0.0,0.16666666666666666,0.3333333333333333
P-1177,0.5,0.0,0.0,0.0,0.5
P-1178,0.3333333333333333,0.0,0.16666666666666666,0.0,0.5
P-1179,0.0,0.0,0.3333333333333333,0.16666666666666666,0.5
P-1180,0.16666666666666666,0.0,0.3333333333333333,0.16666666666666666,0.3333333333333333
P-1181,0.16666666666666666,0.0,0.16666666666666666,0.16666666666666666,0.5
P-1182,0.16666666666666666,0.0,0.16666666666666666,0.3333333333333333,0.3333333333333333
P-1183,0.16666666666666666,0.16666666666666666,0.0,0.16666666666666666,0.5
P-1184,0.5,0.0,0.16666666666666666,0.0,0.3333333333333333
P-1185,0.3333333333333333,0.16666666666666666,0.16666666666666666,0.0,0.3333333333333333
P-1186,0.3333333333333333,0.16666666666666666,0.0,0.16666666666666666,0.3333333333333333
P-1187,0.0,0.0,0.0,0.0,1.0
P-1188,0.5,0.0,0.16666666666666666,0.0,0.3333333333333333
P-1189,0.3333333333333333,0.16666666666666666,0.16666666666666666,0.0,0.3333333333333333
P-1190,0.3333333333333333,0.16666666666666666,0.16666666666666666,0.0,0.3333333333333333
P-1191,0.5,0.16666666666666666,0.0,0.0,0.3333333333333333
P-1192,0.0,0.0,0.3333333333333333,0.16666666666666666,0.5
P-1193,0.16666666666666666,0.0,0.16666666666666666,0.0,0.6666666666666666
P-1194,0.5,0.0,0.0,0.0,0.5
P-1195,0.6666666666666666,0.0,0.0,0.0,0.3333333333333333
P-1196,0.5,0.0,0.0,0.16666666666666666,0.3333333333333333
P-1197,0.3333333333333333,0.0,0.0,0.0,0.6666666666666666
P-1198,0.3333333333333333,0.0,0.0,0.0,0.6666666666666666
P-1199,0.5,0.16666666666666666,0.16666666666666666,0.0,0.16666666666666666
P-1200,0.5,0.16666666666666666,0.0,0.0,0.3333333333333333
P-1201,0.6666666666666666,0.0,0.16666666666666666,0.0,0.16666666666666666
P-1202,0.3333333333333333,0.16666666666666666,0.16666666666666666,0.0,0.3333333333333333
P-1203,0.3333333333333333,0.0,0.0,0.0,0.6666666666666666
P-1204,0.3333333333333333,0.16666666666666666,0.16666666666666666,0.0,0.3333333333333333
P-1205,0.0,0.5,0.0,0.0,0.5
P-1206,0.3333333333333333,0.3333333333333333,0.0,0.16666666666666666,0.16666666666666666
P-1207,0.5,0.16666666666666666,0.0,0.0,0.3333333333333333
P-1208,0.6666666666666666,0.16666666666666666,0.16666666666666666,0.0,0.0
P-1209,0.6666666666666666,0.16666666666666666,0.16666666666666666,0.0,0.0
P-1210,0.5,0.16666666666666666,0.0,0.0,0.3333333333333333
P-1211,0.3333333333333333,0.0,0.0,0.0,0.6666666666666666
P-1212,0.3333333333333333,0.0,0.16666666666666666,0.0,0.5
P-1213,0.6666666666666666,0.16666666666666666,0.0,0.0,0.16666666666666666
P-1214,0.6666666666666666,0.16666666666666666,0.16666666666666666,0.0,0.0
P-1215,0.6666666666666666,0.16666666666666666,0.16666666666666666,0.0,0.0
P-1216,0.5,0.16666666666666666,0.16666666666666666,0.0,0.16666666666666666
P-1217,0.5,0.16666666666666666,0.16666666666666666,0.16666666666666666,0.0
P-1218,0.3333333333333333,0.0,0.0,0.16666666666666666,0.5
P-1219,0.3333333333333333,0.0,0.16666666666666666,0.16666666666666666,0.3333333333333333
P-1220,0.6666666666666666,0.16666666666666666,0.0,0.16666666666666666,0.0
P-1221,0.5,0.0,0.16666666666666666,0.3333333333333333,0.0
P-1222,0.3333333333333333,0.0,0.16666666666666666,0.3333333333333333,0.16666666666666666
P-1223,0.5,0.16666666666666666,0.16666666666666666,0.16666666666666666,0.0
P-1224,0.5,0.5,0.0,0.0,0.0
P-1225,0.3333333333333333,0.3333333333333333,0.0,0.0,0.3333333333333333
P-1226,0.16666666666666666,0.3333333333333333,0.0,0.0,0.5
P-1227,0.5,0.3333333333333333,0.16666666666666666,0.0,0.0
P-1228,0.5,0.16666666666666666,0.0,0.0,0.3333333333333333
P-1229,0.6666666666666666,0.16666666666666666,0.16666666666666666,0.0,0.0
P-1230,0.5,0.0,0.0,0.16666666666666666,0.3333333333333333
P-1231,0.5,0.16666666666666666,0.3333333333333333,0.0,0.0
P-1232,0.16666666666666666,0.0,0.16666666666666666,0.0,0.6666666666666666
P-1233,0.6666666666666666,0.16666666666666666,0.0,0.0,0.16666666666666666
P-1234,0.8333333333333334,0.0,0.0,0.0,0.16666666666666666
P-1235,0.6666666666666666,0.16666666666666666,0.16666666666666666,0.0,0.0
P-1236,0.8333333333333334,0.0,0.0,0.0,0.16666666666666666
P-1237,0.6666666666666666,0.0,0.0,0.0,0.3333333333333333
P-1238,0.6666666666666666,0.0,0.0,0.0,0.3333333333333333
P-1239,0.6666666666666666,0.0,0.16666666666666666,0.0,0.16666666666666666
P-1240,0.6666666666666666,0.16666666666666666,0.0,0.0,0.16666666666666666
P-1241,0.6666666666666666,0.0,0.3333333333333333,0.0,0.0
P-1242,0.5,0.16666666666666666,0.3333333333333333,0.0,0.0
P-1243,0.16666666666666666,0.0,0.5,0.3333333333333333,0.0
P-1244,0.5,0.16666666666666666,0.16666666666666666,0.0,0.16666666666666666
P-1245,0.16666666666666666,0.16666666666666666,0.3333333333333333,0.3333333333333333,0.0
P-1246,0.6666666666666666,0.16666666666666666,0.16666666666666666,0.0,0.0
P-1247,0.6666666666666666,0.0,0.0,0.16666666666666666,0.16666666666666666
P-1248,0.6666666666666666,0.16666666666666666,0.16666666666666666,0.0,0.0
P-1249,0.5,0.16666666666666666,0.16666666666666666,0.0,0.16666666666666666
P-1250,0.3333333333333333,0.0,0.0,0.0,0.6666666666666666
P-1251,0.16666666666666666,0.0,0.0,0.0,0.8333333333333334
P-1252,0.3333333333333333,0.16666666666666666,0.0,0.0,0.5
P-1253,0.5,0.0,0.0,0.0,0.5
P-1254,0.16666666666666666,0.16666666666666666,0.16666666666666666,0.16666666666666666,0.3333333333333333
P-1255,0.16666666666666666,0.3333333333333333,0.16666666666666666,0.16666666666666666,0.16666666666666666
P-1256,0.6666666666666666,0.0,0.0,0.0,0.3333333333333333
P-1257,0.5,0.16666666666666666,0.16666666666666666,0.0,0.16666666666666666
P-1258,0.5,0.16666666666666666,0.0,0.0,0.3333333333333333
P-1259,0.5,0.16666666666666666,0.16666666666666666,0.0,0.16666666666666666
P-1260,0.3333333333333333,0.16666666666666666,0.16666666666666666,0.0,0.3333333333333333
P-1261,0.3333333333333333,0.16666666666666666,0.16666666666666666,0.16666666666666666,0.16666666666666666
P-1262,0.3333333333333333,0.16666666666666666,0.16666666666666666,0.16666666666666666,0.16666666666666666
P-1263,0.3333333333333333,0.16666666666666666,0.0,0.0,0.5
P-1264,0.3333333333333333,0.3333333333333333,0.16666666666666666,0.0,0.16666666666666666
P-1265,0.5,0.16666666666666666,0.16666666666666666,0.0,0.16666666666666666
P-1266,0.3333333333333333,0.16666666666666666,0.3333333333333333,0.0,0.16666666666666666
P-1267,0.5,0.16666666666666666,0.16666666666666666,0.0,0.16666666666666666
P-1268,0.3333333333333333,0.16666666666666666,0.16666666666666666,0.0,0.3333333333333333
P-1269,0.3333333333333333,0.16666666666666666,0.16666666666666666,0.16666666666666666,0.16666666666666666
P-1270,0.3333333333333333,0.16666666666666666,0.16666666666666666,0.16666666666666666,0.16666666666666666
P-1271,0.3333333333333333,0.3333333333333333,0.16666666666666666,0.0,0.16666666666666666
P-1272,0.5,0.16666666666666666,0.16666666666666666,0.0,0.16666666666666666
P-1273,0.3333333333333333,0.16666666666666666,0.3333333333333333,0.0,0.16666666666666666
P-1274,0.5,0.0,0.16666666666666666,0.0,0.3333333333333333
P-1275,0.5,0.16666666666666666,0.16666666666666666,0.0,0.16666666666666666
P-1276,0.3333333333333333,0.16666666666666666,0.3333333333333333,0.0,0.16666666666666666
P-1277,0.5,0.16666666666666666,0.16666666666666666,0.0,0.16666666666666666
P-1278,0.5,0.16666666666666666,0.16666666666666666,0.0,0.16666666666666666
P-1279,0.3333333333333333,0.16666666666666666,0.16666666666666666,0.0,0.3333333333333333
P-1280,0.3333333333333333,0.16666666666666666,0.16666666666666666,0.0,0.3333333333333333
P-1281,0.3333333333333333,0.16666666666666666,0.16666666666666666,0.0,0.3333333333333333
P-1282,0.3333333333333333,0.16666666666666666,0.3333333333333333,0.0,0.16666666666666666
P-1283,0.3333333333333333,0.16666666666666666,0.16666666666666666,0.0,0.3333333333333333
P-1284,0.3333333333333333,0.16666666666666666,0.16666666666666666,0.0,0.3333333333333333
P-1285,0.6666666666666666,0.0,0.16666666666666666,0.0,0.16666666666666666
P-1286,0.5,0.0,0.16666666666666666,0.0,0.3333333333333333
P-1287,0.5,0.0,0.16666666666666666,0.16666666666666666,0.16666666666666666
P-1288,0.5,0.0,0.16666666666666666,0.16666666666666666,0.16666666666666666
P-1289,0.5,0.16666666666666666,0.16666666666666666,0.0,0.16666666666666666
P-1290,0.6666666666666666,0.0,0.16666666666666666,0.0,0.16666666666666666
P-1291,0.5,0.0,0.3333333333333333,0.0,0.16666666666666666
P-1292,0.6666666666666666,0.0,0.16666666666666666,0.0,0.16666666666666666
P-1293,0.5,0.0,0.3333333333333333,0.0,0.16666666666666666
P-1294,0.6666666666666666,0.0,0.16666666666666666,0.0,0.16666666666666666
P-1295,0.6666666666666666,0.0,0.16666666666666666,0.0,0.16666666666666666
P-1296,0.5,0.0,0.16666666666666666,0.0,0.3333333333333333
P-1297,0.5,0.0,0.16666666666666666,0.0,0.3333333333333333
P-1298,0.5,0.0,0.16666666666666666,0.0,0.3333333333333333
P-1299,0.5,0.0,0.3333333333333333,0.0,0.16666666666666666
P-1300,0.5,0.0,0.16666666666666666,0.0,0.3333333333333333
P-1301,0.5,0.0,0.16666666666666666,0.0,0.3333333333333333
P-1302,0.6666666666666666,0.0,0.16666666666666666,0.0,0.16666666666666666
P-1303,0.5,0.16666666666666666,0.16666666666666666,0.0,0.16666666666666666
P-1304,0.6666666666666666,0.16666666666666666,0.0,0.0,0.16666666666666666
P-1305,0.5,0.16666666666666666,0.0,0.0,0.3333333333333333
P-1306,0.5,0.16666666666666666,0.0,0.16666666666666666,0.16666666666666666
P-1307,0.5,0.16666666666666666,0.0,0.16666666666666666,0.16666666666666666
P-1308,0.5,0.3333333333333333,0.0,0.0,0.16666666666666666
P-1309,0.6666666666666666,0.16666666666666666,0.0,0.0,0.16666666666666666
P-1310,0.5,0.16666666666666666,0.16666666666666666,0.0,0.16666666666666666
P-1311,0.6666666666666666,0.16666666666666666,0.0,0.0,0.16666666666666666
P-1312,0.5,0.16666666666666666,0.16666666666666666,0.0,0.16666666666666666
P-1313,0.6666666666666666,0.16666666666666666,0.0,0.0,0.16666666666666666
P-1314,0.6666666666666666,0.16666666666666666,0.0,0.0,0.16666666666666666
P-1315,0.5,0.16666666666666666,0.0,0.0,0.3333333333333333
P-1316,0.5,0.16666666666666666,0.0,0.0,0.3333333333333333
P-1317,0.5,0.16666666666666666,0.0,0.0,0.3333333333333333
P-1318,0.5,0.16666666666666666,0.16666666666666666,0.0,0.16666666666666666
P-1319,0.5,0.16666666666666666,0.0,0.0,0.3333333333333333
P-1320,0.5,0.16666666666666666,0.0,0.0,0.3333333333333333
P-1321,0.6666666666666666,0.16666666666666666,0.0,0.0,0.16666666666666666
P-1322,0.5,0.3333333333333333,0.0,0.0,0.16666666666666666
P-1323,0.5,0.3333333333333333,0.0,0.0,0.16666666666666666
P-1324,0.3333333333333333,0.3333333333333333,0.16666666666666666,0.0,0.16666666666666666
P-1325,0.3333333333333333,0.3333333333333333,0.16666666666666666,0.0,0.16666666666666666
P-1326,0.3333333333333333,0.16666666666666666,0.3333333333333333,0.0,0.16666666666666666
P-1327,0.5,0.16666666666666666,0.16666666666666666,0.0,0.16666666666666666
P-1328,0.5,0.16666666666666666,0.16666666666666666,0.0,0.16666666666666666
P-1329,0.3333333333333333,0.16666666666666666,0.16666666666666666,0.0,0.3333333333333333
P-1330,0.3333333333333333,0.16666666666666666,0.16666666666666666,0.0,0.3333333333333333
P-1331,0.3333333333333333,0.16666666666666666,0.16666666666666666,0.0,0.3333333333333333
P-1332,0.3333333333333333,0.16666666666666666,0.3333333333333333,0.0,0.16666666666666666
P-1333,0.3333333333333333,0.16666666666666666,0.16666666666666666,0.0,0.3333333333333333
P-1334,0.16666666666666666,0.0,0.16666666666666666,0.3333333333333333,0.3333333333333333
P-1335,0.3333333333333333,0.16666666666666666,0.16666666666666666,0.0,0.3333333333333333
P-1336,0.5,0.16666666666666666,0.16666666666666666,0.0,0.16666666666666666
P-1337,0.3333333333333333,0.3333333333333333,0.16666666666666666,0.0,0.16666666666666666
P-1338,0.3333333333333333,0.3333333333333333,0.16666666666666666,0.0,0.16666666666666666
P-1339,0.5,0.16666666666666666,0.3333333333333333,0.0,0.0
P-1340,0.5,0.16666666666666666,0.0,0.16666666666666666,0.16666666666666666
P-1341,0.5,0.16666666666666666,0.0,0.0,0.3333333333333333
P-1342,0.3333333333333333,0.0,0.0,0.3333333333333333,0.3333333333333333
P-1343,0.5,0.16666666666666666,0.16666666666666666,0.0,0.16666666666666666
P-1344,0.3333333333333333,0.0,0.0,0.0,0.6666666666666666
P-1345,0.5,0.0,0.0,0.0,0.5
P-1346,0.5,0.0,0.0,0.0,0.5
P-1347,0.3333333333333333,0.16666666666666666,0.0,0.0,0.5
P-1348,0.6666666666666666,0.0,0.0,0.0,0.3333333333333333
P-1349,0.5,0.16666666666666666,0.16666666666666666,0.0,0.16666666666666666
P-1350,0.5,0.0,0.3333333333333333,0.0,0.16666666666666666
P-1351,0.5,0.0,0.16666666666666666,0.0,0.3333333333333333
P-1352,0.3333333333333333,0.0,0.0,0.0,0.6666666666666666
P-1353,0.5,0.3333333333333333,0.0,0.0,0.16666666666666666
P-1354,0.16666666666666666,0.3333333333333333,0.0,0.16666666666666666,0.3333333333333333
P-1355,0.5,0.16666666666666666,0.0,0.0,0.3333333333333333
P-1356,0.16666666666666666,0.16666666666666666,0.0,0.0,0.6666666666666666
P-1357,0.5,0.0,0.0,0.0,0.5
P-1358,0.6666666666666666,0.0,0.0,0.0,0.3333333333333333
P-1359,0.5,0.0,0.0,0.0,0.5
P-1360,0.6666666666666666,0.0,0.0,0.16666666666666666,0.16666666666666666
P-1361,0.5,0.0,0.0,0.0,0.5
P-1362,0.5,0.3333333333333333,0.0,0.0,0.16666666666666666
P-1363,0.6666666666666666,0.16666666666666666,0.16666666666666666,0.0,0.0
P-1364,0.5,0.16666666666666666,0.0,0.0,0.3333333333333333
P-1365,0.5,0.0,0.0,0.0,0.5
P-1366,0.3333333333333333,0.0,0.0,0.3333333333333333,0.3333333333333333
P-1367,0.5,0.0,0.0,0.16666666666666666,0.3333333333333333
P-1368,0.6666666666666666,0.0,0.0,0.0,0.3333333333333333
P-1369,0.5,0.3333333333333333,0.16666666666666666,0.0,0.0
P-1370,0.8333333333333334,0.16666666666666666,0.0,0.0,0.0
P-1371,0.5,0.3333333333333333,0.16666666666666666,0.0,0.0
P-1372,0.16666666666666666,0.3333333333333333,0.0,0.16666666666666666,0.3333333333333333
P-1373,0.16666666666666666,0.16666666666666666,0.3333333333333333,0.0,0.3333333333333333
P-1374,0.16666666666666666,0.5,0.0,0.16666666666666666,0.16666666666666666
P-1375,0.5,0.3333333333333333,0.0,0.0,0.16666666666666666
P-1376,0.8333333333333334,0.16666666666666666,0.0,0.0,0.0
P-1377,0.3333333333333333,0.16666666666666666,0.0,0.0,0.5
P-1378,0.5,0.5,0.0,0.0,0.0
P-1379,0.16666666666666666,0.3333333333333333,0.0,0.0,0.5
P-1380,0.0,0.3333333333333333,0.0,0.0,0.6666666666666666
P-1381,0.3333333333333333,0.16666666666666666,0.0,0.0,0.5
P-1382,0.3333333333333333,0.16666666666666666,0.0,0.0,0.5
P-1383,0.3333333333333333,0.3333333333333333,0.16666666666666666,0.0,0.16666666666666666
P-1384,0.3333333333333333,0.5,0.0,0.0,0.16666666666666666
P-1385,0.16666666666666666,0.5,0.0,0.0,0.3333333333333333
P-1386,0.5,0.16666666666666666,0.0,0.16666666666666666,0.16666666666666666
P-1387,0.16666666666666666,0.3333333333333333,0.0,0.0,0.5
P-1388,0.16666666666666666,0.3333333333333333,0.0,0.16666666666666666,0.3333333333333333
P-1389,0.5,0.5,0.0,0.0,0.0
P-1390,0.16666666666666666,0.6666666666666666,0.0,0.0,0.16666666666666666
P-1391,0.6666666666666666,0.16666666666666666,0.0,0.16666666666666666,0.0
P-1392,0.3333333333333333,0.16666666666666666,0.0,0.3333333333333333,0.16666666666666666
P-1393,0.16666666666666666,0.16666666666666666,0.0,0.0,0.6666666666666666
P-1394,0.5,0.3333333333333333,0.0,0.0,0.16666666666666666
P-1395,0.6666666666666666,0.16666666666666666,0.0,0.0,0.16666666666666666
P-1396,0.5,0.16666666666666666,0.0,0.0,0.3333333333333333
P-1397,0.16666666666666666,0.16666666666666666,0.0,0.0,0.6666666666666666
P-1398,0.16666666666666666,0.16666666666666666,0.0,0.0,0.6666666666666666
P-1399,0.16666666666666666,0.3333333333333333,0.0,0.0,0.5
P-1400,0.16666666666666666,0.3333333333333333,0.0,0.0,0.5
P-1401,0.6666666666666666,0.16666666666666666,0.16666666666666666,0.0,0.0
P-1402,0.16666666666666666,0.3333333333333333,0.0,0.0,0.5
P-1403,0.3333333333333333,0.3333333333333333,0.0,0.0,0.3333333333333333
P-1404,0.0,0.5,0.16666666666666666,0.0,0.3333333333333333
P-1405,0.6666666666666666,0.16666666666666666,0.0,0.16666666666666666,0.0
P-1406,0.3333333333333333,0.5,0.0,0.0,0.16666666666666666
P-1407,0.3333333333333333,0.16666666666666666,0.0,0.0,0.5
P-1408,0.3333333333333333,0.5,0.0,0.0,0.16666666666666666
P-1409,0.3333333333333333,0.5,0.0,0.0,0.16666666666666666
P-1410,0.16666666666666666,0.5,0.0,0.0,0.3333333333333333
P-1411,0.8333333333333334,0.16666666666666666,0.0,0.0,0.0
P-1412,0.3333333333333333,0.3333333333333333,0.0,0.0,0.3333333333333333
P-1413,0.3333333333333333,0.16666666666666666,0.0,0.0,0.5
P-1414,0.16666666666666666,0.16666666666666666,0.0,0.0,0.6666666666666666
P-1415,0.16666666666666666,0.16666666666666666,0.0,0.0,0.6666666666666666
P-1416,0.0,0.3333333333333333,0.0,0.0,0.6666666666666666
P-1417,0.3333333333333333,0.16666666666666666,0.0,0.16666666666666666,0.3333333333333333
P-1418,0.3333333333333333,0.16666666666666666,0.0,0.0,0.5
P-1419,0.3333333333333333,0.3333333333333333,0.0,0.0,0.3333333333333333
P-1420,0.3333333333333333,0.3333333333333333,0.0,0.0,0.3333333333333333
P-1421,0.3333333333333333,0.3333333333333333,0.0,0.0,0.3333333333333333
P-1422,0.3333333333333333,0.3333333333333333,0.0,0.0,0.3333333333333333
P-1423,0.3333333333333333,0.3333333333333333,0.16666666666666666,0.0,0.16666666666666666
P-1424,0.16666666666666666,0.3333333333333333,0.0,0.16666666666666666,0.3333333333333333
P-1425,0.3333333333333333,0.3333333333333333,0.0,0.0,0.3333333333333333
P-1426,0.16666666666666666,0.3333333333333333,0.0,0.0,0.5
P-1427,0.3333333333333333,0.3333333333333333,0.0,0.0,0.3333333333333333
P-1428,0.0,0.3333333333333333,0.0,0.0,0.6666666666666666
P-1429,0.0,0.3333333333333333,0.0,0.0,0.6666666666666666
P-1430,0.0,0.3333333333333333,0.0,0.0,0.6666666666666666
P-1431,0.0,0.3333333333333333,0.0,0.0,0.6666666666666666
P-1432,0.5,0.3333333333333333,0.0,0.0,0.16666666666666666
P-1433,0.16666666666666666,0.16666666666666666,0.0,0.0,0.6666666666666666
P-1434,0.16666666666666666,0.3333333333333333,0.0,0.0,0.5
P-1435,0.16666666666666666,0.16666666666666666,0.0,0.0,0.6666666666666666
P-1436,0.16666666666666666,0.3333333333333333,0.0,0.0,0.5
P-1437,0.16666666666666666,0.16666666666666666,0.0,0.0,0.6666666666666666
P-1438,0.5,0.16666666666666666,0.0,0.16666666666666666,0.16666666666666666
P-1439,0.5,0.3333333333333333,0.0,0.16666666666666666,0.0
P-1440,0.3333333333333333,0.3333333333333333,0.16666666666666666,0.0,0.16666666666666666
P-1441,0.0,0.5,0.0,0.0,0.5
P-1442,0.0,0.5,0.0,0.0,0.5
P-1443,0.0,0.5,0.0,0.16666666666666666,0.3333333333333333
P-1444,0.7142857142857143,0.0,0.0,0.14285714285714285,0.14285714285714285
P-1445,0.8571428571428571,0.14285714285714285,0.0,0.0,0.0
P-1446,0.2857142857142857,0.14285714285714285,0.0,0.0,0.5714285714285714
P-1447,0.2857142857142857,0.0,0.42857142857142855,0.0,0.2857142857142857
P-1448,0.42857142857142855,0.0,0.0,0.0,0.5714285714285714
P-1449,0.7142857142857143,0.0,0.0,0.14285714285714285,0.14285714285714285
P-1450,0.42857142857142855,0.2857142857142857,0.0,0.2857142857142857,0.0
P-1451,0.2857142857142857,0.14285714285714285,0.0,0.2857142857142857,0.2857142857142857
P-1452,0.7142857142857143,0.14285714285714285,0.0,0.0,0.14285714285714285
P-1453,0.8571428571428571,0.0,0.0,0.0,0.14285714285714285
P-1454,0.7142857142857143,0.0,0.0,0.0,0.2857142857142857
P-1455,0.5714285714285714,0.0,0.0,0.14285714285714285,0.2857142857142857
P-1456,0.14285714285714285,0.14285714285714285,0.0,0.0,0.7142857142857143
P-1457,0.5714285714285714,0.14285714285714285,0.0,0.0,0.2857142857142857
P-1458,0.14285714285714285,0.42857142857142855,0.0,0.0,0.42857142857142855
P-1459,0.8571428571428571,0.0,0.0,0.0,0.14285714285714285
P-1460,0.42857142857142855,0.14285714285714285,0.2857142857142857,0.0,0.14285714285714285
P-1461,0.42857142857142855,0.14285714285714285,0.14285714285714285,0.14285714285714285,0.14285714285714285
P-1462,0.42857142857142855,0.2857142857142857,0.14285714285714285,0.14285714285714285,0.0
P-1463,0.42857142857142855,0.2857142857142857,0.2857142857142857,0.0,0.0
P-1464,0.5714285714285714,0.14285714285714285,0.14285714285714285,0.0,0.14285714285714285
P-1465,0.14285714285714285,0.2857142857142857,0.14285714285714285,0.0,0.42857142857142855
P-1466,0.0,0.14285714285714285,0.2857142857142857,0.0,0.5714285714285714
P-1467,0.5714285714285714,0.14285714285714285,0.14285714285714285,0.0,0.14285714285714285
P-1468,0.5714285714285714,0.0,0.2857142857142857,0.0,0.14285714285714285
P-1469,0.7142857142857143,0.14285714285714285,0.0,0.14285714285714285,0.0
P-1470,0.42857142857142855,0.14285714285714285,0.14285714285714285,0.14285714285714285,0.14285714285714285
P-1471,0.42857142857142855,0.14285714285714285,0.14285714285714285,0.14285714285714285,0.14285714285714285
P-1472,0.42857142857142855,0.0,0.0,0.42857142857142855,0.14285714285714285
P-1473,0.2857142857142857,0.14285714285714285,0.0,0.14285714285714285,0.42857142857142855
P-1474,0.2857142857142857,0.14285714285714285,0.14285714285714285,0.0,0.42857142857142855
P-1475,0.2857142857142857,0.0,0.14285714285714285,0.0,0.5714285714285714
P-1476,0.2857142857142857,0.14285714285714285,0.0,0.14285714285714285,0.42857142857142855
P-1477,0.42857142857142855,0.2857142857142857,0.14285714285714285,0.0,0.14285714285714285
P-1478,0.2857142857142857,0.0,0.14285714285714285,0.14285714285714285,0.42857142857142855
P-1479,0.42857142857142855,0.2857142857142857,0.2857142857142857,0.0,0.0
P-1480,0.42857142857142855,0.2857142857142857,0.2857142857142857,0.0,0.0
P-1481,0.7142857142857143,0.0,0.0,0.0,0.2857142857142857
P-1482,0.5714285714285714,0.14285714285714285,0.0,0.0,0.2857142857142857
P-1483,0.42857142857142855,0.0,0.14285714285714285,0.2857142857142857,0.14285714285714285
P-1484,0.7142857142857143,0.0,0.0,0.0,0.2857142857142857
P-1485,0.2857142857142857,0.2857142857142857,0.0,0.0,0.42857142857142855
P-1486,0.7142857142857143,0.14285714285714285,0.0,0.0,0.14285714285714285
P-1487,0.7142857142857143,0.14285714285714285,0.0,0.14285714285714285,0.0
P-1488,0.42857142857142855,0.0,0.2857142857142857,0.0,0.2857142857142857
P-1489,0.42857142857142855,0.14285714285714285,0.2857142857142857,0.0,0.14285714285714285
P-1490,0.2857142857142857,0.14285714285714285,0.0,0.0,0.5714285714285714
P-1491,0.5714285714285714,0.0,0.2857142857142857,0.0,0.14285714285714285
P-1492,0.7142857142857143,0.0,0.0,0.0,0.2857142857142857
P-1493,0.5714285714285714,0.14285714285714285,0.0,0.0,0.2857142857142857
P-1494,0.625,0.125,0.0,0.0,0.25
P-1495,1.0,0.0,0.0,0.0,0.0
P-1496,0.2857142857142857,0.2857142857142857,0.0,0.0,0.42857142857142855
P-1497,0.375,0.0,0.125,0.0,0.5
P-1498,0.375,0.125,0.125,0.25,0.125
P-1499,0.375,0.125,0.125,0.25,0.125
P-1500,0.75,0.25,0.0,0.0,0.0
P-1501,0.375,0.125,0.125,0.0,0.375
P-1502,0.5,0.125,0.0,0.125,0.25
P-1503,0.5,0.125,0.25,0.0,0.125
P-1504,0.375,0.0,0.125,0.25,0.25
P-1505,0.5,0.0,0.125,0.0,0.375
P-1506,0.875,0.0,0.125,0.0,0.0
P-1507,0.875,0.0,0.125,0.0,0.0
P-1508,0.875,0.0,0.125,0.0,0.0
P-1509,0.375,0.125,0.25,0.0,0.25
P-1510,0.25,0.0,0.5,0.25,0.0
P-1511,0.625,0.0,0.0,0.125,0.25
P-1512,0.75,0.0,0.0,0.125,0.125
P-1513,0.5,0.0,0.125,0.0,0.375
P-1514,0.5,0.0,0.125,0.0,0.375
P-1515,0.625,0.0,0.125,0.0,0.25
P-1516,0.625,0.125,0.0,0.125,0.125
P-1517,0.5,0.125,0.0,0.0,0.375
P-1518,0.5,0.125,0.0,0.0,0.375
P-1519,0.5,0.125,0.0,0.0,0.375
P-1520,0.5,0.125,0.0,0.0,0.375
P-1521,0.375,0.25,0.0,0.0,0.375
P-1522,0.5,0.125,0.25,0.0,0.125
P-1523,0.25,0.25,0.0,0.125,0.375
P-1524,0.5,0.125,0.0,0.0,0.375
P-1525,0.25,0.125,0.0,0.0,0.625
P-1526,0.25,0.125,0.0,0.0,0.625
P-1527,0.5,0.0,0.125,0.0,0.375
P-1528,0.25,0.25,0.25,0.0,0.25
P-1529,0.4444444444444444,0.1111111111111111,0.1111111111111111,0.0,0.3333333333333333
P-1530,0.3333333333333333,0.2222222222222222,0.2222222222222222,0.1111111111111111,0.1111111111111111
P-1531,0.3333333333333333,0.1111111111111111,0.4444444444444444,0.0,0.1111111111111111
P-1532,0.2222222222222222,0.2222222222222222,0.2222222222222222,0.2222222222222222,0.1111111111111111
P-1533,0.3333333333333333,0.2222222222222222,0.2222222222222222,0.2222222222222222,0.0
P-1534,0.2222222222222222,0.2222222222222222,0.2222222222222222,0.2222222222222222,0.1111111111111111
P-1535,0.3333333333333333,0.1111111111111111,0.2222222222222222,0.2222222222222222,0.1111111111111111
P-1536,0.3333333333333333,0.1111111111111111,0.2222222222222222,0.2222222222222222,0.1111111111111111
P-1537,0.2222222222222222,0.2222222222222222,0.2222222222222222,0.2222222222222222,0.1111111111111111
P-1538,0.6666666666666666,0.1111111111111111,0.0,0.1111111111111111,0.1111111111111111
P-1539,0.6666666666666666,0.1111111111111111,0.0,0.1111111111111111,0.1111111111111111
P-1540,0.4444444444444444,0.0,0.1111111111111111,0.0,0.4444444444444444
P-1541,0.2222222222222222,0.1111111111111111,0.1111111111111111,0.0,0.5555555555555556
P-1542,0.3333333333333333,0.3333333333333333,0.0,0.0,0.3333333333333333
P-1543,0.2222222222222222,0.2222222222222222,0.0,0.0,0.5555555555555556
P-1544,0.3333333333333333,0.1111111111111111,0.3333333333333333,0.0,0.2222222222222222
P-1545,0.2222222222222222,0.2222222222222222,0.0,0.0,0.5555555555555556
P-1546,0.4444444444444444,0.1111111111111111,0.2222222222222222,0.0,0.2222222222222222
P-1547,0.3333333333333333,0.0,0.0,0.1111111111111111,0.5555555555555556
P-1548,0.5555555555555556,0.0,0.1111111111111111,0.0,0.3333333333333333
P-1549,0.2222222222222222,0.2222222222222222,0.0,0.1111111111111111,0.4444444444444444
P-1550,0.3333333333333333,0.0,0.2222222222222222,0.1111111111111111,0.3333333333333333
P-1551,0.8888888888888888,0.0,0.0,0.0,0.1111111111111111
P-1552,0.3333333333333333,0.1111111111111111,0.1111111111111111,0.1111111111111111,0.3333333333333333
P-1553,1.0,0.0,0.0,0.0,0.0
P-1554,0.6,0.0,0.2,0.1,0.1
P-1555,0.1,0.0,0.3,0.5,0.1
P-1556,0.5,0.3,0.0,0.0,0.2
P-1557,0.2,0.2,0.0,0.0,0.6
P-1558,0.4,0.0,0.3,0.0,0.3
P-1559,0.3,0.0,0.3,0.1,0.3
P-1560,0.3,0.2,0.1,0.1,0.3
P-1561,0.4,0.0,0.1,0.1,0.4
P-1562,0.6,0.0,0.1,0.1,0.2
P-1563,0.4,0.2,0.1,0.1,0.2
P-1564,0.1,0.0,0.3,0.5,0.1
P-1565,0.4,0.0,0.2,0.3,0.1
P-1566,0.1,0.3,0.1,0.2,0.3
P-1567,0.6,0.1,0.1,0.2,0.0
P-1568,0.4,0.1,0.1,0.1,0.3
P-1569,0.1,0.2,0.3,0.3,0.1
P-1570,0.1,0.0,0.2,0.5,0.2
P-1571,0.1,0.0,0.2,0.4,0.3
P-1572,0.1,0.0,0.3,0.4,0.2
P-1573,0.2,0.0,0.2,0.4,0.2
P-1574,0.4,0.0,0.2,0.1,0.3
P-1575,0.4,0.1,0.0,0.2,0.3
P-1576,0.4,0.0,0.2,0.3,0.1
P-1577,0.2,0.1,0.1,0.3,0.3
P-1578,0.1,0.0,0.2,0.3,0.4
P-1579,0.2,0.1,0.1,0.2,0.4
P-1580,0.2,0.1,0.1,0.1,0.5
P-1581,0.2,0.2,0.1,0.1,0.4
P-1582,0.0,0.0,0.2,0.3,0.5
P-1583,0.1,0.4,0.1,0.3,0.1
P-1584,0.3,0.0,0.3,0.3,0.1
P-1585,0.5,0.2,0.2,0.1,0.0
P-1586,0.7,0.1,0.0,0.0,0.2
P-1587,0.3,0.4,0.0,0.0,0.3
P-1588,0.3,0.3,0.1,0.0,0.3
P-1589,0.5,0.0,0.3,0.0,0.2
P-1590,0.5,0.2,0.2,0.0,0.1
P-1591,0.1,0.2,0.0,0.0,0.7
P-1592,0.5,0.0,0.2,0.0,0.3
P-1593,0.3,0.2,0.3,0.1,0.1
P-1594,0.6,0.2,0.1,0.0,0.1
P-1595,0.9,0.0,0.1,0.0,0.0
P-1596,0.2,0.1,0.2,0.1,0.4
P-1597,0.0,0.1,0.3,0.0,0.6
P-1598,0.7,0.2,0.0,0.0,0.1
P-1599,0.6,0.2,0.0,0.1,0.1
P-1600,0.2,0.5,0.1,0.1,0.1
P-1601,0.2,0.0,0.2,0.3,0.3
P-1602,0.5,0.0,0.2,0.0,0.3
P-1603,0.3,0.1,0.2,0.0,0.4
P-1604,0.3,0.0,0.4,0.0,0.3
P-1605,0.1,0.0,0.4,0.0,0.5
P-1606,0.1,0.0,0.3,0.2,0.4
P-1607,0.1,0.0,0.3,0.3,0.3
P-1608,0.4,0.0,0.2,0.0,0.4
P-1609,0.5,0.0,0.3,0.0,0.2
P-1610,0.2,0.1,0.2,0.2,0.3
P-1611,0.3,0.0,0.2,0.2,0.3
P-1612,0.3,0.2,0.1,0.1,0.3
P-1613,0.5,0.0,0.2,0.0,0.3
P-1614,0.5,0.2,0.1,0.0,0.2
P-1615,0.6,0.1,0.1,0.1,0.1
P-1616,0.3,0.2,0.1,0.0,0.4
P-1617,0.6,0.0,0.0,0.2,0.2
P-1618,0.1,0.2,0.0,0.2,0.5
P-1619,0.5,0.0,0.1,0.2,0.2
P-1620,0.4,0.0,0.1,0.0,0.5
P-1621,0.1,0.1,0.2,0.1,0.5
P-1622,0.2,0.2,0.0,0.0,0.6
P-1623,0.3,0.0,0.2,0.0,0.5
P-1624,0.3,0.0,0.2,0.0,0.5
P-1625,0.4,0.2,0.0,0.0,0.4
P-1626,0.2,0.1,0.1,0.1,0.5
P-1627,0.1,0.2,0.2,0.1,0.4
P-1628,0.2,0.2,0.0,0.1,0.5
P-1629,0.5,0.1,0.2,0.0,0.2
P-1630,0.3,0.1,0.2,0.0,0.4
P-1631,0.2,0.2,0.0,0.0,0.6
P-1632,0.1,0.0,0.1,0.4,0.4
P-1633,0.3,0.1,0.1,0.0,0.5
P-1634,0.2,0.2,0.0,0.0,0.6
P-1635,0.2,0.0,0.2,0.0,0.6
P-1636,0.2,0.2,0.0,0.0,0.6
P-1637,0.2,0.1,0.2,0.1,0.4
P-1638,0.3,0.0,0.4,0.1,0.2
P-1639,0.1,0.1,0.3,0.1,0.4
P-1640,0.1,0.1,0.3,0.1,0.4
P-1641,0.4,0.1,0.2,0.0,0.3
P-1642,0.3,0.2,0.1,0.1,0.3
P-1643,0.5,0.0,0.3,0.1,0.1
P-1644,0.2,0.1,0.3,0.0,0.4
P-1645,0.1,0.3,0.2,0.0,0.4
P-1646,0.3,0.3,0.1,0.0,0.3
P-1647,0.4,0.0,0.0,0.1,0.5
P-1648,0.4,0.0,0.1,0.3,0.2
P-1649,0.2,0.1,0.1,0.2,0.4
P-1650,0.3,0.1,0.1,0.2,0.3
P-1651,0.3,0.2,0.0,0.1,0.4
P-1652,0.4,0.1,0.0,0.0,0.5
P-1653,0.4,0.1,0.0,0.0,0.5
P-1654,0.5,0.0,0.0,0.0,0.5
P-1655,0.5,0.0,0.1,0.0,0.4
P-1656,0.2,0.1,0.0,0.0,0.7
P-1657,0.5,0.0,0.2,0.2,0.1
P-1658,0.0,0.0,0.2,0.5,0.3
P-1659,0.0,0.1,0.1,0.4,0.4
P-1660,0.2,0.1,0.2,0.3,0.2
P-1661,0.1,0.0,0.3,0.3,0.3
P-1662,0.2,0.0,0.3,0.3,0.2
P-1663,0.5,0.0,0.1,0.0,0.4
P-1664,0.1,0.2,0.1,0.2,0.4
P-1665,0.3,0.1,0.1,0.1,0.4
P-1666,0.1,0.1,0.1,0.2,0.5
P-1667,0.2,0.1,0.3,0.0,0.4
P-1668,0.4,0.0,0.2,0.1,0.3
P-1669,0.2,0.0,0.3,0.2,0.3
P-1670,0.4,0.1,0.2,0.1,0.2
P-1671,0.9,0.1,0.0,0.0,0.0
P-1672,0.2,0.3,0.1,0.2,0.2
P-1673,0.4,0.1,0.2,0.0,0.3
P-1674,0.2,0.4,0.0,0.1,0.3
P-1675,0.2,0.2,0.1,0.2,0.3
P-1676,0.3,0.2,0.0,0.0,0.5
P-1677,0.2,0.2,0.0,0.0,0.6
P-1678,0.2,0.3,0.0,0.0,0.5
P-1679,0.2,0.4,0.0,0.0,0.4
P-1680,0.2,0.3,0.0,0.0,0.5
P-1681,0.2,0.3,0.0,0.0,0.5
P-1682,0.4,0.2,0.1,0.0,0.3
P-1683,0.5,0.2,0.1,0.0,0.2
P-1684,0.3,0.3,0.0,0.0,0.4
P-1685,0.2,0.1,0.0,0.0,0.7
P-1686,1.0,0.0,0.0,0.0,0.0
P-1687,0.45454545454545453,0.09090909090909091,0.09090909090909091,0.0,0.36363636363636365
P-1688,0.6363636363636364,0.0,0.09090909090909091,0.09090909090909091,0.18181818181818182
P-1689,0.6363636363636364,0.09090909090909091,0.0,0.0,0.2727272727272727
P-1690,0.8181818181818182,0.0,0.0,0.0,0.18181818181818182
P-1691,0.36363636363636365,0.2727272727272727,0.09090909090909091,0.0,0.2727272727272727
P-1692,0.2727272727272727,0.18181818181818182,0.2727272727272727,0.18181818181818182,0.09090909090909091
P-1693,0.6363636363636364,0.2727272727272727,0.0,0.0,0.09090909090909091
P-1694,0.09090909090909091,0.09090909090909091,0.2727272727272727,0.18181818181818182,0.36363636363636365
P-1695,0.5454545454545454,0.09090909090909091,0.2727272727272727,0.09090909090909091,0.0
P-1696,0.2727272727272727,0.18181818181818182,0.0,0.09090909090909091,0.45454545454545453
P-1697,0.2727272727272727,0.0,0.2727272727272727,0.18181818181818182,0.2727272727272727
P-1698,0.2727272727272727,0.36363636363636365,0.0,0.18181818181818182,0.18181818181818182
P-1699,0.2727272727272727,0.18181818181818182,0.0,0.18181818181818182,0.36363636363636365
P-1700,0.2727272727272727,0.18181818181818182,0.0,0.09090909090909091,0.45454545454545453
P-1701,0.2727272727272727,0.2727272727272727,0.0,0.09090909090909091,0.36363636363636365
P-1702,0.45454545454545453,0.09090909090909091,0.18181818181818182,0.0,0.2727272727272727
P-1703,0.5454545454545454,0.0,0.09090909090909091,0.0,0.36363636363636365
P-1704,0.36363636363636365,0.2727272727272727,0.09090909090909091,0.2727272727272727,0.0
P-1705,0.45454545454545453,0.18181818181818182,0.0,0.0,0.36363636363636365
P-1706,0.45454545454545453,0.09090909090909091,0.09090909090909091,0.0,0.36363636363636365
P-1707,0.5833333333333334,0.0,0.16666666666666666,0.08333333333333333,0.16666666666666666
P-1708,0.25,0.16666666666666666,0.08333333333333333,0.16666666666666666,0.3333333333333333
P-1709,0.3333333333333333,0.08333333333333333,0.16666666666666666,0.25,0.16666666666666666
P-1710,0.5,0.25,0.0,0.0,0.25
P-1711,0.16666666666666666,0.0,0.0,0.0,0.8333333333333334
P-1712,0.6666666666666666,0.0,0.08333333333333333,0.08333333333333333,0.16666666666666666
P-1713,0.25,0.3333333333333333,0.25,0.16666666666666666,0.0
P-1714,0.4166666666666667,0.0,0.3333333333333333,0.16666666666666666,0.08333333333333333
P-1715,0.3333333333333333,0.16666666666666666,0.25,0.0,0.25
P-1716,0.3333333333333333,0.0,0.25,0.08333333333333333,0.3333333333333333
P-1717,0.5,0.08333333333333333,0.08333333333333333,0.08333333333333333,0.25
P-1718,0.5,0.08333333333333333,0.0,0.0,0.4166666666666667
P-1719,0.5833333333333334,0.08333333333333333,0.08333333333333333,0.0,0.25
P-1720,0.6666666666666666,0.0,0.08333333333333333,0.16666666666666666,0.08333333333333333
P-1721,0.3333333333333333,0.08333333333333333,0.08333333333333333,0.0,0.5
P-1722,0.5833333333333334,0.0,0.08333333333333333,0.08333333333333333,0.25
P-1723,0.5833333333333334,0.0,0.08333333333333333,0.0,0.3333333333333333
P-1724,0.5833333333333334,0.0,0.16666666666666666,0.08333333333333333,0.16666666666666666
P-1725,0.5833333333333334,0.0,0.16666666666666666,0.08333333333333333,0.16666666666666666
P-1726,0.5833333333333334,0.0,0.16666666666666666,0.0,0.25
P-1727,0.4166666666666667,0.16666666666666666,0.08333333333333333,0.08333333333333333,0.25
P-1728,0.46153846153846156,0.23076923076923078,0.23076923076923078,0.0,0.07692307692307693
P-1729,0.38461538461538464,0.07692307692307693,0.15384615384615385,0.0,0.38461538461538464
P-1730,0.15384615384615385,0.46153846153846156,0.0,0.15384615384615385,0.23076923076923078
P-1731,0.38461538461538464,0.23076923076923078,0.15384615384615385,0.23076923076923078,0.0
P-1732,0.23076923076923078,0.3076923076923077,0.07692307692307693,0.15384615384615385,0.23076923076923078
P-1733,0.6153846153846154,0.0,0.0,0.07692307692307693,0.3076923076923077
P-1734,0.23076923076923078,0.23076923076923078,0.15384615384615385,0.07692307692307693,0.3076923076923077
P-1735,0.5384615384615384,0.0,0.23076923076923078,0.23076923076923078,0.0
P-1736,0.15384615384615385,0.15384615384615385,0.07692307692307693,0.15384615384615385,0.46153846153846156
P-1737,0.46153846153846156,0.07692307692307693,0.0,0.0,0.46153846153846156
P-1738,0.3076923076923077,0.07692307692307693,0.23076923076923078,0.15384615384615385,0.23076923076923078
P-1739,0.3076923076923077,0.15384615384615385,0.07692307692307693,0.0,0.46153846153846156
P-1740,0.46153846153846156,0.0,0.07692307692307693,0.0,0.46153846153846156
P-1741,0.46153846153846156,0.07692307692307693,0.15384615384615385,0.07692307692307693,0.23076923076923078
P-1742,0.5384615384615384,0.0,0.15384615384615385,0.07692307692307693,0.23076923076923078
P-1743,0.5384615384615384,0.07692307692307693,0.15384615384615385,0.0,0.23076923076923078
P-1744,0.23076923076923078,0.07692307692307693,0.07692307692307693,0.38461538461538464,0.23076923076923078
P-1745,0.38461538461538464,0.15384615384615385,0.23076923076923078,0.15384615384615385,0.07692307692307693
P-1746,0.2857142857142857,0.2857142857142857,0.2857142857142857,0.0,0.14285714285714285
P-1747,0.2857142857142857,0.21428571428571427,0.2857142857142857,0.07142857142857142,0.14285714285714285
P-1748,0.2857142857142857,0.2857142857142857,0.21428571428571427,0.07142857142857142,0.14285714285714285
P-1749,0.2857142857142857,0.2857142857142857,0.2857142857142857,0.07142857142857142,0.07142857142857142
P-1750,0.2857142857142857,0.21428571428571427,0.2857142857142857,0.07142857142857142,0.14285714285714285
P-1751,0.2857142857142857,0.2857142857142857,0.21428571428571427,0.07142857142857142,0.14285714285714285
P-1752,0.21428571428571427,0.2857142857142857,0.2857142857142857,0.07142857142857142,0.14285714285714285
P-1753,0.21428571428571427,0.35714285714285715,0.21428571428571427,0.07142857142857142,0.14285714285714285
P-1754,0.8571428571428571,0.07142857142857142,0.0,0.0,0.07142857142857142
P-1755,0.2857142857142857,0.0,0.14285714285714285,0.07142857142857142,0.5
P-1756,0.2857142857142857,0.21428571428571427,0.14285714285714285,0.21428571428571427,0.14285714285714285
P-1757,0.14285714285714285,0.07142857142857142,0.07142857142857142,0.07142857142857142,0.6428571428571429
P-1758,0.35714285714285715,0.07142857142857142,0.14285714285714285,0.14285714285714285,0.2857142857142857
P-1759,0.5714285714285714,0.0,0.07142857142857142,0.21428571428571427,0.14285714285714285
P-1760,0.8571428571428571,0.0,0.14285714285714285,0.0,0.0
P-1761,0.7857142857142857,0.0,0.14285714285714285,0.07142857142857142,0.0
P-1762,0.35714285714285715,0.2857142857142857,0.07142857142857142,0.14285714285714285,0.14285714285714285
P-1763,0.2857142857142857,0.21428571428571427,0.21428571428571427,0.07142857142857142,0.21428571428571427
P-1764,0.5714285714285714,0.14285714285714285,0.07142857142857142,0.14285714285714285,0.07142857142857142
P-1765,0.2857142857142857,0.0,0.14285714285714285,0.0,0.5714285714285714
P-1766,1.0,0.0,0.0,0.0,0.0
P-1767,0.5333333333333333,0.06666666666666667,0.06666666666666667,0.2,0.13333333333333333
P-1768,0.06666666666666667,0.2,0.13333333333333333,0.2,0.4
P-1769,0.4,0.13333333333333333,0.13333333333333333,0.3333333333333333,0.0
P-1770,0.4,0.13333333333333333,0.2,0.2,0.06666666666666667
P-1771,0.3333333333333333,0.13333333333333333,0.13333333333333333,0.2,0.2
P-1772,0.4,0.13333333333333333,0.0,0.13333333333333333,0.3333333333333333
P-1773,0.4,0.13333333333333333,0.0,0.06666666666666667,0.4
P-1774,0.4,0.2,0.0,0.06666666666666667,0.3333333333333333
P-1775,0.13333333333333333,0.13333333333333333,0.4,0.2,0.13333333333333333
P-1776,0.6666666666666666,0.06666666666666667,0.0,0.13333333333333333,0.13333333333333333
P-1777,0.5333333333333333,0.06666666666666667,0.06666666666666667,0.06666666666666667,0.26666666666666666
P-1778,0.26666666666666666,0.06666666666666667,0.2,0.13333333333333333,0.3333333333333333
P-1779,0.26666666666666666,0.06666666666666667,0.2,0.13333333333333333,0.3333333333333333
P-1780,0.4666666666666667,0.2,0.2,0.0,0.13333333333333333
P-1781,0.13333333333333333,0.13333333333333333,0.13333333333333333,0.13333333333333333,0.4666666666666667
P-1782,0.3333333333333333,0.26666666666666666,0.13333333333333333,0.13333333333333333,0.13333333333333333
P-1783,0.4,0.13333333333333333,0.2,0.13333333333333333,0.13333333333333333
P-1784,0.4,0.13333333333333333,0.2,0.13333333333333333,0.13333333333333333
P-1785,0.4,0.06666666666666667,0.2,0.13333333333333333,0.2
P-1786,0.4,0.13333333333333333,0.13333333333333333,0.13333333333333333,0.2
P-1787,0.4,0.13333333333333333,0.13333333333333333,0.13333333333333333,0.2
P-1788,0.4,0.13333333333333333,0.13333333333333333,0.13333333333333333,0.2
P-1789,0.4,0.06666666666666667,0.2,0.06666666666666667,0.26666666666666666
P-1790,0.3125,0.125,0.25,0.125,0.1875
P-1791,0.8125,0.0625,0.0,0.0,0.125
P-1792,0.25,0.0,0.125,0.0625,0.5625
P-1793,0.5,0.0625,0.1875,0.125,0.125
P-1794,0.3125,0.1875,0.125,0.1875,0.1875
P-1795,0.375,0.25,0.125,0.25,0.0
P-1796,0.1875,0.1875,0.0625,0.25,0.3125
P-1797,0.8125,0.0,0.0625,0.0,0.125
P-1798,0.8125,0.0,0.0625,0.0,0.125
P-1799,0.8125,0.0,0.0625,0.0,0.125
P-1800,0.3125,0.1875,0.0625,0.0625,0.375
P-1801,0.3125,0.1875,0.0625,0.0625,0.375
P-1802,0.25,0.1875,0.0625,0.0625,0.4375
P-1803,0.25,0.0625,0.25,0.0625,0.375
P-1804,0.3125,0.125,0.1875,0.0,0.375
P-1805,0.5625,0.0625,0.0625,0.1875,0.125
P-1806,0.5,0.0625,0.125,0.1875,0.125
P-1807,0.1875,0.1875,0.1875,0.125,0.3125
P-1808,0.3125,0.125,0.1875,0.1875,0.1875
P-1809,0.3125,0.125,0.1875,0.1875,0.1875
P-1810,0.3125,0.125,0.1875,0.1875,0.1875
P-1811,0.375,0.125,0.1875,0.125,0.1875
P-1812,0.375,0.125,0.1875,0.125,0.1875
P-1813,0.375,0.0,0.125,0.125,0.375
P-1814,0.75,0.0,0.0,0.0,0.25
P-1815,0.375,0.0625,0.1875,0.0625,0.3125
P-1816,0.5882352941176471,0.058823529411764705,0.11764705882352941,0.058823529411764705,0.17647058823529413
P-1817,0.5294117647058824,0.058823529411764705,0.058823529411764705,0.29411764705882354,0.058823529411764705
P-1818,0.35294117647058826,0.058823529411764705,0.11764705882352941,0.17647058823529413,0.29411764705882354
P-1819,0.11764705882352941,0.058823529411764705,0.17647058823529413,0.11764705882352941,0.5294117647058824
P-1820,0.35294117647058826,0.058823529411764705,0.35294117647058826,0.058823529411764705,0.17647058823529413
P-1821,0.9411764705882353,0.0,0.058823529411764705,0.0,0.0
P-1822,0.5294117647058824,0.058823529411764705,0.11764705882352941,0.17647058823529413,0.11764705882352941
P-1823,0.35294117647058826,0.11764705882352941,0.11764705882352941,0.11764705882352941,0.29411764705882354
P-1824,0.35294117647058826,0.11764705882352941,0.17647058823529413,0.11764705882352941,0.23529411764705882
P-1825,0.29411764705882354,0.0,0.23529411764705882,0.11764705882352941,0.35294117647058826
P-1826,0.47058823529411764,0.17647058823529413,0.0,0.0,0.35294117647058826
P-1827,0.17647058823529413,0.11764705882352941,0.23529411764705882,0.23529411764705882,0.23529411764705882
P-1828,0.35294117647058826,0.17647058823529413,0.17647058823529413,0.17647058823529413,0.11764705882352941
P-1829,0.8333333333333334,0.05555555555555555,0.0,0.0,0.1111111111111111
P-1830,0.3888888888888889,0.1111111111111111,0.16666666666666666,0.05555555555555555,0.2777777777777778
P-1831,0.5555555555555556,0.05555555555555555,0.16666666666666666,0.1111111111111111,0.1111111111111111
P-1832,0.3333333333333333,0.16666666666666666,0.1111111111111111,0.2222222222222222,0.16666666666666666
P-1833,0.16666666666666666,0.16666666666666666,0.05555555555555555,0.3333333333333333,0.2777777777777778
P-1834,0.6666666666666666,0.0,0.0,0.05555555555555555,0.2777777777777778
P-1835,0.5555555555555556,0.05555555555555555,0.0,0.05555555555555555,0.3333333333333333
P-1836,0.3333333333333333,0.16666666666666666,0.16666666666666666,0.16666666666666666,0.16666666666666666
P-1837,0.5555555555555556,0.16666666666666666,0.1111111111111111,0.1111111111111111,0.05555555555555555
P-1838,0.5,0.16666666666666666,0.05555555555555555,0.05555555555555555,0.2222222222222222
P-1839,0.5555555555555556,0.1111111111111111,0.0,0.05555555555555555,0.2777777777777778
P-1840,0.16666666666666666,0.05555555555555555,0.1111111111111111,0.16666666666666666,0.5
P-1841,0.16666666666666666,0.05555555555555555,0.16666666666666666,0.16666666666666666,0.4444444444444444
P-1842,0.5,0.1111111111111111,0.1111111111111111,0.0,0.2777777777777778
P-1843,0.2222222222222222,0.3333333333333333,0.05555555555555555,0.2222222222222222,0.16666666666666666
P-1844,0.4444444444444444,0.1111111111111111,0.2222222222222222,0.05555555555555555,0.16666666666666666
P-1845,0.3333333333333333,0.16666666666666666,0.16666666666666666,0.16666666666666666,0.16666666666666666
P-1846,0.4444444444444444,0.05555555555555555,0.0,0.2222222222222222,0.2777777777777778
P-1847,0.2222222222222222,0.05555555555555555,0.2222222222222222,0.2777777777777778,0.2222222222222222
P-1848,0.2222222222222222,0.1111111111111111,0.1111111111111111,0.2777777777777778,0.2777777777777778
P-1849,0.3333333333333333,0.1111111111111111,0.3333333333333333,0.0,0.2222222222222222
P-1850,0.4444444444444444,0.1111111111111111,0.0,0.05555555555555555,0.3888888888888889
P-1851,0.2222222222222222,0.16666666666666666,0.16666666666666666,0.2222222222222222,0.2222222222222222
P-1852,0.6666666666666666,0.0,0.0,0.05555555555555555,0.2777777777777778
P-1853,0.3333333333333333,0.05555555555555555,0.16666666666666666,0.1111111111111111,0.3333333333333333
P-1854,0.4444444444444444,0.0,0.2222222222222222,0.0,0.3333333333333333
P-1855,0.3684210526315789,0.05263157894736842,0.15789473684210525,0.10526315789473684,0.3157894736842105
P-1856,0.0,0.0,0.10526315789473684,0.10526315789473684,0.7894736842105263
P-1857,0.3684210526315789,0.10526315789473684,0.21052631578947367,0.10526315789473684,0.21052631578947367
P-1858,0.42105263157894735,0.05263157894736842,0.3157894736842105,0.15789473684210525,0.05263157894736842
P-1859,0.3684210526315789,0.15789473684210525,0.15789473684210525,0.15789473684210525,0.15789473684210525
P-1860,0.5263157894736842,0.10526315789473684,0.10526315789473684,0.10526315789473684,0.15789473684210525
P-1861,0.3684210526315789,0.15789473684210525,0.15789473684210525,0.15789473684210525,0.15789473684210525
P-1862,0.42105263157894735,0.05263157894736842,0.21052631578947367,0.10526315789473684,0.21052631578947367
P-1863,0.3157894736842105,0.10526315789473684,0.2631578947368421,0.15789473684210525,0.15789473684210525
P-1864,0.42105263157894735,0.10526315789473684,0.05263157894736842,0.10526315789473684,0.3157894736842105
P-1865,0.5263157894736842,0.10526315789473684,0.10526315789473684,0.15789473684210525,0.10526315789473684
P-1866,0.45,0.1,0.15,0.05,0.25
P-1867,0.35,0.0,0.1,0.2,0.35
P-1868,0.3,0.1,0.1,0.2,0.3
P-1869,0.15,0.35,0.05,0.2,0.25
P-1870,0.3,0.1,0.1,0.3,0.2
P-1871,0.6,0.0,0.05,0.05,0.3
P-1872,0.4,0.1,0.1,0.2,0.2
P-1873,0.35,0.15,0.15,0.15,0.2
P-1874,0.5,0.05,0.1,0.0,0.35
P-1875,0.3,0.05,0.2,0.15,0.3
P-1876,0.7,0.05,0.15,0.05,0.05
P-1877,0.35,0.15,0.05,0.15,0.3
P-1878,0.45,0.05,0.1,0.05,0.35
P-1879,0.45,0.1,0.1,0.1,0.25
P-1880,0.55,0.0,0.2,0.1,0.15
P-1881,0.25,0.1,0.15,0.2,0.3
P-1882,0.35,0.1,0.15,0.15,0.25
P-1883,0.55,0.1,0.0,0.05,0.3
P-1884,0.19047619047619047,0.3333333333333333,0.047619047619047616,0.19047619047619047,0.23809523809523808
P-1885,0.42857142857142855,0.14285714285714285,0.09523809523809523,0.19047619047619047,0.14285714285714285
P-1886,0.42857142857142855,0.14285714285714285,0.09523809523809523,0.14285714285714285,0.19047619047619047
P-1887,0.7619047619047619,0.0,0.14285714285714285,0.0,0.09523809523809523
P-1888,0.6190476190476191,0.09523809523809523,0.19047619047619047,0.047619047619047616,0.047619047619047616
P-1889,0.6190476190476191,0.047619047619047616,0.14285714285714285,0.047619047619047616,0.14285714285714285
P-1890,0.38095238095238093,0.14285714285714285,0.14285714285714285,0.14285714285714285,0.19047619047619047
P-1891,0.3333333333333333,0.0,0.14285714285714285,0.09523809523809523,0.42857142857142855
P-1892,0.3333333333333333,0.14285714285714285,0.19047619047619047,0.14285714285714285,0.19047619047619047
P-1893,0.42857142857142855,0.09523809523809523,0.047619047619047616,0.047619047619047616,0.38095238095238093
P-1894,0.8095238095238095,0.0,0.09523809523809523,0.0,0.09523809523809523
P-1895,0.23809523809523808,0.09523809523809523,0.23809523809523808,0.19047619047619047,0.23809523809523808
P-1896,0.42857142857142855,0.14285714285714285,0.09523809523809523,0.047619047619047616,0.2857142857142857
P-1897,0.23809523809523808,0.14285714285714285,0.23809523809523808,0.2857142857142857,0.09523809523809523
P-1898,0.2727272727272727,0.09090909090909091,0.13636363636363635,0.18181818181818182,0.3181818181818182
P-1899,0.09090909090909091,0.09090909090909091,0.09090909090909091,0.09090909090909091,0.6363636363636364
P-1900,0.36363636363636365,0.13636363636363635,0.09090909090909091,0.18181818181818182,0.22727272727272727
P-1901,0.36363636363636365,0.13636363636363635,0.09090909090909091,0.13636363636363635,0.2727272727272727
P-1902,0.36363636363636365,0.13636363636363635,0.09090909090909091,0.13636363636363635,0.2727272727272727
P-1903,0.5,0.045454545454545456,0.09090909090909091,0.0,0.36363636363636365
P-1904,0.4090909090909091,0.0,0.18181818181818182,0.09090909090909091,0.3181818181818182
P-1905,0.36363636363636365,0.13636363636363635,0.13636363636363635,0.09090909090909091,0.2727272727272727
P-1906,0.3181818181818182,0.13636363636363635,0.13636363636363635,0.13636363636363635,0.2727272727272727
P-1907,0.3181818181818182,0.045454545454545456,0.09090909090909091,0.13636363636363635,0.4090909090909091
P-1908,0.4090909090909091,0.13636363636363635,0.09090909090909091,0.09090909090909091,0.2727272727272727
P-1909,0.36363636363636365,0.13636363636363635,0.09090909090909091,0.13636363636363635,0.2727272727272727
P-1910,0.36363636363636365,0.13636363636363635,0.09090909090909091,0.09090909090909091,0.3181818181818182
P-1911,0.3181818181818182,0.13636363636363635,0.09090909090909091,0.13636363636363635,0.3181818181818182
P-1912,0.3181818181818182,0.045454545454545456,0.22727272727272727,0.18181818181818182,0.22727272727272727
P-1913,0.3181818181818182,0.045454545454545456,0.09090909090909091,0.18181818181818182,0.36363636363636365
P-1914,0.34782608695652173,0.13043478260869565,0.17391304347826086,0.17391304347826086,0.17391304347826086
P-1915,0.4782608695652174,0.043478260869565216,0.13043478260869565,0.17391304347826086,0.17391304347826086
P-1916,0.17391304347826086,0.08695652173913043,0.2608695652173913,0.17391304347826086,0.30434782608695654
P-1917,0.17391304347826086,0.043478260869565216,0.2608695652173913,0.2608695652173913,0.2608695652173913
P-1918,0.21739130434782608,0.043478260869565216,0.17391304347826086,0.043478260869565216,0.5217391304347826
P-1919,0.7083333333333334,0.0,0.08333333333333333,0.08333333333333333,0.125
P-1920,0.9166666666666666,0.0,0.0,0.0,0.08333333333333333
P-1921,0.4166666666666667,0.0,0.20833333333333334,0.041666666666666664,0.3333333333333333
P-1922,0.7083333333333334,0.08333333333333333,0.041666666666666664,0.08333333333333333,0.08333333333333333
P-1923,0.4166666666666667,0.0,0.20833333333333334,0.041666666666666664,0.3333333333333333
P-1924,0.375,0.041666666666666664,0.125,0.125,0.3333333333333333
P-1925,0.96,0.0,0.0,0.0,0.04
P-1926,0.96,0.0,0.0,0.0,0.04
P-1927,0.36,0.12,0.2,0.16,0.16
P-1928,0.36,0.04,0.16,0.04,0.4
P-1929,0.28,0.12,0.16,0.04,0.4
P-1930,0.28,0.16,0.16,0.2,0.2
P-1931,0.28,0.12,0.2,0.2,0.2
P-1932,0.5384615384615384,0.0,0.07692307692307693,0.0,0.38461538461538464
P-1933,0.2692307692307692,0.23076923076923078,0.19230769230769232,0.15384615384615385,0.15384615384615385
P-1934,0.2692307692307692,0.19230769230769232,0.19230769230769232,0.15384615384615385,0.19230769230769232
P-1935,0.2692307692307692,0.23076923076923078,0.19230769230769232,0.15384615384615385,0.15384615384615385
P-1936,0.38461538461538464,0.038461538461538464,0.19230769230769232,0.11538461538461539,0.2692307692307692
P-1937,0.34615384615384615,0.07692307692307693,0.15384615384615385,0.15384615384615385,0.2692307692307692
P-1938,0.3333333333333333,0.1111111111111111,0.1111111111111111,0.14814814814814814,0.2962962962962963
P-1939,0.25,0.17857142857142858,0.17857142857142858,0.17857142857142858,0.21428571428571427
P-1940,0.2857142857142857,0.14285714285714285,0.21428571428571427,0.21428571428571427,0.14285714285714285
P-1941,0.42857142857142855,0.07142857142857142,0.10714285714285714,0.21428571428571427,0.17857142857142858
P-1942,0.2857142857142857,0.10714285714285714,0.10714285714285714,0.21428571428571427,0.2857142857142857
P-1943,0.35714285714285715,0.10714285714285714,0.21428571428571427,0.17857142857142858,0.14285714285714285
P-1944,0.35714285714285715,0.14285714285714285,0.21428571428571427,0.10714285714285714,0.17857142857142858
P-1945,0.35714285714285715,0.14285714285714285,0.17857142857142858,0.14285714285714285,0.17857142857142858
P-1946,0.32142857142857145,0.10714285714285714,0.17857142857142858,0.17857142857142858,0.21428571428571427
P-1947,0.35714285714285715,0.07142857142857142,0.17857142857142858,0.10714285714285714,0.2857142857142857
P-1948,0.35714285714285715,0.10714285714285714,0.21428571428571427,0.17857142857142858,0.14285714285714285
P-1949,0.6071428571428571,0.07142857142857142,0.14285714285714285,0.07142857142857142,0.10714285714285714
P-1950,0.6551724137931034,0.06896551724137931,0.06896551724137931,0.06896551724137931,0.13793103448275862
P-1951,0.5172413793103449,0.06896551724137931,0.06896551724137931,0.1724137931034483,0.1724137931034483
P-1952,0.5172413793103449,0.06896551724137931,0.06896551724137931,0.1724137931034483,0.1724137931034483
P-1953,0.5172413793103449,0.06896551724137931,0.06896551724137931,0.1724137931034483,0.1724137931034483
P-1954,0.5172413793103449,0.06896551724137931,0.06896551724137931,0.1724137931034483,0.1724137931034483
P-1955,0.5172413793103449,0.06896551724137931,0.06896551724137931,0.1724137931034483,0.1724137931034483
P-1956,0.20689655172413793,0.1724137931034483,0.13793103448275862,0.10344827586206896,0.3793103448275862
P-1957,0.4,0.13333333333333333,0.2,0.13333333333333333,0.13333333333333333
P-1958,0.36666666666666664,0.03333333333333333,0.2,0.13333333333333333,0.26666666666666666
P-1959,0.5161290322580645,0.0967741935483871,0.16129032258064516,0.16129032258064516,0.06451612903225806
P-1960,0.3548387096774194,0.0967741935483871,0.0967741935483871,0.16129032258064516,0.2903225806451613
P-1961,0.3548387096774194,0.06451612903225806,0.0967741935483871,0.16129032258064516,0.3225806451612903
P-1962,0.5806451612903226,0.0967741935483871,0.12903225806451613,0.0967741935483871,0.0967741935483871
P-1963,0.34375,0.09375,0.09375,0.15625,0.3125
P-1964,0.34375,0.0625,0.125,0.15625,0.3125
P-1965,0.3333333333333333,0.09090909090909091,0.12121212121212122,0.15151515151515152,0.30303030303030304
P-1966,0.42424242424242425,0.09090909090909091,0.18181818181818182,0.06060606060606061,0.24242424242424243
P-1967,0.3939393939393939,0.09090909090909091,0.18181818181818182,0.06060606060606061,0.2727272727272727
P-1968,0.2647058823529412,0.17647058823529413,0.14705882352941177,0.11764705882352941,0.29411764705882354
P-1969,0.29411764705882354,0.08823529411764706,0.17647058823529413,0.14705882352941177,0.29411764705882354
P-1970,0.4411764705882353,0.058823529411764705,0.14705882352941177,0.058823529411764705,0.29411764705882354
P-1971,0.7714285714285715,0.02857142857142857,0.08571428571428572,0.0,0.11428571428571428
P-1972,0.3142857142857143,0.08571428571428572,0.11428571428571428,0.17142857142857143,0.3142857142857143
P-1973,0.3142857142857143,0.08571428571428572,0.14285714285714285,0.17142857142857143,0.2857142857142857
P-1974,0.3142857142857143,0.08571428571428572,0.14285714285714285,0.14285714285714285,0.3142857142857143
P-1975,0.2777777777777778,0.1111111111111111,0.25,0.1111111111111111,0.25
P-1976,0.3611111111111111,0.027777777777777776,0.2222222222222222,0.1111111111111111,0.2777777777777778
P-1977,0.3888888888888889,0.027777777777777776,0.16666666666666666,0.05555555555555555,0.3611111111111111
P-1978,0.2972972972972973,0.08108108108108109,0.13513513513513514,0.16216216216216217,0.32432432432432434
P-1979,0.41025641025641024,0.05128205128205128,0.2564102564102564,0.05128205128205128,0.23076923076923078
P-1980,0.525,0.1,0.15,0.125,0.1
P-1981,0.525,0.1,0.15,0.15,0.075
P-1982,0.525,0.1,0.15,0.125,0.1
P-1983,0.5,0.1,0.15,0.15,0.1
P-1984,0.5,0.1,0.15,0.15,0.1
P-1985,0.5,0.1,0.15,0.15,0.1
P-1986,0.475,0.1,0.15,0.15,0.125
P-1987,0.5,0.1,0.15,0.15,0.1
P-1988,0.475,0.1,0.15,0.15,0.125
P-1989,0.475,0.1,0.15,0.15,0.125
P-1990,0.5,0.1,0.15,0.15,0.1
P-1991,0.5,0.1,0.15,0.15,0.1
P-1992,0.5,0.125,0.15,0.125,0.1
P-1993,0.5,0.1,0.15,0.125,0.125
P-1994,0.5,0.1,0.15,0.125,0.125
P-1995,0.5,0.1,0.15,0.15,0.1
P-1996,0.525,0.075,0.15,0.15,0.1
P-1997,0.475,0.1,0.15,0.15,0.125
P-1998,0.5,0.1,0.125,0.15,0.125
P-1999,0.5,0.1,0.125,0.15,0.125
P-2000,0.5,0.1,0.175,0.15,0.075
P-2001,0.5,0.1,0.125,0.15,0.125
P-2002,0.5,0.125,0.125,0.15,0.1
P-2003,0.5,0.125,0.125,0.125,0.125
P-2004,0.5,0.075,0.15,0.15,0.125
P-2005,0.5,0.1,0.15,0.15,0.1
P-2006,0.5,0.1,0.15,0.15,0.1
P-2007,0.525,0.1,0.15,0.125,0.1
P-2008,0.525,0.1,0.15,0.125,0.1
P-2009,0.5238095238095238,0.09523809523809523,0.14285714285714285,0.14285714285714285,0.09523809523809523
P-2010,0.5238095238095238,0.09523809523809523,0.14285714285714285,0.14285714285714285,0.09523809523809523
P-2011,0.5,0.11904761904761904,0.11904761904761904,0.16666666666666666,0.09523809523809523
P-2012,0.5238095238095238,0.09523809523809523,0.11904761904761904,0.16666666666666666,0.09523809523809523
P-2013,0.5238095238095238,0.09523809523809523,0.14285714285714285,0.14285714285714285,0.09523809523809523
P-2014,0.5238095238095238,0.09523809523809523,0.14285714285714285,0.14285714285714285,0.09523809523809523
P-2015,0.5238095238095238,0.09523809523809523,0.14285714285714285,0.14285714285714285,0.09523809523809523
P-2016,0.5238095238095238,0.09523809523809523,0.16666666666666666,0.11904761904761904,0.09523809523809523
P-2017,0.5238095238095238,0.09523809523809523,0.14285714285714285,0.14285714285714285,0.09523809523809523
P-2018,0.5476190476190477,0.07142857142857142,0.14285714285714285,0.14285714285714285,0.09523809523809523
P-2019,0.4186046511627907,0.023255813953488372,0.20930232558139536,0.046511627906976744,0.3023255813953488
P-2020,0.5681818181818182,0.06818181818181818,0.06818181818181818,0.09090909090909091,0.20454545454545456
P-2021,0.5909090909090909,0.045454545454545456,0.06818181818181818,0.06818181818181818,0.22727272727272727
P-2022,0.0,0.0,0.08333333333333333,0.0,0.9166666666666666
P-2023,0.35294117647058826,0.0392156862745098,0.09803921568627451,0.058823529411764705,0.45098039215686275
P-2024,0.7254901960784313,0.0392156862745098,0.058823529411764705,0.0392156862745098,0.13725490196078433
P-2025,0.33962264150943394,0.05660377358490566,0.09433962264150944,0.07547169811320754,0.4339622641509434
P-2026,0.509090909090909,0.07272727272727272,0.14545454545454545,0.01818181818181818,0.2545454545454545
P-2027,0.5178571428571429,0.07142857142857142,0.14285714285714285,0.017857142857142856,0.25
P-2028,0.5076923076923077,0.07692307692307693,0.13846153846153847,0.03076923076923077,0.24615384615384617
P-2029,0.09859154929577464,0.028169014084507043,0.07042253521126761,0.028169014084507043,0.7746478873239436
P-2030,0.5063291139240507,0.02531645569620253,0.13924050632911392,0.10126582278481013,0.22784810126582278
P-2031,0.2891566265060241,0.0963855421686747,0.13253012048192772,0.1927710843373494,0.2891566265060241
