,Pc1.A,Pc1.R,Pc1.N,Pc1.D,Pc1.C,Pc1.Q,Pc1.E,Pc1.G,Pc1.H,Pc1.I,Pc1.L,Pc1.K,Pc1.M,Pc1.F,Pc1.P,Pc1.S,Pc1.T,Pc1.W,Pc1.Y,Pc1.V,Pc2.Hydrophobicity.1,Pc2.Hydrophilicity.1,Pc2.Hydrophobicity.2,Pc2.Hydrophilicity.2
0,0.0,0.0,0.0,0.0,0.0,0.0,1.0654640743246078,1.0654640743246078,0.0,0.0,0.0,0.0,0.0,0.0,0.0,0.0,0.0,0.0,1.0654640743246078,0.0,-0.0018962628196010699,-0.05409773165072415,-0.019927590340896452,0.010457510486613893
1,0.0,0.0,0.0,0.0,0.0,0.0,1.3179604275751988,0.0,0.0,0.0,0.0,1.3179604275751988,0.0,2.6359208551503976,0.0,0.0,0.0,0.0,0.0,0.0,-0.028904162836076892,-0.05908291526366477,-0.09249332107544606,-0.13748002840001128
2,0.0,0.0,0.0,0.0,0.0,0.0,1.2130546173291248,0.0,0.0,0.0,0.0,1.2130546173291248,0.0,0.0,0.0,0.0,0.0,0.0,0.0,2.4261092346582496,-0.026673736964975867,-0.03795925395353234,-0.07726185879510251,-0.07115976761551397
3,0.0,0.0,1.8608146641022352,0.0,0.0,1.8608146641022352,0.0,0.0,0.0,0.0,0.0,0.0,0.0,0.0,0.0,0.0,0.0,0.0,0.0,0.0,0.03256103954731658,0.002275303728940564,0.032481020943684574,0.002275303728940564
4,0.0,0.0,0.0,0.0,0.0,0.0,0.9367207880301794,0.0,0.0,0.0,0.0,0.9367207880301794,0.0,0.0,0.0,0.9367207880301794,0.0,0.0,0.0,0.9367207880301794,-0.020005578926516263,-0.0036347966766149733,0.022580261421496904,0.06433932615145485
5,0.9659627125107404,0.0,0.0,0.0,0.0,0.0,0.0,0.0,0.0,0.9659627125107404,0.9659627125107404,0.0,0.0,0.0,0.0,1.9319254250214808,0.0,0.0,0.0,0.0,0.027466109120749392,0.008273890242231742,0.003696056659458871,-0.005398768533180428
6,0.9961401569257649,0.0,0.0,0.0,0.0,0.0,0.9961401569257649,0.9961401569257649,0.0,0.0,0.0,0.0,0.0,0.0,0.9961401569257649,0.0,0.9961401569257649,0.0,0.0,0.0,-0.0024416485517073185,0.0002878425029774615,0.0032310537225600606,0.0027825954004049814
7,0.0,0.0,1.1812561718891728,1.1812561718891728,0.0,0.0,0.0,0.0,0.0,0.0,0.0,1.1812561718891728,0.0,2.3625123437783455,0.0,0.0,0.0,0.0,0.0,0.0,-0.040650503445673794,-0.059991620750827604,-0.041698565542008584,-0.03891548215066279
8,0.0,0.0,0.0,0.9350075196093108,0.0,0.0,0.0,0.0,0.0,0.0,0.9350075196093108,0.0,0.0,1.8700150392186217,0.0,0.0,0.0,0.0,0.9350075196093108,0.0,0.031979429339713136,0.017606030085038905,0.010186350443209372,0.0052206705227278655
9,0.9172338606708749,0.0,0.0,0.0,0.0,0.0,0.0,0.9172338606708749,0.0,0.9172338606708749,0.9172338606708749,0.0,0.0,0.9172338606708749,0.0,0.0,0.0,0.0,0.0,0.0,0.03848331035008232,0.007851622393954422,0.033122307025710916,0.003308899559377519
10,0.0,0.0,0.0,0.0,0.0,0.0,0.0,0.0,0.9324805409641411,0.0,0.9324805409641411,0.0,0.0,0.9324805409641411,0.0,0.9324805409641411,0.0,0.0,0.0,0.9324805409641411,0.02511718044642347,0.01945682803719223,0.010913326114537622,0.012032124437705653
11,0.8897969231881402,0.0,0.0,0.0,0.0,0.0,0.0,0.8897969231881402,0.0,0.8897969231881402,0.0,0.0,0.0,0.0,0.0,0.0,0.0,0.0,0.0,1.7795938463762804,0.047213389191775715,0.012203113336238513,0.041830022695660767,0.008956551588184859
12,0.0,0.0,0.0,0.0,0.0,0.0,0.0,0.0,0.0,0.0,0.9297596288567557,0.9297596288567557,0.0,1.8595192577135113,0.0,0.0,0.0,0.0,0.0,0.9297596288567557,0.02761290240139914,0.01682730861606692,0.01512114732806551,0.0106790127977128
13,0.0,1.1286772769715614,0.0,0.0,0.0,1.1286772769715614,0.0,0.0,0.0,0.0,1.1286772769715614,0.0,0.0,0.0,0.0,0.0,0.0,0.0,0.0,2.257354553943123,-0.050293456282169004,-0.01470876014898829,-0.04963674409083316,-0.014038316449571027
14,0.8399052610794739,0.0,0.0,0.0,0.0,0.0,0.0,0.0,0.0,0.0,0.8399052610794739,0.0,0.0,1.6798105221589479,0.0,0.0,0.0,0.0,0.0,0.8399052610794739,0.05068138376136307,0.03233597389621418,0.04841814083373572,0.028659240429212987
15,0.0,0.0,1.0236981423688667,0.0,0.0,0.0,0.0,1.0236981423688667,0.0,0.0,0.0,0.0,0.0,1.0236981423688667,0.0,1.0236981423688667,0.0,0.0,0.0,1.0236981423688667,-0.008594872879340958,-0.007233791461187588,-0.0012613360011074209,-0.0066081420272307585
16,0.0,0.0,0.9566485908430977,0.0,0.0,0.0,0.0,0.0,0.9566485908430977,0.0,0.9566485908430977,0.0,0.0,0.9566485908430977,0.0,0.0,0.0,0.0,0.0,0.9566485908430977,0.01317246788048644,0.01723924894589283,0.0005776072595139978,0.012362085071009103
17,0.9716304619816409,0.0,0.0,0.0,0.0,0.9716304619816409,0.0,0.9716304619816409,0.0,0.9716304619816409,0.0,0.0,0.0,0.0,0.0,0.0,0.0,0.0,0.0,0.9716304619816409,0.016430548714965937,0.005808011781708634,0.007776563614120576,-0.0016455860924361227
18,0.0,0.0,0.0,0.0,0.0,4.625440800120433,0.0,0.0,0.0,0.0,0.0,0.0,0.0,0.0,0.0,0.0,0.0,0.0,0.0,0.0,0.03519362425189311,0.002262295736063617,0.03519362425189312,0.002262295736063617
19,0.8898029370790174,0.8898029370790174,0.8898029370790174,0.8898029370790174,0.0,0.0,0.0,0.0,0.0,0.0,0.0,0.0,0.0,0.0,0.0,0.8898029370790174,0.0,0.0,0.0,0.0,0.03523106872250427,0.03707454328926048,0.025797229122429478,0.012094221786788338
20,0.0,0.0,0.0,0.0,0.0,0.0,1.004665899797501,0.0,0.0,0.0,0.0,0.0,0.0,1.004665899797501,0.0,2.009331799595002,0.0,0.0,0.0,1.004665899797501,-0.015288417127830384,-0.02685188612848104,0.02123450046751251,0.016239902991297808
21,5.014806000596467,0.0,0.0,0.0,0.0,1.0029612001192934,0.0,0.0,0.0,0.0,0.0,0.0,0.0,0.0,0.0,0.0,0.0,0.0,0.0,0.0,0.0010477768995633184,2.0294065504256288e-05,-0.0037654482328056725,-0.00026382285155533014
22,1.9899474425454144,0.9949737212727072,0.9949737212727072,0.0,0.0,0.0,0.9949737212727072,0.0,0.0,0.0,0.9949737212727072,0.0,0.0,0.0,0.0,0.0,0.0,0.0,0.0,0.0,-0.01642135720356148,-0.027386836931851552,0.016290904231902253,0.032543568630803446
23,2.049579832857901,0.0,0.0,1.0247899164289505,0.0,0.0,0.0,0.0,0.0,1.0247899164289505,0.0,0.0,0.0,1.0247899164289505,0.0,0.0,0.0,1.0247899164289505,0.0,0.0,0.0025134910700243553,-0.02189949953465236,0.004646019345837207,-0.010049927310159731
24,1.8565304214474239,0.0,0.0,0.0,0.0,0.0,0.0,1.8565304214474239,0.0,0.9282652107237119,0.0,0.0,0.0,0.0,0.0,0.0,0.0,0.9282652107237119,0.0,0.0,0.026198708517956013,-0.003103751489093666,0.03056597457407424,0.018073857673351585
25,1.8882290470178869,0.0,0.0,0.0,0.0,0.9441145235089434,0.0,0.9441145235089434,0.0,1.8882290470178869,0.0,0.0,0.0,0.0,0.0,0.0,0.0,0.0,0.0,0.0,0.03379273189445958,0.007490190160489235,0.01492127880152119,-0.00031872436541345177
26,1.9906442095057866,0.0,0.0,0.0,0.0,0.9953221047528933,0.0,0.0,0.0,0.0,0.9953221047528933,0.0,0.0,0.0,0.0,1.9906442095057866,0.0,0.0,0.0,0.0,0.0034170730556930345,0.0010009682298190803,0.0012106501163575013,-0.0009507961547628465
27,1.8921086596498111,0.0,0.0,0.0,0.0,0.0,0.0,0.0,0.0,0.0,0.0,1.8921086596498111,0.0,0.0,1.8921086596498111,0.0,0.0,0.0,0.0,0.0,-0.0008089936664151396,0.0056249029010221226,0.01754480106597365,0.03158495987451368
28,3.976621772794298,0.0,0.0,0.0,0.0,0.9941554431985745,0.0,0.0,0.0,0.0,0.9941554431985745,0.0,0.0,0.0,0.0,0.0,0.0,0.0,0.0,0.0,0.003894666268625482,0.001066142091253486,-0.0001622777611927286,0.0010460262027392692
29,2.273068629403282,2.273068629403282,0.0,0.0,0.0,0.0,0.0,0.0,0.0,0.0,0.0,0.0,0.0,2.273068629403282,0.0,0.0,0.0,0.0,0.0,0.0,0.04335268533421248,0.023807340159540617,-0.13702337866911407,-0.06667096152627984
30,1.8909886017025797,0.0,0.0,0.0,0.0,0.0,0.0,0.0,0.0,0.0,0.0,0.0,0.0,0.0,0.0,0.0,0.9454943008512898,0.0,0.9454943008512898,1.8909886017025797,0.008573044567888212,0.015385905760457497,0.022303855786375837,0.008242893033988693
31,2.0273760213166243,0.0,0.0,1.0136880106583122,0.0,1.0136880106583122,0.0,0.0,0.0,0.0,0.0,0.0,0.0,0.0,0.0,0.0,1.0136880106583122,0.0,0.0,1.0136880106583122,0.009495618916778848,-0.0069849337153759985,-0.010160152112472478,-0.006038543747242524
32,0.9430092088389059,0.0,0.0,0.0,0.9430092088389059,0.0,0.0,1.8860184176778119,0.0,0.9430092088389059,0.0,0.0,0.0,0.0,0.0,0.0,0.0,0.0,0.0,0.9430092088389059,0.02969540040513177,0.00394909501411867,0.022240267944382514,0.0011060277974610571
33,1.0392393449136237,0.0,0.0,1.0392393449136237,0.0,1.0392393449136237,0.0,2.0784786898272474,0.0,0.0,0.0,0.0,0.0,0.0,0.0,0.0,0.0,0.0,0.0,1.0392393449136237,-0.02000183058399212,-0.015185624935101453,-0.006156177338310115,0.002104287943780061
34,1.0120722184413051,0.0,0.0,1.0120722184413051,0.0,0.0,1.0120722184413051,0.0,0.0,1.0120722184413051,0.0,0.0,0.0,0.0,0.0,1.0120722184413051,0.0,0.0,0.0,1.0120722184413051,-0.03191069875852511,-0.03340173879514756,0.03271006495989097,0.020530154152476707
35,1.149837377621228,0.0,0.0,1.149837377621228,0.0,0.0,1.149837377621228,0.0,0.0,0.0,1.149837377621228,1.149837377621228,0.0,1.149837377621228,0.0,0.0,0.0,0.0,0.0,0.0,-0.009062399753696174,0.001958015882190758,-0.06740795541005902,-0.07532503833966356
36,1.0141668066266805,0.0,0.0,0.0,0.0,0.0,2.028333613253361,0.0,0.0,0.0,1.0141668066266805,0.0,1.0141668066266805,0.0,0.0,0.0,0.0,0.0,1.0141668066266805,0.0,-0.014127866842947583,-0.03252043003223075,0.004357551914063058,0.028123938334434835
37,0.9890647182935447,0.0,0.9890647182935447,0.0,0.0,0.0,0.9890647182935447,0.9890647182935447,0.0,0.0,0.0,0.9890647182935447,0.0,0.0,0.0,0.9890647182935447,0.0,0.0,0.0,0.0,-0.007353641028204798,0.008016739218321665,0.003187272173697832,0.0070849113426406036
38,0.8270871394455842,0.0,0.0,0.8270871394455842,0.0,0.0,0.8270871394455842,0.0,0.0,0.0,0.0,1.6541742788911684,0.0,0.0,0.0,0.8270871394455842,0.0,0.0,0.0,0.0,0.029931466305704767,0.05418189711128338,0.023674114020168065,0.06512538311725964
39,0.9242302374105751,0.0,0.0,0.0,0.0,0.0,1.8484604748211502,0.0,0.0,0.0,0.0,0.9242302374105751,0.0,0.0,0.9242302374105751,0.0,0.9242302374105751,0.0,0.0,0.0,0.006564032900256875,0.023416619241150207,0.011387779497776609,0.034401330950241185
40,1.9565866183604779,0.0,0.0,0.0,0.0,0.0,0.9782933091802389,0.0,0.0,0.0,1.9565866183604779,0.0,0.0,0.0,0.0,0.0,0.0,0.0,0.0,0.9782933091802389,0.012375348031080424,-0.005854785162856367,0.021614618855483454,-0.006428490903946508
41,0.9763335344849865,0.0,0.0,0.0,0.0,0.0,0.9763335344849865,0.0,0.0,0.0,0.0,0.0,0.0,0.9763335344849865,0.0,0.0,0.9763335344849865,0.0,0.0,1.952667068969973,0.011660644938861,-0.00010362856025552016,0.014158106058382499,-0.00204865692197455
42,0.979227808842366,0.0,0.979227808842366,0.0,0.0,0.0,0.0,0.0,0.0,0.979227808842366,0.0,0.0,0.0,0.979227808842366,0.979227808842366,0.979227808842366,0.0,0.0,0.0,0.0,-0.009227471838328396,-0.005312542545859766,0.023674528914665198,0.011637676627156916
43,0.9902740092810858,0.0,0.0,0.0,0.0,1.9805480185621716,0.0,0.9902740092810858,0.0,0.0,0.0,0.0,0.0,0.9902740092810858,0.9902740092810858,0.0,0.0,0.0,0.0,0.0,-0.003615615478771998,-0.003718862040093646,0.015579110393280986,0.001481357844498973
44,0.9884801797890814,0.0,0.0,0.0,0.0,0.9884801797890814,0.0,1.9769603595781629,0.0,0.0,0.0,0.0,0.0,0.0,0.0,0.0,0.0,0.0,1.9769603595781629,0.0,0.005198637296741341,0.008473780044773033,0.004244582214149544,-0.006397179344745417
45,0.9936898041869933,0.0,0.0,0.0,0.0,0.0,0.0,2.98106941256098,0.0,0.0,0.0,0.0,0.0,0.0,0.0,1.9873796083739865,0.0,0.0,0.0,0.0,-0.0005023022062720567,0.0010769305763476613,0.004991628174828566,0.0007439392681025931
46,0.9875868334924454,0.0,0.9875868334924454,0.0,0.0,0.0,0.0,0.9875868334924454,0.0,0.0,0.0,0.0,0.0,0.9875868334924454,0.0,0.0,0.0,0.0,0.9875868334924454,0.9875868334924454,0.0008341087444432128,0.008492765774241745,-0.004578757789789581,0.0076650497786593
47,0.9825779233932321,0.0,0.0,0.0,0.0,2.9477337701796964,0.0,0.9825779233932321,0.0,0.0,0.0,0.0,0.0,0.0,0.0,0.0,0.0,0.0,0.9825779233932321,0.0,0.017036303727735902,-0.0028751623426636693,0.003294420067612925,-3.3484845917227765e-05
48,1.1356191097453965,0.0,0.0,2.271238219490793,0.0,0.0,0.0,0.0,0.0,1.1356191097453965,0.0,0.0,0.0,1.1356191097453965,0.0,0.0,0.0,1.1356191097453965,0.0,0.0,-0.014620242443039982,-0.04822174577696808,-0.01853990253359733,-0.0542372189917911
49,0.950755154475116,0.0,0.0,0.0,0.0,0.0,0.0,1.901510308950232,0.0,0.950755154475116,0.0,0.0,0.0,0.0,0.0,0.950755154475116,0.0,0.950755154475116,0.0,0.0,0.02211957293581755,-0.003099298046710704,0.01877340179913902,0.01145116883663809
50,0.8995425339563002,0.0,0.0,0.0,0.0,0.0,0.0,0.8995425339563002,0.0,1.7990850679126005,0.8995425339563002,0.0,0.8995425339563002,0.0,0.0,0.0,0.0,0.0,0.0,0.0,0.04366746279394845,0.01022380150289273,0.03893467374243495,0.007631528004423692
51,0.9728743881127412,0.0,0.0,0.0,0.0,0.0,0.0,0.0,0.0,0.9728743881127412,0.9728743881127412,0.0,0.0,0.0,0.0,1.9457487762254824,0.9728743881127412,0.0,0.0,0.0,0.022222316920464384,0.006403243154112624,0.002907138048032168,-0.004407086235350366
52,1.092180450455283,0.0,1.092180450455283,0.0,0.0,1.092180450455283,0.0,0.0,0.0,2.184360900910566,0.0,1.092180450455283,0.0,0.0,0.0,0.0,0.0,0.0,0.0,0.0,-0.02638292613766578,-0.014346349407599818,-0.03385854861703446,-0.017592626292982985
53,0.9862228625141384,0.0,2.958668587542415,0.0,0.0,0.0,0.0,0.0,0.0,0.9862228625141384,0.0,0.0,0.0,0.0,0.0,0.9862228625141384,0.0,0.0,0.0,0.0,0.02040224723951656,0.0005422961903126,-0.005701910880927811,-0.0014654950630397312
54,1.8895295622164652,0.0,0.0,0.9447647811082326,0.0,0.0,0.0,0.9447647811082326,0.0,0.9447647811082326,0.0,0.0,0.0,0.0,0.0,0.0,0.0,0.0,0.0,0.9447647811082326,0.02866619930420128,0.009349315163880342,0.0184760280813209,-0.0012563236576351735
55,1.870796323653272,0.0,0.0,0.0,0.0,0.0,0.0,0.935398161826636,0.0,0.935398161826636,0.0,0.0,0.0,0.0,0.0,0.935398161826636,0.0,0.0,0.0,0.935398161826636,0.03178641688956254,0.007714572666760704,0.023789573815635786,0.0013112748014048137
56,1.867304829362923,0.0,0.0,0.0,0.0,0.0,0.0,0.9336524146814615,0.0,0.9336524146814615,0.0,0.0,0.0,0.0,0.0,0.0,0.9336524146814615,0.0,0.0,0.9336524146814615,0.03234063336426239,0.007301129932701196,0.024735786326809905,0.001970035694764897
57,1.9313816586789203,0.0,0.0,0.0,0.0,0.9656908293394602,0.0,0.0,0.0,0.0,1.9313816586789203,0.0,0.0,0.0,0.0,0.0,0.9656908293394602,0.0,0.0,0.0,0.01131997074610354,0.0017020308580238768,0.011796932948953466,0.009490236107458814
58,1.0697150845546517,0.0,0.0,0.0,0.0,0.0,2.1394301691093034,0.0,0.0,0.0,1.0697150845546517,0.0,0.0,0.0,0.0,0.0,1.0697150845546517,0.0,1.0697150845546517,0.0,0.002422030426185013,-0.0018998035399205313,-0.019694486942223016,-0.050542824498693184
59,1.0243481561419057,0.0,0.0,0.0,0.0,1.0243481561419057,0.0,0.0,0.0,0.0,1.0243481561419057,0.0,0.0,0.0,0.0,2.0486963122838113,0.0,1.0243481561419057,0.0,0.0,-0.0022028064648649094,-0.0039777298279871295,-0.009581992372263743,-0.008585627476789846
60,2.0101411577049677,0.0,0.0,1.0050705788524839,0.0,1.0050705788524839,0.0,0.0,0.0,0.0,1.0050705788524839,0.0,0.0,0.0,0.0,0.0,1.0050705788524839,0.0,0.0,0.0,-0.007560494902685739,-0.005120222035027084,0.0020375126260212856,0.005572625459207583
61,3.8072031717557016,0.0,0.0,0.0,0.0,0.0,0.0,0.0,0.0,0.0,0.0,0.0,1.9036015858778508,0.0,0.0,0.0,0.0,0.0,0.0,0.0,0.019766327534310922,0.005292812767175338,0.01973124530998532,0.003408821449603063
62,1.0200983739181944,0.0,2.0401967478363887,0.0,0.0,0.0,0.0,0.0,0.0,1.0200983739181944,0.0,0.0,1.0200983739181944,0.0,0.0,0.0,1.0200983739181944,0.0,0.0,0.0,-0.012985824261426897,-0.0016871155774843152,-0.008564649563552774,0.0031392154842694885
63,1.9415865366781078,0.0,0.9707932683390539,0.0,0.0,0.0,0.0,0.0,0.0,0.0,0.0,1.9415865366781078,0.0,0.0,0.0,0.0,0.9707932683390539,0.0,0.0,0.0,0.013564545093381822,0.02634976822687534,-0.005515580402381287,-0.005192001256929729
64,0.9595347361622192,0.0,0.9595347361622192,0.0,0.0,0.0,0.0,0.0,0.9595347361622192,0.0,0.9595347361622192,0.0,0.0,0.9595347361622192,0.0,0.0,0.0,0.0,0.0,0.9595347361622192,0.005683017951468901,0.013510711784039314,0.00975379281233171,0.01151774128994089
65,0.9750425611549959,0.0,3.9001702446199835,0.0,0.0,0.0,0.0,0.0,0.0,0.0,0.0,0.0,0.0,0.0,0.0,0.9750425611549959,0.0,0.0,0.0,0.0,0.010412009193752608,0.0018098904346719124,0.011212932977887422,0.0015226062386922436
66,1.0203262872374852,0.0,2.0406525744749704,0.0,0.0,0.0,0.0,0.0,0.0,0.0,0.0,0.0,0.0,0.0,0.0,2.0406525744749704,0.0,0.0,1.0203262872374852,0.0,-0.000992850963496569,-0.0046937573593054255,-0.007962148960508198,-0.006677529954175076
67,0.904884114172469,0.0,0.0,0.0,0.0,0.0,0.0,0.0,0.0,0.0,0.0,2.714652342517407,0.0,0.0,1.809768228344938,0.0,0.0,0.0,0.0,0.0,0.017004277866079963,0.03173303588720847,0.013750937548057268,0.03262763452618524
68,3.0295576018894637,0.0,0.0,0.0,0.0,2.019705067926309,0.0,0.0,0.0,0.0,1.0098525339631546,0.0,0.0,0.0,0.0,0.0,0.0,0.0,0.0,0.0,-0.009713863164610781,-0.001036373073562658,-0.00016484002523699064,0.0010625423002558704
69,3.0272242581195234,0.0,0.0,0.0,0.0,2.0181495054130156,0.0,0.0,0.0,0.0,0.0,0.0,0.0,0.0,1.0090747527065078,0.0,0.0,0.0,0.0,0.0,-0.017094028320225888,-0.0009367098843201391,0.008691270926522904,0.00026471457151532794
70,0.9495244402228965,0.0,0.0,0.0,0.0,0.9495244402228965,0.0,0.0,0.0,1.899048880445793,0.0,0.0,0.0,0.9495244402228965,0.0,0.9495244402228965,0.0,0.0,0.0,0.0,0.01759615570690135,0.011463311118678779,0.01198192508711402,0.00943416786440943
71,1.0329002048211797,0.0,0.0,0.0,0.0,1.0329002048211797,0.0,0.0,0.0,1.0329002048211797,0.0,1.0329002048211797,0.0,0.0,0.0,0.0,0.0,0.0,1.0329002048211797,1.0329002048211797,-0.0034677652547678663,-0.008105844057898702,-0.017996918488122442,-0.0033296770203907426
72,2.0051177410243715,0.0,0.0,0.0,0.0,1.0025588705121857,0.0,2.0051177410243715,0.0,0.0,0.0,0.0,0.0,0.0,1.0025588705121857,0.0,0.0,0.0,0.0,0.0,-0.00028084360242661697,-0.00030001814961973033,-0.0012854401727609198,-0.0006925685873784046
73,2.036553355365784,0.0,1.018276677682892,0.0,0.0,0.0,0.0,1.018276677682892,0.0,0.0,0.0,0.0,0.0,0.0,0.0,2.036553355365784,0.0,0.0,0.0,0.0,-0.0026122581661547086,-5.422095038460595e-06,-0.01449288551542729,-0.0011661119062715242
74,0.9628872896090487,0.0,0.9628872896090487,0.0,0.0,2.888661868827146,0.0,0.0,0.0,0.0,0.0,0.0,0.0,0.0,0.0,0.9628872896090487,0.0,0.0,0.0,0.0,0.02119209901907128,0.0015959136801246162,0.012821072872978729,0.0015036248187766514
75,0.935460893168343,0.935460893168343,0.935460893168343,0.0,0.0,1.870921786336686,0.0,0.0,0.0,0.0,0.0,0.0,0.0,0.0,0.0,0.935460893168343,0.0,0.0,0.0,0.0,0.037635363903356485,0.00846823531131689,0.015765959612290693,0.0026695480046930106
76,1.004372774775809,0.0,1.004372774775809,0.0,0.0,0.0,0.0,0.0,0.0,0.0,0.0,0.0,0.0,0.0,0.0,3.013118324327427,0.0,0.0,1.004372774775809,0.0,-0.0011550228735692832,-0.0007640594870979119,0.00019038838575317842,-0.002644080800895058
77,2.010236812841547,0.0,0.0,0.0,0.0,1.0051184064207734,0.0,0.0,1.0051184064207734,0.0,0.0,0.0,0.0,0.0,0.0,0.0,1.0051184064207734,0.0,1.0051184064207734,0.0,-0.0020217321063888695,-0.002274612832330771,-0.002998196958820142,0.0021761354767663335
78,0.9969446855055896,0.0,0.0,0.9969446855055896,0.0,0.0,0.0,0.0,0.0,0.0,0.0,1.9938893710111791,0.0,0.0,0.0,0.0,0.9969446855055896,0.0,0.0,0.9969446855055896,-0.0031286742028567164,0.004336342387167987,-0.014764087576400225,0.016611733886499506
79,1.081063687447455,0.0,0.0,1.081063687447455,0.0,1.081063687447455,0.0,0.0,0.0,0.0,1.081063687447455,0.0,0.0,0.0,0.0,0.0,1.081063687447455,1.081063687447455,0.0,0.0,-0.010946457190946729,-0.014544175295372804,-0.01320348801580912,-0.04236956694532653
80,1.054638231743832,1.054638231743832,0.0,0.0,0.0,0.0,0.0,0.0,0.0,0.0,0.0,0.0,0.0,0.0,0.0,0.0,3.1639146952314965,0.0,0.0,1.054638231743832,0.0018936552177545984,-0.0025903408301806785,-0.03657364593587035,-0.017367900195535746
81,0.9718760173067875,0.0,0.0,0.0,0.0,0.0,0.9718760173067875,0.0,0.0,1.943752034613575,0.0,0.0,0.0,0.0,0.0,0.0,0.9718760173067875,0.0,0.0,0.9718760173067875,0.023423607034850673,-0.0007075979977054536,0.013686628728198053,-0.008278655072130716
82,2.0073957096728168,0.0,0.0,0.0,0.0,1.0036978548364084,0.0,0.0,0.0,0.0,0.0,0.0,0.0,1.0036978548364084,0.0,0.0,1.0036978548364084,0.0,0.0,1.0036978548364084,-0.008373573729176397,0.0008269670506689006,0.004891279024458949,-0.0010425271823598444
83,0.996501885827934,0.0,0.0,0.996501885827934,0.0,0.0,0.0,0.0,0.0,0.0,0.0,0.0,0.0,0.996501885827934,0.0,0.996501885827934,0.996501885827934,0.0,0.0,0.996501885827934,-0.016419293475640407,-0.02517060286618009,0.027885828702636756,0.01720218181124969
84,2.0734638537845544,0.0,0.0,1.0367319268922772,0.0,1.0367319268922772,0.0,0.0,0.0,0.0,0.0,0.0,0.0,0.0,0.0,0.0,1.0367319268922772,0.0,0.0,1.0367319268922772,0.005176180866493558,-0.007227630017620546,-0.026721583359508513,-0.007958894381641731
85,0.8419636204046648,0.0,0.0,0.0,0.0,0.0,0.0,0.0,0.0,1.6839272408093295,0.0,0.0,0.0,0.8419636204046648,0.0,0.0,0.0,0.0,0.8419636204046648,0.8419636204046648,0.05196115303027074,0.03046499842536691,0.04687427655959289,0.02873595158010454
86,0.9879288288834409,0.0,0.0,0.0,0.0,0.0,0.0,0.9879288288834409,0.0,0.0,0.0,0.0,0.0,0.0,0.0,0.0,1.9758576577668818,0.0,0.0,1.9758576577668818,0.011574405490199023,0.0009037538221356714,-0.002119806848204989,0.0017128186524294209
87,3.0189439977871135,0.0,1.0063146659290378,0.0,0.0,1.0063146659290378,0.0,0.0,0.0,0.0,0.0,0.0,0.0,0.0,0.0,0.0,0.0,0.0,1.0063146659290378,0.0,-0.016735702691061612,-0.0017886339224807385,0.009604059374224028,0.00260561131028051
88,0.9465722236556536,0.0,0.0,0.0,0.9465722236556536,0.0,0.0,0.0,0.0,0.0,0.0,0.0,0.0,0.0,0.0,0.0,0.9465722236556536,0.0,0.9465722236556536,1.8931444473113073,0.00654327756360849,0.015786508310046167,0.022534882453126813,0.008563108017564902
89,0.0,0.0,0.0,0.0,0.9139085039164869,0.0,0.0,1.8278170078329739,0.0,1.8278170078329739,0.0,0.0,0.0,0.0,0.0,0.0,0.0,0.0,0.0,0.9139085039164869,0.03342377552367048,0.002362130129362215,0.04088464594118641,0.00942094448929396
90,0.0,0.0,0.0,0.0,0.8585453429560979,0.0,0.0,0.8585453429560979,0.0,0.8585453429560979,0.8585453429560979,0.0,0.0,0.8585453429560979,0.0,0.0,0.0,0.8585453429560979,0.0,0.0,0.0404793048953605,0.03406392373389615,0.03819318391463819,0.028718244500007158
91,0.0,0.0,2.0012395238918432,0.0,1.0006197619459216,0.0,0.0,1.0006197619459216,0.0,0.0,0.0,0.0,0.0,0.0,1.0006197619459216,1.0006197619459216,0.0,0.0,0.0,0.0,0.001694447568066644,0.0008926303191919473,-0.00301112184437216,-0.0001957179888081034
92,0.0,0.0,0.0,0.0,1.0337724439590277,1.0337724439590277,0.0,0.0,0.0,1.0337724439590277,0.0,1.0337724439590277,0.0,0.0,0.0,0.0,0.0,0.0,1.0337724439590277,1.0337724439590277,-0.00041696225242615967,-0.008721865544289425,-0.024209394486492716,-0.0004242216758193522
93,0.0,0.0,0.9930526853199543,0.0,0.9930526853199543,0.9930526853199543,0.0,0.9930526853199543,0.0,0.9930526853199543,0.0,0.0,0.0,0.0,0.0,0.0,0.0,0.0,0.0,0.9930526853199543,-0.025317577913066738,-0.006742628278150232,0.02735007461569986,0.011657446255562818
94,0.0,0.0,0.0,0.0,0.9256468991056775,0.0,0.0,0.9256468991056775,0.0,0.9256468991056775,0.0,0.0,0.0,0.0,0.0,0.0,0.9256468991056775,0.9256468991056775,0.9256468991056775,0.0,0.008526631450527466,0.025496347147804,0.019859243080584295,0.02047087921540657
95,0.0,0.0,0.0,0.0,0.9060331566050176,0.0,0.0,0.9060331566050176,0.0,0.0,0.9060331566050176,0.0,0.0,0.0,0.0,0.0,0.9060331566050176,1.8120663132100352,0.0,0.0,0.017518212196329007,0.038456765838405606,0.018060885572508862,0.019930979787738938
96,0.0,0.0,0.0,0.0,0.9116830013225776,0.0,0.0,0.9116830013225776,0.0,0.9116830013225776,0.0,0.0,0.0,0.9116830013225776,0.0,0.0,0.9116830013225776,0.0,0.0,0.9116830013225776,0.03380803261009924,0.017088190411439545,0.027786519858490753,0.009634255797392927
97,0.0,0.0,0.0,0.0,0.9115246357441954,0.0,0.0,0.9115246357441954,0.0,0.0,0.0,0.0,0.0,0.0,0.0,0.0,0.9115246357441954,1.8230492714883908,0.0,0.9115246357441954,0.017770300301080025,0.036072756997606925,0.018434334723793508,0.016197972233324108
98,0.9638160300324359,0.0,0.0,1.9276320600648718,0.0,0.0,0.0,0.0,0.0,0.0,1.9276320600648718,0.0,0.0,0.0,0.0,0.0,0.0,0.0,0.9638160300324359,0.0,-0.015415859667146864,-0.0008727998710029538,0.02990197694193748,0.02257065256377653
99,1.012351262181883,0.0,0.0,1.012351262181883,0.0,2.024702524363766,0.0,1.012351262181883,0.0,0.0,0.0,0.0,0.0,0.0,0.0,0.0,0.0,0.0,1.012351262181883,0.0,0.0039009164867503305,-0.006091673557605234,-0.011991133693556807,0.0018306285825285277
100,0.9582284397632883,0.0,0.0,0.9582284397632883,0.0,0.0,0.0,0.0,0.0,0.0,0.0,0.0,0.0,0.0,0.0,0.0,0.9582284397632883,0.0,0.9582284397632883,1.9164568795265766,-0.0008214222753112647,0.012878675677800605,0.02356291170579609,0.006151395128426248
101,1.0834924891063298,0.0,0.0,1.0834924891063298,0.0,0.0,0.0,0.0,0.0,1.0834924891063298,0.0,1.0834924891063298,0.0,0.0,0.0,1.0834924891063298,0.0,0.0,0.0,1.0834924891063298,-0.04366512271145997,-0.03259569970191696,-0.002019631734067218,-0.005212034958885589
102,0.0,0.0,1.032781201854235,1.032781201854235,1.032781201854235,0.0,0.0,0.0,0.0,1.032781201854235,0.0,0.0,0.0,0.0,0.0,0.0,1.032781201854235,0.0,0.0,1.032781201854235,-0.02105217408204828,-0.007076902378894112,0.004502789868758,-0.009154915262050712
103,0.0,0.0,0.0,1.8296565665026852,0.0,0.0,0.0,0.0,0.0,0.0,0.9148282832513426,0.0,0.0,1.8296565665026852,0.0,0.9148282832513426,0.0,0.0,0.0,0.0,0.03332157274641596,0.05200844677510959,0.0030732881447094822,-0.003231590917577481
104,0.0,0.0,0.0,0.9147699823339257,0.9147699823339257,0.0,0.9147699823339257,0.0,0.0,0.0,0.0,0.0,0.0,2.744309947001777,0.0,0.0,0.0,0.0,0.0,0.0,0.03495714728661518,0.0520830674601373,0.007461159801990645,-0.009271356882668882
105,0.0,0.0,1.8781715920706359,0.9390857960353179,0.0,0.0,0.9390857960353179,0.0,0.0,0.0,0.0,0.0,0.0,0.9390857960353179,0.0,0.0,0.9390857960353179,0.0,0.0,0.0,0.018108828218249013,0.032505739002778755,0.004821175116813061,0.005478461626841276
106,0.0,0.0,0.0,0.9321601194163879,0.0,0.0,0.9321601194163879,0.0,0.0,0.9321601194163879,0.0,0.0,0.0,0.0,0.0,0.0,0.9321601194163879,0.0,0.0,1.8643202388327758,0.03563249472348122,0.037200436200278915,0.004211345042804962,-0.009204395382952993
107,0.0,0.0,1.1336073806121436,1.1336073806121436,0.0,0.0,0.0,0.0,1.1336073806121436,0.0,0.0,1.1336073806121436,0.0,2.2672147612242872,0.0,0.0,0.0,0.0,0.0,0.0,-0.03689115628724209,-0.04396087748053347,-0.02105883104352309,-0.0316965158008449
108,0.0,0.0,0.0,1.0061201331925678,0.0,3.0183603995777037,0.0,0.0,0.0,0.0,0.0,1.0061201331925678,0.0,1.0061201331925678,0.0,0.0,0.0,0.0,0.0,0.0,0.01260868559978892,-0.015583143723269601,0.012946418249783261,-0.016092093318870414
109,0.0,0.0,0.0,0.9609046361972207,0.9609046361972207,0.0,0.0,0.9609046361972207,0.9609046361972207,1.9218092723944413,0.0,0.0,0.0,0.0,0.0,0.0,0.0,0.0,0.0,0.0,0.03249328418999417,0.007431011316766107,0.003157242188501457,-0.00398617389248238
110,0.0,0.0,0.0,0.9208858395574024,0.9208858395574024,0.0,0.0,0.0,0.9208858395574024,1.8417716791148049,0.0,0.0,0.0,0.0,0.0,0.0,0.0,0.9208858395574024,0.0,0.0,0.03555647126755544,0.021214875410808857,0.008546296177321961,0.013796517586911214
111,0.0,0.0,0.0,1.9709492831062487,0.0,0.0,0.0,0.0,0.9854746415531244,0.9854746415531244,1.9709492831062487,0.0,0.0,0.0,0.0,0.0,0.0,0.0,0.0,0.0,-0.044480599784077986,-0.0402551463880837,0.04873043777091418,0.05053066684812301
112,0.0,0.0,0.0,1.9595244479886946,0.0,0.0,0.9797622239943473,0.0,0.0,0.9797622239943473,0.9797622239943473,0.0,0.0,0.0,0.0,0.0,0.0,0.0,0.0,0.9797622239943473,-0.05147009570830381,-0.06552535063233879,0.051166747778341466,0.08606647456795377
113,0.0,0.0,0.0,1.0181447976234947,0.0,0.0,0.0,0.0,0.0,1.0181447976234947,1.0181447976234947,0.0,0.0,0.0,0.0,0.0,2.0362895952469895,0.0,1.0181447976234947,0.0,0.0015204032594017469,-0.0043916895996205475,-0.009983677608677372,-0.0052898336745985
114,0.0,0.0,0.0,0.7097862002083168,0.0,0.0,2.1293586006249505,0.0,0.0,0.0,0.0,1.4195724004166337,0.0,0.0,0.0,0.0,0.0,0.0,0.0,0.0,0.04339280779141426,0.10417405438723486,0.038472883225799136,0.10417405438723486
115,0.0,0.0,1.128994617409323,1.128994617409323,0.0,0.0,0.0,1.128994617409323,0.0,0.0,2.257989234818646,1.128994617409323,0.0,0.0,0.0,0.0,0.0,0.0,0.0,0.0,-0.0074285817470786325,-0.020057647307255323,-0.06079713950654062,-0.04071124884844852
116,0.0,0.0,0.0,1.0149898274410605,0.0,1.0149898274410605,0.0,0.0,0.0,1.0149898274410605,1.0149898274410605,0.0,0.0,0.0,0.0,0.0,2.029979654882121,0.0,0.0,0.0,-0.011784558113185654,-0.01237399650829896,0.004506725001788573,0.004662002178635539
117,0.0,1.0305226608512343,0.0,1.0305226608512343,0.0,1.0305226608512343,0.0,1.0305226608512343,0.0,0.0,1.0305226608512343,0.0,0.0,0.0,0.0,0.0,1.0305226608512343,0.0,0.0,0.0,-0.00030821154383747963,-0.008352039697941276,-0.015430925665278487,-0.006431483944177021
118,0.0,0.0,1.9149985765303226,0.9574992882651613,0.0,0.0,0.0,0.0,0.0,0.9574992882651613,0.0,0.0,0.0,0.9574992882651613,0.0,0.0,0.9574992882651613,0.0,0.0,0.0,0.029470048757687814,0.014533016119286873,-0.004977469656474935,0.0034751165143389147
119,0.0,0.0,0.0,1.0654466232056243,0.0,1.0654466232056243,0.0,0.0,0.0,1.0654466232056243,0.0,1.0654466232056243,0.0,0.0,0.0,0.0,0.0,0.0,1.0654466232056243,1.0654466232056243,0.010919602069396822,-0.003966368267728795,-0.0479836397963168,-0.02441621721097553
120,1.003502507065186,0.0,1.003502507065186,1.003502507065186,0.0,1.003502507065186,0.0,0.0,0.0,0.0,0.0,0.0,0.0,0.0,0.0,1.003502507065186,1.003502507065186,0.0,0.0,0.0,0.008510384373343668,0.003924568203398326,-0.012636647354309812,-0.0033008122876181266
121,0.0,0.0,1.033759393793591,1.033759393793591,0.0,1.033759393793591,0.0,1.033759393793591,0.0,0.0,0.0,1.033759393793591,0.0,0.0,0.0,0.0,0.0,1.033759393793591,0.0,0.0,-0.017959633012219083,-0.0015526464118610036,0.020314405771231624,-0.03456152014074241
122,0.0,0.0,1.9422956402448406,0.9711478201224203,0.0,0.9711478201224203,0.0,0.9711478201224203,0.0,0.0,0.0,0.0,0.0,0.0,0.0,0.9711478201224203,0.0,0.0,0.0,0.0,0.001871584518070316,0.006122979756336234,0.014619836440336157,0.006237779162836994
123,0.0,0.0,0.0,0.99568153255676,0.0,0.0,0.0,0.0,0.0,0.99568153255676,0.99568153255676,0.0,0.0,0.0,0.0,1.99136306511352,0.0,0.0,0.0,0.99568153255676,0.010682733714932313,0.003953361332772703,0.0006291362611856472,-0.010946763865650725
124,0.9697801678828336,0.0,0.0,0.9697801678828336,0.0,0.0,0.9697801678828336,0.0,0.0,0.0,0.0,0.9697801678828336,0.0,0.0,0.9697801678828336,0.0,0.9697801678828336,0.0,0.0,0.0,-0.0045385838496069955,-0.004064647905301566,0.0041515174051873155,0.03467154646688758
125,0.0,0.0,0.0,1.0097704018111102,0.0,0.0,1.0097704018111102,0.0,0.0,2.0195408036222204,0.0,0.0,0.0,0.0,0.0,0.0,1.0097704018111102,0.0,0.0,1.0097704018111102,0.025145098224696984,-0.002591976548088452,-0.0076006339152931476,-0.024722889572425497
126,0.0,0.0,0.0,1.0386551491824811,0.0,1.0386551491824811,0.0,2.0773102983649623,0.0,0.0,0.0,0.0,0.0,0.0,0.0,1.0386551491824811,0.0,0.0,0.0,1.0386551491824811,-0.014832149102135124,-0.01214779135402489,-0.013216035510807349,0.001540826784486296
127,0.0,1.0293051698007558,2.0586103396015116,1.0293051698007558,0.0,0.0,0.0,1.0293051698007558,0.0,0.0,0.0,0.0,0.0,0.0,0.0,0.0,0.0,0.0,0.0,1.0293051698007558,0.01905618846962024,-0.0055739932145709055,-0.03572222360730006,-0.007065141448504951
128,0.0,0.0,0.0,2.0235454161127957,0.0,0.0,1.0117727080563979,0.0,0.0,1.0117727080563979,0.0,0.0,0.0,0.0,0.0,1.0117727080563979,0.0,0.0,0.0,1.0117727080563979,-0.018859459473865275,-0.0010598935263059727,0.007240114526831332,0.0009065304169421353
129,0.9470436278684834,0.0,0.0,0.0,0.0,0.0,0.9470436278684834,0.0,0.0,0.0,1.8940872557369668,0.0,0.0,0.0,0.0,0.0,0.0,0.0,0.9470436278684834,0.9470436278684834,0.0188935986671236,0.022004404148666265,0.009739019794365603,0.002319349521361108
130,0.9817555134655507,0.0,0.0,0.0,0.0,0.0,0.9817555134655507,0.0,0.0,0.0,0.0,0.0,0.0,0.9817555134655507,0.0,0.9817555134655507,0.9817555134655507,0.0,0.0,0.9817555134655507,-0.009846814358336837,-0.006870845768923658,0.025857709691516614,0.009104436970193341
131,0.9573666819404105,0.0,0.0,0.0,0.0,0.0,0.9573666819404105,0.0,0.0,0.0,0.0,0.0,0.0,0.0,0.0,0.0,0.9573666819404105,0.0,0.9573666819404105,1.914733363880821,0.0001794615135117934,0.012867093575816247,0.02344089993904036,0.006145863031221073
132,0.0,0.0,0.0,0.0,0.9986099884532172,0.0,1.9972199769064345,0.0,0.0,0.0,0.0,0.0,0.0,2.995829965359652,0.0,0.0,0.0,0.0,0.0,0.0,0.021896288393256365,0.006710171909120614,0.0,-0.027216448755594272
133,0.0,0.0,0.0,0.9760964811418243,0.0,0.0,0.9760964811418243,0.0,0.0,0.9760964811418243,0.0,0.0,0.0,0.0,0.0,1.9521929622836487,0.0,0.0,0.0,0.9760964811418243,0.019279953663548836,0.034790298680536465,-0.01646752280283922,-0.01369921068307047
134,0.0,0.0,0.0,0.0,0.931079101038396,0.0,1.862158202076792,0.0,0.0,0.0,1.862158202076792,0.0,0.0,0.931079101038396,0.0,0.0,0.0,0.0,0.0,0.0,0.03101603265061718,0.04310002976709709,0.005756919628854833,-0.010952083084965059
135,0.8301663017612122,0.0,0.0,0.0,0.0,0.0,2.4904989052836366,0.0,0.0,0.0,0.0,0.8301663017612122,0.0,0.0,0.0,0.8301663017612122,0.0,0.0,0.0,0.0,0.02066389071730154,0.07666267612812953,0.009406983589362183,0.06310014780399463
136,0.0,0.0,0.0,0.0,0.0,0.0,2.8356898100508605,0.0,0.0,0.0,0.0,1.4178449050254303,0.0,0.0,0.0,0.0,0.0,0.0,0.0,0.0,0.041548229543095984,0.1040472836788271,0.041434750586534654,0.1040472836788271
137,0.0,0.0,0.0,0.0,0.0,0.9248972539994395,1.849794507998879,0.0,0.0,0.0,0.0,0.9248972539994395,0.0,0.0,0.9248972539994395,0.0,0.0,0.0,0.0,0.9248972539994395,0.0067129246654424,0.05398741583903905,-0.008532388286313905,0.022934793782393034
138,0.8882934487687898,0.0,0.0,0.0,0.0,0.0,2.6648803463063695,0.0,0.0,0.0,0.0,0.8882934487687898,0.0,0.0,0.0,0.8882934487687898,0.0,0.0,0.0,0.0,0.01269618741818931,0.05364440784871788,0.005219917904030085,0.040146038060272796
139,0.0,0.0,0.0,0.0,0.0,0.0,2.559920405747365,0.0,0.0,0.0,0.8533068019157883,0.8533068019157883,0.0,0.0,0.0,0.8533068019157883,0.0,0.0,0.0,0.0,0.011470042250337655,0.04577139115216973,0.024289818397573396,0.0651619462841309
140,0.0,0.0,0.0,0.0,0.0,0.0,1.9976494164626748,0.0,0.0,0.0,0.0,1.9976494164626748,0.0,0.0,0.9988247082313374,0.0,0.0,0.0,0.0,0.9988247082313374,0.012815990653759726,0.048096773486476015,-0.03534285012855603,-0.024394622243017177
141,0.0,0.0,0.0,0.0,0.0,0.0,0.9439307661776013,0.9439307661776013,0.0,0.0,0.9439307661776013,0.0,0.0,0.0,0.0,0.0,0.0,0.0,0.9439307661776013,1.8878615323552026,0.018533278436150265,0.022612962547477623,0.014105729511315826,0.0008172633274549592
142,0.0,0.0,0.0,1.0099609888187675,0.0,0.0,1.0099609888187675,0.0,1.0099609888187675,0.0,1.0099609888187675,0.0,0.0,0.0,0.0,2.019921977637535,0.0,0.0,0.0,0.0,-0.006539002031717291,-0.01525686359315257,0.006174187832485174,0.005660688973617335
143,0.9910970265122472,0.0,0.0,0.0,0.0,0.0,0.9910970265122472,0.9910970265122472,0.0,0.9910970265122472,0.0,0.0,0.0,0.0,0.9910970265122472,0.0,0.0,0.0,0.0,0.9910970265122472,0.0003632188940533752,-0.01642422932342377,0.019491703581743552,0.00547228033537976
144,0.8591814624781027,0.0,0.0,0.8591814624781027,0.0,0.0,1.7183629249562054,0.0,0.0,0.0,0.0,0.8591814624781027,0.0,0.0,0.0,0.0,0.0,0.0,0.8591814624781027,0.0,0.02800209347470153,0.0607544035119561,0.012251142097953298,0.039810898437286295
145,0.0,0.0,0.0,0.0,0.0,0.0,2.1178749905082883,0.0,0.0,0.0,0.0,2.1178749905082883,0.0,0.0,0.0,0.0,0.0,0.0,0.0,0.0,0.045555675347222414,0.10361224473032507,0.04126150502269801,0.10361224473032507
146,0.0,0.0,0.9412334837378079,0.0,0.0,0.0,0.9412334837378079,0.0,0.0,0.0,1.8824669674756158,0.9412334837378079,0.0,0.0,0.0,0.0,0.0,0.0,0.9412334837378079,0.0,0.019868028631949867,0.047103773788224765,-0.0011399038578498507,-0.007065382300132652
147,0.0,0.0,0.0,0.0,0.0,1.0048843794125777,1.0048843794125777,0.0,0.0,0.0,0.0,1.0048843794125777,0.0,0.0,1.0048843794125777,0.0,1.0048843794125777,0.0,0.0,1.0048843794125777,0.0019482419858447026,0.028940250625612528,-0.024667854801759953,-0.011105017222274942
148,0.9635681059321832,0.0,0.0,0.0,0.0,0.0,1.9271362118643665,0.0,0.0,0.0,0.0,0.9635681059321832,0.0,0.0,0.0,0.9635681059321832,0.9635681059321832,0.0,0.0,0.0,0.008590801715325743,0.028278487913373472,-0.008810493254584903,0.008373097693702529
149,0.0,0.0,0.0,0.0,0.0,0.0,1.8396833172026812,0.0,0.0,0.0,0.9198416586013406,0.9198416586013406,0.0,0.0,0.9198416586013406,0.9198416586013406,0.0,0.0,0.0,0.0,0.008292010697081287,0.021449431921627616,0.011667905239058893,0.038748993540891605
150,0.0,0.0,1.0215972297316425,0.0,0.0,1.0215972297316425,1.0215972297316425,0.0,0.0,1.0215972297316425,1.0215972297316425,0.0,0.0,0.0,0.0,0.0,0.0,0.0,1.0215972297316425,0.0,-0.027432086274521553,-0.011523259321809197,0.008932265130371604,0.008425850734316757
151,0.0,0.0,0.0,0.0,0.0,0.0,2.1207557615765924,0.0,0.0,0.0,1.0603778807882962,1.0603778807882962,0.0,0.0,1.0603778807882962,0.0,0.0,0.0,0.0,1.0603778807882962,-0.036363980865012684,-0.039171217601746695,-0.006130642886283004,0.021287960564746175
152,0.0,0.0,0.0,0.0,0.0,1.0296630843896848,1.0296630843896848,0.0,0.0,0.0,0.0,1.0296630843896848,1.0296630843896848,0.0,0.0,0.0,1.0296630843896848,0.0,0.0,1.0296630843896848,-0.00980900013836694,-0.01709696444197326,-0.0015560374970767805,-0.0012010823122677516
153,0.0,0.0,0.0,0.0,0.0,0.0,1.9981858288883119,0.0,0.0,0.0,0.0,0.9990929144441559,0.0,0.0,0.9990929144441559,0.0,0.9990929144441559,0.0,0.0,0.9990929144441559,-0.02566201141916128,-0.0232825654608471,0.012007695995128251,0.037843966440724304
154,0.0,0.9576174257999877,0.0,0.0,0.0,0.0,1.9152348515999753,0.0,0.0,0.0,0.0,0.0,0.0,0.0,1.9152348515999753,0.0,0.9576174257999877,0.0,0.0,0.0,0.018304826285261314,0.030143488508410407,-0.006721484611936899,0.0006557440182775307
155,0.0,0.0,0.0,0.0,0.0,0.0,1.8919354989013069,0.0,0.0,0.0,0.0,1.8919354989013069,0.0,0.0,0.9459677494506534,0.0,0.0,0.0,0.0,0.9459677494506534,0.017740444287643087,0.04555153291252161,-0.01854438288490993,0.009284656234091734
156,0.0,0.0,0.0,0.0,0.0,1.0637755988814066,1.0637755988814066,0.0,0.0,1.0637755988814066,0.0,1.0637755988814066,0.0,0.0,0.0,0.0,0.0,0.0,1.0637755988814066,1.0637755988814066,0.009378907625383215,-0.003960147498231926,-0.04481643568483702,-0.02437792332372084
157,0.0,0.9539974587958007,0.0,0.0,0.0,0.0,0.9539974587958007,0.9539974587958007,0.0,0.0,0.0,0.0,0.0,1.9079949175916013,0.0,0.0,0.0,0.0,0.9539974587958007,0.0,0.029682756321410684,0.05559798113001787,-0.03121109929158993,-0.008067096955639211
158,0.0,1.059169519086739,0.0,0.0,0.0,0.0,2.118339038173478,0.0,0.0,1.059169519086739,0.0,1.059169519086739,0.0,0.0,0.0,0.0,0.0,0.0,0.0,1.059169519086739,-0.035140196646175265,0.019099131018256537,-0.028139262026770775,-0.01498919143204946
159,0.0,0.0,0.0,0.7628734459251738,0.0,0.0,1.5257468918503476,0.0,0.0,0.0,0.0,1.5257468918503476,0.0,0.0,0.0,0.7628734459251738,0.0,0.0,0.0,0.0,0.04021119213480505,0.07435349986392059,0.034103834134949135,0.08845802794115144
160,0.0,0.0,2.8945019506171534,0.0,0.0,0.0,0.9648339835390511,0.0,0.0,0.0,0.0,0.0,0.0,0.0,0.0,0.9648339835390511,0.9648339835390511,0.0,0.0,0.0,0.00975431641898427,0.005173487345264628,0.015667870747993487,0.004570341948706468
161,0.0,0.0,0.0,0.0,0.0,0.0,1.8385128909890238,0.0,0.0,0.0,0.0,0.9192564454945119,0.0,0.0,0.9192564454945119,0.0,1.8385128909890238,0.0,0.0,0.0,0.010912158823061116,0.025578773484067306,0.012149360648457858,0.03210326154990187
162,0.0,0.0,0.0,0.0,0.0,0.0,2.015083706705571,0.0,0.0,2.015083706705571,0.0,0.0,0.0,0.0,0.0,0.0,1.0075418533527856,0.0,0.0,1.0075418533527856,0.025004719310963652,-0.002586256093884312,-0.005291990051915096,-0.02466832651794981
163,0.0,0.0,0.0,0.0,0.0,0.0,0.9145820940525828,0.0,0.0,1.8291641881051657,0.0,0.0,0.0,0.0,0.0,0.0,0.9145820940525828,0.0,0.0,1.8291641881051657,0.04290080313540883,0.01494261342793808,0.02651803606316833,0.0010564533209019168
164,0.0,0.0,0.0,0.0,0.0,0.0,0.9381716169100143,0.9381716169100143,0.0,0.0,0.0,0.0,0.0,1.8763432338200285,0.0,0.0,0.9381716169100143,0.9381716169100143,0.0,0.0,0.029123166013728847,0.03197720432969906,0.010821029133404526,-0.010093016386846695
165,0.0,0.0,0.0,0.0,0.0,0.0,0.9857567681780046,0.0,0.0,0.0,0.0,0.0,0.0,0.0,0.0,0.0,1.9715135363560092,0.0,0.9857567681780046,1.9715135363560092,0.014712074853479671,0.012203071251418717,-0.0002543366030978344,-0.012417577679805135
166,0.0,0.0,0.0,1.0878931918534471,0.0,0.0,1.0878931918534471,0.0,0.0,0.0,2.1757863837068943,1.0878931918534471,0.0,0.0,0.0,0.0,0.0,0.0,0.0,1.0878931918534471,-0.03656518119906341,-0.049252209151170165,-0.010500059082886837,0.008424257579673224
167,0.0,0.0,0.0,0.0,0.0,0.0,1.0177341579004533,1.0177341579004533,0.0,0.0,0.0,0.0,0.0,0.0,0.0,0.0,2.0354683158009066,0.0,0.0,2.0354683158009066,-0.003818767236327301,-0.012067849740629756,-0.0012727437814029387,-0.0005747971420932831
168,1.1243964854713768,0.0,0.0,0.0,0.0,0.0,1.1243964854713768,0.0,0.0,1.1243964854713768,1.1243964854713768,1.1243964854713768,0.0,0.0,0.0,0.0,0.0,0.0,1.1243964854713768,0.0,-0.032222034355178786,-0.041952822982598635,-0.009496571936224236,-0.04072505619737525
169,0.0,0.0,1.045025342189283,0.0,0.0,0.0,1.045025342189283,0.0,0.0,0.0,0.0,0.0,0.0,1.045025342189283,0.0,2.090050684378566,0.0,0.0,1.045025342189283,0.0,-0.013659713920251679,-0.028752646128555968,-0.001972690718824616,-0.000640291421650789
170,1.0955732879638036,1.0955732879638036,0.0,0.0,0.0,0.0,0.0,0.0,1.0955732879638036,1.0955732879638036,0.0,0.0,0.0,2.191146575927607,0.0,0.0,0.0,0.0,0.0,0.0,-0.01571417397565952,-0.013247514361953783,-0.050319681000801794,-0.016291918625388417
171,0.9399145294197306,0.0,0.0,0.0,0.0,0.0,0.0,0.0,0.0,0.0,0.0,0.0,0.0,0.9399145294197306,0.0,0.0,0.9399145294197306,0.0,0.9399145294197306,1.8798290588394613,0.012020516702584553,0.016816576452167126,0.021819603513059803,0.009428773912457906
172,1.0478034057905576,0.0,0.0,1.0478034057905576,0.0,0.0,0.0,0.0,0.0,0.0,0.0,0.0,0.0,1.0478034057905576,0.0,1.0478034057905576,2.0956068115811153,0.0,0.0,0.0,-0.012795610953955271,-0.02419303978063175,-0.008820706714658505,-0.0019940483413121587
173,0.0,1.0046089979851747,0.0,0.0,0.0,1.0046089979851747,1.0046089979851747,0.0,1.0046089979851747,0.0,0.0,0.0,1.0046089979851747,1.0046089979851747,0.0,0.0,0.0,0.0,0.0,0.0,0.03413091281738021,0.012881513662033807,-0.02530777403777801,-0.026313650426810633
174,0.0,0.0,2.0831622989338396,0.0,0.0,0.0,1.0415811494669198,0.0,0.0,0.0,0.0,0.0,0.0,2.0831622989338396,0.0,1.0415811494669198,0.0,0.0,0.0,0.0,-0.027020977954198337,-0.021810192069493722,0.010382136735263755,-0.0031321161784915535
175,0.0,0.0,2.963557966631756,0.0,0.0,0.0,0.0,0.0,0.0,0.0,0.9878526555439188,0.0,0.0,1.9757053110878375,0.0,0.0,0.0,0.0,0.0,0.0,-0.005797679843872767,0.008779798133081445,0.0014928531447976707,0.0076723730220748885
176,0.0,1.0525986607887894,0.0,0.0,0.0,0.0,0.0,0.0,0.0,0.0,0.0,0.0,1.0525986607887894,3.157795982366368,0.0,0.0,0.0,1.0525986607887894,0.0,0.0,-0.021265470379826814,-0.007795601685481994,-0.037440984357622255,0.013903395634141776
177,0.0,0.0,0.0,0.0,0.0,0.0,0.0,0.0,0.0,0.0,0.0,0.9374034693894978,0.0,1.8748069387789956,0.9374034693894978,0.0,0.9374034693894978,0.0,0.9374034693894978,0.0,0.015069414535242992,0.029343481883066257,0.004394217585981027,0.013789416606212022
178,0.9461174844005829,0.0,0.0,0.0,0.0,0.0,0.0,0.9461174844005829,0.0,0.9461174844005829,0.0,0.0,0.0,1.8922349688011657,0.0,0.9461174844005829,0.0,0.0,0.0,0.0,0.011398405616797787,-0.005089921433319901,0.035365944700020746,0.01220808671591852
179,0.0,0.0,0.0,0.0,0.0,0.0,2.284993267666306,1.142496633833153,0.0,0.0,1.142496633833153,0.0,0.0,2.284993267666306,0.0,0.0,0.0,0.0,0.0,0.0,-0.00225715185301873,-0.02796927084615506,-0.030632775148111344,-0.08163743598586774
180,0.0,0.0,0.9901832441179669,0.0,0.0,0.0,0.0,3.9607329764718675,0.0,0.0,0.0,0.0,0.0,0.9901832441179669,0.0,0.0,0.0,0.0,0.0,0.0,0.0029531250432744127,-0.0006196949469226259,0.008571570570521068,-0.0010882447848397333
181,1.0251366360606342,0.0,2.0502732721212684,0.0,0.0,0.0,0.0,1.0251366360606342,0.0,0.0,0.0,0.0,0.0,1.0251366360606342,0.0,0.0,1.0251366360606342,0.0,0.0,0.0,0.0031372590376614728,-0.0008599150417857446,-0.023578023875611344,-0.003835956180898661
182,0.0,0.0,1.0132344027014994,0.0,0.0,1.0132344027014994,0.0,2.026468805402999,0.0,0.0,0.0,0.0,0.0,1.0132344027014994,0.0,1.0132344027014994,0.0,0.0,0.0,0.0,0.009885109582891934,0.0002722800842184415,-0.021391594814661713,-0.0020001975539481577
183,1.0225862935203258,0.0,1.0225862935203258,0.0,0.0,0.0,0.0,1.0225862935203258,0.0,0.0,0.0,0.0,0.0,1.0225862935203258,0.0,1.0225862935203258,1.0225862935203258,0.0,0.0,0.0,0.0020956358427399293,-0.0008200234421702423,-0.020046382945839564,-0.0038155229750559613
184,0.0,0.9849028661827922,0.9849028661827922,0.0,0.0,0.0,0.0,1.9698057323655844,0.0,0.0,0.0,0.0,0.0,0.9849028661827922,0.0,0.9849028661827922,0.0,0.0,0.0,0.0,-0.004374948965909854,0.006037687909958264,0.011310767774596242,0.002123627098563119
185,0.0,0.0,0.0,0.0,0.0,0.0,0.0,0.9661426864820409,0.0,0.9661426864820409,0.0,0.0,0.0,1.9322853729640819,0.0,0.9661426864820409,0.9661426864820409,0.0,0.0,0.0,0.00025538066104341194,-0.005765605037397529,0.027508109151932025,0.011859428742381134
186,0.0,0.0,0.0,1.030366675834003,0.0,0.0,0.0,0.0,1.030366675834003,1.030366675834003,0.0,0.0,0.0,1.030366675834003,1.030366675834003,1.030366675834003,0.0,0.0,0.0,0.0,-0.017639184770325056,-0.008015734961378402,-0.001920605133087805,-0.0027911509692118896
187,0.0,0.0,1.987472701680501,0.0,0.0,0.0,0.0,0.0,0.0,0.9937363508402505,0.0,0.0,0.0,0.9937363508402505,0.0,0.0,0.9937363508402505,0.0,0.9937363508402505,0.0,0.004070931479268065,0.0067945402778588964,-0.009591282007067303,0.004989459409689851
188,0.0,0.0,0.9331378199921657,0.0,0.0,0.0,0.0,0.0,0.0,1.8662756399843314,0.0,0.0,0.0,0.9331378199921657,0.0,0.0,0.0,0.0,0.0,1.8662756399843314,0.026574041859186957,0.017235930233953735,0.010524664903183649,0.012527543011509937
189,0.0,0.0,0.0,0.0,0.0,1.061273697004494,0.0,1.061273697004494,0.0,2.122547394008988,0.0,1.061273697004494,0.0,1.061273697004494,0.0,0.0,0.0,0.0,0.0,0.0,-0.004003372455606329,-0.022156238647411557,-0.02214456197439136,-0.0129695239270849
190,0.0,0.0,0.0,0.0,0.0,0.0,0.0,0.0,0.0,0.0,1.106221812733559,1.106221812733559,0.0,2.212443625467118,0.0,0.0,1.106221812733559,0.0,1.106221812733559,0.0,-0.005460220559076421,-0.009394375768019016,-0.04816282664041322,-0.04320438976605025
191,0.0,0.0,0.0,0.0,0.0,0.0,0.0,0.0,0.944985238894891,0.0,0.944985238894891,0.0,0.0,0.944985238894891,0.0,1.889970477789782,0.0,0.0,0.0,0.944985238894891,0.020685640000915377,0.016485967286525984,0.00919041111365599,0.008652742704011625
192,0.0,0.0,0.0,0.0,0.0,0.0,0.0,0.0,0.0,1.6134455696336965,0.0,0.0,0.8067227848168482,2.420168354450545,0.0,0.0,0.0,0.0,0.0,0.0,0.05510202839225753,0.037374453828393855,0.05800520923876213,0.042795523723738196
193,0.0,0.0,1.0204823239719751,1.0204823239719751,0.0,0.0,0.0,0.0,0.0,0.0,1.0204823239719751,0.0,1.0204823239719751,2.0409646479439503,0.0,0.0,0.0,0.0,0.0,0.0,0.003686146751923371,0.0007205271323527219,-0.013176899959772725,-0.011712097896478521
194,0.0,0.0,1.0197475758412342,1.0197475758412342,0.0,0.0,0.0,0.0,0.0,0.0,1.0197475758412342,0.0,1.0197475758412342,1.0197475758412342,0.0,1.0197475758412342,0.0,0.0,0.0,0.0,0.005743241715301579,-0.004712814850401144,-0.018500691221084147,-0.0022773114850505884
195,0.0,0.0,1.1052774545884871,0.0,0.0,0.0,0.0,2.2105549091769743,0.0,0.0,0.0,1.1052774545884871,0.0,2.2105549091769743,0.0,0.0,0.0,0.0,0.0,0.0,-0.00863205198482284,-0.02324440445654832,-0.041641270193775226,-0.03175972795334065
196,0.0,0.0,1.0102679938903911,0.0,0.0,1.0102679938903911,0.0,2.0205359877807822,0.0,0.0,0.0,0.0,0.0,1.0102679938903911,1.0102679938903911,0.0,0.0,0.0,0.0,0.0,-0.013845875156638853,-0.00182004745049511,0.006056373469276677,-0.0006584447525337974
197,0.0,0.0,3.9038749020193815,0.0,0.0,0.0,0.0,0.0,0.0,0.0,0.0,0.0,0.0,0.9759687255048454,0.0,0.0,0.0,0.0,0.9759687255048454,0.0,-0.001202526837242827,-0.00647003427338215,0.01700239333768328,0.014701442268096287
198,0.0,0.0,0.0,0.0,0.0,1.018023035126139,0.0,0.0,0.0,1.018023035126139,0.0,1.018023035126139,0.0,1.018023035126139,0.0,0.0,0.0,0.0,1.018023035126139,1.018023035126139,-0.008612086566728395,-0.010388676044462272,-0.007196393760632931,0.008174121245684497
199,0.0,0.0,0.0,0.0,0.0,2.8571750703673606,0.0,0.0,0.0,0.0,0.0,1.9047833802449072,0.0,0.9523916901224536,0.0,0.0,0.0,0.0,0.0,0.0,0.0354650738362943,0.008726983371481525,0.01864900216752254,-0.015232749497751977
200,0.0,0.0,0.0,0.0,0.0,2.9704771595873054,0.0,0.0,0.0,0.0,0.0,0.0,0.0,0.9901590531957685,0.9901590531957685,0.9901590531957685,0.0,0.0,0.0,0.0,-0.009483762743995199,-0.0009627356734077895,0.020414333713091364,-0.0001268884914568136
201,0.9926471542891552,0.0,0.9926471542891552,0.0,0.0,0.0,0.0,0.0,0.0,0.9926471542891552,0.0,0.0,0.0,0.9926471542891552,0.9926471542891552,0.9926471542891552,0.0,0.0,0.0,0.0,-0.016288875973476016,-0.007393882627190911,0.01913801802621051,0.011897586285301147
202,0.0,0.0,0.0,1.090906647862396,0.0,0.0,0.0,0.0,0.0,0.0,0.0,1.090906647862396,0.0,1.090906647862396,0.0,2.181813295724792,0.0,1.090906647862396,0.0,0.0,0.006100355213569642,-0.003299030086097993,-0.038428791317119515,-0.05527918167274836
203,1.0341742843864306,0.0,2.068348568772861,0.0,0.0,0.0,0.0,0.0,0.0,0.0,0.0,0.0,0.0,1.0341742843864306,0.0,1.0341742843864306,1.0341742843864306,0.0,0.0,0.0,-0.005983501499014346,-0.0032464104609939586,-0.02020820355191321,-0.004736168874508998
204,0.0,0.0,0.0,0.0,0.0,0.9467345032933123,0.0,0.0,0.0,0.9467345032933123,0.0,0.0,0.0,2.840203509879937,0.0,0.0,0.9467345032933123,0.0,0.0,0.0,-0.006593253020081382,0.007692457293835553,0.02464867651428428,0.027517615918649187
205,0.0,0.0,0.0,0.0,0.0,0.0,0.9611537421140578,0.0,0.0,0.0,0.0,0.9611537421140578,0.0,0.9611537421140578,0.9611537421140578,0.0,1.9223074842281156,0.0,0.0,0.0,0.010886199539198475,0.02752660629052538,0.0016638019983781953,-0.0012303499421599045
206,0.0,0.0,0.0,0.0,0.0,0.0,0.9551871708250758,0.0,0.0,1.9103743416501515,0.0,0.0,0.0,0.9551871708250758,0.0,0.0,0.9551871708250758,0.0,0.0,0.9551871708250758,0.022734695965350157,0.00030822114797907085,0.021192124563073067,0.0005777874985218216
207,0.0,0.0,0.0,0.0,0.0,0.0,0.0,0.0,0.0,0.8284181306500275,0.0,0.0,0.0,2.4852543919500825,0.0,0.0,0.0,0.0,0.8284181306500275,0.8284181306500275,0.04258078090163607,0.041319156217201905,0.039787529482774135,0.047894402748360355
208,0.0,0.0,1.0215025785799023,0.0,0.0,1.0215025785799023,0.0,0.0,1.0215025785799023,0.0,1.0215025785799023,0.0,0.0,1.0215025785799023,0.0,0.0,0.0,0.0,0.0,1.0215025785799023,0.010992042027369699,0.00843776171307827,-0.03274591498464804,-0.00818646733570222
209,0.0,0.0,0.0,0.0,0.0,0.0,0.0,0.0,0.0,0.0,1.7407550129170057,0.0,0.0,0.8703775064585029,0.0,0.0,0.0,0.0,2.611132519375509,0.0,0.01880683433292498,0.04506805595259157,0.023925596704121952,0.04182200655185852
210,0.0,0.0,0.0,0.0,0.0,0.0,0.0,0.0,0.0,0.0,0.0,0.9852884923201077,0.0,0.9852884923201077,0.9852884923201077,0.0,1.9705769846402155,0.0,0.9852884923201077,0.0,0.001923739023728087,0.014568665316756515,0.0005278868545424299,-0.002308783515134798
211,1.8542700139101715,0.0,0.0,0.0,0.0,0.0,0.0,1.8542700139101715,0.0,0.9271350069550858,0.0,0.0,0.0,0.0,0.0,0.0,0.0,0.9271350069550858,0.0,0.0,0.025276357783052615,-0.0014583266060652683,0.03134891291406682,0.017698048953860034
212,2.0111693247784395,0.0,0.0,1.0055846623892197,0.0,1.0055846623892197,0.0,1.0055846623892197,0.0,0.0,0.0,0.0,0.0,0.0,0.0,0.0,0.0,0.0,0.0,1.0055846623892197,0.012121193851645496,-0.006884832689686577,-0.006735173239250863,-0.004085850311927855
213,1.0386205961000672,0.0,0.0,1.0386205961000672,0.0,1.0386205961000672,0.0,2.0772411922001344,0.0,0.0,0.0,0.0,0.0,0.0,0.0,0.0,0.0,0.0,0.0,1.0386205961000672,-0.012272210672454646,-0.015620492149495402,-0.015209009750488578,0.004481116472371587
214,0.9711470352623599,0.0,0.9711470352623599,0.0,0.0,0.0,0.0,0.9711470352623599,0.0,0.9711470352623599,0.0,0.0,0.0,0.9711470352623599,0.0,0.9711470352623599,0.0,0.0,0.0,0.0,-0.005150432795456098,-0.005683772628653869,0.028664367588293445,0.011022802573456596
215,0.9034220999713006,0.0,0.0,0.0,0.0,0.0,0.0,1.8068441999426013,0.0,1.8068441999426013,0.9034220999713006,0.0,0.0,0.0,0.0,0.0,0.0,0.0,0.0,0.0,0.04023285672839957,0.005698542180882652,0.04332681364480033,0.007319687474616785
216,0.9626978405372181,0.0,0.0,0.0,0.0,0.0,0.0,0.9626978405372181,0.0,0.9626978405372181,0.9626978405372181,0.0,0.0,0.0,0.0,1.9253956810744361,0.0,0.0,0.0,0.0,0.024915764113275143,0.006429217568219853,0.011157144533959674,-0.005199966752672791
217,0.9431357761581023,0.0,0.0,0.0,0.0,0.0,0.0,1.8862715523162046,0.0,1.8862715523162046,0.0,0.0,0.0,0.0,0.0,0.0,0.9431357761581023,0.0,0.0,0.0,0.01666232692779714,0.001703792647857873,0.03118475260583635,0.007313351660406242
218,0.9468864502680238,0.0,0.0,0.0,0.0,0.0,0.0,0.9468864502680238,0.0,0.0,0.0,0.0,0.0,0.0,0.0,0.0,0.9468864502680238,0.0,0.9468864502680238,1.8937729005360475,0.007720120578762013,0.01502537121263993,0.022423948787769408,0.007944109152804907
219,0.0,0.0,0.0,0.9555225789291711,0.9555225789291711,0.0,0.0,0.9555225789291711,0.0,0.9555225789291711,0.9555225789291711,0.0,0.0,0.9555225789291711,0.0,0.0,0.0,0.0,0.0,0.0,0.02774383460266877,0.016539547632308367,0.009179686306729749,-0.008985647470877971
220,0.0,0.0,0.0,0.9786301191796433,0.9786301191796433,0.0,0.0,0.9786301191796433,0.9786301191796433,1.9572602383592865,0.0,0.0,0.0,0.0,0.0,0.0,0.0,0.0,0.0,0.0,0.02181375264862658,0.010436215365980956,-0.007791362091260368,-0.0030887251029904656
221,0.0,0.0,0.0,1.0815273883216234,0.0,0.0,1.0815273883216234,1.0815273883216234,0.0,1.0815273883216234,0.0,0.0,0.0,0.0,0.0,0.0,0.0,0.0,0.0,2.163054776643247,-0.019749660281492634,-0.03265022388376221,-0.0004612809927338216,-0.028666223163634742
222,0.0,0.0,0.0,1.0927044920145816,0.0,0.0,1.0927044920145816,1.0927044920145816,0.0,1.0927044920145816,0.0,0.0,0.0,0.0,0.0,0.0,0.0,1.0927044920145816,0.0,1.0927044920145816,-0.017654593464923832,-0.05194324187622547,-0.005825601578423725,-0.017281055095008775
223,1.0012392846918872,0.0,0.0,0.0,0.0,0.0,1.0012392846918872,1.0012392846918872,0.0,0.0,0.0,0.0,0.0,0.0,0.0,1.0012392846918872,1.0012392846918872,0.0,0.0,1.0012392846918872,-0.011528955568121465,-0.001695732592336935,0.013354145076848215,-0.0013687416082769938
224,1.9536554352378626,0.0,0.0,0.0,0.0,0.0,0.9768277176189313,0.9768277176189313,0.0,0.0,0.9768277176189313,0.0,0.0,0.0,0.0,0.0,0.0,0.0,0.0,0.9768277176189313,0.008813947244077854,-0.008933558330795142,0.020306643160375445,0.00298525030741045
225,0.0,1.0048863499078518,0.0,0.0,0.0,0.0,1.0048863499078518,2.0097726998157035,0.0,0.0,0.0,0.0,0.0,2.0097726998157035,0.0,0.0,0.0,0.0,0.0,0.0,0.024232960736480624,0.046940380223791205,-0.053033081623992576,-0.023026609244130938
226,0.0,0.0,0.0,1.031539632588318,0.0,0.0,1.031539632588318,1.031539632588318,0.0,0.0,0.0,0.0,0.0,0.0,0.0,0.0,1.031539632588318,1.031539632588318,1.031539632588318,0.0,-0.013493216694271622,-0.044752829655728826,0.009252755268775342,0.017453658492907247
227,0.0,0.0,0.9718624849496112,0.0,0.0,0.9718624849496112,0.0,0.9718624849496112,0.0,0.0,0.9718624849496112,0.0,0.0,1.9437249698992225,0.0,0.0,0.0,0.0,0.0,0.0,-0.006843986685402924,0.006806439061693165,0.02005246136290665,0.008122601311191843
228,0.0,0.0,0.0,0.0,0.0,2.9419093543738173,0.0,0.9806364514579391,0.0,0.0,0.0,0.0,0.0,1.9612729029158782,0.0,0.0,0.0,0.0,0.0,0.0,0.024999997069087905,0.011490805399384851,-0.009414500300771338,-0.007712753625640605
229,0.0,0.0,0.0,0.0,0.0,0.0,0.0,0.9274471003130552,0.0,0.0,0.0,0.0,0.0,1.8548942006261104,0.9274471003130552,0.0,0.9274471003130552,0.0,0.9274471003130552,0.0,0.022246345823720707,0.025917303811738648,0.010405540976400073,0.013983709075085268
230,1.0170530947330723,0.0,2.0341061894661445,0.0,0.0,0.0,0.0,2.0341061894661445,0.0,0.0,0.0,0.0,0.0,1.0170530947330723,0.0,0.0,0.0,0.0,0.0,0.0,0.009562486209312503,-0.002424374527384462,-0.020829575555063273,-0.003361630859936967
231,0.0,0.0,0.9995949130966066,0.0,0.0,0.9995949130966066,0.0,1.9991898261932133,0.0,0.0,0.0,0.0,0.0,0.9995949130966066,0.0,0.9995949130966066,0.0,0.0,0.0,0.0,0.016674477314416267,-0.0014403006553943972,-0.01270323579493171,-0.002125853960696683
232,1.0140689047071971,0.0,1.0140689047071971,0.0,0.0,0.0,0.0,2.0281378094143943,0.0,0.0,0.0,0.0,0.0,1.0140689047071971,0.0,1.0140689047071971,0.0,0.0,0.0,0.0,0.008509221050272176,-0.00237982319224545,-0.016923930797463394,-0.0032743717677604926
233,0.0,0.9664487305177252,0.9664487305177252,0.0,0.0,0.0,0.0,1.9328974610354503,0.0,0.0,0.0,0.0,0.0,0.9664487305177252,0.0,0.9664487305177252,0.0,0.0,0.0,0.0,0.013880417227588005,0.0026790715495853454,0.015129227312516183,0.0018625533925853302
234,0.0,0.0,1.1155414123843346,0.0,0.0,0.0,0.0,2.231082824768669,0.0,0.0,0.0,1.1155414123843346,0.0,2.231082824768669,0.0,0.0,0.0,0.0,0.0,0.0,-0.004708541740826284,-0.02516306166343788,-0.05591393317231213,-0.0297558758077583
235,1.0254662730454827,0.0,2.0509325460909653,0.0,0.0,0.0,0.0,1.0254662730454827,0.0,0.0,0.0,0.0,0.0,1.0254662730454827,0.0,1.0254662730454827,0.0,0.0,0.0,0.0,0.0030259554293769223,-0.0034957340097179893,-0.02221679802671546,-0.002779696438426176
236,0.0,0.0,2.0445847980067304,0.0,0.0,0.0,0.0,1.0222923990033652,0.0,0.0,0.0,0.0,0.0,1.0222923990033652,1.0222923990033652,0.0,1.0222923990033652,0.0,0.0,0.0,0.0030618064837406116,-0.0040176495549787555,-0.018264257031174215,-0.0030722989009529544
237,0.0,0.0,0.0,0.0,0.0,0.0,0.0,1.976567472123023,0.0,0.0,0.0,0.0,0.0,1.976567472123023,0.9882837360615115,0.9882837360615115,0.0,0.0,0.0,0.0,0.004902025545088537,-0.005619880997639119,0.01533053848814313,-0.002896419097103974
238,0.0,0.0,0.0,0.0,0.0,2.005687401413521,0.0,1.0028437007067605,0.0,0.0,0.0,0.0,0.0,1.0028437007067605,1.0028437007067605,1.0028437007067605,0.0,0.0,0.0,0.0,-0.005188633909635221,-0.0029828781365492424,0.0057518008203441525,-0.0004239894809201752
239,0.0,0.0,0.0,0.0,0.0,0.0,0.0,1.9912223046757584,0.0,0.0,0.0,0.0,0.0,1.9912223046757584,0.0,1.9912223046757584,0.0,0.0,0.0,0.0,-0.00031454589519610334,-0.007417374123760237,0.01426465634714329,-0.002143888666066118
240,0.0,0.0,2.970890017486867,0.0,0.0,0.0,0.0,0.9902966724956223,0.0,0.0,0.0,0.0,0.0,0.9902966724956223,0.0,0.9902966724956223,0.0,0.0,0.0,0.0,0.017877213433364535,-0.003121328267136416,-0.0034650006785878927,-0.0015875569832625367
241,0.0,0.0,0.9961022318868683,0.0,0.0,0.9961022318868683,0.0,2.9883066956606052,0.0,0.0,0.0,0.0,0.0,0.9961022318868683,0.0,0.0,0.0,0.0,0.0,0.0,0.01742814377093678,-0.0019090939893778537,-0.007009965736685028,-0.004611315931742284
242,0.0,0.0,1.102338190192324,0.0,0.0,0.0,0.0,2.204676380384648,0.0,0.0,0.0,1.102338190192324,0.0,2.204676380384648,0.0,0.0,0.0,0.0,0.0,0.0,-0.008609096768501825,-0.023182590610490463,-0.03651552573533238,-0.03403097707799932
243,0.0,0.0,0.9940648704003578,0.0,0.0,0.0,0.0,3.9762594816014314,0.9940648704003578,0.0,0.0,0.0,0.0,0.0,0.0,0.0,0.0,0.0,0.0,0.0,0.006582642569876316,0.00030947415756406164,-0.0013818524478747994,0.00042486532007654553
244,0.0,0.0,1.9840283151332092,0.0,0.0,0.0,0.0,3.9680566302664184,0.0,0.0,0.0,0.0,0.0,0.0,0.0,0.0,0.0,0.0,0.0,0.0,0.009665548601794739,0.0011272327915210756,-0.00376091385283842,0.0009539748929180236
245,0.0,0.0,0.9907741992557298,0.0,0.0,0.0,0.0,2.9723225977671897,0.0,0.0,0.0,0.0,0.9907741992557298,0.9907741992557298,0.0,0.0,0.0,0.0,0.0,0.0,-0.0068801300271620685,-0.004331309065549522,0.012061617093417276,0.00837562274356446
246,1.0043258459444544,0.0,1.0043258459444544,0.0,0.0,0.0,0.0,4.017303383777818,0.0,0.0,0.0,0.0,0.0,0.0,0.0,0.0,0.0,0.0,0.0,0.0,0.00010153572797231147,0.0005978851565302515,-0.005251300931067977,0.00022603410211101917
247,0.0,0.0,1.0066356470574733,0.0,0.0,0.0,0.0,4.026542588229893,1.0066356470574733,0.0,0.0,0.0,0.0,0.0,0.0,0.0,0.0,0.0,0.0,0.0,0.0021880387707347805,6.074790381316624e-06,-0.00941365517641708,0.0005838945578277437
248,0.0,0.0,1.9861212523459733,0.0,0.0,0.0,0.0,2.97918187851896,0.0,0.0,0.0,0.0,0.0,0.0,0.0,0.9930606261729866,0.0,0.0,0.0,0.0,0.00873452441610075,0.0016008009540051295,-0.004941406593160446,0.001545455050067934
249,1.0070754292387614,0.0,1.0070754292387614,0.0,0.0,0.0,0.0,3.021226287716284,0.0,0.0,0.0,0.0,0.0,0.0,0.0,1.0070754292387614,0.0,0.0,0.0,0.0,0.0012217644770612529,0.0007110609895406831,-0.009465493018899028,0.000457238313535713
250,0.0,0.0,0.9964472558930113,0.0,0.0,0.0,0.0,2.989341767679034,0.0,0.0,0.0,0.0,0.9964472558930113,0.9964472558930113,0.0,0.0,0.0,0.0,0.0,0.0,-0.0033432827040398654,-0.005877122333764894,0.004197467299485078,0.008575681845308224
251,2.0041747543110207,0.0,1.0020873771555103,0.0,0.0,0.0,0.0,3.0062621314665314,0.0,0.0,0.0,0.0,0.0,0.0,0.0,0.0,0.0,0.0,0.0,0.0,0.0017264814063485748,0.000696155865806183,-0.0043531392427798715,-0.0001568751848852974
252,1.0222580191140642,0.0,1.0222580191140642,1.0222580191140642,0.0,0.0,0.0,3.0667740573421924,0.0,0.0,0.0,0.0,0.0,0.0,0.0,0.0,0.0,0.0,0.0,0.0,-0.008384158569521294,-0.002185664300971952,-0.014258882929289875,0.002570686685718961
253,0.0,0.0,1.0126930193532517,0.0,0.0,0.0,0.0,4.050772077413007,1.0126930193532517,0.0,0.0,0.0,0.0,0.0,0.0,0.0,0.0,0.0,0.0,0.0,0.002201205168597483,6.111345084168637e-06,-0.015101291272936225,0.00020095540600296313
254,0.0,0.0,2.007979840793489,0.0,0.0,0.0,0.0,3.011969761190233,0.0,0.0,0.0,0.0,0.0,0.0,0.0,1.0039899203967444,0.0,0.0,0.0,0.0,0.005481095387740478,0.0018023219669886389,-0.012989054174072485,0.001715716422599032
255,1.0100865656235485,0.0,1.0100865656235485,0.0,0.0,0.0,0.0,2.020173131247097,0.0,0.0,1.0100865656235485,0.0,0.0,0.0,0.0,1.0100865656235485,0.0,0.0,0.0,0.0,0.005765419279968443,0.0018763739689132593,-0.015094335716374948,-0.002634023156055188
256,0.0,0.0,0.0,0.0,0.0,2.9419986537874534,0.0,1.9613324358583022,0.0,0.0,0.0,0.0,0.0,0.0,0.0,0.9806662179291511,0.0,0.0,0.0,0.0,0.014669148098050347,0.0019317281536122772,0.0007681060896877604,0.001964799729498593
257,0.0,1.0069952973167575,1.0069952973167575,0.0,0.0,0.0,0.0,3.0209858919502723,0.0,0.0,0.0,0.0,0.0,0.0,0.0,0.0,0.0,0.0,1.0069952973167575,0.0,-0.029434545607300074,0.0018663418957944173,0.014769766318838154,0.005803140075910088
258,0.0,0.0,0.9507012583102094,0.0,0.0,0.0,0.0,1.9014025166204187,0.0,0.0,0.9507012583102094,0.0,0.0,0.0,0.0,0.0,0.0,0.0,0.0,1.9014025166204187,0.02198616177058269,0.008936933362671425,0.01710535400047383,0.0012702925560626587
259,0.9052815129878193,0.0,0.0,0.0,0.0,0.0,0.0,1.8105630259756387,0.0,0.9052815129878193,0.0,0.0,0.0,0.0,0.0,0.0,0.0,0.0,0.0,1.8105630259756387,0.040624551988202,0.010051220751616968,0.038096242782515534,0.005946471489846224
260,0.0,0.0,0.0,0.0,0.0,0.0,0.0,2.817878357850551,0.0,0.0,1.8785855719003672,0.0,0.0,0.0,0.0,0.0,0.0,0.0,0.9392927859501836,0.0,0.0223870534364234,0.013535122952650604,0.01753316199012923,0.007251875670613111
261,0.0,0.0,0.0,0.0,0.0,0.0,0.0,2.859766468281034,0.0,0.0,0.9532554894270113,0.0,0.9532554894270113,0.0,0.0,0.0,0.0,0.0,0.9532554894270113,0.0,0.01715432227569192,0.008768737707762866,0.012734233267038389,0.008087217322495455
262,0.0,0.0,0.0,0.0,0.0,2.9610658273143655,0.0,1.9740438848762438,0.0,0.0,0.0,0.0,0.0,0.0,0.0,0.0,0.0,0.0,0.9870219424381219,0.0,0.016414851474860017,-0.0025868410593537327,0.0028363744910096435,-0.003686327344637765
263,0.0,0.0,0.0,0.0,0.0,2.0321833121148796,0.0,2.0321833121148796,0.0,0.0,0.0,0.0,0.0,0.0,0.0,0.0,0.0,0.0,2.0321833121148796,0.0,0.006802336486575133,-0.005656816579913818,-0.00970004408538675,-0.007537131878714477
264,0.0,0.0,0.0,0.0,0.0,0.0,0.0,2.8235486601957764,0.0,0.0,0.9411828867319254,0.0,0.0,0.0,0.0,0.0,0.0,0.0,0.9411828867319254,0.9411828867319254,0.022693770206108212,0.010619554726190887,0.017806323451814033,0.007697464883961359
265,0.0,0.0,0.9933209390888793,0.0,0.0,0.9933209390888793,0.0,1.9866418781777586,0.0,0.0,0.0,0.0,0.0,0.0,0.0,0.0,0.0,0.0,1.9866418781777586,0.0,0.009046452058553485,0.009173960735910773,-0.0022778271689986368,-0.009263524714344924
266,0.0,0.0,0.9847093900681239,0.0,0.0,0.0,0.0,0.9847093900681239,0.0,1.9694187801362477,0.0,0.9847093900681239,0.0,0.9847093900681239,0.0,0.0,0.0,0.0,0.0,0.0,-0.018354998793354674,-0.009566329624210813,0.029904648457817262,0.013307289891624273
267,0.0,0.0,1.021802447107048,0.0,0.0,0.0,0.0,1.021802447107048,0.0,2.043604894214096,0.0,1.021802447107048,0.0,0.0,0.0,0.0,1.021802447107048,0.0,0.0,0.0,0.006572626922638506,-0.010434498511167279,-0.0041240328554374775,-0.013816542663081757
268,1.0709704062563559,0.0,1.0709704062563559,0.0,0.0,0.0,0.0,1.0709704062563559,0.0,1.0709704062563559,1.0709704062563559,1.0709704062563559,0.0,0.0,0.0,0.0,0.0,0.0,0.0,0.0,-0.03185042100390651,-0.031019143072062792,-0.014295470475372345,0.00619462829498586
269,0.8677154290280552,0.0,0.0,0.0,0.0,0.0,0.0,0.8677154290280552,0.0,1.7354308580561104,0.0,0.0,0.0,0.0,0.0,0.0,0.0,0.0,0.0,1.7354308580561104,0.05302954155813276,0.015119456671888057,0.05077063221963496,0.013364940522288907
270,1.0304770237026608,0.0,0.0,0.0,0.0,2.0609540474053216,0.0,1.0304770237026608,0.0,0.0,0.0,1.0304770237026608,0.0,0.0,0.0,0.0,0.0,0.0,1.0304770237026608,0.0,-0.0003450948255920541,0.0047880078108228285,-0.028296690494694323,-0.006623246193197198
271,0.0,0.0,0.0,0.0,0.0,2.041447909616888,0.0,2.041447909616888,0.0,0.0,0.0,1.020723954808444,0.0,0.0,0.0,0.0,0.0,0.0,1.020723954808444,0.0,0.0005460658709128235,0.0023222482717081576,-0.023608211988037177,1.594303697225117e-05
272,0.0,0.0,0.9590623198400208,0.0,0.9590623198400208,0.0,0.0,0.9590623198400208,0.0,0.0,0.9590623198400208,0.0,0.0,0.9590623198400208,0.0,0.0,0.0,0.0,0.9590623198400208,0.0,0.002755270289208354,0.017311683943154545,0.007033362711317699,0.013837363216298715
273,0.0,0.0,0.9329271633082011,0.0,0.0,0.0,0.0,0.9329271633082011,0.0,0.9329271633082011,0.9329271633082011,0.0,0.9329271633082011,0.9329271633082011,0.0,0.0,0.0,0.0,0.0,0.0,0.01804606941630954,0.015352288769507595,0.024426742207262406,0.009247736298719294
274,0.0,0.0,0.0,0.0,0.0,0.9099818303182337,0.0,0.9099818303182337,0.0,0.0,2.7299454909547007,0.0,0.0,0.0,0.0,0.0,0.0,0.9099818303182337,0.0,0.0,0.028041090532495597,0.02173377807954544,0.019046398767415675,0.021196902302309598
275,0.0,0.0,0.0,0.0,0.0,0.0,0.0,0.915865271141051,0.0,0.915865271141051,0.915865271141051,0.0,0.0,0.915865271141051,0.0,0.915865271141051,0.0,0.0,0.0,0.915865271141051,0.028906223002092852,0.011924370629118832,0.03198058355661974,0.011323551671117591
276,0.0,0.0,0.9812002082162773,0.0,0.0,0.9812002082162773,0.0,0.9812002082162773,0.0,0.9812002082162773,0.0,0.0,0.9812002082162773,0.9812002082162773,0.0,0.0,0.0,0.0,0.0,0.0,-0.021790441979911816,-4.9808531630915636e-05,0.03070480763624239,0.009935234659023044
277,0.9780205286145702,0.0,0.0,0.0,0.0,0.9780205286145702,0.0,0.9780205286145702,0.0,0.0,0.9780205286145702,0.0,0.9780205286145702,0.0,0.0,0.9780205286145702,0.0,0.0,0.0,0.0,0.017346611353482734,0.005569157229805372,0.002417834589259038,-0.0033541317871173646
278,0.9869633178044175,0.9869633178044175,0.0,0.0,0.0,0.0,0.0,0.9869633178044175,0.0,0.0,0.9869633178044175,0.0,0.9869633178044175,0.0,0.0,0.9869633178044175,0.0,0.0,0.0,0.0,0.020648307414411333,0.00966180127052432,-0.011092774634063473,-0.006180651855289534
279,0.0,0.0,0.0,0.0,0.0,0.0,0.0,1.9067713158424238,0.0,0.0,0.9533856579212119,0.0,2.860156973763636,0.0,0.0,0.0,0.0,0.0,0.0,0.0,0.020176751773523474,0.005948718755735193,0.019236990643944553,0.0012518809055848262
280,0.9873851567132709,0.0,0.9873851567132709,0.0,0.0,0.0,0.0,1.9747703134265417,0.0,0.0,0.0,0.0,0.9873851567132709,0.9873851567132709,0.0,0.0,0.0,0.0,0.0,0.0,-0.0026141161620282494,-0.006125109375710647,0.0097561435521997,0.011597925272268363
281,0.0,0.0,1.0018598616416543,0.0,0.0,0.0,0.0,2.0037197232833086,0.0,0.0,0.0,0.0,1.0018598616416543,1.0018598616416543,0.0,0.0,1.0018598616416543,0.0,0.0,0.0,-0.006045533248951296,-0.0061537302489813855,-0.0006158952939049427,0.010955297150183356
282,0.0,0.0,1.0180167475756579,1.0180167475756579,0.0,0.0,0.0,1.0180167475756579,0.0,0.0,1.0180167475756579,0.0,1.0180167475756579,0.0,0.0,1.0180167475756579,0.0,0.0,0.0,0.0,-0.001325093147428324,-0.002694093351547568,-0.0029696666815343525,-0.01102789439514763
283,0.0,0.0,0.928811254032187,0.0,0.928811254032187,0.0,0.0,0.928811254032187,0.0,0.928811254032187,0.928811254032187,0.0,0.0,0.928811254032187,0.0,0.0,0.0,0.0,0.0,0.0,0.02787206491743334,0.0202869797336712,0.010669048888819239,0.012360652427889281
284,0.0,0.0,3.1470044995407243,0.0,0.0,0.0,0.0,1.0490014998469082,0.0,0.0,1.0490014998469082,0.0,0.0,1.0490014998469082,0.0,0.0,0.0,0.0,0.0,0.0,-0.027056609554061823,-0.006830563684919465,-0.007945642014436946,-0.007168684593489867
285,1.9642943240891653,0.0,0.9821471620445826,0.0,0.0,0.0,0.0,1.9642943240891653,0.0,0.0,0.0,0.0,0.0,0.0,0.0,0.0,0.0,0.0,0.0,0.9821471620445826,0.0062348042722545445,0.0015748410486810106,0.009231192456846683,0.0008120001776351724
286,1.0326025562207457,0.0,1.0326025562207457,1.0326025562207457,0.0,0.0,0.0,2.0652051124414914,0.0,0.0,0.0,0.0,0.0,0.0,0.0,0.0,0.0,0.0,0.0,1.0326025562207457,-0.02154440625108778,-0.014458165943094075,-0.00021205124262881674,0.003612067216064929
287,0.0,0.0,1.0047475034914175,0.0,0.0,0.0,0.0,4.01899001396567,1.0047475034914175,0.0,0.0,0.0,0.0,0.0,0.0,0.0,0.0,0.0,0.0,0.0,0.002183934672753232,6.063395914602491e-06,-0.0069835120349667325,4.6010474881396835e-05
288,2.0169092770997405,0.0,2.0169092770997405,0.0,0.0,0.0,0.0,1.0084546385498703,0.0,0.0,0.0,0.0,0.0,0.0,0.0,0.0,1.0084546385498703,0.0,0.0,0.0,-0.003309229076025355,0.000712034801341734,-0.0057693796391231535,-8.806463606338203e-05
289,0.0,0.0,2.8580895940512727,0.0,0.0,1.9053930627008484,0.0,0.9526965313504242,0.0,0.0,0.0,0.0,0.0,0.0,0.0,0.0,0.0,0.0,0.0,0.0,0.02290015304619295,0.002105251616124979,0.02024895241422954,0.0020491115730283133
290,0.0,0.9519862676470147,1.9039725352940293,0.0,0.0,0.9519862676470147,0.0,0.9519862676470147,0.0,0.0,0.0,0.0,0.0,0.0,0.0,0.0,0.0,0.0,0.9519862676470147,0.0,0.013319807441218908,-0.016147829914937517,0.04444656127857436,0.006395193548129619
291,0.0,0.0,2.0021489186200028,0.0,0.0,0.0,0.0,2.0021489186200028,0.0,0.0,0.0,0.0,0.0,0.0,1.0010744593100014,1.0010744593100014,0.0,0.0,0.0,0.0,0.003643452648435993,0.001797088249544084,-0.008302138196305974,0.0017871379883245395
292,0.0,0.0,2.0164752884803345,0.0,0.0,0.0,0.0,1.0082376442401673,0.0,0.0,0.0,0.0,0.0,0.0,0.0,2.0164752884803345,0.0,0.0,1.0082376442401673,0.0,0.002981487731316692,-0.004788468467490182,-0.0053673149863981045,-0.001063348517595735
293,0.0,0.0,0.9753365609573167,0.0,0.0,2.9260096828719497,0.0,1.9506731219146334,0.0,0.0,0.0,0.0,0.0,0.0,0.0,0.0,0.0,0.0,0.0,0.0,0.013615701266942086,0.0019253844898096699,0.007311917123871753,0.0018104361620598388
294,0.0,0.0,1.004493794583773,0.0,0.0,1.004493794583773,0.0,2.008987589167546,0.0,0.0,0.0,0.0,0.0,1.004493794583773,0.0,1.004493794583773,0.0,0.0,0.0,0.0,0.009799836255383044,0.00026993127578075967,-0.011765833198456163,-0.0027977289164806364
295,1.9888213766027658,0.0,0.9944106883013829,0.0,0.0,0.0,0.0,0.9944106883013829,0.0,0.0,0.9944106883013829,0.0,0.0,0.0,0.0,0.9944106883013829,0.0,0.0,0.0,0.0,0.010145487692601709,0.0029923889091063695,-0.004927179974575869,-0.002621384928515264
296,1.0005936247257239,0.0,1.0005936247257239,0.0,0.0,0.0,0.0,1.0005936247257239,0.0,0.0,1.0005936247257239,0.0,0.0,0.0,0.0,1.0005936247257239,1.0005936247257239,0.0,0.0,0.0,-0.004526838686796879,0.001426821460452263,0.001267114413611092,0.0012392780870096951
297,0.0,0.0,2.032628143760335,0.0,1.0163140718801675,0.0,0.0,1.0163140718801675,0.0,0.0,0.0,0.0,0.0,0.0,0.0,0.0,1.0163140718801675,0.0,0.0,1.0163140718801675,-0.009408908248890083,0.0018273319941189802,-0.007096014297593135,-0.0016364813278032949
298,1.9308343757993527,0.0,0.9654171878996763,0.0,0.0,0.0,0.0,0.9654171878996763,0.0,0.0,0.0,0.0,0.0,0.0,0.0,0.0,0.0,0.0,0.0,1.9308343757993527,0.008052175330060385,0.0017947653240057244,0.020150772101236974,0.004585099345020544
299,0.0,0.0,1.9781284205383378,0.0,0.9890642102691689,0.0,0.0,0.9890642102691689,0.0,0.9890642102691689,0.0,0.0,0.0,0.0,0.0,0.0,0.0,0.0,0.0,0.9890642102691689,-0.016455065338871634,0.003233307648638908,0.020264166107592584,0.003893381313471264
300,0.0,0.0,2.134268813671496,0.0,0.0,0.0,0.0,1.067134406835748,0.0,0.0,0.0,1.067134406835748,0.0,1.067134406835748,0.0,0.0,0.0,0.0,1.067134406835748,0.0,-0.008152103570233387,-0.021496715033868474,-0.009734987203907735,-0.027750601027738374
301,0.0,0.0,0.0,1.9113939386358798,0.0,0.9556969693179399,0.0,1.9113939386358798,0.0,0.0,0.0,0.0,0.0,0.0,0.0,0.9556969693179399,0.0,0.0,0.0,0.0,0.0007004908439033331,0.03333177312852526,0.001426646223035879,0.008844120486595539
302,0.0,0.0,0.0,0.0,0.0,1.0366629300605539,0.0,1.0366629300605539,0.0,1.0366629300605539,0.0,1.0366629300605539,0.0,0.0,0.0,0.0,0.0,0.0,1.0366629300605539,1.0366629300605539,-0.0021812531295860105,-0.0075244928793363666,-0.020698978647122498,-0.00625820540450894
303,0.0,0.0,1.9511178715015576,0.0,0.0,1.9511178715015576,0.0,0.9755589357507788,0.0,0.0,0.0,0.0,0.0,0.0,0.0,0.0,0.9755589357507788,0.0,0.0,0.0,0.009707611217613354,0.0007760781162425165,0.012721398656164394,0.001235976259201045
304,0.0,0.0,0.9776335059900246,0.0,0.0,2.932900517970074,0.0,0.9776335059900246,0.0,0.0,0.0,0.0,0.0,0.0,0.0,0.0,0.0,0.0,0.9776335059900246,0.0,0.01461451774753668,-0.0007201189643415028,0.009969942672610662,-0.001497847445830326
305,0.0,0.0,0.0,0.0,0.0,2.962411815178359,0.0,0.9874706050594529,0.0,0.0,0.0,0.0,0.0,0.0,0.0,0.9874706050594529,0.0,0.0,0.9874706050594529,0.0,0.011888290444137528,-0.00119568275477554,0.003204233286476448,-0.0013674460352915228
306,0.0,0.0,0.0,0.0,0.0,2.015531522958279,0.0,1.0077657614791395,0.0,0.0,0.0,0.0,0.0,0.0,0.0,2.015531522958279,0.0,0.0,1.0077657614791395,0.0,0.003968149985962598,-0.0047862273334337005,-0.00588483329022803,-0.0010628508414404314
307,0.0,0.0,0.0,0.0,0.0,1.0089254529399463,0.0,1.0089254529399463,0.0,0.0,0.0,0.0,0.0,0.0,0.0,3.026776358819839,0.0,0.0,1.0089254529399463,0.0,-0.0033596494015144867,-0.004525268935930954,0.0006932862854168888,-0.0017338208879178277
308,0.0,0.998978558820042,0.998978558820042,0.0,0.0,0.0,0.0,1.997957117640084,0.0,0.0,0.0,0.998978558820042,0.0,0.0,0.0,0.0,0.0,0.0,0.998978558820042,0.0,-0.03572702576695625,-0.01729671042677991,0.04600801396800394,0.008037163405690205
309,1.0081573618011015,1.0081573618011015,0.0,0.0,0.0,0.0,0.0,2.016314723602203,0.0,2.016314723602203,0.0,0.0,0.0,0.0,0.0,0.0,0.0,0.0,0.0,0.0,-0.02681214235382861,-0.013268430536089854,0.021897538451243957,0.01002567263757306
310,2.0218987300503373,0.0,1.0109493650251686,0.0,0.0,0.0,0.0,1.0109493650251686,0.0,0.0,0.0,0.0,0.0,0.0,0.0,2.0218987300503373,0.0,0.0,0.0,0.0,-0.006949964146807822,-0.00025085146933731165,-0.003529278668300847,-0.00021927074072260026
311,0.0,0.0,1.0156044320908644,0.0,0.0,0.0,0.0,3.0468132962725933,0.0,0.0,0.0,0.0,0.0,1.0156044320908644,0.0,1.0156044320908644,0.0,0.0,0.0,0.0,-0.009670793385390862,-0.003255895814091699,0.002847653991219107,-0.00552539688260097
312,0.0,0.0,0.0,0.0,0.0,0.0,0.0,2.991016585100404,0.0,0.0,0.0,0.0,0.0,0.9970055283668013,0.0,1.9940110567336027,0.0,0.0,0.0,0.0,0.0023686979074691752,-0.00013696783816868647,0.0036617171774373887,-0.0028989756135392964
313,0.0,0.0,0.0,0.0,0.0,0.0,1.0489889258733767,1.0489889258733767,1.0489889258733767,0.0,1.0489889258733767,0.0,0.0,0.0,0.0,1.0489889258733767,0.0,0.0,0.0,1.0489889258733767,-0.0010251605707957212,-0.0050013738856683,-0.02208293082996389,-0.020879460586948655
314,1.9473601337780793,0.0,0.0,0.0,0.0,0.0,0.0,0.9736800668890396,0.0,0.9736800668890396,0.0,0.0,0.0,0.0,0.0,0.9736800668890396,0.9736800668890396,0.0,0.0,0.0,0.008963963841258662,-0.0003314705554616536,0.017629026348757668,5.841347640565194e-05
315,0.0,0.0,2.0165277249797646,0.0,0.0,0.0,0.0,1.0082638624898823,0.0,0.0,0.0,0.0,0.0,1.0082638624898823,0.0,1.0082638624898823,1.0082638624898823,0.0,0.0,0.0,0.006815764749647269,0.00241272930154713,-0.014907826310180347,-0.0025845302308962806
316,1.0039208409000542,0.0,1.0039208409000542,0.0,0.0,0.0,0.0,2.0078416818001084,0.0,0.0,0.0,0.0,0.0,0.0,0.0,2.0078416818001084,0.0,0.0,0.0,0.0,0.004288154565425004,0.0016753277836405677,-0.010942406250529783,0.0010580830014100923
317,0.0,0.0,0.9348357781564005,0.0,0.0,0.0,0.0,0.9348357781564005,0.0,0.9348357781564005,0.0,0.0,0.0,1.869671556312801,0.0,0.0,0.9348357781564005,0.0,0.0,0.0,0.018689430386934207,0.022746845394683204,0.015083514291814988,0.008644431770167086
318,0.0,0.0,0.0,0.0,0.0,0.0,0.0,0.9096543811268465,0.0,0.9096543811268465,0.0,0.0,0.0,1.819308762253693,0.0,0.0,1.819308762253693,0.0,0.0,0.0,0.02783653338541015,0.024590847805820604,0.02507951146087266,0.012838726221050008
319,0.0,0.0,0.0,0.0,0.0,1.0212859665585536,1.0212859665585536,1.0212859665585536,0.0,0.0,0.0,0.0,0.0,2.0425719331171073,0.0,0.0,1.0212859665585536,0.0,0.0,0.0,0.010218559946368168,0.017373339487633192,-0.01855817828382094,-0.030319687708734194
320,0.0,0.0,0.9749323643247741,0.0,0.0,0.0,0.0,0.9749323643247741,0.0,1.9498647286495483,0.0,0.0,0.0,0.9749323643247741,0.0,0.0,0.9749323643247741,0.0,0.0,0.0,-0.0018860650118101984,0.003569189240147888,0.015092626931741935,0.008291884515146241
321,0.0,0.0,0.9812488386673454,0.0,0.0,0.0,0.0,0.9812488386673454,0.0,0.9812488386673454,0.0,0.0,0.0,0.9812488386673454,0.0,0.9812488386673454,0.9812488386673454,0.0,0.0,0.0,-0.016766286221529415,-0.006319727115867704,0.03052032441003829,0.011316850260013556
322,0.0,0.0,0.0,0.0,0.0,0.0,0.0,1.8220740483968276,0.0,0.0,0.9110370241984138,0.0,0.0,0.9110370241984138,0.0,0.0,0.9110370241984138,0.9110370241984138,0.0,0.0,0.024341460177699347,0.027083512219116715,0.022535590743326457,0.015002412661443736
323,0.0,0.0,0.0,0.0,0.0,0.0,0.0,0.9059498294888381,0.0,0.0,0.9059498294888381,0.0,0.9059498294888381,0.9059498294888381,0.0,0.0,0.9059498294888381,0.0,0.0,0.9059498294888381,0.029715253629810718,0.019824948789443967,0.028710148007932933,0.015799820083974247
324,0.0,0.0,0.0,0.0,0.0,0.0,0.9761071376489002,0.9761071376489002,0.0,1.9522142752978004,0.0,0.0,0.0,0.0,0.0,0.0,0.9761071376489002,0.0,0.0,0.9761071376489002,0.02359753936188818,-0.00096709111798215,0.011803395440097628,-0.010540981332903987
325,0.0,0.0,0.0,0.0,0.0,0.0,0.0,0.9051623293666381,0.0,0.0,0.9051623293666381,0.0,0.9051623293666381,0.9051623293666381,0.0,0.0,0.9051623293666381,0.0,0.0,0.9051623293666381,0.029453021528450134,0.02142716414289365,0.028942564766572823,0.015014920195445413
326,0.0,0.0,0.0,0.0,0.0,0.0,0.0,1.8271893721284058,0.0,0.0,0.0,0.0,0.0,0.0,0.0,0.0,0.9135946860642029,1.8271893721284058,0.0,0.9135946860642029,0.017719255382167128,0.035674694912264875,0.02094402131729112,0.012067342324073997
327,1.9332740985295123,0.0,0.0,0.0,0.0,0.0,0.0,0.9666370492647561,0.0,0.0,0.0,0.0,0.0,0.0,0.0,0.0,0.9666370492647561,0.0,0.0,1.9332740985295123,0.018044597381201042,0.0020495854112709136,0.011225702223919358,0.002043065718852674
328,0.0,0.0,1.9704543661484055,0.0,0.0,0.9852271830742028,0.0,0.9852271830742028,0.0,0.0,0.0,0.0,0.0,0.9852271830742028,0.0,0.0,0.0,0.0,0.0,0.9852271830742028,0.022274142155119678,0.005752888490102151,-0.006956778607698785,-0.006297435111725899
329,0.9095007168832776,0.0,0.0,0.0,0.0,0.0,0.0,1.8190014337665552,0.0,1.8190014337665552,0.0,0.0,0.0,0.0,0.0,0.0,0.0,0.0,0.0,0.9095007168832776,0.040124271019171084,0.0039534104401941555,0.040500687483186505,0.005920914174170731
330,0.8576047475008826,0.0,0.0,0.0,0.0,0.0,0.0,0.8576047475008826,0.0,1.7152094950017651,0.0,0.0,0.0,0.0,0.0,0.0,0.0,0.8576047475008826,0.0,0.8576047475008826,0.04606068233257689,0.029977594011282995,0.0445230683782394,0.021833907777018196
331,0.0,0.0,3.942347248139794,0.0,0.0,0.0,0.0,0.9855868120349485,0.0,0.0,0.0,0.0,0.0,0.0,0.0,0.0,0.0,0.0,0.0,0.9855868120349485,0.015581399183070917,-0.000819742103569689,0.0,-0.00034846911444959906
332,0.0,0.0,0.9629986966097737,0.0,0.0,0.0,0.0,0.9629986966097737,0.0,0.0,0.9629986966097737,0.0,0.0,0.9629986966097737,0.0,0.0,0.0,0.0,0.9629986966097737,0.9629986966097737,0.010587641135046434,0.018353592456667733,-0.009459408303366437,0.01751947810187868
333,0.9673704843315806,0.0,0.0,0.0,0.0,0.0,0.0,1.9347409686631611,0.0,0.9673704843315806,0.0,0.0,0.0,0.0,0.9673704843315806,0.0,0.0,0.0,0.0,0.9673704843315806,0.022652832428991052,-0.001086180730680218,0.01323350842114561,-0.0021706444510368834
334,0.0,0.0,0.0,1.0330086658867286,0.0,1.0330086658867286,0.0,2.066017331773457,0.0,0.0,0.0,0.0,0.0,0.0,0.0,0.0,0.0,0.0,0.0,2.066017331773457,-0.013393854791534496,-0.0027220336834233297,-0.008452749490758854,-0.0084400279210119
335,0.0,0.0,0.0,0.0,0.0,0.0,0.0,0.9444291518375937,0.0,1.8888583036751874,0.0,0.0,0.0,0.0,0.0,0.0,1.8888583036751874,0.0,0.0,0.9444291518375937,0.0221872273968144,0.008207456839545383,0.01651510269518124,0.008661061230865382
336,0.0,0.0,0.0,0.0,0.0,0.9920310945729688,0.0,0.9920310945729688,0.0,0.0,0.0,0.0,0.0,0.0,0.9920310945729688,0.0,0.0,0.0,0.9920310945729688,1.9840621891459376,0.015580896347253244,0.0009089151852286592,-0.0031184776449343517,-0.005402428460516401
337,0.0,0.0,0.0,0.0,0.0,0.0,0.973589632329239,0.973589632329239,0.0,0.0,0.0,0.0,0.0,0.0,0.0,0.973589632329239,0.973589632329239,0.0,0.0,1.947179264658478,0.01817848518929349,0.008773303993822455,0.003934570609921814,-0.004475992122276722
338,0.0,0.0,0.0,0.0,0.0,0.0,0.0,0.9057087841363315,0.0,0.0,0.0,0.0,0.0,0.0,0.0,0.0,0.9057087841363315,0.0,0.0,3.622835136545326,0.037805189051915766,0.012642215923573384,0.03334994538299109,0.010493865505188365
339,0.0,0.0,0.0,0.0,0.0,0.0,0.0,0.8146201498384709,0.0,0.0,0.0,0.0,0.0,1.6292402996769417,0.0,0.0,0.0,1.6292402996769417,0.0,0.8146201498384709,0.037998220559616894,0.06121232701839462,0.034223105539803504,0.051946197043714226
340,0.9989580134138163,0.0,0.0,0.0,0.0,0.0,0.0,1.9979160268276326,0.0,0.0,0.0,0.0,0.0,0.0,0.0,1.9979160268276326,0.0,0.9989580134138163,0.0,0.0,0.0049234111258534535,-0.004403965739890445,0.005452046615328102,-0.004929505415107262
341,0.0,0.0,0.0,0.0,0.8883399071899167,0.0,0.0,0.8883399071899167,0.0,0.8883399071899167,0.8883399071899167,0.0,0.0,0.8883399071899167,0.0,0.0,0.0,0.0,0.8883399071899167,0.0,0.034149216626634726,0.02299796987293432,0.02467662826532224,0.029836278045191997
342,0.0,0.0,0.0,0.0,0.0,0.9178467156166603,0.0,0.9178467156166603,0.0,0.9178467156166603,0.9178467156166603,0.0,0.0,0.9178467156166603,0.0,0.0,0.0,0.0,0.9178467156166603,0.0,0.025500628759753098,0.025523907590738554,0.012304715492064926,0.01882403254078315
343,0.0,0.0,0.950239263887518,0.0,0.0,0.0,0.0,0.950239263887518,0.0,0.0,0.950239263887518,0.0,0.0,1.900478527775036,0.0,0.0,0.0,0.0,0.950239263887518,0.0,-0.0005944186555484975,0.01708630731542355,0.014760395907980346,0.018508451544626672
344,0.0,0.0,0.957971596066624,0.0,0.0,0.0,0.0,0.957971596066624,0.0,0.0,0.957971596066624,0.0,0.957971596066624,0.957971596066624,0.0,0.0,0.0,0.0,0.957971596066624,0.0,0.003728701432292767,0.01858016417856179,0.007528526633789174,0.012191011688732212
345,0.0,0.0,0.0,0.0,0.0,1.0014054823669347,0.0,2.0028109647338694,0.0,0.0,0.0,0.0,0.0,0.0,0.0,2.0028109647338694,0.0,0.0,1.0014054823669347,0.0,0.0002847388609992656,-0.0009338564164180367,0.001001858955367786,-0.001758223766883749
346,0.0,0.0,0.0,0.0,0.0,0.0,0.0,1.922295480808046,0.0,0.0,0.961147740404023,0.0,0.961147740404023,0.0,0.0,0.961147740404023,0.0,0.0,0.961147740404023,0.0,0.014089721185825169,0.009017392006850474,0.0088465634456977,0.006898582957603761
347,0.9969112915600918,0.0,0.0,0.0,0.0,0.9969112915600918,0.0,1.9938225831201837,0.0,0.0,0.0,0.0,0.0,0.9969112915600918,0.0,0.0,0.0,0.0,0.9969112915600918,0.0,0.002578445119445208,-0.005617981680469593,0.0010892250860848566,0.005039019914847657
348,1.026089795270943,0.0,1.026089795270943,0.0,0.0,1.026089795270943,0.0,1.026089795270943,0.0,0.0,0.0,0.0,0.0,0.0,0.0,0.0,0.0,0.0,2.052179590541886,0.0,-0.007183719956360492,-0.004962130649046172,-0.0128508407913684,-0.001093103874167772
349,0.0,0.0,0.0,0.0,0.0,2.03930646244455,0.0,3.0589596936668255,0.0,0.0,0.0,0.0,0.0,0.0,0.0,0.0,0.0,0.0,1.019653231222275,0.0,0.0048181640621485005,-0.002912705465934088,-0.01939560694730494,-0.0021630828711845544
350,0.0,0.0,0.0,0.0,0.0,3.0596232510615944,0.0,1.0198744170205314,0.0,0.0,0.0,0.0,0.0,1.0198744170205314,0.0,0.0,0.0,0.0,1.0198744170205314,0.0,0.0036227307187571773,-0.005553334261978234,-0.01232458790327264,-0.0056192255740376935
351,0.0,0.0,0.0,0.0,0.0,3.000677935870128,0.0,1.000225978623376,0.0,0.0,0.0,0.0,0.0,0.0,0.0,0.0,0.0,0.0,2.000451957246752,0.0,0.01187963877009008,-0.005210582898345783,-0.0016787705523879286,-0.005216263942732395
352,0.0,0.0,1.0138902594607346,0.0,0.0,2.0277805189214693,0.0,1.0138902594607346,0.0,0.0,0.0,0.0,0.0,0.0,0.0,0.0,0.0,0.0,2.0277805189214693,0.0,0.002162165796526837,-0.008269067564699707,-0.002495833357719249,-0.005287524334842367
353,0.0,0.0,0.0,0.0,0.0,1.0193831176773542,0.0,2.0387662353547085,0.0,0.0,0.0,0.0,0.0,0.0,0.0,1.0193831176773542,0.0,0.0,2.0387662353547085,0.0,-0.0011229027255394682,-0.00788831196876438,-0.005587675608444487,-0.004784227374605893
354,0.0,0.0,0.0,0.0,0.0,0.0,0.0,0.9738856117682483,0.0,1.9477712235364966,0.0,0.9738856117682483,0.0,0.0,0.0,0.0,0.0,0.0,0.9738856117682483,0.9738856117682483,0.017747103031938424,0.004657816006756648,0.003815257933357082,-0.00010578874030041904
355,0.0,0.0,0.0,0.0,0.0,0.0,0.0,1.8977513849787935,0.0,0.0,0.9488756924893967,0.0,0.0,0.0,0.0,0.9488756924893967,0.0,0.0,0.9488756924893967,0.9488756924893967,0.01971357526188783,0.010880161923983502,0.014009748842846078,0.006520821481885905
356,0.0,0.0,1.006500983128313,0.0,0.0,1.006500983128313,0.0,1.006500983128313,0.0,0.0,0.0,0.0,0.0,0.0,0.0,0.0,0.0,0.0,3.0195029493849392,0.0,0.004574763570017798,0.006690307810763736,-0.006889704171713551,-0.010876350337380979
357,0.8699544774853,0.0,0.0,0.0,0.0,0.0,0.0,0.0,0.8699544774853,1.7399089549706,0.8699544774853,0.0,0.0,0.8699544774853,0.0,0.0,0.0,0.0,0.0,0.0,0.04689254080858453,0.023170518665556004,0.037633407804482474,0.022349055236077015
358,0.9508782616920246,0.0,0.0,0.0,0.0,0.0,0.0,0.0,0.9508782616920246,0.0,0.0,0.0,0.0,0.0,0.0,0.0,0.9508782616920246,0.0,0.9508782616920246,1.9017565233840492,0.002289149516336836,0.015473518254831028,0.02306923971242776,0.008289830824379818
359,0.872017676069337,0.0,0.0,0.0,0.0,0.0,0.0,0.0,0.872017676069337,0.872017676069337,0.0,0.0,0.0,0.872017676069337,0.0,0.0,0.0,0.872017676069337,0.0,0.872017676069337,0.033586965136387995,0.03263960347545526,0.028979019756798372,0.03277673556202146
360,0.0,0.0,1.0104921771532371,0.0,0.0,2.0209843543064743,0.0,1.0104921771532371,1.0104921771532371,0.0,0.0,0.0,0.0,1.0104921771532371,0.0,0.0,0.0,0.0,0.0,0.0,0.008901678719722436,-0.003318422705853915,-0.01594773254195342,-0.00012770062515230692
361,0.0,0.0,0.999175906399456,0.0,0.0,0.0,0.0,3.996703625597824,0.999175906399456,0.0,0.0,0.0,0.0,0.0,0.0,0.0,0.0,0.0,0.0,0.0,0.0013131960057568392,0.00047280512145120513,-0.0013889573137812717,0.0004270497871172176
362,0.0,0.0,1.0054518722845855,0.0,0.0,0.0,0.0,4.021807489138342,1.0054518722845855,0.0,0.0,0.0,0.0,0.0,0.0,0.0,0.0,0.0,0.0,0.0,-0.00508247837122699,0.0005985554912003639,-0.0013976815520874224,0.0004297321475284664
363,0.0,0.0,0.0,0.0,0.0,0.0,0.0,0.8991417337644767,0.8991417337644767,0.8991417337644767,0.8991417337644767,0.0,0.8991417337644767,0.0,0.0,0.0,0.0,0.8991417337644767,0.0,0.0,0.032207638122797616,0.021791504351869048,0.023447452196618326,0.023411671564238314
364,0.0,0.0,1.0047513146420832,0.0,1.0047513146420832,0.0,0.0,0.0,1.0047513146420832,1.0047513146420832,0.0,0.0,0.0,2.0095026292841665,0.0,0.0,0.0,0.0,0.0,0.0,0.001162864975506438,0.016101943933488884,-0.023483470928249362,0.0014673473771707457
365,0.0,0.0,0.0,0.0,0.0,0.0,0.0,0.0,0.8516135367294129,2.5548406101882386,0.0,0.0,0.8516135367294129,0.8516135367294129,0.0,0.0,0.0,0.0,0.0,0.0,0.04950563647489244,0.028845520739686055,0.04432413620797774,0.025711169848030842
366,0.0,0.0,0.0,0.0,0.881444924695649,0.0,0.0,0.0,0.881444924695649,0.881444924695649,1.762889849391298,0.0,0.0,0.881444924695649,0.0,0.0,0.0,0.0,0.0,0.0,0.03511224630257657,0.028665687104153504,0.029653167348802634,0.02512397454881841
367,0.9495204084348143,0.0,0.0,0.0,0.0,0.0,0.0,0.0,0.9495204084348143,0.0,0.9495204084348143,0.9495204084348143,0.0,0.9495204084348143,0.0,0.0,0.0,0.9495204084348143,0.0,0.0,0.02552366694956522,0.025667204912248647,-0.0030198422796351445,0.002308561983006883
368,0.0,0.0,0.9899543646097347,0.0,0.0,0.0,0.0,0.0,0.9899543646097347,0.0,1.9799087292194695,0.0,0.0,0.9899543646097347,0.0,0.0,0.9899543646097347,0.0,0.0,0.0,-0.010118787517404814,0.0077610887187190706,-3.1275873225028576e-05,0.012434610062175935
369,1.0591235332334712,0.0,0.0,0.0,0.0,0.0,1.0591235332334712,0.0,1.0591235332334712,0.0,2.1182470664669424,0.0,0.0,0.0,0.0,0.0,0.0,0.0,0.0,1.0591235332334712,0.0013384460754659127,-0.006338529242526883,-0.01855978557979398,-0.03556366448661609
370,0.0,0.0,0.0,0.0,0.0,0.0,0.0,0.0,0.9085829680679115,0.9085829680679115,0.9085829680679115,0.0,0.9085829680679115,0.0,0.0,0.0,0.0,0.0,0.9085829680679115,0.9085829680679115,0.0214675773998459,0.026298403798110524,0.01794546327928819,0.02570558745484394
371,0.0,0.0,4.716613173095585,0.0,0.0,0.0,0.0,0.0,0.9433226346191169,0.0,0.0,0.0,0.0,0.0,0.0,0.0,0.0,0.0,0.0,0.0,0.027275362802218355,0.0015286607219814794,0.026539237953863034,0.0013341039028201998
372,0.0,0.0,2.8699911663037105,0.0,0.0,0.9566637221012368,0.0,0.0,0.9566637221012368,0.0,0.0,0.0,0.0,0.0,0.0,0.9566637221012368,0.0,0.0,0.0,0.0,0.018358126672208205,0.0017757753238767794,0.021708469677829346,0.001493906224848719
373,0.0,0.0,2.008742656885813,0.0,0.0,0.0,0.0,0.0,1.0043713284429066,0.0,0.0,0.0,0.0,1.0043713284429066,0.0,1.0043713284429066,0.0,0.0,0.0,1.0043713284429066,-0.01599894764369916,-0.0058411425811247825,0.008662659077211166,0.008806102704706161
374,0.992724994512987,0.0,2.978174983538961,0.0,0.0,0.0,0.0,0.0,0.992724994512987,0.0,0.0,0.0,0.0,0.0,0.0,0.0,0.992724994512987,0.0,0.0,0.0,0.005381960541879861,-0.0006142376218259498,0.002401914208424432,0.00010536835853468642
375,1.0121714674784288,0.0,1.0121714674784288,0.0,0.0,0.0,1.0121714674784288,1.0121714674784288,1.0121714674784288,0.0,0.0,0.0,0.0,0.0,1.0121714674784288,0.0,0.0,0.0,0.0,0.0,-0.002447366375654742,0.0011055837748511273,-0.01566378435986343,0.004834099482238243
376,0.0,0.0,2.0005044161280936,0.0,0.0,1.0002522080640468,0.0,0.0,1.0002522080640468,0.0,1.0002522080640468,0.0,0.0,1.0002522080640468,0.0,0.0,0.0,0.0,0.0,0.0,-0.03426941150725871,-0.009460252174088366,0.027082241719227292,0.016395213898072893
377,0.0,0.0,0.0,0.0,0.0,1.0430261318237832,0.0,0.0,1.0430261318237832,1.0430261318237832,0.0,1.0430261318237832,0.0,0.0,0.0,0.0,0.0,0.0,1.0430261318237832,1.0430261318237832,0.0060215352787661575,-0.008185308835659084,-0.03750003911292898,-0.003362319153961197
378,0.0,0.0,0.0,0.0,0.0,0.9259660455385884,0.0,0.0,0.9259660455385884,1.8519320910771768,0.9259660455385884,0.0,0.9259660455385884,0.0,0.0,0.0,0.0,0.0,0.0,0.0,0.03597690668839654,0.015693977623247233,0.00912977147693697,0.013233298672830877
379,0.0,0.0,2.0242807300038117,0.0,0.0,0.0,0.0,0.0,1.0121403650019059,0.0,0.0,0.0,0.0,1.0121403650019059,0.0,2.0242807300038117,0.0,0.0,0.0,0.0,-0.0007994200256446914,-0.001275855491307044,-0.007666438045932591,-0.0023986514390216345
380,0.9944568042503547,0.0,0.0,0.0,0.0,0.0,0.0,0.0,0.9944568042503547,0.0,0.0,0.0,0.0,0.0,0.0,0.0,2.983370412751064,0.0,0.0,0.9944568042503547,0.00635798020009468,0.002100099938404896,-0.00506617183626388,0.0021512874474095543
381,0.0,0.0,0.9906997618842684,0.0,0.0,0.0,0.0,0.0,0.9906997618842684,0.0,1.981399523768537,0.0,0.0,0.9906997618842684,0.0,0.0,0.9906997618842684,0.0,0.0,0.0,-0.006999594240005012,0.003887158936786685,-3.1299422745586915e-05,0.012443972841695466
382,0.0,0.0,0.0,0.0,0.0,0.0,0.9852472870997371,0.0,0.9852472870997371,1.9704945741994742,0.0,0.0,0.0,0.0,0.0,0.0,0.9852472870997371,0.0,0.0,0.9852472870997371,0.02427503557292823,-0.0007173332762428228,-0.00041243488802525954,-0.008392554508397274
383,1.0412725195583818,0.0,1.0412725195583818,0.0,0.0,1.0412725195583818,0.0,0.0,1.0412725195583818,0.0,0.0,0.0,0.0,1.0412725195583818,0.0,0.0,0.0,1.0412725195583818,0.0,0.0,-0.00592039589824416,-0.0015935015838780624,-0.024493321519199134,-0.009265300557060437
384,1.1175797698628869,1.1175797698628869,1.1175797698628869,0.0,0.0,0.0,0.0,0.0,1.1175797698628869,0.0,0.0,0.0,0.0,1.1175797698628869,0.0,0.0,0.0,1.1175797698628869,0.0,0.0,-0.006947432397296279,-0.026326215627979675,-0.045813567737634106,-0.03849255409997673
385,0.0,0.0,0.9723066421560195,0.0,0.0,0.0,0.0,0.0,0.9723066421560195,0.9723066421560195,0.0,0.0,0.0,1.944613284312039,0.0,0.0,0.0,0.0,0.9723066421560195,0.0,-0.0016075923082921224,0.020361689210836295,0.00045053542397995754,0.008488725517456443
386,0.9398356951523782,0.0,0.0,0.0,0.0,0.0,0.0,0.0,0.0,0.9398356951523782,0.0,0.0,0.0,0.0,0.0,0.0,0.9398356951523782,0.0,0.9398356951523782,1.8796713903047564,0.013185432491359235,0.016282696289664896,0.02170024075762282,0.00899593530897499
387,0.0,0.0,0.0,0.0,1.0071529554336716,1.0071529554336716,0.0,0.0,0.0,1.0071529554336716,1.0071529554336716,0.0,0.0,0.0,0.0,1.0071529554336716,0.0,0.0,1.0071529554336716,0.0,0.002246437818811165,0.007045015295177352,-0.01178372245844761,-0.0046606860892124775
388,0.0,1.0132897442956263,0.0,1.0132897442956263,0.0,1.0132897442956263,0.0,0.0,0.0,1.0132897442956263,1.0132897442956263,0.0,0.0,0.0,0.0,0.0,1.0132897442956263,0.0,0.0,0.0,-0.0005975781214713539,-0.02486516963100147,0.009781340099887096,0.0023916633569593484
389,0.0,0.0,0.0,1.025991745682815,0.0,0.0,1.025991745682815,0.0,0.0,2.05198349136563,0.0,0.0,0.0,0.0,0.0,1.025991745682815,0.0,0.0,0.0,1.025991745682815,0.011915537528976367,0.024099526386069728,-0.031458185995298045,-0.030548623602562917
390,0.0,0.0,0.0,0.0,0.0,0.0,2.1191292536324475,0.0,1.0595646268162238,1.0595646268162238,0.0,1.0595646268162238,0.0,0.0,0.0,0.0,0.0,0.0,0.0,1.0595646268162238,-0.02270057264651291,-0.011850715542345736,-0.030562754855878328,0.0055494162285133
391,0.0,0.0,0.0,0.0,0.0,0.0,0.9475146322100912,0.0,0.0,1.8950292644201825,0.0,0.0,0.9475146322100912,0.9475146322100912,0.0,0.0,0.0,0.0,0.0,0.9475146322100912,0.02310787393527734,-0.0008244025117134135,0.02636780243283978,0.0038340939335052083
392,0.0,0.0,0.0,1.077270302615198,0.0,1.077270302615198,0.0,0.0,0.0,2.154540605230396,0.0,0.0,0.0,2.154540605230396,0.0,0.0,0.0,0.0,0.0,0.0,-0.00034715156607753866,-0.0248015156002118,-0.029488029677354533,-0.02263360577155402
393,0.0,0.0,2.940653606634253,0.0,0.0,0.0,0.0,0.0,0.0,0.9802178688780843,0.0,0.0,0.0,0.9802178688780843,0.0,0.0,0.0,0.0,0.9802178688780843,0.0,0.009463901999720168,0.0031041751951570804,-0.00466330467754536,0.011877358604583752
394,0.0,0.0,0.9913115119379537,0.0,0.0,0.9913115119379537,0.0,0.0,0.0,1.9826230238759075,0.0,0.0,0.0,0.9913115119379537,0.0,0.9913115119379537,0.0,0.0,0.0,0.0,-0.01543283600048314,0.004424448402778785,0.011533129656723096,0.008163746003027522
395,0.0,0.0,0.0,0.0,0.0,0.0,0.0,1.0016754393339145,0.0,3.005026318001743,0.0,1.0016754393339145,0.0,0.0,0.0,0.0,1.0016754393339145,0.0,0.0,0.0,0.013019238468211061,-0.010979948985520847,0.005640931592023868,-0.009355660408628485
396,0.0,0.0,2.058985404792539,0.0,0.0,0.0,0.0,1.0294927023962694,0.0,2.058985404792539,0.0,0.0,0.0,0.0,0.0,1.0294927023962694,0.0,0.0,0.0,0.0,0.008547574655572723,-0.001993554426866565,-0.03234613011783514,-0.0037005925071403913
397,0.0,1.1171011054667037,0.0,0.0,0.0,0.0,0.0,1.1171011054667037,0.0,1.1171011054667037,1.1171011054667037,0.0,0.0,0.0,0.0,0.0,1.1171011054667037,0.0,0.0,1.1171011054667037,0.007838542356776909,0.006616506785437077,-0.09192611432666183,-0.0396300402822559
398,0.0,1.1084779715868451,0.0,0.0,0.0,0.0,0.0,1.1084779715868451,0.0,1.1084779715868451,1.1084779715868451,0.0,0.0,0.0,0.0,0.0,1.1084779715868451,1.1084779715868451,0.0,0.0,0.004437087070991712,0.01604546870359344,-0.09101952783058734,-0.03794099953084294
399,0.9616215161864123,0.0,0.0,0.0,0.0,0.0,0.0,1.9232430323728247,0.0,0.9616215161864123,0.0,0.0,0.0,0.0,0.0,0.9616215161864123,0.0,0.9616215161864123,0.0,0.0,0.012577629064771686,-0.004769158260374567,0.01898796658329059,0.011582046425899993
400,1.0473449722020671,0.0,1.0473449722020671,0.0,0.0,1.0473449722020671,0.0,0.0,1.0473449722020671,1.0473449722020671,0.0,1.0473449722020671,0.0,0.0,0.0,0.0,0.0,0.0,0.0,0.0,-0.008228138518094957,-0.00394657009177249,-0.021047379795113532,-0.014122883797086188
401,0.0,0.0,0.0,0.0,0.0,0.0,0.0,0.8912219510856206,0.0,1.7824439021712413,0.8912219510856206,0.0,0.8912219510856206,0.0,0.0,0.0,0.0,0.0,0.0,0.8912219510856206,0.04172056632966292,0.012514666817805309,0.041967405818205655,0.012575409948705492
402,0.0,0.0,0.0,0.0,0.0,0.0,0.0,0.9591496444386107,0.9591496444386107,1.9182992888772215,0.0,0.0,0.0,0.9591496444386107,0.0,0.9591496444386107,0.0,0.0,0.0,0.0,0.013749323335929289,0.008810699018515286,0.008636255842065484,0.009654077364879332
403,0.0,0.0,1.0046033116999795,0.0,0.0,1.0046033116999795,1.0046033116999795,0.0,0.0,2.009206623399959,0.0,0.0,0.0,1.0046033116999795,0.0,0.0,0.0,0.0,0.0,0.0,-0.0037218893294444126,-0.014566822909673715,0.001739015231743678,0.011946385307394912
404,0.0,0.0,0.9695689371349069,0.0,0.0,0.0,0.0,0.0,0.0,2.9087068114047203,0.0,0.0,0.0,0.9695689371349069,0.0,0.0,0.9695689371349069,0.0,0.0,0.0,0.01504022920268878,0.013274774171413845,-0.007276336276691167,0.009392395767681617
405,0.0,0.0,0.0,0.0,0.0,0.9723848809593627,0.9723848809593627,0.0,0.0,1.9447697619187254,0.0,0.0,0.0,0.9723848809593627,0.9723848809593627,0.0,0.0,0.0,0.0,0.0,0.020083208489500546,-0.011962285695396804,0.009056234707272102,0.010437961539261409
406,0.0,0.0,0.9598258756189024,0.0,0.0,0.0,0.0,0.0,0.0,1.9196517512378048,0.0,0.0,0.0,0.0,0.0,0.0,1.9196517512378048,0.0,0.0,0.9598258756189024,0.017854780866004928,0.008733774225862554,0.007347256477568687,0.006238312811661433
407,1.087994309680249,0.0,0.0,0.0,0.0,0.0,0.0,1.087994309680249,0.0,2.175988619360498,0.0,2.175988619360498,0.0,0.0,0.0,0.0,0.0,0.0,0.0,0.0,-0.0424716167014833,-0.02814745273203132,-0.007665239984162171,-0.009710000262572198
408,2.1397958128283725,0.0,1.0698979064141863,0.0,0.0,0.0,0.0,0.0,0.0,1.0698979064141863,1.0698979064141863,1.0698979064141863,0.0,0.0,0.0,0.0,0.0,0.0,0.0,0.0,-0.044730716939923566,-0.03031203960526465,0.0012731916912371184,0.003871658439764795
409,0.0,0.0,1.0894897312623961,0.0,0.0,0.0,1.0894897312623961,0.0,0.0,2.1789794625247922,1.0894897312623961,0.0,0.0,0.0,0.0,1.0894897312623961,0.0,0.0,0.0,0.0,-0.000793966631247383,-0.00842617829302377,-0.03913612975700617,-0.04113345658111885
410,0.0,0.0,1.9315985575029162,0.0,0.0,0.0,0.0,0.9657992787514581,0.0,0.9657992787514581,0.9657992787514581,0.0,0.0,0.0,0.0,0.9657992787514581,0.0,0.0,0.0,0.0,0.026790181874230882,0.007318011801460365,0.00302076082636544,-0.002928233253514779
411,0.0,0.0,1.0005873133062986,0.0,0.0,1.0005873133062986,0.0,0.0,0.0,2.001174626612597,1.0005873133062986,0.0,0.0,0.0,0.0,1.0005873133062986,0.0,0.0,0.0,0.0,-0.016303260329912545,0.0021386203198476513,0.009278064064431232,0.0042992626393349885
412,0.9249031955733007,0.0,0.0,0.9249031955733007,0.0,0.0,0.0,0.9249031955733007,0.0,0.9249031955733007,0.9249031955733007,0.0,0.0,0.0,0.0,0.0,0.0,0.0,0.0,0.9249031955733007,0.030611600651323973,0.014564905701353627,0.025665510919001742,0.0042547871550199885
413,0.9159243900592002,0.0,0.0,0.0,0.0,0.0,0.0,0.9159243900592002,0.0,0.9159243900592002,0.9159243900592002,0.0,0.0,0.0,0.0,0.9159243900592002,0.0,0.0,0.0,0.9159243900592002,0.033647973738455454,0.01291356433393489,0.030798641252977956,0.006715430615431458
414,0.0,0.0,1.0161031180131945,1.0161031180131945,0.0,0.0,0.0,0.0,0.0,1.0161031180131945,1.0161031180131945,0.0,0.0,0.0,0.0,0.0,1.0161031180131945,0.0,1.0161031180131945,0.0,-0.0170739822772608,0.005136748941656752,0.013014684723438488,-0.017180569401028904
415,0.0,0.0,3.141430026371109,0.0,0.0,0.0,0.0,0.0,0.0,1.0471433421237029,0.0,0.0,1.0471433421237029,0.0,0.0,0.0,1.0471433421237029,0.0,0.0,0.0,-0.010588656308720579,-0.0024143229395224204,-0.028062365279750773,-0.006077997595709176
416,0.0,0.0,3.186054728685607,0.0,0.0,0.0,0.0,0.0,0.0,1.0620182428952023,0.0,0.0,0.0,0.0,0.0,1.0620182428952023,0.0,0.0,0.0,1.0620182428952023,-0.015259724829198632,-0.004424102093835044,-0.03663944484055608,-0.005694971131612457
417,0.9999245343706906,0.0,0.9999245343706906,0.0,0.0,0.0,0.0,0.0,0.0,0.9999245343706906,0.0,0.0,1.9998490687413812,0.0,0.9999245343706906,0.0,0.0,0.0,0.0,0.0,-0.0030453592188043398,0.0024325289966142753,0.0020481409683867384,-0.0013598451168873897
418,0.0,0.0,0.0,0.0,0.0,0.9055163912522299,0.0,0.0,0.0,2.71654917375669,0.0,0.0,0.9055163912522299,0.0,0.0,0.0,0.0,0.9055163912522299,0.0,0.0,0.005132311696577933,0.01844353749028378,0.04509606468434973,0.025811694876558502
419,0.0,0.0,0.0,0.0,0.0,1.0194373443006002,0.0,0.0,0.0,2.0388746886012004,0.0,1.0194373443006002,0.0,0.0,0.0,0.0,0.0,0.0,1.0194373443006002,1.0194373443006002,-0.010357879353615,-0.009562087932799465,-0.0036877400061844476,0.004170362991998681
420,0.0,0.0,2.975071639539379,0.0,0.0,0.9916905465131264,0.0,0.0,0.0,0.9916905465131264,0.0,0.0,0.0,0.0,0.0,0.9916905465131264,0.0,0.0,0.0,0.0,0.003960203620984001,0.000321408250195768,0.004378468797725586,-0.00035062718203174835
421,0.0,1.0578427854658237,0.0,0.0,0.0,1.0578427854658237,0.0,0.0,0.0,1.0578427854658237,0.0,1.0578427854658237,0.0,0.0,1.0578427854658237,0.0,1.0578427854658237,0.0,0.0,0.0,0.010226730805076257,0.002202415295864797,-0.051210243104123025,-0.019061688462641616
422,0.0,1.0260365522883628,0.0,0.0,0.0,1.0260365522883628,0.0,0.0,0.0,1.0260365522883628,0.0,0.0,0.0,0.0,0.0,1.0260365522883628,0.0,0.0,1.0260365522883628,1.0260365522883628,-0.015144674238733004,0.00603197398046431,0.005634951209688399,-0.022558803239782467
423,0.0,0.0,0.0,0.0,0.0,0.0,0.0,0.0,0.0,1.7298691063233216,0.8649345531616608,0.0,0.0,1.7298691063233216,0.0,0.8649345531616608,0.0,0.0,0.0,0.0,0.03555853184738874,0.01906741900515165,0.04958546998929824,0.030854025996500604
424,0.0,0.0,0.0,0.9744029309697513,0.0,0.0,0.0,0.9744029309697513,0.0,0.9744029309697513,0.9744029309697513,0.0,0.0,0.0,0.0,1.9488058619395026,0.0,0.0,0.0,0.0,-0.011784326862955472,-0.004557212449867758,0.02778305902251127,0.014155549320560769
425,0.0,0.0,0.0,0.0,0.0,0.0,0.0,0.0,0.0,0.9900699925083384,0.0,0.0,0.9900699925083384,0.0,0.0,1.9801399850166768,1.9801399850166768,0.0,0.0,0.0,-0.004004822015464399,-0.0034734796827711216,0.011328401769856989,0.006079907420040238
426,0.0,0.0,0.0,0.0,0.0,0.0,0.0,0.8922134332500135,0.0,0.8922134332500135,0.8922134332500135,0.0,0.0,0.8922134332500135,0.0,0.0,0.8922134332500135,0.8922134332500135,0.0,0.0,0.023415704971748896,0.02736766886770432,0.03327466481855754,0.02372852809197584
427,0.0,0.0,0.0,0.0,0.0,1.0216413263266906,0.0,2.043282652653381,1.0216413263266906,1.0216413263266906,0.0,0.0,0.0,0.0,0.0,0.0,1.0216413263266906,0.0,0.0,0.0,0.0037860882582048984,0.00024117382269463826,-0.023575634827483614,-0.0020929535801063994
428,0.0,0.0,0.0,0.0,0.0,0.0,0.9560635673741207,0.0,0.0,2.868190702122362,0.0,0.0,0.0,0.0,0.0,0.0,0.9560635673741207,0.0,0.0,0.9560635673741207,0.02265990569133604,-4.3102311327751734e-05,0.02379410918201809,-0.002474479936146958
429,0.0,0.0,0.9763755229360532,0.9763755229360532,0.0,0.0,0.0,0.0,0.0,0.9763755229360532,0.0,0.0,0.0,0.0,0.0,0.0,1.9527510458721065,0.0,0.0,0.9763755229360532,0.005799212221699656,0.005618018633616547,0.008939166888723649,0.0032680793199068685
430,0.9601594756234257,0.9601594756234257,0.0,0.0,0.0,0.0,0.0,0.0,0.0,0.9601594756234257,0.0,0.0,0.0,0.0,0.0,0.0,1.9203189512468515,0.0,0.0,0.9601594756234257,0.022831809092091118,0.005167509570371086,0.011338804216405526,0.0005024014977064169
431,0.0,1.0276127345376547,0.0,0.0,0.0,0.0,0.0,0.0,0.0,2.0552254690753093,0.0,0.0,0.0,0.0,1.0276127345376547,0.0,1.0276127345376547,0.0,0.0,1.0276127345376547,-0.004221613232759453,-0.004835253848498274,-0.016240928118594584,-0.0023149393378023406
432,0.8767650332704581,0.0,0.0,0.0,0.0,0.0,0.0,0.0,0.0,1.7535300665409161,0.0,0.0,0.0,0.0,0.0,0.0,0.8767650332704581,0.0,0.0,1.7535300665409161,0.047180239129346845,0.016256919717579518,0.044693715508552855,0.015104092374062683
433,0.0,0.0,0.0,0.0,0.9584437612499723,0.0,0.9584437612499723,0.0,0.0,0.9584437612499723,0.0,0.0,0.0,0.0,0.0,0.9584437612499723,0.0,0.0,0.9584437612499723,0.9584437612499723,0.014712213174362714,0.0019437523368741087,0.004706071207839335,0.02019420203095145
434,0.0,0.0,0.0,0.0,0.0,0.0,0.9685787614522325,0.0,0.0,0.9685787614522325,0.0,0.0,0.0,0.0,0.0,0.9685787614522325,0.0,0.9685787614522325,0.9685787614522325,0.9685787614522325,0.009988019031919988,-0.022659493406502782,0.006479666145861084,0.03761304677648917
435,0.0,0.0,0.9422145654271593,0.0,0.0,0.9422145654271593,0.0,0.0,0.0,0.9422145654271593,0.0,0.0,0.0,0.9422145654271593,0.0,0.0,0.0,0.0,0.9422145654271593,0.9422145654271593,-0.02004749842548768,0.016199486708413,0.04201699271566402,0.019616453574251326
436,0.0,0.0,0.0,0.0,0.0,1.0002638244417017,0.0,2.0005276488834034,0.0,1.0002638244417017,0.0,0.0,0.0,0.0,0.0,0.0,0.0,0.0,2.0005276488834034,0.0,0.0028652101503643013,0.0033295730530098627,-0.018284148965054543,0.011825541319978707
437,2.0892602981372637,0.0,0.0,1.0446301490686318,0.0,0.0,0.0,0.0,0.0,1.0446301490686318,0.0,1.0446301490686318,0.0,0.0,0.0,0.0,0.0,1.0446301490686318,0.0,0.0,-0.01827280429671323,-0.04663200327847495,0.006674909095141934,0.013599749411414551
438,0.982549500798748,0.0,0.0,0.0,0.0,0.982549500798748,0.0,0.0,0.0,1.965099001597496,0.0,0.982549500798748,0.0,0.982549500798748,0.0,0.0,0.0,0.0,0.0,0.0,0.022571621692370123,0.014540722514855773,-0.005952289987409882,-0.013709555018564152
439,0.9168638561525468,0.0,0.0,0.0,0.0,0.0,0.0,0.0,0.0,0.9168638561525468,1.8337277123050937,0.9168638561525468,0.0,0.9168638561525468,0.0,0.0,0.0,0.0,0.0,0.0,0.03776486108642694,0.02419208012863333,0.016329980904177633,0.004849221728215207
440,0.9578943102716864,0.0,0.0,0.0,0.0,0.0,0.9578943102716864,0.9578943102716864,0.0,0.0,0.0,1.9157886205433727,0.0,0.0,0.0,0.0,0.0,0.0,0.0,0.9578943102716864,-0.005919441234110451,0.02426138300174458,0.0034298057593687066,0.0203339422013108
441,0.9614738955010318,0.0,0.0,0.0,0.0,0.0,0.0,0.0,0.0,0.0,0.0,0.9614738955010318,0.0,0.0,0.0,0.0,0.9614738955010318,0.0,0.9614738955010318,1.9229477910020636,-0.004590838634541615,0.012922294892320454,0.02402241874823551,0.006172229492953782
442,0.0,0.0,1.0513829217884103,0.0,1.0513829217884103,0.0,0.0,0.0,0.0,0.0,2.1027658435768206,1.0513829217884103,0.0,0.0,0.0,0.0,0.0,0.0,1.0513829217884103,0.0,-0.009761251764995345,0.001499245726627447,-0.03276540867237123,-0.010355507077671166
443,0.0,0.0,0.0,0.0,1.987081916355477,0.0,0.0,0.0,0.0,0.0,0.0,0.9935409581777385,0.0,0.9935409581777385,0.0,0.0,0.9935409581777385,0.9935409581777385,0.0,0.0,0.003352364996789574,0.013241828341574854,-0.0023738071430918703,-0.0077613443730109475
444,0.0,0.0,0.0,0.9984298560456103,0.0,0.0,0.0,0.0,0.0,0.0,0.0,0.9984298560456103,0.0,0.9984298560456103,0.0,0.9984298560456103,0.0,0.9984298560456103,0.9984298560456103,0.0,0.005997497708314462,0.005794538099299852,-0.001786158701262133,-0.008435733151962558
445,0.0,0.0,0.9989130521064734,0.0,0.9989130521064734,0.0,0.9989130521064734,0.0,0.0,0.9989130521064734,0.9989130521064734,0.9989130521064734,0.0,0.0,0.0,0.0,0.0,0.0,0.0,0.0,0.01671780513714216,0.030952609994008545,-0.021644150559822554,-0.0249393166778015
446,0.0,0.0,0.0,0.0,0.0,0.0,2.2830839741711864,0.0,0.0,0.0,0.0,1.522055982780791,0.0,0.0,0.0,0.7610279913903955,0.0,0.0,0.0,0.0,0.02873340095762131,0.09293417660444475,0.02906039045864523,0.08824404058889332
447,0.0,0.0,0.0,0.0,0.0,0.0,1.6866873621274945,0.0,0.0,0.0,0.0,1.6866873621274945,0.0,0.0,0.8433436810637472,0.0,0.0,0.0,0.0,0.8433436810637472,0.024132327792436736,0.07525943182474186,0.005675164676640315,0.05158939464243389
448,0.0,0.0,0.0,0.0,0.0,0.0,2.3212631216235744,0.0,0.0,0.0,0.0,1.5475087477490497,0.0,0.0,0.0,0.7737543738745248,0.0,0.0,0.0,0.0,0.025837172285153746,0.07541401006928009,0.03527473155747148,0.08971971221356974
449,0.0,0.0,0.9098752083310327,0.0,0.0,0.0,0.9098752083310327,0.0,0.0,1.8197504166620655,0.0,0.9098752083310327,0.0,0.9098752083310327,0.0,0.0,0.0,0.0,0.0,0.0,0.03983608571369607,0.044305795469110176,0.00855909548365782,-0.0025761849974967593
450,0.0,0.9208945010640411,0.0,0.0,0.0,0.0,1.8417890021280823,0.0,0.0,0.0,0.0,0.9208945010640411,0.0,0.0,0.9208945010640411,0.0,0.9208945010640411,0.0,0.0,0.0,0.02922885028757137,0.05421143541577734,-0.004965384169095374,0.0006305974017055359
451,0.0,0.0,1.0001608192173723,0.0,0.0,0.0,1.0001608192173723,1.0001608192173723,0.0,0.0,0.0,1.0001608192173723,0.0,1.0001608192173723,0.0,0.0,1.0001608192173723,0.0,0.0,0.0,-0.01564854543752699,0.006223533734251556,-0.0013955928319797576,0.01065978531788286
452,0.9572474294609785,0.0,0.0,0.0,0.0,0.0,0.0,0.0,0.9572474294609785,1.914494858921957,0.0,0.9572474294609785,0.0,0.0,0.0,0.0,0.0,0.0,0.0,0.9572474294609785,0.04145649429652716,0.012098882764750749,-0.0034778938168227498,-0.007324912705433703
453,0.0,0.0,0.0,1.1402995359943882,0.0,0.0,0.0,0.0,0.0,1.1402995359943882,0.0,2.2805990719887763,0.0,0.0,0.0,0.0,0.0,1.1402995359943882,0.0,1.1402995359943882,-0.049758787212594635,-0.08960375325279257,-0.021993729795314963,0.021056734266314065
454,0.0,0.0,0.0,0.0,0.0,0.0,2.1379883794711163,0.0,0.0,0.0,0.0,2.1379883794711163,0.0,0.0,0.0,0.0,0.0,0.0,0.0,0.0,0.04176744185765719,0.10459624680264408,0.03637727138001588,0.10459624680264408
455,0.0,0.0,0.0,0.0,0.0,0.0,1.5088425847286697,0.0,0.0,0.0,0.0,2.2632638770930047,0.0,0.0,0.7544212923643349,0.0,0.0,0.0,0.0,0.0,0.038434116957588256,0.09006098003844834,0.032188652400708784,0.08489495823891975
456,0.0,0.0,0.0,0.0,0.0,0.0,1.493268814440574,0.0,0.0,0.0,0.0,2.2399032216608608,0.0,0.0,0.0,0.746634407220287,0.0,0.0,0.0,0.0,0.041575703651315764,0.09117648055598283,0.03403835787626635,0.08657505069614818
457,0.0,0.0,0.0,0.0,0.0,0.0,0.0,0.0,0.0,0.0,2.056696359049777,3.085044538574665,0.0,0.0,0.0,0.0,1.0283481795248886,0.0,0.0,0.0,-0.00983329451234347,-0.0004581355351768038,-0.0042831145150130446,-0.013773634962355102
458,0.0,0.0,0.0,0.931756643583988,0.0,0.0,0.0,0.0,0.0,0.0,0.0,2.795269930751964,0.0,0.0,0.0,0.0,0.931756643583988,0.0,0.0,0.931756643583988,-0.002178354148463463,0.002339463241322222,0.012584410790109897,0.05549783653304333
459,2.121274617390117,0.0,1.0606373086950585,0.0,0.0,0.0,0.0,0.0,0.0,0.0,1.0606373086950585,1.0606373086950585,0.0,0.0,0.0,0.0,1.0606373086950585,0.0,0.0,0.0,-0.021568611509316413,-0.01454196092811881,-0.018617029121260037,-0.005909707136363119
460,0.0,0.0,0.0,0.0,0.0,0.9725751970939429,0.0,0.0,0.0,1.9451503941878858,0.9725751970939429,0.9725751970939429,0.0,0.9725751970939429,0.0,0.0,0.0,0.0,0.0,0.0,0.02094544138986187,0.011053858362864577,0.0018820170441990797,-0.006456513890868299
461,0.0,0.0,0.0,0.0,0.0,1.011369950348746,0.0,0.0,0.0,1.011369950348746,1.011369950348746,1.011369950348746,0.0,2.022739900697492,0.0,0.0,0.0,0.0,0.0,0.0,-0.009275799464586326,0.0015556389357765017,0.0041072226071088526,-0.007757012427045244
462,1.1092204775572359,0.0,0.0,0.0,0.0,0.0,1.1092204775572359,0.0,0.0,1.1092204775572359,2.2184409551144717,1.1092204775572359,0.0,0.0,0.0,0.0,0.0,0.0,0.0,0.0,-0.016545382482724493,-0.03881929103127959,-0.020010053793354323,-0.033845750249877446
463,0.0,0.0,0.0,0.0,0.0,0.0,1.0252488807142657,0.0,0.0,1.0252488807142657,2.0504977614285314,1.0252488807142657,0.0,0.0,0.0,0.0,0.0,0.0,1.0252488807142657,0.0,0.012554728966738087,-0.010102833377025111,-0.011779505764285566,-0.015921270539693104
464,0.9253319505662351,0.0,0.0,0.0,0.0,0.0,0.0,0.0,0.0,0.0,0.9253319505662351,0.9253319505662351,0.0,1.8506639011324701,0.0,0.0,0.0,0.0,0.0,0.9253319505662351,0.029174798348728923,0.015109049183248653,0.020273946345746526,0.010110255556040837
465,0.0,0.0,0.0,0.0,0.0,0.0,0.0,0.0,0.0,0.0,1.0638908540356686,1.0638908540356686,0.0,0.0,0.0,3.191672562107006,0.0,0.0,0.0,1.0638908540356686,-0.006440014563430846,-0.00963915281664751,-0.027628872500731493,-0.020182814154858737
466,0.0,0.0,0.0,0.0,0.0,0.9754310164092895,0.0,0.0,0.0,0.9754310164092895,0.0,0.9754310164092895,0.9754310164092895,1.950862032818579,0.0,0.0,0.0,0.0,0.0,0.0,0.017328417932125396,0.0198786374328336,-0.00504243710500448,-0.007595634669244152
467,0.8973398532535201,0.0,0.8973398532535201,0.0,0.0,0.0,1.7946797065070401,0.8973398532535201,0.0,0.0,0.0,0.8973398532535201,0.0,0.0,0.0,0.0,0.0,0.0,0.0,0.0,0.021141450548129954,0.034745631615442626,0.010314631357627325,0.036458433225280036
468,0.9661696999721808,0.0,0.0,0.9661696999721808,0.0,0.0,0.9661696999721808,0.0,0.0,0.0,0.0,0.9661696999721808,0.0,0.0,0.9661696999721808,0.9661696999721808,0.0,0.0,0.0,0.0,-0.0027390596083754883,0.008300357437656366,-0.005906478836040011,0.03417548103457836
469,0.0,0.0,0.0,0.0,0.0,0.0,0.0,0.0,0.0,0.0,0.9269474257778075,2.7808422773334223,0.0,0.0,0.9269474257778075,0.0,0.9269474257778075,0.0,0.0,0.0,0.018664484746644998,0.03005466664356929,0.00677222086453189,0.01756120196744637
470,0.0,0.0,0.0,0.0,0.0,1.036776166657031,1.036776166657031,0.0,0.0,0.0,0.0,1.036776166657031,0.0,0.0,1.036776166657031,0.0,1.036776166657031,0.0,0.0,1.036776166657031,-0.009705343835014115,-0.0023256450423162706,-0.015654220636124972,-0.009090957143575594
471,2.043525584595417,0.0,0.0,0.0,0.0,1.0217627922977086,0.0,0.0,0.0,0.0,0.0,2.043525584595417,0.0,0.0,1.0217627922977086,0.0,0.0,0.0,0.0,0.0,0.011048643439991658,0.005591908104611884,-0.03110524544619778,-0.007298098396114403
472,0.0,0.0,0.0,0.0,0.0,1.0331123193616676,0.0,3.099336958085003,0.0,0.0,0.0,1.0331123193616676,0.0,1.0331123193616676,0.0,0.0,0.0,0.0,0.0,0.0,0.014094769313826692,-3.777416166525379e-05,-0.018922676595193415,-0.02824663791863565
473,0.0,0.0,0.0,0.0,0.0,0.9677676786350864,0.0,0.9677676786350864,0.0,2.9033030359052594,0.0,0.9677676786350864,0.0,0.0,0.0,0.0,0.0,0.0,0.0,0.0,0.033950395348096525,0.00689044320962717,0.0011312721792863557,-0.009739789372096517
474,0.0,0.0,0.0,0.0,0.0,1.0717599978071706,0.0,0.0,0.0,1.0717599978071706,0.0,2.143519995614341,0.0,0.0,0.0,0.0,0.0,0.0,1.0717599978071706,1.0717599978071706,0.01674057129803591,-0.003989871245856894,-0.05994980073457237,-0.02456089712477714
475,0.9161467335393817,0.0,0.0,0.0,0.0,2.748440200618145,0.0,0.0,0.0,0.0,0.0,1.8322934670787634,0.0,0.0,0.0,0.0,0.0,0.0,0.0,0.0,0.038789851640164345,0.010554312693397115,0.028250599262245053,0.0062585028648117
476,0.9619640504881158,0.0,0.0,0.0,0.0,0.0,0.9619640504881158,0.0,0.0,0.0,0.0,1.9239281009762317,0.0,0.0,0.0,0.9619640504881158,0.9619640504881158,0.0,0.0,0.0,-0.0019085904895053674,-0.0016305806636377307,0.003573541906438522,0.03800157875858867
477,0.0,0.0,0.0,0.0,0.0,0.0,1.000483113968584,0.0,0.0,0.0,1.000483113968584,2.000966227937168,0.0,0.0,1.000483113968584,1.000483113968584,0.0,0.0,0.0,0.0,-0.004572697868112574,-0.004074000823683765,-0.010004093607771635,0.018167678330984132
478,0.0,0.0,0.0,0.0,0.0,0.0,0.9880311566789634,0.0,0.9880311566789634,0.0,0.0,0.9880311566789634,0.0,0.0,0.9880311566789634,0.9880311566789634,0.9880311566789634,0.0,0.0,0.0,0.002520100110025011,0.004332645447478266,0.01129466832961251,-0.006178570566079266
479,0.0,0.0,2.0110724834030966,0.0,0.0,0.0,0.0,0.0,0.0,0.0,1.0055362417015483,1.0055362417015483,0.0,1.0055362417015483,0.0,1.0055362417015483,0.0,0.0,0.0,0.0,-0.0008810368409866447,0.01109437346143294,-0.010578795722904547,-0.005170782599090041
480,0.0,0.0,0.0,0.0,0.0,0.0,0.9305632819700078,0.9305632819700078,0.0,0.0,0.0,1.8611265639400156,0.0,0.0,0.0,0.0,0.9305632819700078,0.0,0.0,0.9305632819700078,0.013947130415869454,0.025268396080869778,0.009405395177508935,0.02081579635574403
481,0.0,0.0,0.0,0.0,0.0,0.9095072796073516,0.9095072796073516,0.0,0.0,0.0,0.0,1.8190145592147031,0.0,0.0,0.0,0.0,0.9095072796073516,0.0,0.0,0.9095072796073516,0.00930033139735605,0.025693640378283658,0.03307795518101867,0.022420793435990124
482,0.0,0.0,0.0,0.0,0.0,0.94193441607579,0.0,0.94193441607579,0.0,0.0,0.0,1.88386883215158,0.0,0.0,0.0,0.0,0.94193441607579,0.0,0.0,0.94193441607579,0.015230537005621162,-0.00011335232516975275,0.008115463779942569,0.034832935463816134
483,0.0,0.0,0.0,0.0,0.0,0.0,0.0,0.0,0.0,0.0,2.216415290439148,2.216415290439148,0.0,0.0,0.0,0.0,1.108207645219574,0.0,0.0,1.108207645219574,-0.023495304520530853,-0.026613710732174216,-0.02934287174187596,-0.02875575822499307
484,1.0647622037392606,0.0,0.0,0.0,0.0,0.0,1.0647622037392606,1.0647622037392606,0.0,0.0,0.0,1.0647622037392606,0.0,0.0,0.0,0.0,1.0647622037392606,0.0,0.0,1.0647622037392606,-0.009371907809695696,-0.011666944126353294,-0.02135254300863009,-0.022370808794581466
485,0.0,0.0,0.0,0.0,0.0,0.0,1.0182159952080918,0.0,0.0,2.0364319904161836,0.0,1.0182159952080918,0.0,0.0,0.0,0.0,1.0182159952080918,0.0,0.0,1.0182159952080918,0.025677096181695898,-0.0026136555158819265,-0.016349767144007692,-0.024929668729898012
486,0.0,0.0,0.0,0.0,0.0,0.0,0.0,0.0,0.0,1.924730583245345,0.0,0.9623652916226725,0.0,0.0,0.0,0.0,1.924730583245345,0.0,0.0,0.9623652916226725,0.033918975515262295,0.012257857249402959,-0.0033900732968373494,-0.005152051090500428
487,0.0,0.0,0.0,0.0,0.0,0.0,1.024754934412019,0.0,0.0,1.024754934412019,0.0,1.024754934412019,0.0,0.0,0.0,0.0,1.024754934412019,0.0,0.0,2.049509868824038,0.02376997186659134,-0.001207361547775125,-0.02082543503566451,-0.02649210969517067
488,0.0,0.0,0.0,0.0,0.0,0.0,1.0431830955337447,0.0,0.0,1.0431830955337447,0.0,1.0431830955337447,0.0,0.0,0.0,0.0,1.0431830955337447,0.0,1.0431830955337447,1.0431830955337447,0.018432054484519497,-0.0050921934337294405,-0.033361271579368565,-0.023161685005166313
489,0.0,0.0,0.0,0.0,0.0,0.0,1.0233867985625815,0.0,0.0,1.0233867985625815,1.0233867985625815,1.0233867985625815,0.0,0.0,0.0,0.0,1.0233867985625815,0.0,0.0,1.0233867985625815,0.017323545815574354,-0.0026269284351570165,-0.013027146948224154,-0.02505626899477455
490,0.0,0.0,0.0,0.9469418044757189,0.0,0.0,0.0,0.0,0.0,0.0,0.0,1.8938836089514377,0.0,0.0,0.9469418044757189,0.0,0.9469418044757189,0.0,0.0,0.9469418044757189,-0.026446598623267453,-0.02355975827302955,0.03290866344524231,0.07015588897533576
491,0.0,0.0,0.0,1.0187619433061332,0.0,0.0,1.0187619433061332,0.0,0.0,0.0,1.0187619433061332,2.0375238866122665,0.0,0.0,0.0,0.0,0.0,0.0,0.0,1.0187619433061332,-0.04610322380419683,-0.023486328419439772,0.009435861802055084,0.04139174711544828
492,0.0,0.0,0.0,0.0,0.0,0.0,2.0201940671414302,0.0,0.0,0.0,0.0,1.0100970335707151,0.0,0.0,1.0100970335707151,0.0,0.0,0.0,0.0,2.0201940671414302,-0.019474979717780325,0.007138757212003943,-0.007674895054827672,0.009914083989888845
493,0.0,0.0,0.0,0.9858455346853067,0.0,0.0,0.9858455346853067,0.0,0.9858455346853067,0.0,0.0,0.9858455346853067,0.0,0.0,0.0,0.9858455346853067,0.0,0.0,0.0,0.9858455346853067,-0.019613713408463643,-0.02147322211512724,0.015199278228875065,0.04004212260940925
494,0.0,0.0,0.0,0.0,0.0,0.0,0.0,1.0098942008591876,0.0,0.0,1.0098942008591876,2.019788401718375,0.0,0.0,0.0,0.0,0.0,0.0,0.0,2.019788401718375,-0.034100959019713134,-0.03068127858237848,0.03117200314582685,0.023716033597077284
495,0.0,0.0,1.0268211329220862,0.0,0.0,1.0268211329220862,0.0,0.0,0.0,2.0536422658441724,0.0,1.0268211329220862,0.0,0.0,0.0,0.0,0.0,0.0,0.0,1.0268211329220862,-0.0311754302075084,-0.01011249429917339,0.006974732044343711,0.007492059540251954
496,0.0,0.9834237432323721,0.0,1.9668474864647443,0.0,0.0,0.0,0.0,0.0,0.0,0.0,0.9834237432323721,0.9834237432323721,0.0,0.0,0.0,0.0,0.9834237432323721,0.0,0.0,0.02106515468827622,-0.009203342589983406,-0.01952850654330426,0.024242951212639176
497,0.0,0.0,1.0754494340860317,1.0754494340860317,0.0,0.0,0.0,0.0,0.0,0.0,1.0754494340860317,1.0754494340860317,0.0,0.0,0.0,0.0,0.0,1.0754494340860317,1.0754494340860317,0.0,-0.02607163871295477,-0.04769929877779036,-0.0032872689558797255,0.0016087723605933027
498,0.0,0.0,2.022219327359253,0.0,0.0,0.0,0.0,1.0111096636796264,0.0,0.0,0.0,1.0111096636796264,0.0,0.0,0.0,0.0,1.0111096636796264,0.0,1.0111096636796264,0.0,0.00032583122580322226,-0.021572698850606874,0.008409320607127286,0.0017278833380500389
499,1.8390420808498549,0.0,0.0,0.0,0.0,0.0,0.0,0.0,0.0,0.0,0.9195210404249274,0.0,0.0,0.0,0.0,0.0,0.0,0.0,0.9195210404249274,1.8390420808498549,0.02200877682190651,0.016340722751245037,0.03213002529702824,0.009999434704892842
500,0.9219786066515483,0.0,0.0,0.0,0.9219786066515483,0.0,0.0,0.0,0.0,0.0,0.9219786066515483,0.0,0.0,0.0,0.0,0.0,0.0,0.0,0.9219786066515483,1.8439572133030966,0.016620606999653748,0.01843976850620687,0.026929111761619155,0.016031906080971894
501,1.0280710168799374,0.0,0.0,1.0280710168799374,0.0,0.0,0.0,0.0,0.0,0.0,1.0280710168799374,0.0,0.0,0.0,0.0,0.0,0.0,0.0,1.0280710168799374,2.056142033759875,-0.003369269252956988,0.0022265590141300018,0.00876962755429036,-0.03569793419540079
502,2.0860734104460397,0.0,0.0,0.0,0.0,0.0,1.0430367052230198,1.0430367052230198,0.0,1.0430367052230198,1.0430367052230198,0.0,0.0,0.0,0.0,0.0,0.0,0.0,0.0,0.0,0.01381386270089062,-0.0037614961513800587,-0.01542745719099942,-0.03766161458153109
503,1.0221394277439249,0.0,0.0,0.0,0.0,0.0,1.0221394277439249,0.0,0.0,0.0,1.0221394277439249,0.0,0.0,0.0,0.0,0.0,0.0,0.0,1.0221394277439249,2.0442788554878497,-0.00042195799748898636,0.0022137125929761535,0.0115607879924279,-0.035491970331839935
504,0.875193147187237,0.0,0.0,0.0,0.0,0.0,0.0,0.0,0.0,0.0,0.875193147187237,0.0,0.0,0.875193147187237,0.0,0.0,0.0,0.0,0.875193147187237,1.750386294374474,0.029878799293907625,0.023357269738476703,0.03924944993309446,0.03232133384728436
505,0.9312371374236503,0.0,0.0,0.0,0.0,0.0,0.0,0.9312371374236503,0.0,0.0,0.9312371374236503,0.0,0.0,0.0,0.0,0.0,0.0,0.0,0.9312371374236503,1.8624742748473007,0.019955151565757605,0.014472915745555526,0.030274008690531602,0.004060786574505018
506,0.950987993948261,0.0,0.0,0.0,0.0,0.0,0.0,0.0,0.950987993948261,0.0,0.950987993948261,0.0,0.0,0.0,0.0,0.0,0.0,0.0,0.950987993948261,1.901975987896522,0.0053960459064558,0.016899919050998535,0.01637441547337645,0.010341625620908276
507,0.879455370605649,0.0,0.0,0.0,0.0,0.0,0.0,0.0,0.0,0.879455370605649,0.879455370605649,0.0,0.0,0.0,0.0,0.0,0.0,0.0,0.879455370605649,1.758910741211298,0.033015812474435996,0.02072621514903637,0.04234411317131996,0.024458488599558743
508,1.0509412518855632,0.0,0.0,0.0,0.0,0.0,0.0,0.0,0.0,0.0,1.0509412518855632,1.0509412518855632,0.0,0.0,0.0,0.0,0.0,0.0,1.0509412518855632,2.1018825037711264,-0.014733121249724214,0.0022760905416908004,-0.0019921588228292977,-0.036492062354700434
509,0.9656544034256774,0.0,0.0,0.9656544034256774,0.0,0.9656544034256774,0.0,0.0,0.0,0.0,1.9313088068513549,0.0,0.0,0.0,0.0,0.0,0.9656544034256774,0.0,0.0,0.0,0.005093845537200229,-0.0011678953477331656,0.01663457344275359,0.013785072942102006
510,0.888274563286473,0.0,0.0,0.0,0.0,0.0,0.0,0.0,0.0,0.0,1.776549126572946,0.0,0.0,0.0,0.0,0.0,0.0,0.0,0.888274563286473,1.776549126572946,0.028258051547287503,0.020934057969778583,0.03782956847763196,0.024703758718828923
511,0.907261927943679,0.0,0.0,0.0,0.0,0.0,0.0,0.0,0.0,0.0,0.907261927943679,0.0,0.907261927943679,0.0,0.0,0.0,0.0,0.0,0.907261927943679,1.814523855887358,0.022040205728703306,0.019358970552841866,0.032016962630867334,0.019321933143908485
512,2.0551902453751176,0.0,1.0275951226875588,0.0,0.0,0.0,0.0,0.0,0.0,0.0,1.0275951226875588,1.0275951226875588,0.0,0.0,0.0,0.0,1.0275951226875588,0.0,0.0,0.0,-0.0028785692748811644,-0.000953902082991234,-0.018037050146271362,-0.00572560118341507
513,0.9572638544368522,0.0,0.9572638544368522,0.0,0.0,0.0,0.0,0.0,0.0,0.0,1.9145277088737045,0.0,0.0,0.9572638544368522,0.0,0.0,0.0,0.0,0.0,0.9572638544368522,0.016649820255356693,0.01371116969800447,0.0046549131163180855,0.007720242493468577
514,0.9747621186888151,0.0,0.9747621186888151,0.0,0.0,0.0,0.0,0.0,0.0,0.0,0.9747621186888151,0.0,0.0,0.0,0.0,0.0,0.0,0.0,0.9747621186888151,1.9495242373776303,-0.0011004401900169651,0.014280146351878478,0.010347422682249084,0.0017107524670742509
515,0.9423828537453668,0.0,0.0,0.0,0.0,0.0,0.0,0.0,0.0,0.0,0.9423828537453668,0.0,0.0,0.0,0.9423828537453668,0.0,0.0,0.0,0.9423828537453668,1.8847657074907336,0.014120310501689274,0.01464613801812763,0.024741308743823,0.004109388990993351
516,0.9771142407091276,0.0,0.0,0.0,0.0,0.9771142407091276,0.0,0.0,0.0,0.0,0.9771142407091276,0.0,0.0,0.0,0.0,0.0,0.0,0.0,0.9771142407091276,1.9542284814182551,-0.002327613985787301,0.014314604653081974,0.00918388807389552,0.001714880549682264
517,1.0926687162518036,1.0926687162518036,0.0,0.0,0.0,0.0,0.0,0.0,0.0,0.0,1.0926687162518036,0.0,0.0,0.0,0.0,0.0,0.0,0.0,1.0926687162518036,2.1853374325036072,-0.035466827271620954,0.0023664623743715886,-0.021627377151713575,-0.03794097420284073
518,0.9768064696390213,0.0,0.9768064696390213,0.0,0.0,1.9536129392780426,0.0,0.0,0.0,0.0,0.9768064696390213,0.0,0.0,0.0,0.0,0.9768064696390213,0.0,0.0,0.0,0.0,0.02143878137867335,0.002394320477972269,0.0012627083221688738,-0.0019022798178357522
519,0.9485930250105298,0.9485930250105298,0.9485930250105298,0.0,0.0,0.9485930250105298,0.0,0.0,0.0,0.0,0.9485930250105298,0.0,0.0,0.0,0.0,0.9485930250105298,0.0,0.0,0.0,0.0,0.038105754119261,0.009340056064464242,0.00458278010282107,-0.0006216152970761435
520,0.9566538761807504,0.0,0.0,0.0,0.0,0.0,0.0,0.0,0.0,0.0,0.9566538761807504,0.0,0.0,0.0,0.0,0.9566538761807504,0.0,0.0,0.9566538761807504,1.9133077523615007,0.00919609568728782,0.013588327930799343,0.020129052567047615,0.00043264763411487463
521,1.9252876822179734,0.0,0.0,0.0,0.0,0.0,0.0,0.0,0.0,0.0,0.9626438411089867,0.0,0.0,0.0,0.0,0.0,0.9626438411089867,0.0,0.9626438411089867,0.9626438411089867,0.010514803458388972,0.010472137404343914,0.012520036898486676,0.0038491811297937635
522,0.9645983105111303,0.0,0.0,0.0,0.9645983105111303,0.0,0.0,0.0,0.0,0.0,0.9645983105111303,0.0,0.0,0.0,0.0,0.0,0.9645983105111303,0.0,0.9645983105111303,0.9645983105111303,0.009832184091154139,0.013602554431652831,0.0054219736115854135,0.006544977354477337
523,1.042362011758223,0.0,0.0,1.042362011758223,0.0,0.0,0.0,0.0,0.0,0.0,1.042362011758223,0.0,0.0,0.0,0.0,0.0,1.042362011758223,0.0,1.042362011758223,1.042362011758223,0.007881629837109477,-0.01217930494530458,-0.0218995146588209,-0.01616482199120692
524,1.0381046593804923,0.0,0.0,0.0,0.0,0.0,1.0381046593804923,0.0,0.0,0.0,1.0381046593804923,0.0,0.0,0.0,0.0,0.0,1.0381046593804923,0.0,1.0381046593804923,1.0381046593804923,0.008216766136149821,-0.012129560622043473,-0.018093065400915313,-0.016098799493683463
525,0.9286243306895549,0.0,0.0,0.0,0.0,0.0,0.0,0.0,0.0,0.0,0.9286243306895549,0.0,0.0,0.9286243306895549,0.0,0.0,0.9286243306895549,0.0,0.9286243306895549,0.9286243306895549,0.011313810337044625,0.022074862196443775,0.023922904777418458,0.014064091999538227
526,0.9714837589329882,0.0,0.0,0.0,0.0,0.0,0.0,0.9714837589329882,0.0,0.0,0.9714837589329882,0.0,0.0,0.0,0.0,0.0,0.9714837589329882,0.0,0.9714837589329882,0.9714837589329882,0.010310575652691915,0.007436953682043398,0.009591352127801815,0.0011773596044746665
527,0.9864618808555736,0.0,0.0,0.0,0.0,0.0,0.0,0.0,0.9864618808555736,0.0,0.9864618808555736,0.0,0.0,0.0,0.0,0.0,0.9864618808555736,0.0,0.9864618808555736,0.9864618808555736,0.008549744915531635,0.010731242354977619,-0.009687286918266404,0.003944418792183649
528,0.9318622461199804,0.0,0.0,0.0,0.0,0.0,0.0,0.0,0.0,0.9318622461199804,0.9318622461199804,0.0,0.0,0.0,0.0,0.0,0.9318622461199804,0.0,0.9318622461199804,0.9318622461199804,0.01174481856162677,0.017946738908047263,0.02796852682205572,0.010477669588289846
529,1.0586429426168968,0.0,0.0,0.0,0.0,0.0,0.0,0.0,0.0,0.0,1.0586429426168968,1.0586429426168968,0.0,0.0,0.0,0.0,1.0586429426168968,0.0,1.0586429426168968,1.0586429426168968,0.006600004444424353,-0.012369536764465698,-0.03645610563051965,-0.01641730466633597
530,0.9387457502714616,0.0,0.0,0.0,0.0,0.0,0.0,0.0,0.0,0.0,1.8774915005429231,0.0,0.0,0.0,0.0,0.0,0.9387457502714616,0.0,0.9387457502714616,0.9387457502714616,0.011167235690961633,0.018079308343383293,0.021452639385080324,0.010555066309113275
531,0.9533675233937227,0.0,0.0,0.0,0.0,0.0,0.0,0.0,0.0,0.0,0.9533675233937227,0.0,0.9533675233937227,0.0,0.0,0.0,0.9533675233937227,0.0,0.9533675233937227,0.9533675233937227,0.010455647702246525,0.01528795362981613,0.012826089821029323,0.008062785453185301
532,1.0040505105760302,0.0,1.0040505105760302,0.0,0.0,0.0,0.0,0.0,0.0,0.0,1.0040505105760302,0.0,0.0,0.0,0.0,0.0,1.0040505105760302,0.0,1.0040505105760302,1.0040505105760302,0.007858402639722255,0.006391732329255722,-0.01839830542669096,9.76598816827126e-05
533,0.9799109835649744,0.0,0.0,0.0,0.0,0.0,0.0,0.0,0.0,0.0,0.9799109835649744,0.0,0.0,0.0,0.9799109835649744,0.0,0.9799109835649744,0.0,0.9799109835649744,0.9799109835649744,0.00961985971417873,0.007501466216277724,0.0017801177866292976,0.0011875727179398179
534,1.0057887928158245,0.0,0.0,0.0,0.0,1.0057887928158245,0.0,0.0,0.0,0.0,1.0057887928158245,0.0,0.0,0.0,0.0,0.0,1.0057887928158245,0.0,1.0057887928158245,1.0057887928158245,0.0077163045964629105,0.006402798141854223,-0.020005724511419794,9.782895727809482e-05
535,1.087810487330638,1.087810487330638,0.0,0.0,0.0,0.0,0.0,0.0,0.0,0.0,1.087810487330638,0.0,0.0,0.0,0.0,0.0,1.087810487330638,0.0,1.087810487330638,1.087810487330638,0.0043039523162075564,-0.012710340072306175,-0.06253446820893797,-0.016869631365601323
536,0.9905718392191165,0.0,0.0,0.0,0.0,0.0,0.0,0.0,0.0,0.0,0.9905718392191165,0.0,0.0,0.0,0.0,0.9905718392191165,0.9905718392191165,0.0,0.9905718392191165,0.9905718392191165,0.009067315128418721,0.005667352852551457,-0.0048507840942414926,-0.0004557231058451735
537,0.9793087121959323,0.0,0.0,0.0,0.0,0.0,0.0,0.0,0.0,0.0,0.9793087121959323,0.0,0.0,0.0,0.0,0.0,1.9586174243918646,0.0,0.9793087121959323,0.9793087121959323,0.009245766615243255,0.010022112325754354,-0.001946612881904254,0.0033700217449742532
538,1.8943526046015,0.0,0.0,0.0,0.0,0.0,0.0,0.0,0.0,0.0,0.94717630230075,0.0,0.0,0.0,0.0,0.0,0.94717630230075,0.0,0.0,1.8943526046015,0.019065816993140628,0.003966545795997881,0.02184479398084021,0.007946540929271332
539,0.9501567596212428,0.0,0.0,0.0,0.9501567596212428,0.0,0.0,0.0,0.0,0.0,0.9501567596212428,0.0,0.0,0.0,0.0,0.0,0.9501567596212428,0.0,0.0,1.9003135192424856,0.011993406405868151,0.007446383334927753,0.022119909924889276,0.008283540713072007
540,1.0056808829113142,0.0,0.0,1.0056808829113142,0.0,0.0,0.0,0.0,0.0,0.0,1.0056808829113142,0.0,0.0,0.0,0.0,0.0,1.0056808829113142,0.0,0.0,2.0113617658226284,-0.014528608056043698,-0.021478292294195067,0.02420022554895746,0.006125791889967143
541,1.0021190423426507,0.0,0.0,0.0,0.0,0.0,1.0021190423426507,0.0,0.0,0.0,1.0021190423426507,0.0,0.0,0.0,0.0,0.0,1.0021190423426507,0.0,0.0,2.0042380846853014,-0.010829897335130935,-0.021402222186729554,0.0240089811317705,0.006104096047439331
542,0.9222788371744314,0.0,0.0,0.0,0.0,0.0,0.0,0.0,0.0,0.0,0.9222788371744314,0.0,0.0,0.9222788371744314,0.0,0.0,0.9222788371744314,0.0,0.0,1.8445576743488628,0.030522799516669325,0.017324772002598274,0.020924570804023573,0.008949020502277551
543,0.9535619185682214,0.0,0.0,0.0,0.0,0.0,0.0,0.9535619185682214,0.0,0.0,0.9535619185682214,0.0,0.0,0.0,0.0,0.0,0.9535619185682214,0.0,0.0,1.9071238371364427,0.016157641110989912,0.000513504849261984,0.02207993374318774,0.007687001728339075
544,0.9678303519883227,0.0,0.0,0.0,0.0,0.0,0.0,0.0,0.9678303519883227,0.0,0.9678303519883227,0.0,0.0,0.0,0.0,0.0,0.9678303519883227,0.0,0.0,1.9356607039766454,-0.002974113511486174,0.004053039972171389,0.0229708989942151,0.008119822556777028
545,0.9234471241460176,0.0,0.0,0.0,0.0,0.0,0.0,0.0,0.0,0.9234471241460176,0.9234471241460176,0.0,0.0,0.0,0.0,0.0,0.9234471241460176,0.0,0.0,1.8468942482920352,0.03455256202376657,0.012628877486750302,0.020835593621142665,0.008535842722322934
546,1.0192663354517053,0.0,0.0,0.0,0.0,0.0,0.0,0.0,0.0,0.0,1.0192663354517053,1.0192663354517053,0.0,0.0,0.0,0.0,1.0192663354517053,0.0,0.0,2.0385326709034106,-0.028636106129280206,-0.0217684363404523,0.024929663574950627,0.00620854344307666
547,0.9295143912367477,0.0,0.0,0.0,0.0,0.0,0.0,0.0,0.0,0.0,1.8590287824734955,0.0,0.0,0.0,0.0,0.0,0.9295143912367477,0.0,0.0,1.8590287824734955,0.02801356703393458,0.012711852213472291,0.02116826427803604,0.008591925237809344
548,0.9411095006237177,0.0,0.0,0.0,0.0,0.0,0.0,0.0,0.0,0.0,0.9411095006237177,0.0,0.9411095006237177,0.0,0.0,0.0,0.9411095006237177,0.0,0.0,1.8822190012474354,0.019371848625368532,0.009436084175872701,0.021692486277895922,0.008390080297145228
549,0.9810880725259222,0.0,0.9810880725259222,0.0,0.0,0.0,0.0,0.0,0.0,0.0,0.9810880725259222,0.0,0.0,0.0,0.0,0.0,0.9810880725259222,0.0,0.0,1.9621761450518445,-0.011495293548578214,-0.000903764811114144,0.023530946482911097,0.007780039350858914
550,0.9608477811405524,0.0,0.0,0.0,0.0,0.0,0.0,0.0,0.0,0.0,0.9608477811405524,0.0,0.0,0.0,0.9608477811405524,0.0,0.9608477811405524,0.0,0.0,1.9216955622811047,0.008412743086241728,0.0005174283760818952,0.022476311739613224,0.007745735657510705
551,0.9825786286522163,0.0,0.0,0.0,0.0,0.9825786286522163,0.0,0.0,0.0,0.0,0.9825786286522163,0.0,0.0,0.0,0.0,0.0,0.9825786286522163,0.0,0.0,1.9651572573044327,-0.013077317847980366,-0.0009051378908749313,0.023611967609083875,0.007791859477554956
552,1.0434642228999733,1.0434642228999733,0.0,0.0,0.0,0.0,0.0,0.0,0.0,0.0,1.0434642228999733,0.0,0.0,0.0,0.0,0.0,1.0434642228999733,0.0,0.0,2.0869284457999466,-0.05376384107501725,-0.022285229796853094,0.026228910633596,0.006355937338300987
553,0.9692417632693296,0.0,0.0,0.0,0.0,0.0,0.0,0.0,0.0,0.0,0.9692417632693296,0.0,0.0,0.0,0.0,0.9692417632693296,0.9692417632693296,0.0,0.0,1.9384835265386593,0.0018719940539780665,-0.0016002525509104118,0.02286404951423591,0.007622445713366867
554,0.961377114538142,0.0,0.0,0.0,0.0,0.0,0.0,0.0,0.0,0.0,0.961377114538142,0.0,0.0,0.0,0.0,0.0,1.922754229076284,0.0,0.0,1.922754229076284,0.004699719415826173,0.0033243549824694342,0.022596265125370607,0.008002545938191741
555,0.9311977231503098,0.0,0.0,0.0,0.0,0.0,0.0,0.0,0.0,0.0,0.9311977231503098,0.0,0.0,0.0,0.0,0.0,0.9311977231503098,0.0,0.0,2.7935931694509297,0.02848794070739021,0.010695971178044382,0.021194341429895725,0.00842402353435989
556,0.9233297614970923,0.0,0.0,0.0,0.0,0.0,0.0,0.0,0.0,0.0,0.9233297614970923,0.0,0.0,0.0,0.0,0.0,0.9233297614970923,0.9233297614970923,0.0,1.8466595229941847,0.02257639816173584,0.023409537346516473,0.02117935104058527,0.00950495195406997
557,1.915974927949303,0.0,0.0,0.0,0.0,0.0,0.0,0.0,0.0,0.0,0.9579874639746515,0.0,0.0,0.0,0.0,0.0,0.9579874639746515,0.0,0.9579874639746515,0.9579874639746515,0.010231903766579528,0.010924788350876343,0.01605607852939392,0.004799765378498639
558,0.9583122794574532,0.0,0.0,0.0,0.9583122794574532,0.0,0.0,0.0,0.0,0.0,0.9583122794574532,0.0,0.0,0.0,0.0,0.0,0.9583122794574532,0.0,0.9583122794574532,0.9583122794574532,0.009369473764422846,0.01376564823403662,0.01156550725336986,0.006987091290717367
559,1.0189589020055023,0.0,0.0,1.0189589020055023,0.0,0.0,0.0,0.0,0.0,0.0,1.0189589020055023,0.0,0.0,0.0,0.0,0.0,1.0189589020055023,0.0,1.0189589020055023,1.0189589020055023,0.006642328215312261,-0.009496832103483272,-0.004941505885543289,-0.011162892231788133
560,1.0161500208045384,0.0,0.0,0.0,0.0,0.0,1.0161500208045384,0.0,0.0,0.0,1.0161500208045384,0.0,0.0,0.0,0.0,0.0,1.0161500208045384,0.0,1.0161500208045384,1.0161500208045384,0.007069186092057231,-0.009470652958169675,-0.0026164335445170938,-0.01113212039390876
561,0.9306786022091085,0.0,0.0,0.0,0.0,0.0,0.0,0.0,0.0,0.0,0.9306786022091085,0.0,0.0,0.9306786022091085,0.0,0.0,0.9306786022091085,0.0,0.9306786022091085,0.9306786022091085,0.011392744160071069,0.02163473751186128,0.02314028644350291,0.013153629675456137
562,0.965027467054378,0.0,0.0,0.0,0.0,0.0,0.0,0.965027467054378,0.0,0.0,0.965027467054378,0.0,0.0,0.0,0.0,0.0,0.965027467054378,0.0,0.965027467054378,0.965027467054378,0.009937170058929528,0.008148035265595693,0.014253304364541485,0.002634023256555195
563,0.974126373616405,0.0,0.0,0.0,0.0,0.0,0.0,0.0,0.974126373616405,0.0,0.974126373616405,0.0,0.0,0.0,0.0,0.0,0.974126373616405,0.0,0.974126373616405,0.974126373616405,0.007683695291960443,0.011108834780167344,0.0022004708145868016,0.0048806254968803715
564,0.9342578193178469,0.0,0.0,0.0,0.0,0.0,0.0,0.0,0.0,0.9342578193178469,0.9342578193178469,0.0,0.0,0.0,0.0,0.0,0.9342578193178469,0.0,0.9342578193178469,0.9342578193178469,0.011922592599275118,0.01784562374412465,0.0257529180793882,0.01022104625936512
565,1.029631958864555,0.0,0.0,0.0,0.0,0.0,0.0,0.0,0.0,0.0,1.029631958864555,1.029631958864555,0.0,0.0,0.0,0.0,1.029631958864555,0.0,1.029631958864555,1.029631958864555,0.005020373400110465,-0.009596306408896237,-0.013776208217797719,-0.011279817637971699
566,0.9390176264442638,0.0,0.0,0.0,0.0,0.0,0.0,0.0,0.0,0.0,1.8780352528885276,0.0,0.0,0.0,0.0,0.0,0.9390176264442638,0.0,0.9390176264442638,0.9390176264442638,0.011160581033573057,0.01793654268032864,0.02161212993875059,0.01027311990308403
567,0.9500463145332042,0.0,0.0,0.0,0.0,0.0,0.0,0.0,0.0,0.0,0.9500463145332042,0.0,0.9500463145332042,0.0,0.0,0.0,0.9500463145332042,0.0,0.9500463145332042,0.9500463145332042,0.010199113420128574,0.015334522252419314,0.016193118570215905,0.00822693122403213
568,0.9873812287944611,0.0,0.9873812287944611,0.0,0.0,0.0,0.0,0.0,0.0,0.0,0.9873812287944611,0.0,0.0,0.0,0.0,0.0,0.9873812287944611,0.0,0.9873812287944611,0.9873812287944611,0.006760905198796918,0.007167488604134134,-0.0031038606610902498,0.0017942380636981096
569,0.9707454973341022,0.0,0.0,0.0,0.0,0.0,0.0,0.0,0.0,0.0,0.9707454973341022,0.0,0.0,0.0,0.9707454973341022,0.0,0.9707454973341022,0.0,0.9707454973341022,0.9707454973341022,0.009039177403907176,0.008196314422365342,0.009369380333274061,0.0026496305063513624
570,0.988539675080694,0.0,0.0,0.0,0.0,0.988539675080694,0.0,0.0,0.0,0.0,0.988539675080694,0.0,0.0,0.0,0.0,0.0,0.988539675080694,0.0,0.988539675080694,0.988539675080694,0.006579368289341481,0.007175897869282117,-0.004091284395112661,0.0017963431557951573
571,1.0484849529709281,1.0484849529709281,0.0,0.0,0.0,0.0,0.0,0.0,0.0,0.0,1.0484849529709281,0.0,0.0,0.0,0.0,0.0,1.0484849529709281,0.0,1.0484849529709281,1.0484849529709281,0.0021553362345053595,-0.009772018814297272,-0.02938191454927642,-0.01148635584185977
572,0.9785647405331557,0.0,0.0,0.0,0.0,0.0,0.0,0.0,0.0,0.0,0.9785647405331557,0.0,0.0,0.0,0.0,0.9785647405331557,0.9785647405331557,0.0,0.9785647405331557,0.9785647405331557,0.008308169948690783,0.006524065995964956,0.005271184481214754,0.0013318390409738387
573,0.9695119082687846,0.0,0.0,0.0,0.0,0.0,0.0,0.0,0.0,0.0,0.9695119082687846,0.0,0.0,0.0,0.0,0.0,1.9390238165375693,0.0,0.9695119082687846,0.9695119082687846,0.00857640830002822,0.010482149289015474,0.007014276788237364,0.004415257353934385
574,0.9414981094006775,0.0,0.0,0.0,0.0,0.0,0.0,0.0,0.0,0.0,0.9414981094006775,0.0,0.0,0.0,0.0,0.0,0.9414981094006775,0.0,0.9414981094006775,1.882996218801355,0.011241620485466989,0.016311497692348673,0.021936924787524882,0.009011847633981962
575,0.9280946520424846,0.0,0.0,0.0,0.0,0.0,0.0,0.0,0.0,0.0,0.9280946520424846,0.0,0.0,0.0,0.0,0.0,0.9280946520424846,0.9280946520424846,0.9280946520424846,0.9280946520424846,0.010395457648329111,0.026520519984048353,0.01806205879476513,0.016927311530372812
576,0.9464139872174007,0.0,0.0,0.0,0.0,0.0,0.0,0.0,0.0,0.0,0.9464139872174007,0.0,0.0,0.0,0.0,0.0,0.9464139872174007,0.0,1.8928279744348013,0.9464139872174007,0.00917540272578472,0.020879753388891177,0.011018257346681517,0.012512599321241904
577,0.9273553312040923,0.0,0.0,0.0,0.0,0.0,0.0,0.0,0.0,0.0,0.9273553312040923,0.0,0.0,0.0,0.0,0.0,0.9273553312040923,0.9273553312040923,0.9273553312040923,0.9273553312040923,0.010519018368734569,0.027425096480423187,0.01600412343493062,0.01869643051181931
578,0.9509418644276159,0.0,0.0,0.0,0.0,0.0,0.0,0.0,0.0,0.0,0.9509418644276159,0.0,0.0,0.0,0.0,0.0,0.9509418644276159,0.0,1.9018837288552317,0.9509418644276159,0.009629892444302113,0.021379330320620435,0.004706790192202573,0.013342122615259064
579,1.9090259760926016,0.0,0.0,0.9545129880463008,0.0,0.0,0.0,0.9545129880463008,0.0,0.0,0.9545129880463008,0.0,0.0,0.0,0.0,0.0,0.0,0.0,0.0,0.9545129880463008,0.01871692643767403,0.004917553654399317,0.018716926437674034,0.0031356054239517197
580,0.8584582106589809,0.0,0.0,0.0,0.0,0.0,0.0,0.0,0.0,0.0,2.575374631976943,0.0,0.0,0.8584582106589809,0.0,0.0,0.0,0.0,0.0,0.8584582106589809,0.04515184438551361,0.02461840758961093,0.04758464138297912,0.024186895982915516
581,0.8918715794187562,0.0,0.0,0.0,0.0,0.0,0.0,0.0,0.0,0.0,0.8918715794187562,0.0,0.0,0.0,0.0,0.0,0.0,0.0,0.8918715794187562,2.6756147382562685,0.028691821569851804,0.019825876342653558,0.03829270542761746,0.021318017241120948
582,0.8734106820340733,0.0,0.0,0.0,0.0,0.0,0.0,0.0,0.0,0.0,0.8734106820340733,0.0,0.0,0.0,0.0,0.0,0.0,0.8734106820340733,0.8734106820340733,1.7468213640681467,0.023876064412566206,0.026814478717125483,0.03340239152254957,0.042496383313685465
583,0.903915561584682,0.0,0.0,0.0,0.0,0.0,0.0,0.0,0.0,0.0,0.903915561584682,0.0,0.0,0.0,0.0,0.0,0.0,0.0,1.807831123169364,1.807831123169364,0.015809502876879437,0.023317775502054383,0.02593032625037307,0.03102683378601118
584,0.0,0.0,0.0,0.0,0.9445283326350002,0.0,0.0,0.0,0.0,0.0,0.9445283326350002,0.0,0.0,0.0,0.0,0.0,0.9445283326350002,0.0,0.9445283326350002,1.8890566652700005,0.007962498080966314,0.018737874019107776,0.01757618252225793,0.011195112742667794
585,0.0,1.1360118772185912,0.0,1.1360118772185912,0.0,0.0,0.0,1.1360118772185912,0.0,0.0,1.1360118772185912,0.0,0.0,1.1360118772185912,0.0,1.1360118772185912,0.0,0.0,0.0,0.0,-0.006862226194725872,-0.014249447885183253,-0.05472224615228462,-0.060177956986397496
586,0.0,0.9925374101317932,0.0,0.9925374101317932,0.0,0.0,0.0,0.9925374101317932,0.0,0.0,0.9925374101317932,0.0,0.0,0.0,0.0,1.9850748202635864,0.0,0.0,0.0,0.0,-0.010291524943034891,-0.006688393286711434,0.01358562821928661,0.010856879878666485
587,0.0,0.0,1.093959311556648,1.093959311556648,0.0,1.093959311556648,0.0,1.093959311556648,0.0,0.0,1.093959311556648,0.0,0.0,0.0,0.0,0.0,0.0,1.093959311556648,0.0,0.0,-0.02170130854154258,-0.019621615087937874,-0.008326496123798856,-0.04430989180336848
588,0.0,0.0,0.0,1.009283986880351,0.0,0.0,0.0,0.0,0.0,0.0,1.009283986880351,0.0,0.0,0.0,0.0,0.0,1.009283986880351,0.0,1.009283986880351,2.018567973760702,-0.004266421562747067,-0.00027050195245141036,0.001705930893923528,-0.0064529942590759
589,0.0,0.0,0.0,0.0,0.0,1.0091837128349064,1.0091837128349064,0.0,0.0,0.0,2.0183674256698128,0.0,0.0,1.0091837128349064,0.0,0.0,0.0,1.0091837128349064,0.0,0.0,-0.007901767015520216,-0.002217895636580818,0.016405333032054326,-0.0154693832148597
590,0.0,0.0,0.0,0.0,0.0,0.0,1.0052494635321962,0.0,0.0,0.0,1.0052494635321962,0.0,0.0,0.0,0.0,0.0,1.0052494635321962,0.0,1.0052494635321962,2.0104989270643925,-0.0025386103326244594,-0.00026942064485407105,0.0039857664313307315,-0.006427198986048511
591,0.0,0.0,0.9467276354631478,0.9467276354631478,0.0,0.0,0.0,0.0,0.0,0.0,0.9467276354631478,0.0,0.9467276354631478,1.8934552709262955,0.0,0.0,0.0,0.0,0.0,0.0,0.025507418964046027,0.0241062635565726,0.006534132545169506,-0.002875450528935785
592,0.0,0.0,0.9460952232825846,0.9460952232825846,0.0,0.0,0.0,0.0,0.0,0.0,0.9460952232825846,0.0,0.9460952232825846,0.9460952232825846,0.0,0.9460952232825846,0.0,0.0,0.0,0.0,0.027401361490693322,0.01904972884814857,0.0015816908358110553,0.005871995542762462
593,0.0,0.0,2.012171384856292,0.0,0.0,0.0,0.0,0.0,0.0,0.0,1.006085692428146,0.0,0.0,1.006085692428146,0.0,1.006085692428146,1.006085692428146,0.0,0.0,0.0,0.011559332018061945,0.008468988514298312,-0.020867190109599445,-0.005246822850906948
594,0.0,0.0,0.0,0.0,0.0,0.0,0.0,0.0,0.0,0.0,0.9128420852437533,0.0,0.0,0.9128420852437533,0.0,0.0,0.9128420852437533,0.0,0.9128420852437533,1.8256841704875066,0.016433791555379773,0.024991993604739922,0.028666608024651933,0.017065521571475187
595,0.0,0.0,2.9845854531420413,0.0,0.0,0.0,0.0,0.9948618177140137,0.0,0.0,0.9948618177140137,0.0,0.0,0.0,0.0,0.9948618177140137,0.0,0.0,0.0,0.0,0.01072422840456275,0.0009835536000218409,-0.005924727591618048,-0.00064487212698021
596,0.0,0.0,0.0,0.0,0.0,0.0,0.0,0.9488895078752737,0.0,0.0,0.9488895078752737,0.0,0.0,0.0,0.0,0.0,0.9488895078752737,0.0,0.9488895078752737,1.8977790157505474,0.009916888145322851,0.014054715520690585,0.020220498954112043,0.006918389504600695
597,0.0,0.0,0.0,0.0,0.0,0.0,0.0,0.0,0.9645186365930509,0.0,0.9645186365930509,0.0,0.0,0.0,0.0,0.0,0.9645186365930509,0.0,0.9645186365930509,1.9290372731861019,0.0010523092636776658,0.01671032937605123,0.008486528859099325,0.009232195908121002
598,0.9495576705750074,0.0,0.9495576705750074,0.0,0.0,0.0,0.0,0.9495576705750074,0.0,0.9495576705750074,0.9495576705750074,0.0,0.0,0.9495576705750074,0.0,0.0,0.0,0.0,0.0,0.0,0.02258970668648907,0.003945507143747816,0.021037226844489325,0.0028698887502664576
599,0.0,0.0,0.0,0.0,0.0,0.0,0.0,0.0,0.0,1.6232229691669817,1.6232229691669817,0.0,0.0,0.8116114845834909,0.0,0.0,0.0,0.0,0.0,0.8116114845834909,0.06256170079675351,0.032970438073311854,0.05888129908585645,0.03397507746058728
600,0.0,0.0,2.0527728530326934,0.0,0.0,0.0,0.0,0.0,0.0,1.0263864265163467,1.0263864265163467,0.0,0.0,0.0,0.0,1.0263864265163467,0.0,0.0,0.0,1.0263864265163467,0.010169069684873988,0.004601399415153229,-0.03519937864454947,-0.005957516971824404
601,0.0,0.0,0.0,0.0,0.0,0.0,0.0,0.0,0.0,0.9145029677720707,0.9145029677720707,0.0,0.0,0.0,0.0,0.0,0.9145029677720707,0.0,0.9145029677720707,1.8290059355441415,0.01831182475143292,0.021819684621644214,0.031189041999324454,0.014176480855527673
602,1.8474146953300241,0.0,0.0,0.9237073476650121,0.0,0.0,0.0,0.0,0.0,0.9237073476650121,0.9237073476650121,0.0,0.0,0.0,0.0,0.0,0.0,0.0,0.0,0.9237073476650121,0.03355256993761556,0.010703059096184504,0.02568096504560625,0.006356058255581642
603,0.9234496659757234,0.0,0.0,0.9234496659757234,0.0,0.0,0.0,0.9234496659757234,0.0,0.9234496659757234,0.9234496659757234,0.0,0.0,0.0,0.0,0.0,0.0,0.0,0.0,0.9234496659757234,0.03392442700158719,0.014542016255599562,0.02383579021353349,0.004248100553556384
604,0.9216499004357952,0.0,0.0,0.0,0.0,0.0,0.9216499004357952,0.9216499004357952,0.0,0.9216499004357952,0.9216499004357952,0.0,0.0,0.0,0.0,0.0,0.0,0.0,0.0,0.9216499004357952,0.034603728266833396,0.014513674462102619,0.024992875655530128,0.004239821179738687
605,0.9302618509291166,0.0,0.0,0.0,0.0,0.0,0.0,0.9302618509291166,0.0,0.9302618509291166,0.9302618509291166,0.9302618509291166,0.0,0.0,0.0,0.0,0.0,0.0,0.0,0.9302618509291166,0.03135324439181467,0.014649291083863996,0.019456175278760143,0.00427943831644448
606,0.9144989229750791,0.0,0.0,0.0,0.0,0.0,0.0,0.9144989229750791,0.0,0.9144989229750791,0.9144989229750791,0.0,0.0,0.0,0.0,0.9144989229750791,0.0,0.0,0.0,0.9144989229750791,0.03692396422261081,0.012893466756998966,0.02897866675686905,0.006704979288442144
607,0.9128302438898264,0.0,0.0,0.0,0.0,0.0,0.0,0.9128302438898264,0.0,0.9128302438898264,0.9128302438898264,0.0,0.0,0.0,0.0,0.0,0.9128302438898264,0.0,0.0,0.9128302438898264,0.03745644620504355,0.012479794670584125,0.029894308486329485,0.007339206748216442
608,0.0,0.0,0.0,0.0,0.0,0.0,0.0,0.0,0.0,0.0,2.150591450299744,1.075295725149872,0.0,0.0,0.0,2.150591450299744,0.0,0.0,0.0,1.075295725149872,-0.024881154283510436,-0.026113430452473853,-0.012479078836896277,-0.011822061576991528
609,0.0,0.9929930754988511,0.9929930754988511,0.0,0.0,0.0,0.9929930754988511,0.9929930754988511,0.0,0.0,0.9929930754988511,0.9929930754988511,0.0,0.0,0.0,0.0,0.0,0.0,0.0,0.0,0.007556439192007643,0.020741317262720133,-0.028548407132827112,0.007257575179248225
610,0.0,0.0,0.0,0.0,0.0,0.0,0.0,0.0,0.0,0.0,1.0247062834427783,1.0247062834427783,0.0,0.0,0.0,0.0,1.0247062834427783,0.0,1.0247062834427783,2.0494125668855565,-0.010871121770277655,-0.0002746353394719614,-0.00700892752610218,-0.006551598806926422
611,0.0,0.0,0.0,0.0,0.0,0.0,0.0,0.0,0.0,0.0,2.059619582031003,2.059619582031003,0.0,0.0,0.0,0.0,0.0,0.0,0.0,2.059619582031003,-0.05753495690992177,-0.045192499802880114,0.04027837404121418,0.03263929165608622
612,1.7967659094056698,0.0,0.0,0.0,0.0,0.0,0.0,0.0,0.0,0.0,1.7967659094056698,0.0,0.0,0.0,0.0,0.0,0.0,0.0,0.0,1.7967659094056698,0.04055339466325003,0.013643396633727123,0.03714840055646959,0.010271853443718401
613,0.0,0.0,0.0,0.0,0.9175965420116157,0.0,0.0,0.0,0.9175965420116157,0.9175965420116157,1.8351930840232313,0.0,0.0,0.9175965420116157,0.0,0.0,0.0,0.0,0.0,0.0,0.019926659743696132,0.022418577789277132,0.018034105400646386,0.022024115054764745
614,0.0,0.0,0.0,0.0,0.0,0.0,0.0,0.0,0.8987088788512259,0.8987088788512259,1.7974177577024517,0.0,0.0,0.8987088788512259,0.0,0.0,0.0,0.0,0.8987088788512259,0.0,0.019292186765065656,0.030484103592048038,0.01679690367999425,0.03471792711166616
615,0.0,0.0,0.0,0.0,0.0,0.0,0.0,0.9704108969372965,0.0,0.9704108969372965,1.940821793874593,0.0,0.0,0.0,0.9704108969372965,0.0,0.9704108969372965,0.0,0.0,0.0,0.01650445568577076,0.006810052119457235,0.009933331843076895,-0.0036587365856014594
616,0.0,0.0,2.0162589419306642,0.0,0.0,0.0,0.0,0.0,0.0,0.0,2.0162589419306642,1.0081294709653321,0.0,0.0,0.0,0.0,1.0081294709653321,0.0,0.0,0.0,0.016782870854197142,0.007206446229288005,-0.016028554701495536,-0.016090233347321747
617,0.0,0.0,0.0,0.0,0.0,0.0,0.0,0.0,0.0,0.0,1.8424059554615386,0.0,0.0,0.0,0.0,0.0,0.9212029777307693,0.0,0.9212029777307693,1.8424059554615386,0.015310535710423673,0.02197954424967455,0.027226598955331416,0.01428034335380117
618,0.0,0.0,0.0,0.0,0.0,0.0,0.0,0.0,0.0,0.9423423830631711,1.8846847661263422,0.0,0.0,0.0,0.9423423830631711,0.0,0.9423423830631711,0.0,0.0,0.9423423830631711,0.023053185714120572,0.012112542810606376,0.01716335974712507,0.005328528664976912
619,0.0,0.0,0.0,0.0,0.0,0.0,0.9527807897123974,0.0,0.0,0.0,1.9055615794247949,0.0,0.0,0.0,0.0,0.0,0.9527807897123974,0.0,1.9055615794247949,0.0,0.014958408556538674,0.026936413257089065,0.004337115708722728,0.0009872727652521123
620,0.0,0.0,2.0129730793507576,0.0,0.0,0.0,0.0,0.0,0.0,0.0,1.0064865396753788,0.0,1.0064865396753788,0.0,0.0,0.0,2.0129730793507576,0.0,0.0,0.0,0.0027526623035025962,0.003287403941595433,-0.010345007347780263,-0.0021815985726966304
621,0.0,0.0,0.0,0.0,0.0,0.0,0.0,0.9604240195928236,0.0,0.0,1.9208480391856473,0.0,0.9604240195928236,0.9604240195928236,0.0,0.9604240195928236,0.0,0.0,0.0,0.0,0.022302041589373895,0.00947836656065633,0.009889261298870897,-0.002093689041724772
622,0.0,0.0,0.0,0.0,0.0,0.0,0.0,0.0,0.0,0.0,0.9343134584228292,0.0,0.9343134584228292,0.0,0.0,0.0,0.9343134584228292,0.0,0.9343134584228292,1.8686269168456584,0.011354589245868608,0.019944150625604354,0.02203518424274068,0.012352617462957257
623,0.0,0.0,1.1219127243258382,1.1219127243258382,0.0,1.1219127243258382,0.0,0.0,0.0,0.0,1.1219127243258382,1.1219127243258382,0.0,1.1219127243258382,0.0,0.0,0.0,0.0,0.0,0.0,-0.011015082962698689,-0.020021041584576686,-0.04286170462075531,-0.04801489515780768
624,0.0,0.0,0.9992065540622841,0.0,0.0,0.9992065540622841,0.0,0.0,0.0,0.9992065540622841,0.9992065540622841,0.0,0.0,0.0,0.0,0.0,0.0,0.0,1.9984131081245682,0.0,-0.020902344208318737,0.0007338813215223432,0.002033516924213452,0.0189283919002988
625,1.0347352931207183,0.0,2.0694705862414366,0.0,0.0,0.0,0.0,0.0,0.0,1.0347352931207183,1.0347352931207183,0.0,0.0,0.0,0.0,0.0,1.0347352931207183,0.0,0.0,0.0,-0.015198972027810257,-0.002343105989597895,-0.01373824489823758,-0.0034549702050725496
626,0.0,0.0,0.9797863943243906,0.0,0.0,0.0,0.0,0.0,0.0,0.0,0.9797863943243906,0.0,0.0,0.0,0.0,0.0,0.9797863943243906,0.0,0.9797863943243906,1.9595727886487813,-0.0028911628177985234,0.013527355941547636,0.003327623157530421,0.006249789394329816
627,0.0,0.0,0.0,1.0273122452262728,0.0,0.0,1.0273122452262728,0.0,0.0,0.0,1.0273122452262728,1.0273122452262728,0.0,0.0,1.0273122452262728,0.0,0.0,0.0,0.0,1.0273122452262728,-0.01953859025536453,0.007072248820268616,-0.01788332762575724,0.0030374238345803723
628,0.0,0.0,0.0,0.0,0.0,0.0,0.0,0.0,0.0,0.0,0.9570144760772089,0.0,0.0,0.0,0.9570144760772089,0.0,0.9570144760772089,0.0,0.9570144760772089,1.9140289521544178,0.006337296908678131,0.014175060530035831,0.015495537527182931,0.006977628956894093
629,1.0281131551933316,0.0,0.0,0.0,0.0,2.056226310386663,0.0,1.0281131551933316,0.0,0.0,1.0281131551933316,0.0,0.0,0.0,0.0,0.0,0.0,0.0,1.0281131551933316,0.0,-0.020920208499263414,-0.00584053177562065,0.0005548911528761262,-0.001907306071323721
630,0.0,0.0,0.0,0.0,0.0,1.0225110309205052,0.0,0.0,0.0,1.0225110309205052,1.0225110309205052,1.0225110309205052,0.0,0.0,0.0,0.0,0.0,0.0,1.0225110309205052,1.0225110309205052,-0.007460172943771669,-0.009590918406689514,-0.00964287654611364,0.004182936976069715
631,0.0,0.0,2.113458772006939,0.0,0.0,1.0567293860034694,0.0,0.0,0.0,0.0,1.0567293860034694,0.0,0.0,0.0,0.0,1.0567293860034694,0.0,0.0,0.0,1.0567293860034694,-0.012624175316009739,-0.004402070040237809,-0.03403653050424522,-0.005666610142976766
632,0.0,0.0,0.0,0.0,0.0,1.0237621039475864,0.0,1.0237621039475864,0.0,0.0,1.0237621039475864,0.0,0.0,0.0,0.0,2.0475242078951728,0.0,1.0237621039475864,0.0,0.0,-0.005095253328618528,-0.007279670965834145,-0.0036386965687870364,-0.007748483084346752
633,0.9600123012999918,0.9600123012999918,0.0,0.9600123012999918,0.0,0.9600123012999918,0.0,0.0,0.0,0.0,0.9600123012999918,0.0,0.0,0.0,0.0,0.0,0.9600123012999918,0.0,0.0,0.0,-0.029724319081817118,-0.008620283548353683,0.03738160940274778,0.040950691927431185
634,0.0,0.0,0.0,0.0,0.0,0.9814593590451606,0.0,0.0,0.0,0.0,0.9814593590451606,0.0,0.0,0.0,0.0,0.0,0.9814593590451606,0.0,0.9814593590451606,1.9629187180903211,-0.0036268425612534824,0.013550453618129595,0.0023565691193097606,0.006260460778653504
635,0.0,1.0523098550798906,0.0,0.0,0.0,0.0,0.0,0.0,0.0,0.0,1.0523098550798906,0.0,0.0,0.0,0.0,0.0,1.0523098550798906,0.0,1.0523098550798906,2.104619710159781,-0.022692533359805932,-0.0002820334752984802,-0.02260720225326176,-0.006728085991524341
636,0.0,0.0,0.0,0.975745659197282,0.0,0.0,0.0,0.0,0.0,0.0,0.975745659197282,0.975745659197282,0.0,0.975745659197282,0.0,1.951491318394564,0.0,0.0,0.0,0.0,0.01028387855265689,0.024446117311615306,-0.0042284332777960745,-0.006247221783758077
637,0.0,0.0,0.0,1.0086217776667155,1.0086217776667155,0.0,0.0,1.0086217776667155,1.0086217776667155,0.0,1.0086217776667155,0.0,0.0,0.0,0.0,1.0086217776667155,0.0,0.0,0.0,0.0,-0.004941298176759546,-0.0020247481923114765,0.0028918065963516463,-0.004547537893996123
638,0.0,0.0,0.0,0.0,0.0,1.0317040900173526,0.0,0.0,0.0,1.0317040900173526,1.0317040900173526,1.0317040900173526,0.0,0.0,1.0317040900173526,1.0317040900173526,0.0,0.0,0.0,0.0,-0.025965083504359558,-0.014408961957512801,0.0070350621679943146,0.0016348932765253565
639,0.0,0.0,0.0,0.0,0.0,0.0,0.0,0.0,0.0,0.0,0.9665722366892012,0.0,0.0,0.0,0.0,0.9665722366892012,0.9665722366892012,0.0,0.9665722366892012,1.9331444733784025,0.0033163351276192586,0.012859059472208646,0.011527776341402118,0.005724592369568779
640,0.0,0.0,0.0,0.0,0.0,0.9589685989104619,0.0,0.0,0.0,0.9589685989104619,0.9589685989104619,0.0,0.0,0.9589685989104619,0.0,0.0,0.9589685989104619,0.0,0.0,0.9589685989104619,-0.005668556026079619,0.008569380600909138,0.02109802620342702,0.01703255031128145
641,0.0,0.0,0.0,0.0,0.0,0.98525690472151,0.0,0.0,0.98525690472151,0.98525690472151,0.98525690472151,0.0,0.0,0.0,0.0,0.0,1.97051380944302,0.0,0.0,0.0,0.0019869698627185913,0.0019155888375516372,0.004050461410750757,0.0067900751674689576
642,0.0,1.069143644011708,0.0,0.0,0.0,1.069143644011708,0.0,1.069143644011708,0.0,0.0,1.069143644011708,0.0,0.0,1.069143644011708,0.0,0.0,1.069143644011708,0.0,0.0,0.0,0.016852830295362373,0.005315317865824156,-0.05901530598152183,-0.03229648619137254
643,0.0,0.0,0.0,0.0,0.0,0.0,0.0,0.0,0.0,0.0,0.9573716288256818,0.0,0.0,0.0,0.0,0.0,1.9147432576513637,0.0,0.9573716288256818,1.9147432576513637,0.004608555151660429,0.016105275829926744,0.013187464752508952,0.008727075440222179
644,0.0,0.0,0.0,0.0,0.0,0.0,0.9600848326427425,0.0,0.0,1.920169665285485,0.9600848326427425,0.0,0.0,0.0,0.0,0.0,0.9600848326427425,0.0,0.0,0.9600848326427425,0.022916986443000945,-4.3283602440031704e-05,0.019526352275675278,-0.0024848877589787174
645,1.032775318862913,0.0,0.0,0.0,0.0,0.0,1.032775318862913,0.0,0.0,0.0,2.065550637725826,0.0,0.0,0.0,0.0,0.0,0.0,0.0,1.032775318862913,1.032775318862913,0.008914168005939993,0.0021868871278930514,-0.010033333315616939,-0.03384304068112912
646,0.0,0.0,0.0,0.0,0.0,1.8521590639736827,0.0,0.0,0.0,0.0,0.9260795319868413,0.0,0.0,0.9260795319868413,0.0,0.0,0.0,0.0,0.9260795319868413,0.9260795319868413,0.031607265975295715,0.0237856431185593,0.0037754829956760023,0.014752075923627634
647,0.0,0.0,0.9881427957339355,0.0,0.0,0.0,0.0,0.0,0.9881427957339355,0.0,0.9881427957339355,0.0,0.0,0.0,0.0,1.976285591467871,0.0,0.0,0.0,0.9881427957339355,0.009964989850088115,0.007675328010966995,-0.005281153246574476,-0.0005019603484161486
648,0.0,0.0,0.0,0.0,0.0,0.0,0.0,0.9942206265263454,0.0,0.0,0.9942206265263454,0.0,0.0,0.0,0.0,2.982661879579036,0.0,0.0,0.0,0.9942206265263454,0.009724739807677895,0.0056924638395337715,-0.0057481504677165856,-0.0038896797058405154
649,0.0,0.0,0.0,0.0,0.0,0.0,0.0,0.0,0.0,0.0,0.9232265879341485,0.0,0.0,0.0,0.0,0.0,0.9232265879341485,0.0,0.9232265879341485,2.7696797638024453,0.01554056444658049,0.02063562278907273,0.027548917266883022,0.013048307563315202
650,0.0,0.0,0.0,0.0,0.0,0.0,0.0,0.0,0.0,0.0,0.913521667105492,0.0,0.0,0.0,0.0,0.0,0.913521667105492,0.913521667105492,0.913521667105492,1.827043334210984,0.01275372720370011,0.02914330700566679,0.02375269854864266,0.020828600136498378
651,0.0,0.0,1.01600932741002,0.0,0.0,1.01600932741002,1.01600932741002,0.0,0.0,0.0,2.03201865482004,0.0,0.0,0.0,0.0,0.0,0.0,0.0,1.01600932741002,0.0,-0.01127318078034476,-0.005712622465175008,-0.01100996870062145,0.01198644453612136
652,0.0,0.0,0.0,0.0,0.0,0.0,0.0,0.0,0.0,0.0,0.9341878838256001,0.0,0.0,0.0,0.0,0.0,0.9341878838256001,0.0,1.8683757676512003,1.8683757676512003,0.007577235044519916,0.024637248032692457,0.016985323687826064,0.01661230940936153
653,0.0,0.0,0.0,0.0,0.0,0.0,0.0,0.0,0.0,0.8535912494260629,1.7071824988521258,0.0,0.0,0.0,0.0,0.0,0.0,0.0,0.8535912494260629,1.7071824988521258,0.041839518006346756,0.03046999143369114,0.045570951472407806,0.028528289661491367
654,3.9545075449958613,0.0,0.0,0.0,0.0,0.9886268862489653,0.0,0.0,0.0,0.0,0.0,0.0,0.9886268862489653,0.0,0.0,0.0,0.0,0.0,0.0,0.0,0.001161902340063236,0.0006601327548381996,0.008310829237952306,0.0012402494181808594
655,0.9443422373993063,0.0,0.0,0.0,0.0,0.0,0.0,0.0,0.0,0.0,0.0,0.0,0.9443422373993063,0.0,0.0,0.0,0.9443422373993063,0.0,0.9443422373993063,1.8886844747986127,0.008685915837111056,0.0159786131250889,0.022264247859322624,0.008728985779171089
656,0.0,0.0,0.0,0.0,1.006656610929499,1.006656610929499,0.0,0.0,0.0,1.006656610929499,0.0,0.0,1.006656610929499,1.006656610929499,0.0,1.006656610929499,0.0,0.0,0.0,0.0,0.005467030490183378,0.006588426044439579,-0.014605780992534702,-0.004106286471587305
657,0.0,2.0314402810854744,0.0,0.0,0.0,0.0,1.0157201405427372,0.0,0.0,1.0157201405427372,1.0157201405427372,0.0,1.0157201405427372,0.0,0.0,0.0,0.0,0.0,0.0,0.0,-0.07975837122005612,-0.024343577712882022,0.07300585448383742,0.015375953906363626
658,0.0,1.198087693041515,0.0,0.0,0.0,0.0,1.198087693041515,0.0,0.0,1.198087693041515,1.198087693041515,0.0,1.198087693041515,0.0,0.0,0.0,0.0,1.198087693041515,0.0,0.0,-0.0805933732960391,-0.06420845329680674,-0.013445161472006962,-0.03984070497666219
659,0.0,0.0,0.99133405699496,0.0,0.0,0.0,0.0,2.97400217098488,0.0,0.0,0.0,0.0,1.98266811398992,0.0,0.0,0.0,0.0,0.0,0.0,0.0,0.006013336740093909,-0.0023208383702926355,0.006138614588845865,-0.001165169953607114
660,0.9617641173190105,0.0,0.0,0.0,0.0,0.0,0.0,0.9617641173190105,0.0,0.0,0.9617641173190105,0.0,1.923528234638021,0.0,0.0,0.9617641173190105,0.0,0.0,0.0,0.0,0.01862008228228851,0.0042556991865096705,0.014235490452434996,0.0011246107597563475
661,0.0,0.0,2.0396601587922936,0.0,0.0,0.0,0.0,1.0198300793961468,0.0,0.0,0.0,0.0,1.0198300793961468,0.0,0.0,0.0,1.0198300793961468,0.0,0.0,1.0198300793961468,0.005651343110863367,0.0005477429731156932,-0.022513546172837955,-0.0035156193072878364
662,0.0,0.0,0.989328839328478,0.0,0.0,0.989328839328478,0.0,0.0,0.989328839328478,0.989328839328478,0.0,0.0,0.989328839328478,0.0,0.0,0.0,0.0,0.0,0.0,0.989328839328478,-0.03938061593030301,-0.0032966857937737114,0.04110959979549,0.012238862600108674
663,0.0,0.0,1.0939876495554635,0.0,0.0,1.0939876495554635,1.0939876495554635,0.0,0.0,2.187975299110927,0.0,0.0,1.0939876495554635,0.0,0.0,0.0,0.0,0.0,0.0,0.0,-0.02085508644149774,-0.010430672937859934,-0.02748016513898049,-0.03522172503712515
664,0.0,0.0,0.0,0.0,0.0,0.0,0.0,0.0,0.0,1.6379906945704417,0.0,0.0,0.8189953472852208,1.6379906945704417,0.0,0.0,0.0,0.0,0.8189953472852208,0.0,0.051253513182202746,0.04067706158448187,0.04695615298985399,0.04211792495824051
665,0.0,0.0,0.9791499609425653,0.0,0.0,0.0,0.0,0.9791499609425653,0.9791499609425653,0.9791499609425653,0.0,0.0,0.9791499609425653,0.9791499609425653,0.0,0.0,0.0,0.0,0.0,0.0,0.0005361984684542834,0.0067309564694793735,0.003428576745404795,0.010154307374096073
666,0.0,0.0,0.9820690868693626,0.0,0.0,0.0,0.0,0.0,0.0,0.9820690868693626,0.9820690868693626,0.0,0.9820690868693626,0.0,0.0,0.0,0.9820690868693626,0.0,0.9820690868693626,0.0,-0.007833220577681009,0.011419740391825303,0.009150306187091724,0.005194087129401511
667,0.9753402304202803,0.0,0.0,0.0,0.0,1.9506804608405606,0.0,0.0,0.0,0.0,0.9753402304202803,0.0,0.9753402304202803,0.0,0.0,0.9753402304202803,0.0,0.0,0.0,0.0,0.021564779992705962,0.006677068797401193,-0.0021569915686917122,-0.0014250876416957892
668,0.9667841651776925,0.9667841651776925,0.0,0.0,0.0,0.9667841651776925,0.0,0.0,0.0,0.0,0.9667841651776925,0.0,0.9667841651776925,0.0,0.0,0.9667841651776925,0.0,0.0,0.0,0.0,0.038993298800657626,0.013767910896775133,-0.015394101095745146,-0.004151273779380112
669,0.0,0.0,0.0,0.0,0.0,0.0,0.0,0.0,0.0,0.0,1.6941272087294938,0.0,0.8470636043647469,0.8470636043647469,0.0,0.0,0.0,0.0,0.0,1.6941272087294938,0.049192971056687074,0.02971136437926471,0.04733215544677432,0.026699904752526912
670,2.923922392644929,0.0,0.0,0.0,0.0,0.9746407975483097,0.0,0.0,0.0,0.0,0.0,0.0,1.9492815950966194,0.0,0.0,0.0,0.0,0.0,0.0,0.0,0.010758748528177374,0.0042365608217119705,0.008352348420916178,0.00201154468088472
671,0.9455102878796617,0.0,0.0,0.0,0.0,0.0,0.0,0.9455102878796617,0.0,0.0,0.9455102878796617,0.0,2.8365308636389854,0.0,0.0,0.0,0.0,0.0,0.0,0.0,0.023495119636054752,0.007738898093602947,0.020193296584980095,0.0030623978057003638
672,0.0,0.0,0.9981727563787529,0.0,0.0,0.0,0.0,0.9981727563787529,0.9981727563787529,0.0,0.0,0.0,1.9963455127575058,0.9981727563787529,0.0,0.0,0.0,0.0,0.0,0.0,-0.0013202870583650642,0.004919961066062359,-0.008075720800867521,0.006303290414417237
673,0.9706762393861283,0.0,0.9706762393861283,0.0,0.0,0.0,0.0,0.9706762393861283,0.0,0.0,0.0,0.0,0.9706762393861283,1.9413524787722567,0.0,0.0,0.0,0.0,0.0,0.0,0.0018318310614066815,-0.003583241231292766,0.021673771249707128,0.009401399534050567
674,0.0,0.0,0.9935105323668912,0.0,0.0,0.0,0.0,0.9935105323668912,0.0,0.0,0.0,0.0,0.9935105323668912,1.9870210647337825,0.0,0.0,0.9935105323668912,0.0,0.0,0.0,-0.009831838066337058,-0.0042515741697548735,0.011756197772999868,0.00881668209620092
675,0.0,0.0,0.0,0.0,0.0,1.0289225973334168,0.0,0.0,0.0,1.0289225973334168,0.0,1.0289225973334168,1.0289225973334168,0.0,0.0,0.0,0.0,0.0,1.0289225973334168,1.0289225973334168,-0.0036386175656830102,-0.0090447388651012,-0.017553783372264667,0.0013145424696320842
676,0.0,0.0,0.9825829791227356,0.9825829791227356,0.0,0.9825829791227356,0.0,0.0,0.0,0.0,0.0,0.0,0.9825829791227356,0.0,0.0,1.9651659582454712,0.0,0.0,0.0,0.0,0.010473903887739012,0.008758076273080333,0.004027827591683868,-0.00584278687523871
677,0.0,0.0,1.0721015294695118,1.0721015294695118,0.0,0.0,0.0,0.0,0.0,0.0,1.0721015294695118,0.0,1.0721015294695118,1.0721015294695118,0.0,1.0721015294695118,0.0,0.0,0.0,0.0,-0.01695590716805832,-0.024493749542114827,-0.015007750434905792,-0.01564412232443282
678,0.0,0.0,0.9926448939412051,0.0,0.0,0.9926448939412051,0.0,0.0,0.0,0.9926448939412051,0.0,0.0,0.9926448939412051,0.9926448939412051,0.0,0.0,0.9926448939412051,0.0,0.0,0.0,0.01087908780947811,0.010598355877867262,-0.018232429158937257,0.004110091530386801
679,0.0,0.0,0.0,0.0,0.0,0.0,0.9677907747031134,0.0,0.0,1.9355815494062267,0.0,0.0,0.9677907747031134,0.0,0.0,0.0,0.9677907747031134,0.0,0.0,0.9677907747031134,0.02331495493971843,-0.0002978589437304629,0.013904278403790379,-0.0047121491028916706
680,0.0,0.0,0.0,0.0,0.0,1.0813280490680637,0.0,0.0,0.0,0.0,0.0,1.0813280490680637,1.0813280490680637,1.0813280490680637,0.0,0.0,1.0813280490680637,0.0,0.0,1.0813280490680637,-0.016426547919381224,-0.010154891885075583,-0.02756927037284017,-0.027177338890766827
681,0.0,0.0,0.0,0.0,0.0,0.0,0.0,1.8852550775482866,0.0,0.0,0.0,0.0,0.9426275387741433,0.0,0.0,0.0,0.0,0.0,0.0,2.82788261632243,0.03101954077278605,0.006797109425960477,0.023109796121046446,-0.003553985093936207
682,0.0,0.0,0.0,0.0,0.0,0.0,0.0,0.0,0.0,0.8187819932970379,0.0,0.0,0.8187819932970379,2.456345979891114,0.0,0.0,0.0,0.0,0.8187819932970379,0.0,0.044633478647213565,0.04532160134923211,0.04450694110125452,0.04675598560526184
683,0.0,0.0,0.0,0.0,0.0,0.0,0.0,0.0,0.0,1.6490956441097524,0.0,0.0,0.8245478220548762,0.8245478220548762,0.0,0.0,0.0,0.8245478220548762,0.8245478220548762,0.0,0.04377639763374428,0.04703167481792802,0.039478992312020136,0.04516511318143131
684,1.0063317043682218,0.0,1.0063317043682218,0.0,0.0,0.0,0.0,2.0126634087364437,0.0,0.0,0.0,0.0,0.0,0.0,0.0,2.0126634087364437,0.0,0.0,0.0,0.0,-0.0047181237274211765,0.00043618114569069356,-0.0029567756512814654,0.0009070138647900666
685,2.004406223046449,0.0,2.004406223046449,0.0,0.0,0.0,0.0,0.0,0.0,0.0,0.0,0.0,0.0,0.0,0.0,2.004406223046449,0.0,0.0,0.0,0.0,-0.01614805396790689,-0.0006727556367687908,0.013477820207200722,0.00113987787425024
686,0.9975141287498458,0.0,2.9925423862495375,0.0,0.0,0.0,0.0,0.0,0.0,0.0,0.0,0.0,0.0,0.0,0.0,0.9975141287498458,0.9975141287498458,0.0,0.0,0.0,-0.00818121890403425,-0.0005520459658507964,0.009937638781736518,0.0012814973383027774
687,1.9966758194683185,0.0,0.9983379097341593,0.0,0.0,1.9966758194683185,0.0,0.0,0.0,0.0,0.0,0.0,0.0,0.0,0.9983379097341593,0.0,0.0,0.0,0.0,0.0,-0.022778720002001228,-0.0010883471614662314,0.024237741911111225,0.0012914155181969868
688,2.0125501258184033,0.0,1.0062750629092017,0.0,0.0,1.0062750629092017,0.0,0.0,1.0062750629092017,0.0,0.0,0.0,0.0,0.0,0.0,0.0,1.0062750629092017,0.0,0.0,0.0,-0.0048068743592954094,-0.00014252783086409434,-0.0011074038151375005,-0.0002182569039046659
689,1.0358592794483688,0.0,1.0358592794483688,0.0,0.0,0.0,0.0,0.0,0.0,0.0,0.0,2.0717185588967375,0.0,0.0,0.0,0.0,1.0358592794483688,0.0,0.0,1.0358592794483688,0.0020770201965833995,0.01631071488966755,-0.03321705093800652,-0.021029963596613323
690,0.9538325374275112,0.0,0.9538325374275112,0.0,0.0,0.0,0.0,0.0,0.0,0.0,0.0,0.0,0.0,0.0,0.0,0.0,0.9538325374275112,0.0,0.9538325374275112,1.9076650748550223,-7.03142239328597e-05,0.014981193111330494,0.02337947945767593,0.00787710422741536
691,0.0,0.0,1.041779511119686,1.041779511119686,0.0,2.083559022239372,0.0,0.0,0.0,0.0,0.0,1.041779511119686,0.0,1.041779511119686,0.0,0.0,0.0,0.0,0.0,0.0,0.012830661649530563,-0.01269763775702495,-0.01680904444616247,-0.025103490566029136
692,0.0,0.0,4.617272211369763,0.9234544422739527,0.0,0.0,0.0,0.0,0.0,0.0,0.0,0.0,0.0,0.0,0.0,0.0,0.0,0.0,0.0,0.0,0.03140388897070305,0.008352990977551662,0.030721195732209505,0.006067482045583129
693,0.0,0.0,3.74793030102321,0.9369825752558025,0.0,0.0,0.0,0.0,0.0,0.0,0.0,0.0,0.0,0.0,0.0,0.9369825752558025,0.0,0.0,0.0,0.0,0.0226280152234865,0.008696214237052968,0.025398792597790966,0.00629440268586691
694,0.0,0.0,0.9783812581536399,0.0,0.0,0.0,0.9783812581536399,0.0,0.0,1.9567625163072797,0.0,0.0,0.0,0.9783812581536399,0.0,0.0,0.9783812581536399,0.0,0.0,0.0,0.032705095881623104,0.0011534189172701112,-0.004845180309474284,-0.007394592643058672
695,0.9749952168603163,0.0,2.924985650580949,0.0,0.0,0.0,0.9749952168603163,0.9749952168603163,0.0,0.0,0.0,0.0,0.0,0.0,0.0,0.0,0.0,0.0,0.0,0.0,-0.0008008848943743453,0.007555207484804451,0.014877977076261878,0.0033724834729916427
696,0.0,0.0,0.9719214321872347,0.0,0.0,0.9719214321872347,0.0,0.0,0.0,0.9719214321872347,0.0,0.0,0.0,1.9438428643744694,0.0,0.9719214321872347,0.0,0.0,0.0,0.0,0.011362300639984939,0.020564773045814416,-0.006984370686613568,0.0031358648135795214
697,0.0,0.0,0.853198646164421,0.0,0.0,0.0,0.0,0.0,0.0,0.0,1.706397292328842,0.0,0.0,1.706397292328842,0.0,0.0,0.0,0.853198646164421,0.0,0.0,0.030854851679482532,0.04630591469475978,0.0242114894312247,0.045429098030112025
698,0.9897744211496436,0.0,0.9897744211496436,0.0,0.0,0.0,0.0,0.9897744211496436,0.0,0.0,0.0,0.0,0.0,1.9795488422992873,0.0,0.9897744211496436,0.0,0.0,0.0,0.0,0.004838540458288118,-0.005695817971209601,0.010723068712761527,0.00035978765051623244
699,0.9495576705750074,0.0,0.9495576705750074,0.0,0.0,0.0,0.0,0.9495576705750074,0.0,0.9495576705750074,0.9495576705750074,0.0,0.0,0.9495576705750074,0.0,0.0,0.0,0.0,0.0,0.0,0.02258970668648907,0.003945507143747815,0.021037226844489325,0.002869888750266457
700,0.0,0.0,1.0801878528143303,0.0,0.0,0.0,1.0801878528143303,1.0801878528143303,0.0,0.0,0.0,0.0,0.0,2.1603757056286605,0.0,1.0801878528143303,0.0,0.0,0.0,0.0,-0.020555614120449213,-0.028440910334712455,-0.007829220486109113,-0.023362107873059437
701,0.0,0.0,1.0272683002488647,0.0,0.0,1.0272683002488647,0.0,1.0272683002488647,0.0,0.0,0.0,0.0,0.0,1.0272683002488647,0.0,1.0272683002488647,0.0,0.0,0.0,1.0272683002488647,-0.016831029008153,-0.007362948878717519,0.0011196885861574984,-0.004194010948151661
702,0.0,0.0,1.0117117418813786,0.0,0.0,0.0,0.0,1.0117117418813786,0.0,0.0,0.0,0.0,0.0,2.023423483762757,0.0,1.0117117418813786,1.0117117418813786,0.0,0.0,0.0,-0.006975448649491231,-0.006416799913452722,0.001948427022721413,-0.00026792034115608206
703,0.0,0.0,0.9699230826568361,0.0,0.0,0.0,0.0,0.0,0.9699230826568361,0.0,0.9699230826568361,0.0,0.0,0.9699230826568361,0.0,0.9699230826568361,0.0,0.0,0.0,0.9699230826568361,0.011419632111485657,0.013578482442701031,-0.0020428679984768635,0.007121670787454119
704,0.0,0.0,4.116813671456927,0.0,0.0,0.0,0.0,1.0292034178642318,0.0,0.0,0.0,0.0,0.0,1.0292034178642318,0.0,0.0,0.0,0.0,0.0,0.0,-0.021642568581476868,-0.004518306106710976,-0.001162442648419167,-0.0018801005276247015
705,0.0,0.0,3.979074646897193,0.0,0.0,0.0,0.0,0.0,0.0,0.0,0.0,0.0,0.0,0.9947686617242982,0.0,0.0,0.0,0.0,0.9947686617242982,0.0,-0.017323098444846623,-0.009760105019274934,0.0173299078388894,0.014984633900933918
706,0.0,0.0,2.0447158020349696,0.0,0.0,0.0,0.0,0.0,0.0,0.0,0.0,0.0,0.0,1.0223579010174848,0.0,1.0223579010174848,0.0,0.0,1.0223579010174848,1.0223579010174848,-0.007913403511566833,-0.0014063218814359647,-0.01816045356889164,0.005122277944409617
707,2.0281853838166573,0.0,1.0140926919083286,1.0140926919083286,0.0,0.0,0.0,1.0140926919083286,0.0,0.0,0.0,0.0,0.0,0.0,0.0,0.0,0.0,0.0,0.0,1.0140926919083286,5.55333677129993e-05,-0.010528561728437455,-0.0009931929225594183,-0.002626470625044608
708,1.0305444067518024,0.0,1.0305444067518024,1.0305444067518024,0.0,0.0,0.0,2.0610888135036047,0.0,0.0,0.0,0.0,0.0,0.0,0.0,0.0,0.0,0.0,0.0,1.0305444067518024,-0.011812131094165384,-0.015499029073579031,-0.009197704063124921,0.0059644574790670216
709,0.0,1.0042733968947721,1.0042733968947721,0.0,0.0,0.0,2.0085467937895443,1.0042733968947721,0.0,1.0042733968947721,0.0,0.0,0.0,0.0,0.0,0.0,0.0,0.0,0.0,0.0,-0.03564140977005785,0.002638471651041944,0.0028264589795394548,0.025903082244704403
710,0.0,0.0,0.8998475605809049,0.0,0.0,0.0,0.0,0.8998475605809049,0.0,1.7996951211618097,0.0,0.0,0.0,0.0,0.0,0.0,0.0,0.0,0.0,1.7996951211618097,0.045099934815934,0.014971478838228497,0.02976527467995644,0.010315751084976232
711,0.0,0.0,1.9600371112102295,0.0,0.0,0.0,0.0,0.9800185556051147,0.0,0.0,0.0,0.9800185556051147,0.0,0.9800185556051147,0.0,0.9800185556051147,0.0,0.0,0.0,0.0,-0.016638962007504098,0.004735852992684617,0.02630993294729551,0.005574620462409338
712,0.0,0.0,3.0509495961005415,0.0,0.0,0.0,0.0,1.0169831987001805,0.0,0.0,1.0169831987001805,0.0,0.0,0.0,0.0,1.0169831987001805,0.0,0.0,0.0,0.0,-0.01741435261314589,-0.00312457475798896,0.005767299435534479,-0.002211570764580055
713,0.0,0.0,2.0179910971506287,0.0,0.0,0.0,0.0,1.0089955485753144,0.0,0.0,1.0089955485753144,0.0,0.0,0.0,0.0,1.0089955485753144,1.0089955485753144,0.0,0.0,0.0,-0.017209570547432836,-0.0008062594443216704,0.012822702678509865,-0.003802421262069682
714,0.0,0.0,3.9257100435782157,0.0,0.0,0.0,0.0,0.9814275108945539,0.0,0.0,0.0,0.0,0.0,0.0,0.0,0.9814275108945539,0.0,0.0,0.0,0.0,0.0014511033681518523,0.0021687408166497202,0.012697154471328707,0.0022554904493157094
715,0.0,0.9281895367554455,2.7845686102663363,0.0,0.0,0.9281895367554455,0.0,0.9281895367554455,0.0,0.0,0.0,0.0,0.0,0.0,0.0,0.0,0.0,0.0,0.0,0.0,0.024931708377986247,0.004895283649947692,0.036158357152716376,0.005825114063904238
716,0.0,0.0,1.9243437920311002,0.0,0.0,2.8865156880466505,0.0,0.9621718960155501,0.0,0.0,0.0,0.0,0.0,0.0,0.0,0.0,0.0,0.0,0.0,0.0,0.013772381615513717,0.0018993964947861472,0.020086834170875523,0.002069491703274459
717,0.0,0.0,0.9844487950129835,0.0,0.9844487950129835,0.9844487950129835,0.0,0.0,0.9844487950129835,0.9844487950129835,0.0,0.0,0.0,0.9844487950129835,0.0,0.0,0.0,0.0,0.0,0.0,-0.006134338195279786,0.00814427273067908,0.004555137476003136,0.0089861329756139
718,0.0,0.0,0.9925912659160485,0.0,0.0,0.0,0.0,3.970365063664194,0.9925912659160485,0.0,0.0,0.0,0.0,0.0,0.0,0.0,0.0,0.0,0.0,0.0,0.008479522677749917,-0.00011522010633738783,-0.0013798039860243958,0.0004242354985633477
719,0.0,0.0,0.994982847946308,0.0,0.0,0.0,0.0,0.0,0.994982847946308,0.0,0.994982847946308,0.0,0.0,0.0,0.0,0.994982847946308,0.994982847946308,0.0,0.0,0.994982847946308,-0.004377811365902121,-0.00010560800829811058,0.004340613591012334,0.005159957836879971
720,0.0,0.0,1.0468562571508424,1.0468562571508424,0.0,1.0468562571508424,0.0,0.0,0.0,1.0468562571508424,0.0,0.0,0.0,1.0468562571508424,0.0,1.0468562571508424,0.0,0.0,0.0,0.0,-0.017800205490861656,-0.016001513505995033,-0.018197364169672693,0.005142826015686966
721,0.0,0.0,2.0093615829066134,0.0,0.0,0.0,0.0,0.0,0.0,1.0046807914533067,0.0,0.0,0.0,2.0093615829066134,0.0,0.0,1.0046807914533067,0.0,0.0,0.0,-0.014284566030320143,0.0042515849070701925,-0.007267395964799753,0.012619585634743026
722,0.0,0.0,2.0172762634670263,0.0,0.0,0.0,0.0,0.0,0.0,2.0172762634670263,0.0,0.0,0.0,1.0086381317335131,0.0,0.0,1.0086381317335131,0.0,0.0,0.0,-0.016015929052389938,0.004729501772109526,-0.004293964265438804,0.006942259812206193
723,0.0,0.0,0.9212480307881825,0.0,0.0,0.9212480307881825,0.0,0.0,0.0,0.9212480307881825,0.0,0.0,0.0,0.9212480307881825,0.0,0.0,0.0,0.9212480307881825,0.0,0.9212480307881825,0.014421635032347634,0.03610697610641474,0.009535596725475062,0.018687761347580042
724,0.0,0.0,3.0770008803033155,0.0,0.0,0.0,0.0,1.0256669601011053,0.0,1.0256669601011053,0.0,0.0,0.0,0.0,0.0,1.0256669601011053,0.0,0.0,0.0,0.0,-0.00042773478121680054,-0.001524471804226923,-0.022747713364711694,-0.0009670401509497756
725,0.0,0.0,1.0575655773353436,0.0,0.0,1.0575655773353436,0.0,1.0575655773353436,0.0,1.0575655773353436,0.0,0.0,0.0,1.0575655773353436,0.0,1.0575655773353436,0.0,0.0,0.0,0.0,-0.009836472486521012,-0.005623415802126398,-0.03682690878141139,-0.005278780265284685
726,0.0,0.0,1.9614259810289894,0.0,0.0,0.0,0.0,0.0,0.0,0.9807129905144947,0.0,0.0,0.0,1.9614259810289894,0.0,0.0,0.9807129905144947,0.0,0.0,0.0,-0.01780955043696826,0.00941401196175478,0.016303990697378232,0.011378557263340604
727,0.0,0.0,1.9682762260342435,0.0,0.0,0.0,0.0,0.0,0.0,1.9682762260342435,0.0,0.0,0.0,0.9841381130171217,0.0,0.0,0.9841381130171217,0.0,0.0,0.0,-0.015626898983826538,0.0046146212433149794,0.014440993746908947,0.012433170976480943
728,0.0,0.0,2.9560238120289917,0.0,0.0,0.0,0.0,0.0,0.0,1.9706825413526612,0.0,0.0,0.0,0.0,0.0,0.0,0.0,0.0,0.0,0.9853412706763306,-0.053419304121252266,-0.008854716781269324,0.059816545960947695,0.01711620426524326
729,0.0,0.0,3.0445700469083667,0.0,0.0,0.0,0.0,0.0,0.0,1.014856682302789,0.0,1.014856682302789,0.0,0.0,0.0,1.014856682302789,0.0,0.0,0.0,0.0,-0.006117547573639821,0.005441711520040191,-0.002019944953560319,-0.012160901295629052
730,0.0,0.0,4.981878331945106,0.0,0.0,0.0,0.0,0.0,0.0,0.9963756663890213,0.0,0.0,0.0,0.0,0.0,0.0,0.0,0.0,0.0,0.0,-0.003437478735733473,-0.002260486927282105,0.009821367816381356,-0.0004990685423869587
731,0.0,0.0,3.13854027677604,0.0,0.0,0.0,0.0,0.0,0.0,2.0923601845173603,0.0,0.0,0.0,0.0,0.0,1.0461800922586801,0.0,0.0,0.0,0.0,-0.01820516638529275,-0.005187040684332019,-0.01933555253339916,-0.003452332655656222
732,0.0,0.0,3.0694868858937223,0.0,0.0,0.0,0.0,0.0,0.0,1.0231622952979074,0.0,0.0,0.0,0.0,0.0,1.0231622952979074,1.0231622952979074,0.0,0.0,0.0,-0.015031134112709767,-0.002977936847856083,-0.0038870836065663422,-0.0012661407307752543
733,0.0,0.0,0.993480951876261,0.0,0.0,1.986961903752522,0.0,0.0,0.0,0.993480951876261,0.0,0.0,0.0,0.993480951876261,0.0,0.0,0.0,0.0,0.993480951876261,0.0,-0.03874133151534493,-0.011269598305019458,0.026858365245167264,0.029671612698936225
734,0.0,0.0,4.019818864896441,0.0,0.0,0.0,0.0,0.0,0.0,1.0049547162241101,0.0,0.0,0.0,0.0,0.0,1.0049547162241101,0.0,0.0,0.0,0.0,0.0003428976568937644,-0.002613862594434564,-0.0024764830775660745,-0.00020726820900320565
735,0.0,0.0,0.8929236788116656,0.0,0.0,0.0,0.0,0.0,0.0,1.7858473576233311,0.8929236788116656,0.0,0.8929236788116656,0.0,0.0,0.0,0.0,0.0,0.0,0.8929236788116656,0.036718602957378534,0.019392820637899814,0.03278513860143932,0.018179758991616772
736,0.0,0.0,1.022304449605255,0.0,0.0,1.022304449605255,0.0,1.022304449605255,0.0,1.022304449605255,0.0,0.0,0.0,0.0,0.0,0.0,0.0,0.0,2.04460889921051,0.0,-0.011140628331260656,0.0013590709912502177,-0.0230957024812881,0.010572810216043721
737,0.0,0.0,1.0325735764865343,0.0,0.0,0.0,0.0,2.0651471529730685,0.0,0.0,0.0,1.0325735764865343,0.0,1.0325735764865343,1.0325735764865343,0.0,0.0,0.0,0.0,0.0,0.0026554594961720763,-0.018799156916622838,-0.01385634423831805,-0.002573534827765496
738,0.9512902647652353,0.0,0.9512902647652353,0.0,0.0,0.0,0.0,0.9512902647652353,0.0,1.9025805295304705,0.0,0.9512902647652353,0.0,0.0,0.0,0.0,0.0,0.0,0.0,0.0,0.03513954455901662,0.013313579132689652,0.002674837038789325,-0.002418225495730896
739,1.0423379480814163,0.0,1.0423379480814163,0.0,0.0,0.0,0.0,1.0423379480814163,0.0,1.0423379480814163,0.0,2.0846758961628327,0.0,0.0,0.0,0.0,0.0,0.0,0.0,0.0,-0.0051240388193014245,-0.007932738592170977,-0.02156970068536268,-0.007711469984581151
740,0.0,0.0,0.9880513521684973,0.0,0.0,0.9880513521684973,0.0,0.0,0.0,0.0,1.9761027043369945,0.0,0.0,0.9880513521684973,0.0,0.0,0.0,0.0,0.9880513521684973,0.0,-0.003933184611136537,0.017411256282524216,-0.018059612541544583,0.016530188701659593
741,0.0,0.0,0.9850910654692033,0.0,0.0,0.0,0.0,0.9850910654692033,0.0,0.0,1.9701821309384067,0.0,0.0,0.0,0.9850910654692033,0.0,0.0,0.0,0.0,0.9850910654692033,0.010519312324376008,0.002260762698972107,0.0051662894847527155,-0.0030374299773042075
742,0.0,0.0,1.027671247438572,0.0,0.0,2.055342494877144,0.0,1.027671247438572,0.0,0.0,1.027671247438572,0.0,0.0,0.0,0.0,0.0,0.0,0.0,1.027671247438572,0.0,-0.024155799196298254,-0.007412532419615175,0.007343059925935647,-0.0034459757485941697
743,0.0,0.9784080815979269,0.9784080815979269,0.9784080815979269,0.0,0.0,0.0,0.0,0.0,0.0,0.9784080815979269,0.0,0.0,0.0,0.0,0.0,0.9784080815979269,0.0,0.9784080815979269,0.0,0.018111837208766458,0.03549369797968667,-0.004679166044163767,-0.027334450742216396
744,0.0,0.0,0.99133405699496,0.0,0.0,0.0,0.0,2.97400217098488,0.0,0.0,0.0,0.0,1.98266811398992,0.0,0.0,0.0,0.0,0.0,0.0,0.0,0.006013336740093909,-0.0023208383702926355,0.006138614588845865,-0.001165169953607114
745,0.0,0.0,2.984694312387101,0.0,0.0,0.0,0.0,0.0,0.0,0.0,0.9948981041290337,0.0,1.9897962082580674,0.0,0.0,0.0,0.0,0.0,0.0,0.0,-0.0295838567648382,-0.006947284934548644,0.030185256884650395,0.011447780685702801
746,2.0040343074557856,0.0,2.0040343074557856,0.0,0.0,0.0,0.0,0.0,1.0020171537278928,0.0,0.0,0.0,0.0,0.0,0.0,0.0,1.0020171537278928,0.0,0.0,0.0,-0.001954290645980874,0.0006847246455212224,-0.0005302543464391944,-0.00021733338099400864
747,0.0,0.0,4.038266980513305,0.0,0.0,0.0,0.0,2.0191334902566527,0.0,0.0,0.0,0.0,0.0,0.0,0.0,0.0,0.0,0.0,0.0,0.0,0.007425270541377922,0.0016317091786956668,-0.01990278701812639,0.0012790621697265176
748,0.0,0.0,2.0479424790109166,0.0,0.0,1.0239712395054583,0.0,1.0239712395054583,0.0,0.0,1.0239712395054583,0.0,0.0,0.0,0.0,0.0,0.0,0.0,1.0239712395054583,0.0,-0.015124972993358642,-0.004368840238129691,0.0016714464665411293,-0.0061488727405110116
749,0.0,0.0,3.9159660286204994,0.0,0.0,0.9789915071551248,0.0,0.9789915071551248,0.0,0.0,0.0,0.0,0.0,0.0,0.0,0.0,0.0,0.0,0.0,0.0,0.01166042940059655,0.0019325996163639758,0.005598243293124605,0.0018172205347900072
750,0.0,0.0,4.0985360162566655,0.0,0.0,0.0,0.0,0.0,0.0,1.0246340040641664,0.0,0.0,0.0,0.0,0.0,1.0246340040641664,0.0,0.0,0.0,0.0,0.00034961236908999995,-0.002665047939942971,-0.01893733665904159,-0.003381231834271851
751,0.0,0.0,2.9606232095842344,0.0,0.0,0.0,0.0,0.0,0.0,0.9868744031947448,0.0,0.0,0.0,0.0,0.0,0.9868744031947448,0.0,0.0,0.0,0.9868744031947448,-0.0031427995779783574,-0.005020517096855501,0.015106015828675741,0.006182897651413215
752,0.0,0.0,4.502776507417222,0.0,0.0,0.0,0.0,0.0,0.0,0.0,0.0,0.9005553014834443,0.0,0.0,0.0,0.0,0.0,0.0,0.0,0.0,0.0395020160887438,0.008145859680477823,0.04216507335315349,0.009631749394180619
753,0.0,0.0,3.005873549237722,0.0,0.0,1.0019578497459074,0.0,1.0019578497459074,0.0,0.0,1.0019578497459074,0.0,0.0,0.0,0.0,0.0,0.0,0.0,0.0,0.0,-0.009697013005007417,-0.002509322841143257,0.01257498938924656,-0.0023265032890032655
754,0.0,0.0,4.648362204873239,0.0,0.0,0.0,0.9296724409746477,0.0,0.0,0.0,0.0,0.0,0.0,0.0,0.0,0.0,0.0,0.0,0.0,0.0,0.029477108431042162,0.00534137083058504,0.02940074286515864,0.0061083368985664814
755,0.0,0.0,4.74686244142296,0.0,0.0,0.0,0.0,0.0,0.0,0.0,0.0,0.0,0.0,0.0,0.0,0.9493724882845919,0.0,0.0,0.0,0.0,0.02105561949437484,0.002545459529578604,0.024564889410103975,0.002461543281350738
756,0.0,0.0,4.774748279952888,0.0,0.0,0.0,0.0,0.0,0.0,0.0,0.0,0.0,0.0,0.0,0.0,0.0,0.9549496559905777,0.0,0.0,0.0,0.019139823133431644,0.000984774247485863,0.023434517053740583,0.001491229574764307
757,0.0,0.9512168082391009,2.8536504247173027,0.0,0.0,0.0,0.0,1.9024336164782019,0.0,0.0,0.0,0.0,0.0,0.0,0.0,0.0,0.0,0.0,0.0,0.0,0.022100261406079656,0.006526779961254651,0.012434026593371573,0.007722123800193109
758,0.0,0.0,2.9034070251782484,0.0,0.0,0.0,0.0,0.0,0.0,0.0,0.0,0.0,0.0,0.0,0.0,2.9034070251782484,0.0,0.0,0.0,0.0,0.014493032951067223,0.0029920236967051887,0.011741191251497498,0.002971410374647282
759,0.0,0.0,2.940296725319486,0.0,0.0,0.0,0.0,0.0,0.0,0.0,0.9800989084398286,0.0,0.0,0.0,0.0,0.9800989084398286,0.0,0.9800989084398286,0.0,0.0,0.002563861209352164,-0.009557723095239126,0.012587072241565885,0.014307881204492522
760,0.0,0.0,2.9260686032072196,0.0,0.0,0.9753562010690732,0.0,0.0,0.0,0.0,0.0,0.0,0.0,0.9753562010690732,0.0,0.0,0.9753562010690732,0.0,0.0,0.0,0.019658732196953358,0.0023893806730437388,0.004952174230866887,-0.002356488169937066
761,0.0,0.0,2.8642908722555327,0.0,0.0,1.9095272481703551,0.0,0.0,0.0,0.0,0.0,0.0,0.0,0.0,0.0,0.0,0.0,0.0,0.9547636240851776,0.0,0.024675225732357118,-0.00047822573981873946,0.022220874808895008,-0.0011814988866110034
762,0.0,0.9480966150615254,1.8961932301230509,0.0,0.0,0.9480966150615254,0.0,0.9480966150615254,0.0,0.0,0.0,0.0,0.0,0.0,0.0,0.0,0.0,0.0,0.9480966150615254,0.0,0.012929906341867114,-0.016081852651910478,0.050495278058455766,0.004560053190062054
763,0.0,0.0,2.9943591607057702,0.0,0.0,0.0,0.0,0.9981197202352566,0.0,0.0,0.0,0.0,0.0,0.0,0.9981197202352566,0.9981197202352566,0.0,0.0,0.0,0.0,0.006584266486466138,0.0017917840218492204,-0.008277633873071654,0.0017818631294996498
764,0.0,0.0,2.0008263010414065,0.0,0.0,0.0,0.0,1.0004131505207032,0.0,0.0,0.0,0.0,0.0,0.0,0.0,2.0008263010414065,0.0,0.0,1.0004131505207032,0.0,0.005992554524849945,-0.004690224591563752,0.0012484488593437386,-0.0029639293133331634
765,0.0,0.0,1.8727458573735918,0.0,0.0,0.0,0.0,0.0,0.0,0.9363729286867959,0.0,0.0,0.0,0.9363729286867959,0.0,0.0,0.9363729286867959,0.0,0.0,0.9363729286867959,0.034570765856020834,0.018472376044867025,0.004850389484691156,0.0057335399276251305
766,1.9537223503540209,0.0,0.9768611751770104,0.0,0.0,0.0,0.0,0.0,0.0,0.0,0.0,0.0,1.9537223503540209,0.0,0.9768611751770104,0.0,0.0,0.0,0.0,0.0,0.012180288250572163,0.005059043842307619,0.004973960615837536,0.0009255321142723312
767,0.9897523879050019,0.0,0.9897523879050019,0.9897523879050019,0.0,0.0,0.0,0.9897523879050019,0.0,0.0,0.0,0.0,0.0,0.0,0.9897523879050019,0.0,0.0,0.0,0.9897523879050019,0.0,-0.003514690914851637,-0.0018140061407989736,0.006587439674336399,0.008988869476312403
768,0.0,1.0226934958090947,1.0226934958090947,0.0,0.0,1.0226934958090947,0.0,2.0453869916181895,0.0,0.0,0.0,0.0,0.0,0.0,1.0226934958090947,0.0,0.0,0.0,0.0,0.0,-0.017098562443490416,0.0029192119331069456,-0.012140560918634778,0.0036264156199235517
769,0.0,0.0,0.9977438710884882,0.0,0.0,0.9977438710884882,0.0,1.9954877421769763,0.0,0.0,0.0,0.0,0.0,0.0,0.9977438710884882,0.0,0.0,0.0,0.9977438710884882,0.0,-0.002610019035757033,-0.0003807479753143836,0.005744878855878251,-0.0004979829332949052
770,0.0,0.0,0.9625502618986799,0.0,0.0,0.9625502618986799,0.0,0.0,0.0,1.9251005237973597,0.0,0.0,0.0,0.9625502618986799,0.0,0.9625502618986799,0.0,0.0,0.0,0.0,0.029900212807086754,0.012414657569191821,-0.008963373622628222,0.004098241347669797
771,0.0,0.0,2.0036931359692036,0.0,0.0,1.0018465679846018,0.0,0.0,0.0,0.0,1.0018465679846018,0.0,1.0018465679846018,1.0018465679846018,0.0,0.0,0.0,0.0,0.0,0.0,-0.01503555866376209,-0.001884539323025892,0.006554516047899934,0.008519013954286147
772,0.0,0.0,2.9309461129770007,0.0,0.0,1.9539640753180005,0.0,0.9769820376590003,0.0,0.0,0.0,0.0,0.0,0.0,0.0,0.0,0.0,0.0,0.0,0.0,0.011852557551135446,0.0019286327791147022,0.0074232814871043615,0.0018134905236451679
773,0.0,0.0,2.0303279239901197,0.0,0.0,1.0151639619950599,0.0,1.0151639619950599,0.0,0.0,0.0,0.0,0.0,0.0,0.0,0.0,1.0151639619950599,0.0,1.0151639619950599,0.0,0.002309207491716598,-0.003254483724211181,-0.013133617609138155,-0.001085068153427069
774,0.0,0.0,1.050272786713224,0.0,0.0,1.050272786713224,0.0,0.0,0.0,1.050272786713224,0.0,1.050272786713224,0.0,0.0,0.0,0.0,0.0,0.0,1.050272786713224,1.050272786713224,0.009635915749071272,-0.007375718503790422,-0.045010742815479295,-0.00752224114302561
775,0.0,0.0,3.964014253996597,0.0,0.0,0.9910035634991492,0.0,0.0,0.0,0.0,0.0,0.0,0.9910035634991492,0.0,0.0,0.0,0.0,0.0,0.0,0.0,0.009768414497458891,-0.001080351557144034,0.0022646858396886535,-0.0019563122791527105
776,0.0,0.0,2.9393442003203387,0.0,0.0,0.9797814001067796,0.0,0.0,0.0,0.0,0.0,0.0,0.0,0.9797814001067796,0.0,0.0,0.0,0.0,0.0,0.9797814001067796,0.02364302895210122,0.006969023973539253,-0.006438531057917065,-0.003954921974502911
777,0.0,0.0,1.9069670436906145,0.0,0.0,2.860450565535922,0.0,0.0,0.0,0.0,0.0,0.0,0.0,0.0,0.0,0.0,0.0,0.0,0.9534835218453073,0.0,0.02500764252404497,-0.00047758455720006547,0.02316633497622456,-0.0011799147883766324
778,0.0,0.0,1.9310633475578143,0.0,0.0,2.8965950213367213,0.0,0.0,0.0,0.0,0.0,0.0,0.0,0.0,0.0,0.0,0.0,0.0,0.9655316737789071,0.0,0.01652010183965996,-0.0033284385925790253,0.022471487084168473,-0.0011948241101565732
779,0.0,0.0,1.9236683950255111,0.0,0.0,2.8855025925382667,0.0,0.9618341975127556,0.0,0.0,0.0,0.0,0.0,0.0,0.0,0.0,0.0,0.0,0.0,0.0,0.013427208233441552,0.0018987298536639542,0.020771099037191522,0.002068765362947293
780,0.0,0.0,0.9958594567122564,0.0,0.9958594567122564,0.9958594567122564,0.0,0.0,0.0,0.0,0.0,0.0,0.0,0.0,0.9958594567122564,1.9917189134245128,0.0,0.0,0.0,0.0,0.008148770473639894,-0.00021599780195070989,-0.0023583716348259606,-0.0014338577491196057
781,0.0,0.0,0.9880572429017848,0.0,0.0,0.9880572429017848,0.0,1.9761144858035695,0.0,0.0,0.0,0.0,0.0,0.9880572429017848,0.0,0.9880572429017848,0.0,0.0,0.0,0.0,0.019478744681404658,-0.0013633479716719222,-0.0032698693996428482,-0.0029027702118746648
782,0.0,0.0,1.993917795035687,0.0,0.0,0.9969588975178435,0.0,0.0,0.0,0.0,0.0,0.0,0.0,0.0,0.0,1.993917795035687,0.0,0.0,0.9969588975178435,0.0,0.004325611232214073,-0.0030559740719152077,0.007267971785194641,-0.0054965064633370085
783,0.0,0.9889287508888575,0.9889287508888575,0.0,0.0,0.9889287508888575,0.0,0.9889287508888575,0.0,0.0,0.0,0.0,0.0,0.0,0.0,0.0,0.0,0.0,1.977857501777715,0.0,0.00845031739072653,-0.018517094242545155,0.02410303587769622,-0.0029650099147351763
784,1.9194460741163186,0.0,0.9597230370581593,0.0,0.0,0.0,0.0,0.0,0.0,0.0,1.9194460741163186,0.0,0.0,0.0,0.0,0.9597230370581593,0.0,0.0,0.0,0.0,0.0202178877105547,0.003875999812784673,0.010531413214556088,0.0056516622039452374
785,1.0227004286733252,0.0,1.0227004286733252,1.0227004286733252,0.0,0.0,0.0,0.0,0.0,0.0,1.0227004286733252,0.0,0.0,0.0,0.0,1.0227004286733252,1.0227004286733252,0.0,0.0,0.0,-0.010869227888592946,-0.013600693697378359,0.0030641055631239534,-0.0012946126504778373
786,1.9436594567381256,0.0,0.9718297283690628,0.0,0.0,0.0,0.0,0.9718297283690628,0.0,0.9718297283690628,0.0,0.0,0.0,0.0,0.0,0.9718297283690628,0.0,0.0,0.0,0.0,0.016289101337154725,0.0021972096541673686,0.008535505475739532,0.0011484551638755178
787,0.0,0.0,3.0658179412191884,0.0,0.0,1.0219393137397295,0.0,0.0,0.0,1.0219393137397295,0.0,0.0,0.0,0.0,0.0,1.0219393137397295,0.0,0.0,0.0,0.0,-0.013011411800197282,-0.002077602022629386,-0.002752414034657117,-0.004097885882245771
788,0.9926539497923322,0.0,1.9853078995846645,0.0,0.0,0.0,0.0,0.0,0.0,0.0,0.9926539497923322,0.0,0.0,0.0,0.0,0.9926539497923322,0.9926539497923322,0.0,0.0,0.0,-0.00658584399643175,0.0003259490183093862,0.014554192546082702,-0.0009482473602924949
789,0.0,0.0,3.8547061240953764,0.0,0.0,0.0,0.0,0.0,0.0,0.0,0.0,0.0,0.0,0.0,0.0,1.9273530620476882,0.0,0.0,0.0,0.0,0.011873811738975516,0.002810959828266368,0.018998098782360827,0.002640598626553255
790,0.0,0.0,2.9278617127465023,0.0,0.0,0.0,0.0,0.0,0.0,0.0,0.0,0.0,0.0,0.0,0.0,2.9278617127465023,0.0,0.0,0.0,0.0,0.006105043536798844,0.0031045299415601584,0.011840084435003817,0.002996437837803126
791,0.0,0.0,2.9356382897452504,0.0,0.0,0.0,0.0,0.0,0.0,0.0,0.0,0.0,0.0,0.0,0.0,0.9785460965817501,1.9570921931635001,0.0,0.0,0.0,0.004099388536076544,0.0005478012915454693,0.015822269164350235,0.0009844444262776548
792,0.0,0.0,1.9780333850254956,0.0,0.0,0.0,0.0,0.0,0.0,0.0,0.0,0.9890166925127478,0.0,0.0,0.0,0.9890166925127478,1.9780333850254956,0.0,0.0,0.0,0.0041380449249166975,-0.0005894736376486166,0.009522294418839896,-0.0020875582188556703
793,0.0,0.0,2.001564030257667,0.0,0.0,1.0007820151288336,0.0,0.0,0.0,0.0,0.0,0.0,0.0,0.0,0.0,1.0007820151288336,1.0007820151288336,0.0,1.0007820151288336,0.0,0.0011329766802484246,-0.00036627580123599633,0.005000906370026767,-0.006549622377872776
794,0.0,0.0,2.029597936849765,0.0,0.0,0.0,0.0,1.0147989684248826,0.0,0.0,0.0,0.0,0.0,1.0147989684248826,0.0,2.029597936849765,0.0,0.0,0.0,0.0,-0.014363236133861038,-0.004486770115842951,0.00852015625574458,-0.004469118430923134
795,0.0,0.0,1.009227882706411,0.0,0.0,0.0,0.0,1.009227882706411,0.0,0.0,0.0,0.0,0.0,0.0,0.0,3.0276836481192326,0.0,0.0,1.009227882706411,0.0,-0.0013391610225787231,-0.004907814912636444,-0.000175366324385309,-0.002805540446810425
796,0.0,0.0,0.9681010093349671,0.0,0.0,0.9681010093349671,0.0,0.0,0.0,0.9681010093349671,0.0,0.0,0.0,0.9681010093349671,0.0,0.0,0.9681010093349671,0.0,0.0,0.9681010093349671,0.020180283053146526,0.017158669549767337,-0.008372768241586634,0.0029328063037055534
797,0.0,0.0,2.944041660019243,0.0,0.0,0.0,0.0,0.0,0.0,0.0,0.0,0.0,0.0,0.0,0.0,0.9813472200064143,1.9626944400128286,0.0,0.0,0.0,0.007589765876899133,-0.0004274421335126734,0.010680859250783298,0.0008095969994160159
798,0.0,0.0,0.993827926576973,0.0,0.0,0.0,0.993827926576973,0.0,0.0,1.987655853153946,0.0,0.0,0.0,0.0,0.0,0.0,0.993827926576973,0.0,0.0,0.993827926576973,0.0246853054290305,-0.0010890752672480506,-0.005785127862247354,-0.011639028876508124
799,0.9844751910999227,0.0,0.9844751910999227,0.0,0.0,0.0,0.0,0.0,0.9844751910999227,0.0,0.0,0.0,0.9844751910999227,0.0,0.0,0.0,0.0,0.0,0.0,1.9689503821998453,-0.004810561503315862,0.0022859093030878717,0.008434034014972962,0.009615427085332473
800,0.9695105099389524,0.0,0.9695105099389524,0.0,0.0,0.0,0.0,0.0,0.9695105099389524,0.0,0.0,0.0,0.0,0.0,0.0,0.0,0.0,0.0,0.0,2.908531529816857,-0.0037491102209377247,0.0025650374617769895,0.02043530530285092,0.011238257517357545
801,0.0,0.0,3.0418810515019916,0.0,0.0,0.0,0.0,0.0,0.0,0.0,0.0,0.0,0.0,1.0139603505006638,0.0,1.0139603505006638,0.0,0.0,0.0,1.0139603505006638,-0.02868991932901402,-0.008574868985657647,0.014759803853107649,0.008544633960900265
802,0.0,0.0,1.0365001295378509,0.0,0.0,1.0365001295378509,0.0,1.0365001295378509,0.0,0.0,0.0,0.0,0.0,0.0,0.0,0.0,1.0365001295378509,0.0,0.0,2.0730002590757017,-0.013682539595561111,-0.0034788921359381114,-0.0182970538468762,-0.0010416439594754935
803,0.0,0.0,2.0100508730408477,0.0,1.0050254365204239,0.0,0.0,0.0,0.0,0.0,0.0,0.0,0.0,1.0050254365204239,0.0,0.0,0.0,0.0,1.0050254365204239,1.0050254365204239,3.598561964014431e-05,0.006945935855484212,-0.01225495568848096,0.00024759769293266655
804,1.0203172427029454,1.0203172427029454,1.0203172427029454,0.0,0.0,0.0,0.0,0.0,0.0,1.0203172427029454,0.0,0.0,0.0,1.0203172427029454,0.0,0.0,0.0,0.0,1.0203172427029454,0.0,-0.019248673700496616,-0.0002720102268602699,-0.009313267796084318,0.008516709020495793
805,0.0,0.0,3.202120016499913,0.0,0.0,0.0,0.0,0.0,0.0,0.0,0.0,1.0673733388333042,0.0,1.0673733388333042,0.0,0.0,0.0,0.0,1.0673733388333042,0.0,-0.014378971271581487,-0.024646411303821034,-0.002942226180688283,-0.025405730077213466
806,0.0,0.0,4.030991171454076,0.0,0.0,0.0,0.0,0.0,0.0,0.0,1.007747792863519,0.0,0.0,0.0,0.0,0.0,0.0,0.0,1.007747792863519,0.0,-0.00016555773211738897,-0.005849331620333329,0.0024833659817608362,-0.004216269492829101
807,0.0,0.0,2.9997766816300855,0.0,0.0,0.0,0.0,0.9999255605433618,0.0,0.0,0.0,0.0,0.0,0.0,0.0,0.9999255605433618,0.0,0.0,0.9999255605433618,0.0,0.0027041806706986893,-0.0035037966390453466,0.002258749041529863,-0.0013846936165450205
808,0.0,0.0,2.973290906668601,0.0,0.0,0.0,0.0,0.0,0.0,0.0,0.0,0.0,0.0,0.0,0.0,1.9821939377790674,0.0,0.0,0.9910969688895337,0.0,0.003920258869961235,-0.0030380055258255614,0.008955223936173429,-0.000934446169842813
809,0.0,1.0313186544305775,2.062637308861155,0.0,0.0,0.0,0.0,0.0,0.0,0.0,0.0,0.0,0.0,0.0,0.0,0.0,1.0313186544305775,0.0,2.062637308861155,0.0,-0.011267099551442039,-0.0237963100082119,0.0070473676705629,-0.003302612541486478
810,0.0,0.0,1.014462684948941,0.0,0.0,1.014462684948941,0.0,1.014462684948941,0.0,0.0,0.0,0.0,0.0,0.0,0.0,1.014462684948941,0.0,0.0,2.028925369897882,0.0,-0.008053139546473794,-0.009113533864865297,0.006415375826024826,-0.0037113873636267338
811,0.0,0.0,1.0095468447478597,0.0,0.0,2.0190936894957194,0.0,0.0,0.0,0.0,0.0,0.0,0.0,0.0,0.0,1.0095468447478597,0.0,0.0,2.0190936894957194,0.0,0.00032851709197540864,-0.01002694733058351,0.004970282864029241,-0.004818697373280885
812,0.0,0.0,0.8766906266704362,0.0,0.0,0.0,0.0,0.0,0.0,0.8766906266704362,0.0,0.0,0.0,0.0,0.0,0.0,0.0,0.8766906266704362,0.8766906266704362,1.7533812533408724,0.032876937156538485,0.032345204117023824,0.020004522208348714,0.0380827098476527
813,0.906252767822425,0.0,0.0,0.906252767822425,0.0,0.0,0.906252767822425,0.0,0.0,0.0,0.0,0.906252767822425,0.0,0.0,0.906252767822425,0.906252767822425,0.0,0.0,0.0,0.0,0.012032851603046792,0.032608460997525325,0.0087755449309974,0.040330374646005515
814,0.9766088918466655,0.0,0.0,0.0,0.0,0.0,0.0,1.953217783693331,0.0,0.0,0.0,0.0,0.0,0.0,0.9766088918466655,0.0,0.0,0.0,1.953217783693331,0.0,0.008174318346617207,0.010601868826477224,0.007775270093158794,-0.0031603491129186872
815,2.879617399073991,0.0,0.0,0.0,0.0,0.0,0.0,0.0,0.0,0.0,0.0,0.0,1.919744932715994,0.0,0.959872466357997,0.0,0.0,0.0,0.0,0.0,0.01680032055653603,0.004949254025122261,0.016011857858936867,0.0023661012014078472
816,0.948785280893328,0.0,0.0,0.0,0.0,0.0,0.0,0.0,0.0,0.0,0.0,0.0,0.0,0.0,0.948785280893328,0.0,0.948785280893328,0.0,0.948785280893328,1.897570561786656,0.0055054465681542595,0.015055502211987369,0.02269373052254149,0.007960039803988938
817,1.0128941975808432,0.0,0.0,1.0128941975808432,0.0,1.0128941975808432,0.0,1.0128941975808432,0.0,0.0,0.0,0.0,0.0,0.0,1.0128941975808432,0.0,0.0,0.0,1.0128941975808432,0.0,-0.004955828893036427,-0.004602037910571174,-0.008058822059167069,0.004722491281931541
818,0.0,0.0,0.9968538054623022,0.0,0.0,0.0,0.0,2.9905614163869068,0.0,0.0,0.0,0.0,0.0,0.9968538054623022,0.9968538054623022,0.0,0.0,0.0,0.0,0.0,0.0110858348364859,-0.002267233577183324,-0.0009054481578095733,-0.0047669585637953125
819,0.0,0.0,0.0,0.0,0.0,1.0077408038312095,0.0,0.0,0.0,1.0077408038312095,0.0,1.0077408038312095,0.0,0.0,1.0077408038312095,0.0,0.0,0.0,1.0077408038312095,1.0077408038312095,-0.04308928474694313,-0.008346266868600847,0.03595018769525389,0.00774456008908061
820,0.0,0.0,0.0,0.0,0.0,0.0,0.0,0.0,0.0,0.0,1.020312561782691,3.060937685348073,0.0,0.0,1.020312561782691,0.0,1.020312561782691,0.0,0.0,0.0,0.005393987868350008,0.016313657018854733,-0.021758616401212662,-0.020261590268683047
821,0.0,0.0,0.0,0.0,0.0,0.0,0.0,0.0,0.0,0.0,0.0,2.683420566014652,0.0,0.0,1.7889470440097681,0.0,0.8944735220048841,0.0,0.0,0.0,0.016814297384908104,0.03001275524256967,0.025426326171548018,0.03327309919609011
822,0.0,0.0,0.0,1.0426127904789184,0.0,0.0,1.0426127904789184,0.0,0.0,0.0,1.0426127904789184,1.0426127904789184,0.0,0.0,1.0426127904789184,0.0,0.0,0.0,0.0,1.0426127904789184,-0.031700997806067326,-0.006901477697730371,-0.007092977480853246,0.003082662505732613
823,0.0,0.0,0.9822477196839371,0.0,0.0,0.0,0.0,0.0,0.0,0.9822477196839371,0.9822477196839371,0.0,0.9822477196839371,0.0,0.9822477196839371,0.0,0.0,0.0,0.9822477196839371,0.0,-0.006905742364027893,0.009695138069950471,0.011978504579904585,0.002984380030235791
824,0.0,0.0,0.9860944414552798,0.0,0.0,0.0,0.0,0.9860944414552798,0.0,0.9860944414552798,0.9860944414552798,0.0,0.0,0.0,0.9860944414552798,0.0,0.9860944414552798,0.0,0.0,0.0,0.0007518480739846696,0.001187715543325133,0.005451937000579444,0.0065140579268309455
825,1.009736378220609,0.0,2.019472756441218,0.0,0.0,0.0,0.0,0.0,0.0,0.0,0.0,0.0,0.0,0.0,1.009736378220609,2.019472756441218,0.0,0.0,0.0,0.0,-0.00433851577360288,0.000721542384987712,-0.006332318978383616,0.00021291414638981637
826,0.0,0.0,0.977259209192182,0.0,0.0,0.0,0.0,0.0,0.0,0.977259209192182,0.977259209192182,0.0,0.0,0.0,0.977259209192182,0.0,0.977259209192182,0.0,0.0,0.977259209192182,0.004450086692447105,0.006047724117630444,0.005943397467364025,0.00629958253037637
827,0.0,1.0399610460641255,0.0,0.0,0.0,1.0399610460641255,0.0,3.119883138192377,0.0,0.0,0.0,0.0,0.0,0.0,1.0399610460641255,0.0,0.0,0.0,0.0,0.0,-0.029662168109355593,0.004746426780515033,-0.01826779515817646,0.003222490422891477
828,0.0,0.0,0.0,0.0,0.0,2.0329009146866053,0.0,2.0329009146866053,0.0,0.0,0.0,0.0,0.0,0.0,1.0164504573433026,0.0,0.0,0.0,1.0164504573433026,0.0,-0.004022684813859044,-0.0031431441501719925,-0.008477824301693354,-0.0008068040775783004
829,0.0,0.0,0.0,0.0,0.0,1.0402402252696157,0.0,0.0,0.0,1.0402402252696157,0.0,1.0402402252696157,0.0,0.0,1.0402402252696157,0.0,0.0,0.0,1.0402402252696157,1.0402402252696157,0.0011634056670243706,-0.007550458245269049,-0.027573371599814905,-0.006279801091555999
830,0.0,0.0,0.0,0.0,0.0,1.994272154689912,0.0,0.997136077344956,0.0,0.0,0.0,0.0,0.997136077344956,0.0,0.997136077344956,0.997136077344956,0.0,0.0,0.0,0.0,0.0010836951797339798,0.0010551798164604128,0.0009253937762990008,-0.00020034611744937795
831,0.0,0.0,0.0,0.0,0.0,1.0034468981889806,0.0,3.0103406945669415,0.0,0.0,0.0,0.0,0.0,0.0,1.0034468981889806,0.0,0.0,0.0,1.0034468981889806,0.0,0.0027749945287280178,-0.003225469348141375,-0.00028531931559655884,-0.002711104053970624
832,0.0,0.0,0.0,0.9992578278674544,0.0,0.0,0.9992578278674544,0.0,0.0,0.9992578278674544,0.0,0.0,0.0,0.0,0.9992578278674544,0.9992578278674544,0.0,0.0,0.0,0.9992578278674544,-0.030748985046165137,-0.03563213895077553,0.023677349881544,0.04344594624794213
833,0.0,0.0,1.9638148964385194,0.0,0.0,0.9819074482192597,0.0,0.9819074482192597,0.0,0.0,0.0,0.0,0.0,0.0,0.9819074482192597,0.9819074482192597,0.0,0.0,0.0,0.0,0.008158692636087874,0.001826815903372052,0.006289638524588655,0.0018174047166918293
834,0.0,0.0,0.0,0.8220781625661923,0.0,0.0,1.6441563251323845,0.0,0.0,0.0,0.0,0.8220781625661923,0.0,0.0,0.8220781625661923,0.0,0.8220781625661923,0.0,0.0,0.0,0.02733132638164085,0.07091154445351708,0.01907002825060481,0.06060893834804505
835,0.0,0.0,0.0,0.0,0.0,0.0,1.9773809833160052,0.0,0.0,0.0,0.0,0.9886904916580026,0.0,0.0,0.9886904916580026,0.0,0.9886904916580026,0.0,0.0,0.9886904916580026,-0.018768637175381662,0.0040407216244324005,0.0009995501879710635,0.02503787370497555
836,0.0,1.0339984813555014,0.0,0.0,2.067996962711003,0.0,0.0,0.0,0.0,0.0,0.0,0.0,0.0,0.0,2.067996962711003,0.0,1.0339984813555014,0.0,0.0,0.0,-0.005382493648009358,-0.007960300269489304,-0.01384279799723224,-0.006812889440770551
837,0.0,0.9587227864293488,0.0,0.0,0.0,0.0,0.9587227864293488,0.0,0.0,0.0,0.0,0.0,0.0,0.0,1.9174455728586977,0.0,1.9174455728586977,0.0,0.0,0.0,0.019161936206538346,0.028188019533411473,-0.0067292431011422155,0.0006565009318436529
838,0.0,0.0,0.0,0.0,0.0,0.0,0.9808256835680366,0.0,0.0,1.9616513671360731,0.0,0.0,0.0,0.0,0.9808256835680366,0.0,0.9808256835680366,0.0,0.0,0.9808256835680366,0.023897535742525674,-0.0009717660800556565,0.0068404836814867,-0.010591936911993253
839,0.0,0.0,0.0,0.0,0.0,0.0,1.7127672089294794,0.0,0.0,0.0,0.0,1.7127672089294794,0.0,0.0,0.8563836044647397,0.0,0.0,0.0,0.0,0.8563836044647397,0.021799872033785507,0.06469465551630331,0.0047347893503795245,0.05238707863479199
840,0.0,0.0,0.0,0.0,0.0,0.9671666662483095,1.934333332496619,0.0,0.0,0.0,0.0,0.0,0.0,0.0,0.9671666662483095,0.0,0.9671666662483095,0.0,0.0,0.9671666662483095,-0.0016428908165364575,0.024321820151683864,0.006493136364178496,0.003661268052364544
841,0.0,0.0,0.0,0.0,0.0,2.003948497356359,0.0,1.0019742486781795,0.0,0.0,0.0,0.0,0.0,0.0,1.0019742486781795,1.0019742486781795,0.0,0.0,1.0019742486781795,0.0,0.006579093105835749,-0.001199017114643894,-0.005518629822537444,-0.0018356948468339178
842,2.0251324432341455,0.0,0.0,0.0,0.0,2.0251324432341455,0.0,0.0,0.0,0.0,1.0125662216170728,0.0,0.0,0.0,0.0,1.0125662216170728,0.0,0.0,0.0,0.0,-0.0024888418560551086,-8.446978086062985e-05,-0.007832280819505044,-0.002160629160652115
843,2.0462437898603674,0.0,0.0,0.0,0.0,1.0231218949301837,0.0,0.0,0.0,0.0,0.0,1.0231218949301837,0.0,0.0,2.0462437898603674,0.0,0.0,0.0,0.0,0.0,-0.00461367561537438,0.003731081506917868,-0.018427227279761867,-0.003812073541965342
844,1.0105295604884454,0.0,0.0,0.0,0.0,2.021059120976891,0.0,1.0105295604884454,0.0,0.0,0.0,0.0,0.0,1.0105295604884454,1.0105295604884454,0.0,0.0,0.0,0.0,0.0,-0.008212408372515283,-0.004390409472001648,0.0008593390904245293,0.001213918265646996
845,1.045833683464262,0.0,1.045833683464262,0.0,0.0,1.045833683464262,0.0,0.0,1.045833683464262,1.045833683464262,0.0,1.045833683464262,0.0,0.0,0.0,0.0,0.0,0.0,0.0,0.0,0.002284253988126081,0.0018804082352083006,-0.027878582003105775,-0.022119763684490777
846,1.0074387930567337,0.0,1.0074387930567337,0.0,0.0,3.022316379170201,0.0,0.0,0.0,0.0,0.0,0.0,0.0,0.0,0.0,0.0,0.0,1.0074387930567337,0.0,0.0,-0.004418823860359215,-0.003472903323147844,0.004371081465709473,-0.003918147338936029
847,2.0091890872198293,0.0,0.0,0.0,0.0,2.0091890872198293,0.0,1.0045945436099146,0.0,0.0,0.0,0.0,0.0,0.0,1.0045945436099146,0.0,0.0,0.0,0.0,0.0,-0.008294302918059474,-0.0007699340507535642,0.004330969715664026,0.0001387236432344307
848,0.9542065881261262,0.0,0.0,0.0,0.0,0.9542065881261262,0.0,0.0,0.0,0.0,0.0,0.0,0.0,0.0,0.0,0.0,0.9542065881261262,0.0,0.9542065881261262,1.9084131762522525,-0.0005064609459182241,0.014987068068966656,0.02343261147347338,0.007880193277352024
849,2.035839677719304,0.0,1.017919838859652,0.0,0.0,2.035839677719304,0.0,0.0,0.0,0.0,0.0,0.0,0.0,0.0,0.0,0.0,0.0,0.0,1.017919838859652,0.0,-0.016928704671874253,-0.001809261074884195,0.0016026097697854605,-0.0007844828826789669
850,0.0,1.043788969156203,0.0,0.0,0.0,1.043788969156203,1.043788969156203,0.0,1.043788969156203,0.0,0.0,0.0,1.043788969156203,1.043788969156203,0.0,0.0,0.0,0.0,0.0,0.0,-0.0101985888937427,-0.017510852920232373,-0.02663554183353124,0.010556014491303238
851,0.0,0.0,0.0,0.0,0.0,1.9215562681085088,0.0,0.0,0.0,0.0,0.9607781340542544,0.0,0.0,2.8823344021627633,0.0,0.0,0.0,0.0,0.0,0.0,-0.0024940953278260055,0.01715848206478317,0.006321241606731423,0.018236237602057115
852,0.0,0.0,1.0080572086086972,0.0,0.0,1.0080572086086972,0.0,3.024171625826092,0.0,0.0,0.0,0.0,0.0,1.0080572086086972,0.0,0.0,0.0,0.0,0.0,0.0,-0.003756978907575198,-0.0036009966880708407,0.00025478240684318984,-0.0009540154198943518
853,0.0,0.0,1.011811197839422,0.0,0.0,2.023622395678844,0.0,1.011811197839422,0.0,0.0,0.0,0.0,0.0,1.011811197839422,1.011811197839422,0.0,0.0,0.0,0.0,0.0,-0.027100049701075258,-0.004680446613458729,0.020330631396080517,-0.0003613329209684201
854,0.0,0.0,2.0514142319511994,0.0,0.0,2.0514142319511994,0.0,1.0257071159755997,0.0,0.0,0.0,0.0,0.0,1.0257071159755997,0.0,0.0,0.0,0.0,0.0,0.0,0.005470034684436576,-0.002929998779652133,-0.022293577871922477,-0.00595357400846179
855,0.0,1.0116365226750557,1.0116365226750557,0.0,0.0,1.0116365226750557,0.0,3.0349095680251668,0.0,0.0,0.0,0.0,0.0,0.0,0.0,0.0,0.0,0.0,0.0,0.0,-0.03175633335920266,0.0046171524419539745,0.007742523909286276,0.007760134332906856
856,0.0,0.0,0.0,0.0,0.0,3.0431172286907815,0.0,2.0287448191271875,0.0,0.0,0.0,0.0,0.0,0.0,0.0,0.0,0.0,0.0,1.0143724095635938,0.0,0.004793210612921478,-0.0028976204569929344,-0.012180651663435958,-0.004087348056086342
857,0.0,0.0,1.0111581620428345,0.0,0.0,1.0111581620428345,0.0,1.0111581620428345,0.0,0.0,1.0111581620428345,0.0,1.0111581620428345,0.0,0.0,1.0111581620428345,0.0,0.0,0.0,0.0,-0.01313610064235434,-0.006251045215147908,0.0025077429485039298,0.0057212408661637985
858,0.0,0.0,1.9265267211093804,0.0,0.0,2.8897900816640707,0.0,0.9632633605546902,0.0,0.0,0.0,0.0,0.0,0.0,0.0,0.0,0.0,0.0,0.0,0.0,0.012289705459439616,0.0019015511242535127,0.020473543576982257,0.0020718392846344243
859,0.0,0.9732639374968858,1.9465278749937716,0.0,0.0,0.9732639374968858,0.0,0.9732639374968858,0.0,0.0,0.0,0.0,0.0,0.0,0.0,0.0,0.0,0.0,0.9732639374968858,0.0,0.011700855240229211,-0.013870553740721565,0.0263822717136913,0.002523489289915319
860,0.0,1.042824622229704,0.0,0.0,1.042824622229704,1.042824622229704,0.0,1.042824622229704,0.0,0.0,0.0,0.0,0.0,1.042824622229704,0.0,0.0,0.0,0.0,0.0,1.042824622229704,-0.024621805691407657,-0.014010473293596636,-0.0031202812408881384,-0.0010720620038115513
861,1.0241390159924002,0.0,0.0,0.0,0.0,2.0482780319848004,0.0,2.0482780319848004,0.0,0.0,0.0,0.0,0.0,0.0,0.0,0.0,0.0,0.0,1.0241390159924002,0.0,-0.007912090547637616,-0.004083075479979071,-0.011807198919065265,-0.00033665104571815635
862,1.0246653842711566,0.0,0.0,0.0,0.0,2.049330768542313,0.0,1.0246653842711566,0.0,0.0,0.0,0.0,0.0,0.0,0.0,0.0,0.0,0.0,2.049330768542313,0.0,-0.009388027047146674,-0.002177716755873729,-0.009290909525969292,-0.0038087309421669983
863,0.0,0.0,0.0,0.0,0.0,1.0195757469380191,0.0,2.0391514938760382,0.0,0.0,0.0,0.0,0.0,0.0,0.0,1.0195757469380191,0.0,0.0,2.0391514938760382,0.0,-0.0031309781038483366,-0.0051260734051881635,-0.003078902507813822,-0.0082397929211688
864,0.0,0.0,1.0067850675354864,0.0,0.0,1.0067850675354864,0.0,3.020355202606459,1.0067850675354864,0.0,0.0,0.0,0.0,0.0,0.0,0.0,0.0,0.0,0.0,0.0,0.0024852345780755295,6.075692095939247e-06,-0.009860359034173392,0.0005839812285155887
865,0.0,0.0,0.0,0.0,0.0,1.0205967196184373,0.0,1.0205967196184373,0.0,3.0617901588553122,0.0,1.0205967196184373,0.0,0.0,0.0,0.0,0.0,0.0,0.0,0.0,-0.0001483222377574538,-0.011369953657334847,0.001193026695005595,-0.01027147041835071
866,0.0,0.0,0.0,0.0,0.0,0.9239904420804551,0.0,0.0,0.0,0.9239904420804551,1.8479808841609102,0.0,0.0,0.0,0.0,0.9239904420804551,0.0,0.9239904420804551,0.0,0.0,0.0206892433201498,0.02040079002849752,0.01495596227216172,0.019963562298735842
867,1.9579687032214614,0.0,0.0,0.0,0.0,1.9579687032214614,0.0,0.0,0.0,0.0,0.0,0.9789843516107307,0.0,0.0,0.9789843516107307,0.0,0.0,0.0,0.0,0.0,0.025586774685673653,0.007145457701212002,-0.008506844815261696,-0.0032097391823546545
868,0.0,0.0,0.0,0.0,0.0,3.5080105621583004,0.0,0.0,0.0,0.0,0.0,1.7540052810791502,0.0,0.0,0.0,0.0,0.0,0.0,0.0,0.0,0.05377537068927703,0.013720931117457699,0.04612121208751862,0.009379845566171647
869,0.0,0.0,1.0571234791690152,0.0,1.0571234791690152,1.0571234791690152,1.0571234791690152,0.0,0.0,0.0,1.0571234791690152,0.0,0.0,0.0,0.0,0.0,0.0,0.0,1.0571234791690152,0.0,-0.013755507975833647,-0.010951301195088912,-0.008577710339413909,-0.023838959658678615
870,0.0,0.0,0.9573936354682506,0.0,0.0,0.9573936354682506,0.0,0.0,0.0,0.9573936354682506,0.9573936354682506,0.0,0.0,1.9147872709365013,0.0,0.0,0.0,0.0,0.0,0.0,-2.0164782700976045e-05,0.013539020048188759,0.014686263300904,0.014401245965357598
871,0.0,0.0,1.9745524359441087,0.0,0.0,0.9872762179720543,0.0,0.0,0.0,0.9872762179720543,0.9872762179720543,0.0,0.0,0.9872762179720543,0.0,0.0,0.0,0.0,0.0,0.0,0.015955370158070657,0.017103203638332076,-0.020187244613035275,-0.00014754715542176716
872,0.0,0.0,0.0,0.0,0.0,1.9441551885714965,0.0,0.0,0.0,0.9720775942857482,1.9441551885714965,0.0,0.0,0.9720775942857482,0.0,0.0,0.0,0.0,0.0,0.0,-0.0046291846639638515,0.014548623528651352,0.007209427907113099,0.01079353894245122
873,0.0,0.0,1.9540555514718747,0.0,0.0,2.931083327207812,0.0,0.9770277757359374,0.0,0.0,0.0,0.0,0.0,0.0,0.0,0.0,0.0,0.0,0.0,0.0,0.013372821383615724,0.0019287230693667585,0.0058571043876458045,0.0018135754234344147
874,0.0,0.0,0.9843972640400425,0.0,0.0,1.968794528080085,0.0,0.0,0.0,0.0,1.968794528080085,0.0,0.0,0.0,0.0,0.0,0.0,0.9843972640400425,0.0,0.0,0.011713412056392309,0.01608326674196242,-0.02293906764119133,0.010745124802794184
875,0.0,0.0,0.9767661364365962,0.0,0.9767661364365962,1.9535322728731923,0.0,0.0,0.0,0.0,0.0,0.0,0.0,0.0,0.9767661364365962,0.9767661364365962,0.0,0.0,0.0,0.0,0.015034609191694446,-4.126174831416028e-05,0.007647941936251246,0.0005925741837722633
876,0.0,0.0,0.9755271453001129,0.0,0.0,1.9510542906002257,0.0,0.9755271453001129,0.0,0.0,0.0,0.0,0.0,0.0,0.9755271453001129,0.9755271453001129,0.0,0.0,0.0,0.0,0.014898422086989103,0.0019811683261964567,0.005564306897576523,0.00202895738912516
877,0.0,0.0,1.9666794723995726,0.0,0.0,1.9666794723995726,0.0,0.0,0.0,0.0,0.0,0.0,0.0,0.0,0.0,0.9833397361997863,0.0,0.0,0.9833397361997863,0.0,0.010796781795569551,-0.0032739360692568007,0.014703702812185224,-0.0055662847382843515
878,0.0,0.0,2.009415658019269,0.0,0.0,1.0047078290096345,0.0,0.0,0.0,0.0,1.0047078290096345,0.0,1.0047078290096345,0.0,0.0,1.0047078290096345,0.0,0.0,0.0,0.0,-0.00754824357567608,-0.0043893686419058334,0.0019177448108933124,0.005312038397054157
879,0.0,0.0,1.0085520708389126,0.0,0.0,2.0171041416778253,0.0,1.0085520708389126,0.0,0.0,0.0,0.0,0.0,0.0,0.0,0.0,0.0,0.0,2.0171041416778253,0.0,-0.00046733038235108706,-0.005491682776337432,0.0045909899493467585,-0.007184047629570827
880,0.0,0.0,1.0072488484725186,0.0,0.0,3.0217465454175554,0.0,0.0,0.0,0.0,0.0,0.0,0.0,0.0,0.0,0.0,0.0,0.0,2.014497696945037,0.0,0.007856916520778823,-0.006439982325236783,0.0,-0.008665782668060559
881,0.9973427541195576,0.0,0.0,0.0,0.0,0.9973427541195576,0.0,1.9946855082391153,0.0,0.0,0.0,0.0,0.0,0.0,0.9973427541195576,0.0,0.0,0.0,0.9973427541195576,0.0,0.006566537378766682,-0.0012331274938049493,-0.0006170570553463574,-0.0020591069491730078
882,0.0,0.0,0.0,0.0,0.0,1.1150460263211495,0.0,0.0,0.0,1.1150460263211495,0.0,2.230092052642299,0.0,0.0,1.1150460263211495,0.0,0.0,0.0,0.0,1.1150460263211495,-0.02914053960127811,-0.020297493515744374,-0.03301737275301972,-0.032590620451107256
883,0.0,0.0,0.9980571536116764,0.0,0.0,0.9980571536116764,0.0,0.0,0.0,0.9980571536116764,0.9980571536116764,0.0,0.9980571536116764,0.0,0.9980571536116764,0.0,0.0,0.0,0.0,0.0,-0.010985702338478728,0.0007372886726632764,0.007688520149825096,0.004502739904314063
884,0.0,0.0,0.0,0.0,0.0,2.945911611399466,0.0,0.9819705371331552,0.0,0.0,0.0,0.0,0.0,0.0,0.9819705371331552,0.9819705371331552,0.0,0.0,0.0,0.0,-0.003164411095156183,0.0019384804357077603,0.017282751773790097,0.001972641752503185
885,0.0,0.0,1.0174347877853807,0.0,0.0,3.052304363356142,0.0,0.0,0.0,0.0,0.0,0.0,0.0,1.0174347877853807,1.0174347877853807,0.0,0.0,0.0,0.0,0.0,-0.015137713577547592,-0.004466640641721324,0.006124784487376586,-0.003955218053488333
886,0.0,0.0,0.0,0.0,0.0,3.0402593526313866,0.0,2.0268395684209244,0.0,0.0,0.0,0.0,0.0,0.0,0.0,0.0,0.0,0.0,1.0134197842104622,0.0,0.004788709175471368,-0.0028948992210000592,-0.014663887691325289,-0.0006497064736083147
887,0.0,0.9414252046435538,1.8828504092871077,0.0,0.0,1.8828504092871077,0.0,0.9414252046435538,0.0,0.0,0.0,0.0,0.0,0.0,0.0,0.0,0.0,0.0,0.0,0.0,0.025002687780685776,0.004965088733977492,0.02297621988649006,0.00563079895529291
888,0.0,0.0,0.0,0.0,0.0,2.101969565736602,0.0,0.0,0.0,1.050984782868301,0.0,1.050984782868301,0.0,0.0,0.0,0.0,0.0,0.0,1.050984782868301,1.050984782868301,0.010300994528213066,-0.007380718617362882,-0.04637771819259139,-0.007527340586559853
889,1.9052818979823414,0.0,0.0,0.0,0.0,2.857922846973512,0.0,0.0,0.0,0.0,0.0,0.9526409489911707,0.0,0.0,0.0,0.0,0.0,0.0,0.0,0.0,0.03140022227163313,0.00758488894112323,0.006778099994335962,0.00159583980173706
890,0.0,0.0,0.9604049707726605,0.0,0.9604049707726605,2.8812149123179815,0.0,0.0,0.0,0.0,0.0,0.0,0.0,0.0,0.0,0.9604049707726605,0.0,0.0,0.0,0.0,0.021738243664834404,0.0008894848345932474,0.01617498077559504,0.000792319952316867
891,0.0,0.0,0.959990447724727,0.0,0.0,2.879971343174181,0.0,0.959990447724727,0.0,0.0,0.0,0.0,0.0,0.0,0.0,0.959990447724727,0.0,0.0,0.0,0.0,0.021383108101378213,0.00229312384105888,0.014127095968589373,0.0022062243642465723
892,0.0,0.0,1.9291581570669856,0.0,0.0,2.8937372356004785,0.0,0.0,0.0,0.0,0.0,0.0,0.0,0.0,0.0,0.0,0.0,0.0,0.9645790785334928,0.0,0.01650380307816555,-0.0033251547492168135,0.023435918432149136,-0.001193645294590651
893,0.0,0.0,0.9775759391638743,0.0,0.0,1.9551518783277486,0.0,0.0,0.0,0.0,0.0,0.0,0.0,0.9775759391638743,0.0,0.9775759391638743,0.9775759391638743,0.0,0.0,0.0,0.012552611630764583,-0.0027883446589593718,0.010119918996999577,0.002539874867320926
894,0.0,0.0,0.9794265694356434,0.0,0.0,3.9177062777425737,0.0,0.0,0.0,0.0,0.0,0.0,0.0,0.0,0.0,0.0,0.0,0.0,0.9794265694356434,0.0,0.017371549524979848,-0.0033763379087793245,0.011397436305131655,-0.004819217356975616
895,0.0,0.0,1.0080494712612467,0.0,0.0,2.0160989425224933,0.0,0.0,0.0,0.0,0.0,1.0080494712612467,0.0,0.0,0.0,1.0080494712612467,0.0,0.0,1.0080494712612467,0.0,0.01492482651775211,0.00017498498109589145,0.0025531124386651833,-0.025702395198759782
896,0.0,0.0,1.00748986907386,0.0,0.0,3.02246960722158,0.0,0.0,0.0,0.0,0.0,0.0,0.0,1.00748986907386,1.00748986907386,0.0,0.0,0.0,0.0,0.0,-0.00624183883206243,-0.0041855059381088475,0.006854033461690175,-0.003916557765378961
897,0.0,0.0,1.9509256087700695,0.0,0.0,2.926388413155104,0.0,0.9754628043850347,0.0,0.0,0.0,0.0,0.0,0.0,0.0,0.0,0.0,0.0,0.0,0.0,0.013056575338030686,0.001925633703411824,0.007744316076284722,0.0018106704972379838
898,0.0,0.0,0.0,0.0,0.0,2.9380577668204544,0.0,0.9793525889401514,0.0,0.0,0.0,0.0,0.0,0.0,0.0,0.9793525889401514,0.0,0.0,0.9793525889401514,0.0,0.01728566550189764,-0.0026807718132343767,0.007323975664997056,-0.0012814582938116866
899,0.0,0.0,0.9805847184579937,0.0,0.0,2.941754155373981,0.0,0.0,0.0,0.0,0.0,0.0,0.0,0.0,0.0,0.9805847184579937,0.0,0.0,0.9805847184579937,0.0,0.013924412464260235,-0.0038453824910030646,0.010260786365173967,-0.0009245347964247435
900,0.0,0.0,0.9819464036105343,0.0,0.0,2.945839210831603,0.0,0.0,0.0,0.0,0.0,0.0,0.0,0.0,0.9819464036105343,0.0,0.0,0.0,0.9819464036105343,0.0,0.009592273176165338,-0.0036164790940281908,0.015455855213374427,-0.0033780529060459938
901,0.0,0.0,0.0,0.0,0.0,3.050029710778083,0.0,0.0,0.0,0.0,1.016676570259361,0.0,0.0,1.016676570259361,0.0,1.016676570259361,0.0,0.0,0.0,0.0,0.01000648633133312,0.006476440015798339,-0.02493591554213015,-0.00822358106436227
902,0.0,0.0,0.0,0.0,0.0,3.0216393178564958,0.0,1.0072131059521654,0.0,0.0,0.0,0.0,0.0,0.0,0.0,1.0072131059521654,0.0,0.0,1.0072131059521654,0.0,0.005786142667701238,-0.0029944443995248106,-0.004977355539539516,-0.005027448680802192
903,0.0,0.0,1.000333393276288,0.0,0.0,2.000666786552576,0.0,0.0,0.0,0.0,0.0,0.0,0.0,0.0,1.000333393276288,1.000333393276288,0.0,0.0,1.000333393276288,0.0,0.0056075641105023145,-0.004158615973141334,0.0013642298559272024,-0.0031465712695760715
904,0.0,0.0,0.0,0.0,0.0,1.998306254250693,0.0,0.9991531271253465,0.0,0.0,0.0,0.0,0.0,0.0,0.0,1.998306254250693,0.0,0.0,0.9991531271253465,0.0,0.007318165063298955,-0.004684317239474495,0.0011732212862082436,-0.0029601962353792807
905,0.0,0.0,0.9852523269398622,0.9852523269398622,0.0,1.9705046538797244,0.0,0.0,0.0,0.0,0.0,0.0,0.0,0.0,0.9852523269398622,0.0,0.0,0.0,0.9852523269398622,0.0,0.0010074876096113044,-0.002176493326475055,0.015242011313275045,0.0006746674637265602
906,0.0,0.0,0.9913910728871007,0.0,0.0,2.974173218661302,0.0,0.0,0.0,0.0,0.0,0.0,0.0,0.0,0.9913910728871007,0.0,0.0,0.0,0.9913910728871007,0.0,0.0010764074224613258,-0.0038849443928693087,0.014828008164410262,-0.003410544081103041
907,0.0,0.0,0.9971298934322073,0.0,0.0,2.9913896802966216,0.0,0.0,0.0,0.0,0.0,0.0,0.0,0.0,0.0,0.9971298934322073,0.0,0.0,0.9971298934322073,0.0,0.013343439194417538,-0.003910264723979804,-0.001950534217646225,-0.004612533684998719
908,0.0,1.0660883858190848,1.0660883858190848,0.0,0.0,1.0660883858190848,0.0,2.1321767716381697,0.0,0.0,0.0,0.0,0.0,1.0660883858190848,0.0,0.0,0.0,0.0,0.0,0.0,0.019132041010923924,0.0034275803900446033,-0.05777026496498763,-0.030877742255065618
909,0.0,0.0,0.0,0.0,1.005624916917847,1.005624916917847,0.0,1.005624916917847,0.0,0.0,0.0,0.0,0.0,0.0,1.005624916917847,2.011249833835694,0.0,0.0,0.0,0.0,0.0002922928031312338,-0.0003937509436782081,-0.003477595986529673,-0.002045862790770453
910,0.0,0.0,1.0175686942109807,0.0,0.0,1.0175686942109807,0.0,2.0351373884219615,0.0,0.0,0.0,0.0,0.0,1.0175686942109807,0.0,1.0175686942109807,0.0,0.0,0.0,0.0,0.008943656941441757,-0.0016439198611845757,-0.017681564765610953,-0.007186866525626963
911,0.0,0.0,0.0,0.0,0.0,1.9999202476419753,0.0,0.9999601238209876,0.0,0.0,0.0,0.0,0.9999601238209876,0.0,0.0,1.9999202476419753,0.0,0.0,0.0,0.0,0.0009477596295574728,-0.0007820008919985078,7.503097067329991e-05,-0.00020091352921977146
912,0.0,0.0,0.0,0.0,0.0,0.9850087796701754,0.0,0.9850087796701754,0.0,0.0,0.0,0.0,0.9850087796701754,0.0,0.0,1.9700175593403508,0.0,0.9850087796701754,0.0,0.0,0.007630532328584323,-0.005816650591693834,0.005694891582915706,0.007482447010018421
913,0.0,0.0,0.0,0.0,0.0,1.0074473486863855,0.0,0.0,0.0,0.0,0.0,0.0,0.0,0.0,0.0,4.029789394745542,0.0,0.0,1.0074473486863855,0.0,0.0013177012827579762,-0.004015098005588191,0.0012174414025481301,-0.00596739336610355
914,0.0,0.0,0.0,0.0,0.0,3.0456491879256724,0.0,1.015216395975224,0.0,0.0,0.0,0.0,0.0,0.0,0.0,1.015216395975224,0.0,0.0,1.015216395975224,0.0,0.0058321192119010195,-0.003018238179456482,-0.012514198968891185,-0.005516078038777423
915,0.0,0.0,1.0119781059855415,0.0,0.0,1.0119781059855415,0.0,0.0,0.0,0.0,0.0,0.0,0.0,0.0,2.023956211971083,1.0119781059855415,0.0,0.0,1.0119781059855415,0.0,-0.0018735401395606256,-0.004569136722504667,-0.0019049789530515458,-0.003630450170424733
916,0.0,0.0,0.0,0.0,0.0,1.0146202244864329,0.0,1.0146202244864329,0.0,0.0,0.0,0.0,0.0,0.0,0.0,2.0292404489728657,0.0,0.0,2.0292404489728657,0.0,0.001044997819589637,-0.006544740221632421,-0.0014772080629679683,-0.007643274021422135
917,0.9341849986097296,0.9341849986097296,0.9341849986097296,0.9341849986097296,0.0,0.9341849986097296,0.0,0.0,0.0,0.0,0.0,0.0,0.0,0.0,0.0,0.0,0.9341849986097296,0.0,0.0,0.0,-0.0006463552387781784,-0.0031036476141413486,0.031080636044291517,0.038484368198898306
918,0.0,0.0,0.0,0.0,0.0,0.8050607976457038,1.6101215952914076,0.0,0.0,0.0,0.0,1.6101215952914076,0.0,0.0,0.0,0.0,0.8050607976457038,0.0,0.0,0.0,0.03380327839225321,0.06935905332806276,0.03058496822253102,0.06119190241144913
919,0.0,0.0,0.971240561462431,0.0,0.0,0.971240561462431,0.0,0.0,0.0,0.0,0.971240561462431,0.0,0.0,0.971240561462431,0.0,0.0,0.971240561462431,0.0,0.0,0.971240561462431,0.015821002142760294,0.015090495677932405,-0.007749150988110142,0.005597091704986514
920,0.0,0.0,1.0012360416316934,0.0,0.0,1.0012360416316934,0.0,0.0,0.0,0.0,1.0012360416316934,0.0,0.0,2.002472083263387,0.0,0.0,1.0012360416316934,0.0,0.0,0.0,-0.005383817126248123,0.006715022447319361,-0.008426053390154778,0.005858806437390163
921,0.0,0.0,0.9885283164422465,0.0,0.0,0.9885283164422465,0.0,0.9885283164422465,0.0,0.0,0.9885283164422465,0.0,0.0,0.0,0.0,0.0,0.9885283164422465,0.0,0.9885283164422465,0.0,-0.0035905032418982376,0.005741283975730239,0.011919762864521549,-0.002598860040600093
922,0.0,0.0,0.0,0.0,0.0,0.9947753641952879,0.9947753641952879,0.0,0.0,1.9895507283905758,0.0,0.0,0.0,0.0,0.0,0.0,0.9947753641952879,0.0,0.0,0.9947753641952879,0.024745504678598634,-0.0010901135062125371,-0.0067806307536611345,-0.011650124614012942
923,0.0,0.0,0.9911362317180274,0.0,0.0,0.9911362317180274,0.0,1.982272463436055,0.0,0.0,0.0,0.0,0.0,0.9911362317180274,0.0,0.0,0.0,0.0,0.0,0.9911362317180274,0.0038452624636932655,-0.00479309656470124,0.0023406626153181726,0.007470939767662494
924,0.0,0.0,0.0,0.0,0.0,0.9905900051872589,0.0,0.9905900051872589,0.9905900051872589,0.9905900051872589,0.0,0.0,0.0,0.0,0.0,0.0,0.0,0.0,0.0,1.9811800103745179,-0.0007636213062723903,0.004487337348046736,-0.0006728630362646079,0.006359141807231186
925,0.0,0.0,0.0,0.0,0.0,0.9730704089122539,0.0,0.9730704089122539,0.0,0.9730704089122539,0.0,0.0,0.0,0.0,0.9730704089122539,0.0,0.0,0.0,0.0,1.9461408178245079,0.012358466602232368,0.00044249000497568406,0.009729986765190407,0.004398647715347653
926,0.0,0.0,1.9744457731670915,0.0,0.0,0.9872228865835457,0.0,0.9872228865835457,0.0,0.0,0.0,0.9872228865835457,0.0,0.0,0.0,0.0,0.0,0.9872228865835457,0.0,0.0,-0.012940555482276609,-0.0014827512879336969,0.024008176867877613,0.003192243318787057
927,0.0,0.0,0.0,0.0,0.0,2.268670381434596,1.134335190717298,0.0,0.0,0.0,0.0,0.0,0.0,2.268670381434596,0.0,0.0,0.0,0.0,1.134335190717298,0.0,-0.01403270478780512,-0.009861840936825917,-0.046230158788461574,-0.06421048620420552
928,0.0,0.0,0.0,0.0,0.0,0.9956975910038284,0.0,3.9827903640153135,0.0,0.0,0.0,0.0,0.0,0.0,0.0,0.0,0.0,0.0,0.9956975910038284,0.0,0.006239035212225304,-0.003322149526039921,0.0023278417094353236,-0.0009423183994491364
929,0.0,0.0,1.0098306395914318,0.0,0.0,1.0098306395914318,0.0,3.0294919187742955,0.0,0.0,0.0,0.0,0.0,0.0,0.0,0.0,0.0,0.0,1.0098306395914318,0.0,-0.00010421917571106938,-0.0032459891805881437,-0.005678881615276649,-0.0008015496198558906
930,1.0175199537989457,0.0,1.0175199537989457,0.0,0.0,1.0175199537989457,0.0,2.0350399075978913,0.0,0.0,0.0,0.0,0.0,0.0,0.0,0.0,0.0,0.0,1.0175199537989457,0.0,-0.007755941558386188,-0.00374605059277139,-0.004822013955890833,-0.0011959476918972204
931,0.0,0.0,2.0267638618475883,0.0,0.0,1.0133819309237941,0.0,2.0267638618475883,0.0,0.0,0.0,0.0,0.0,0.0,0.0,0.0,0.0,0.0,1.0133819309237941,0.0,0.003929433606433871,-0.0028947910906361217,-0.013766891233839475,-0.0006496822057523098
932,0.0,0.0,2.951261233143558,0.0,0.0,0.9837537443811859,0.0,0.0,0.0,0.0,0.0,0.0,0.0,0.0,0.0,0.9837537443811859,0.0,0.0,0.9837537443811859,0.0,0.004821540198563604,-0.00315937413487181,0.01565653765595025,-0.0010724481008280457
933,0.9948913883962102,0.0,0.9948913883962102,0.9948913883962102,0.0,0.9948913883962102,0.0,0.0,0.0,0.0,0.0,0.0,0.0,0.0,0.9948913883962102,0.0,0.0,0.0,0.9948913883962102,0.0,-0.012398817033268486,-0.005273204776729952,0.0192598659890196,0.0035207674247686614
934,0.0,0.0,0.9965661085000816,0.0,0.0,1.9931322170001633,0.0,0.9965661085000816,0.0,0.0,0.0,0.0,0.0,0.0,0.9965661085000816,0.0,0.0,0.0,0.9965661085000816,0.0,-0.010782480700453727,-0.00414012437532444,0.01856026583487679,-0.0002037692591802851
935,0.0,0.0,1.008046422966553,0.0,0.0,2.016092845933106,0.0,1.008046422966553,0.0,0.0,0.0,0.0,0.0,0.0,0.0,1.008046422966553,0.0,0.0,1.008046422966553,0.0,0.0018450295219055671,-0.0041906808114110985,-0.004453336504254232,-0.0012474351727930235
936,0.967096824057762,0.967096824057762,0.0,0.0,0.0,0.0,0.0,0.0,0.0,0.0,0.0,0.0,0.0,0.0,0.0,0.0,0.967096824057762,0.0,0.967096824057762,1.934193648115524,-0.011121557461493903,0.012997867553532074,0.024818539687708748,0.0062083261624910615
937,0.0,0.9830136404610101,0.0,0.0,0.0,0.0,0.9830136404610101,0.0,0.0,0.0,0.0,0.9830136404610101,0.0,0.0,0.9830136404610101,0.0,0.9830136404610101,0.0,0.0,0.9830136404610101,0.0024058507539532485,0.01748021039666504,-0.006477887733589703,0.0035781861219612186
938,0.0,0.9056892787353925,0.0,0.0,0.0,0.0,0.9056892787353925,0.0,0.0,0.0,0.0,0.0,0.0,1.811378557470785,0.0,0.0,0.9056892787353925,0.9056892787353925,0.0,0.0,0.040523626889677054,0.05871892027759684,0.0051444986121918605,-0.010076324514858228
939,0.0,0.9969604560076766,0.0,0.0,0.0,0.0,0.0,0.9969604560076766,0.0,0.0,0.0,0.0,0.0,1.9939209120153532,0.0,0.0,0.9969604560076766,0.0,0.9969604560076766,0.0,0.011226658546594867,0.02992948179427664,-0.028735962257579867,-0.009380634090968287
940,0.0,1.0893629097886401,1.0893629097886401,0.0,0.0,0.0,0.0,2.1787258195772803,0.0,0.0,0.0,0.0,0.0,1.0893629097886401,0.0,1.0893629097886401,0.0,0.0,0.0,0.0,-0.0035104842233360796,3.596380239059075e-05,-0.05441967556837453,-0.03146871379931998
941,0.0,1.0660416203003302,1.0660416203003302,0.0,0.0,0.0,0.0,2.1320832406006605,0.0,0.0,0.0,1.0660416203003302,0.0,1.0660416203003302,0.0,0.0,0.0,0.0,0.0,0.0,-0.0019197438532320545,0.0019137146608326407,-0.03932948920371466,-0.02670610190421601
942,0.0,0.9813344574378384,1.9626689148756769,0.0,0.0,0.0,0.0,0.9813344574378384,0.0,0.0,0.0,0.9813344574378384,0.0,0.0,0.0,0.0,0.0,0.0,0.9813344574378384,0.0,-0.010454394485336707,-0.015199254429315488,0.03959927448516106,0.004719916991652623
943,1.0292697699586422,1.0292697699586422,0.0,0.0,0.0,1.0292697699586422,0.0,1.0292697699586422,0.0,2.0585395399172843,0.0,0.0,0.0,0.0,0.0,0.0,0.0,0.0,0.0,0.0,-0.01992267907772977,-0.01591246343706074,-0.0025120135344199527,0.00907738609056823
944,0.0,1.0712455359511712,2.1424910719023424,0.0,0.0,0.0,0.0,0.0,0.0,1.0712455359511712,1.0712455359511712,0.0,0.0,0.0,0.0,1.0712455359511712,0.0,0.0,0.0,0.0,-0.036102656614582805,-0.01881264169549396,-0.018436587267165162,0.0021063496260706454
945,0.0,1.0389309933075443,0.0,1.0389309933075443,0.0,0.0,0.0,0.0,0.0,1.0389309933075443,1.0389309933075443,0.0,0.0,1.0389309933075443,0.0,0.0,0.0,0.0,0.0,1.0389309933075443,0.0016236544899990491,-0.00471148356756568,-0.014382033875362191,-0.021461130354615627
946,0.0,1.070995810210085,1.070995810210085,0.0,0.0,0.0,0.0,0.0,0.0,2.14199162042017,0.0,0.0,1.070995810210085,1.070995810210085,0.0,0.0,0.0,0.0,0.0,0.0,-0.010802782175292184,-0.00031289431803923755,-0.04150719226649315,-0.018372941450260402
947,0.0,1.0381500058030984,1.0381500058030984,1.0381500058030984,0.0,0.0,0.0,0.0,0.0,0.0,1.0381500058030984,1.0381500058030984,0.0,0.0,0.0,0.0,1.0381500058030984,0.0,0.0,0.0,0.027535459256460126,0.031578773259423674,-0.05723070171633237,-0.04003353660264975
948,0.0,1.0689338817630367,1.0689338817630367,0.0,0.0,2.1378677635260734,0.0,0.0,0.0,0.0,0.0,0.0,0.0,1.0689338817630367,0.0,0.0,1.0689338817630367,0.0,0.0,0.0,0.010314817400080783,-0.0014172664902574153,-0.046719492431174584,-0.031111940241685593
949,0.0,1.0827742176800204,0.0,0.0,0.0,1.0827742176800204,0.0,0.0,0.0,1.0827742176800204,0.0,1.0827742176800204,0.0,0.0,0.0,0.0,0.0,0.0,1.0827742176800204,1.0827742176800204,0.026895748046398528,-0.004030874193584129,-0.08082578797213905,-0.024813303560695842
950,0.0,0.9247355874583937,0.9247355874583937,0.0,0.0,1.8494711749167874,0.0,0.9247355874583937,0.0,0.0,0.0,0.0,0.0,0.0,0.0,0.9247355874583937,0.0,0.0,0.0,0.0,0.03450436155232195,0.005260483698738651,0.029559898520188334,0.0059396687703573885
951,0.0,0.9304975265616265,0.0,0.0,0.0,0.9304975265616265,0.0,0.0,0.0,0.9304975265616265,0.9304975265616265,0.0,0.0,0.9304975265616265,0.0,0.0,0.0,0.0,0.0,0.9304975265616265,0.053721859261232005,0.023707534548532718,-0.010798659122243889,0.002871738750852599
952,0.0,1.0321342315520996,0.0,0.0,0.0,1.0321342315520996,0.0,0.0,0.0,1.0321342315520996,0.0,1.0321342315520996,0.0,0.0,1.0321342315520996,0.0,1.0321342315520996,0.0,0.0,0.0,-0.03589649314638005,-0.01669832574954631,0.01646727846079206,0.003993308883034671
953,0.0,1.0330484903274668,0.0,0.0,0.0,0.0,1.0330484903274668,0.0,0.0,2.0660969806549336,0.0,0.0,0.0,0.0,0.0,0.0,1.0330484903274668,0.0,0.0,1.0330484903274668,0.026611412662468453,-0.002651729002122067,-0.03171535127928588,-0.025292822708527347
954,1.0475574409238262,1.0475574409238262,0.0,0.0,0.0,0.0,1.0475574409238262,0.0,0.0,0.0,0.0,0.0,0.0,2.0951148818476524,0.0,0.0,0.0,0.0,0.0,1.0475574409238262,-0.008709695963534665,-0.015585327724531053,-0.005877252089389607,-0.01738516514637091
955,0.0,1.089929569892285,1.089929569892285,0.0,0.0,0.0,0.0,0.0,0.0,1.089929569892285,0.0,0.0,1.089929569892285,1.089929569892285,0.0,0.0,0.0,0.0,0.0,1.089929569892285,-0.029482745803103772,-0.0033471472368453714,-0.03888362794955985,-0.01821604890277622
956,0.0,1.0390162599398507,1.0390162599398507,0.0,0.0,0.0,0.0,0.0,1.0390162599398507,0.0,0.0,0.0,0.0,0.0,0.0,0.0,1.0390162599398507,0.0,0.0,2.0780325198797014,-0.041019241922791515,-0.01233053105269013,0.009834091890233907,0.004499421145396994
957,1.0235033673506366,1.0235033673506366,3.07051010205191,0.0,0.0,0.0,0.0,0.0,0.0,0.0,0.0,0.0,0.0,0.0,0.0,0.0,0.0,0.0,0.0,1.0235033673506366,-0.03062846518596386,-0.012900701473372236,0.016919704823221696,0.0031060944854777706
958,0.0,1.017784171169472,0.0,0.0,0.0,2.035568342338944,0.0,1.017784171169472,0.0,0.0,0.0,0.0,0.0,0.0,0.0,0.0,0.0,0.0,2.035568342338944,0.0,-0.014823504414918127,-0.025414797180202533,0.02205706373669532,0.00039706668895330864
959,0.9200408158308275,0.0,0.0,0.0,0.0,0.0,1.840081631661655,0.0,0.0,0.0,0.0,0.9200408158308275,0.0,0.0,0.0,0.9200408158308275,0.9200408158308275,0.0,0.0,0.0,0.0063133691628354666,0.02112094323752184,0.015129413670607092,0.037395458098208
960,1.9456124638128602,0.0,0.0,0.0,0.0,0.9728062319064301,0.0,0.0,0.0,0.0,1.9456124638128602,0.0,0.0,0.0,0.0,0.9728062319064301,0.0,0.0,0.0,0.0,0.00982466986528921,0.0015211860233678948,0.010119205067194378,0.005728707137718503
961,2.031667923771759,0.0,1.0158339618858796,0.0,0.0,0.0,0.0,1.0158339618858796,0.0,0.0,0.0,0.0,0.0,0.0,0.0,2.031667923771759,0.0,0.0,0.0,0.0,-0.0028755770396592622,-0.0007482571905464639,-0.012532509307889976,0.0003223816522161626
962,1.0202483526164219,0.0,0.0,1.0202483526164219,0.0,1.0202483526164219,0.0,0.0,0.0,0.0,1.0202483526164219,0.0,0.0,0.0,0.0,1.0202483526164219,1.0202483526164219,0.0,0.0,0.0,-0.004132265303413926,-0.010321565981503647,-0.002549089816003519,-0.0032454315155006903
963,0.9507708886434281,0.0,0.0,0.0,0.0,0.0,0.0,0.0,0.0,0.0,0.0,0.0,0.0,0.0,0.0,0.9507708886434281,0.9507708886434281,0.0,0.9507708886434281,1.9015417772868561,0.003654616029938303,0.014856153738850904,0.022928960845366338,0.00778938074241634
964,0.9678491931346658,0.0,0.0,0.0,0.0,0.0,0.9678491931346658,0.0,0.0,1.9356983862693316,0.0,0.0,0.0,0.0,0.0,0.9678491931346658,0.0,0.0,0.0,0.9678491931346658,0.029880332093406355,-0.0008998150658567158,0.014402002063031516,-0.011231712225247017
965,0.0,0.0,3.8782357231528004,0.0,0.9695589307882001,0.0,0.0,0.0,0.0,0.0,0.0,0.0,0.0,0.0,0.0,0.9695589307882001,0.0,0.0,0.0,0.0,0.01579360925622322,-0.0005875134343581011,0.014435101555460036,0.0007998718344746488
966,0.0,0.0,1.0045131500917168,0.0,1.0045131500917168,0.0,0.0,1.0045131500917168,0.0,0.0,0.0,0.0,0.0,0.0,1.0045131500917168,2.0090263001834336,0.0,0.0,0.0,0.0,-0.005287189700768141,-0.000748476440366953,0.0016423293338220363,-0.00011981328440366686
967,0.0,0.0,0.0,0.7431110873948896,0.0,0.0,1.4862221747897792,0.0,0.0,0.0,0.0,1.4862221747897792,0.0,0.0,0.0,0.7431110873948896,0.0,0.0,0.0,0.0,0.04241251144460489,0.09074622459878842,0.03756366797071803,0.0861665085909991
968,0.0,0.0,0.0,1.0002024714935382,0.0,0.0,0.0,0.0,0.0,0.0,1.0002024714935382,0.0,0.0,1.0002024714935382,0.0,3.0006074144806147,0.0,0.0,0.0,0.0,-0.014864472632577714,-0.018775055374156666,0.01665564579808922,0.01678141071510695
969,0.0,0.0,0.0,0.9962372204604562,0.0,0.0,0.0,0.0,0.0,0.9962372204604562,0.9962372204604562,0.0,0.0,0.0,0.0,0.9962372204604562,1.9924744409209123,0.0,0.0,0.0,-0.01031310159032645,-0.007243799116332693,0.017304345814389308,0.004015334431813769
970,0.0,0.0,1.951018849392328,0.975509424696164,0.0,0.0,0.0,0.0,0.0,0.975509424696164,0.0,0.0,0.0,0.0,0.0,0.975509424696164,0.975509424696164,0.0,0.0,0.0,0.014818020727084338,0.009359906653169877,-0.002504085241421802,0.0028167331650036545
971,0.0,0.0,0.9691463391804241,0.9691463391804241,0.0,0.9691463391804241,0.0,0.9691463391804241,0.0,0.0,0.0,0.0,0.0,0.0,0.0,1.9382926783608483,0.0,0.0,0.0,0.0,0.007342311534762023,0.010421775511992307,0.006544700127420278,0.006544873645401304
972,0.0,0.0,0.0,1.0375020407134226,0.0,0.0,1.0375020407134226,0.0,0.0,2.075004081426845,0.0,0.0,0.0,0.0,0.0,1.0375020407134226,0.0,0.0,0.0,1.0375020407134226,0.017083924206319788,-0.008905070550585316,-0.013209557665285638,-0.032471336703871326
973,0.0,0.0,0.997888783691409,0.0,0.0,0.0,0.997888783691409,0.0,0.0,0.997888783691409,0.997888783691409,0.0,0.0,0.0,0.0,0.997888783691409,0.0,0.0,0.997888783691409,0.0,-0.023073229077086036,-0.004111612665975462,0.02162721144135683,0.007668846610295746
974,0.0,0.0,0.0,0.0,0.0,0.0,1.095769900607967,0.0,0.0,0.0,1.095769900607967,1.095769900607967,0.0,0.0,1.095769900607967,1.095769900607967,0.0,0.0,0.0,1.095769900607967,-0.0268181308277738,-0.022470319645732175,-0.025098723988987957,-0.021382726145473072
975,0.0,0.0,0.0,0.0,0.0,0.0,1.0303356392738594,0.0,0.0,0.0,0.0,1.0303356392738594,1.0303356392738594,0.0,0.0,1.0303356392738594,1.0303356392738594,0.0,0.0,1.0303356392738594,-0.022204564720979255,-0.01616741317520728,0.009331472664211376,-0.0012951340418842368
976,0.0,0.0,0.0,0.0,0.0,0.0,2.0655255330167934,0.0,0.0,2.0655255330167934,0.0,0.0,0.0,0.0,0.0,1.0327627665083967,0.0,0.0,0.0,1.0327627665083967,0.018572045242475424,-0.0088643924897255,-0.010147410524261873,-0.03232300873688483
977,0.0,0.0,0.0,0.0,0.8961524371912949,0.0,0.0,0.0,0.0,1.7923048743825898,0.0,0.0,0.0,1.7923048743825898,0.0,0.8961524371912949,0.0,0.0,0.0,0.0,0.036349302601029865,0.024417992283154624,0.0256380268404099,0.017442241084110698
978,0.0,0.0,0.0,0.0,0.0,0.8966890080819543,0.0,0.0,0.0,0.8966890080819543,0.0,0.0,0.0,2.690067024245863,0.0,0.8966890080819543,0.0,0.0,0.0,0.0,0.029152756571401896,0.03114261257772901,0.02163179486782162,0.021383827901093222
979,0.0,0.0,0.0,0.0,0.0,0.0,0.0,0.0,0.0,0.8486371582984725,1.697274316596945,0.0,0.0,1.697274316596945,0.0,0.8486371582984725,0.0,0.0,0.0,0.0,0.04838171088139488,0.029403848689651624,0.04664702599849278,0.026930256131988295
980,0.9732192629944368,0.0,0.0,0.0,0.0,0.9732192629944368,0.0,0.0,0.0,0.9732192629944368,0.0,0.0,0.0,0.9732192629944368,0.0,0.9732192629944368,0.0,0.0,0.9732192629944368,0.0,-0.019254894630070973,0.003084775684687127,0.031128934217907623,0.011821921733039397
981,0.0,0.0,0.0,0.0,0.0,0.0,0.9393178209846327,0.0,0.0,1.8786356419692654,0.0,0.0,0.0,0.9393178209846327,0.0,0.9393178209846327,0.0,0.0,0.0,0.9393178209846327,0.03407409844628271,0.003234738191909157,0.0237037851715453,-0.0003304427943698534
982,1.9208214227326283,0.0,0.0,0.0,0.0,0.0,0.0,1.9208214227326283,0.0,0.9604107113663142,0.0,0.0,0.0,0.0,0.0,0.9604107113663142,0.0,0.0,0.0,0.0,0.021377297930050894,0.000659020491537542,0.016931111248535764,0.0006218589635615504
983,0.0,0.0,0.0,0.9861795255696375,0.0,0.0,0.0,1.972359051139275,0.0,0.0,0.9861795255696375,0.0,0.0,0.0,0.0,1.972359051139275,0.0,0.0,0.0,0.0,-0.012749286367400903,0.0022058477364783648,0.013802379913877323,0.01056153314740768
984,0.0,0.0,0.0,1.0076821591158478,1.0076821591158478,0.0,0.0,1.0076821591158478,1.0076821591158478,1.0076821591158478,0.0,0.0,0.0,0.0,0.0,1.0076821591158478,0.0,0.0,0.0,0.0,0.0013349875798179562,0.0038736644046068244,-0.01118237807816512,-0.0017084330221075086
985,0.0,0.0,1.0132618127717015,0.0,0.0,0.0,0.0,2.026523625543403,0.0,0.0,0.0,0.0,0.0,1.0132618127717015,0.0,2.026523625543403,0.0,0.0,0.0,0.0,0.00877135134954073,-0.0016369619349255646,-0.01331708818032461,-0.007079114005992096
986,0.0,0.0,0.0,0.0,0.0,0.0,0.0,1.0089907220043626,1.0089907220043626,0.0,0.0,0.0,0.0,1.0089907220043626,1.0089907220043626,2.017981444008725,0.0,0.0,0.0,0.0,-0.0006460464831225205,0.0009172903419404809,-0.002542214162616172,-0.00671975170056437
987,1.0575103564895438,0.0,0.0,0.0,0.0,0.0,0.0,1.0575103564895438,0.0,1.0575103564895438,1.0575103564895438,1.0575103564895438,0.0,0.0,0.0,1.0575103564895438,0.0,0.0,0.0,0.0,-0.027026613447442806,-0.02994155828614974,-0.006063948830613405,0.005521764074662128
988,0.0,0.0,1.0169607576061979,0.0,0.0,0.0,0.0,2.0339215152123957,0.0,0.0,0.0,0.0,0.0,1.0169607576061979,0.0,2.0339215152123957,0.0,0.0,0.0,0.0,-0.0065993156780115155,-0.003198151007672401,-0.004361524358763695,-0.002801766561750254
989,0.0,0.0,1.0041197738114418,0.0,0.0,0.0,0.0,2.0082395476228836,0.0,0.0,0.0,0.0,0.0,0.0,0.0,3.012359321434325,0.0,0.0,0.0,0.0,0.00022840851242485736,0.0021661315380977516,-0.009041170283483925,0.0025268564215196574
990,0.0,0.0,0.0,0.0,0.0,0.0,0.9751892018605912,0.9751892018605912,0.0,1.9503784037211824,0.0,0.0,0.0,0.0,0.0,0.9751892018605912,0.0,0.0,0.0,0.9751892018605912,0.028812945067136445,-0.0019728661001354275,0.012031068272793821,-0.014060349100386144
991,0.0,0.0,0.0,0.0,0.0,2.044574156930003,0.0,2.044574156930003,0.0,0.0,0.0,0.0,0.0,0.0,0.0,1.0222870784650016,0.0,0.0,1.0222870784650016,0.0,0.0014200076418750987,-0.0027329745574827032,-0.014584953395225857,-0.0063891581541681685
992,1.04240491197808,0.0,0.0,0.0,0.0,0.0,1.04240491197808,0.0,1.04240491197808,0.0,1.04240491197808,0.0,0.0,0.0,0.0,1.04240491197808,0.0,0.0,0.0,1.04240491197808,-0.0051068037643586355,-0.008010216160903895,-0.010121395250942957,-0.019166496801874544
993,0.0,0.0,0.0,0.0,0.0,0.0,0.9950032475952747,0.0,0.9950032475952747,1.9900064951905494,0.0,0.0,0.0,0.0,0.0,0.9950032475952747,0.0,0.0,0.0,0.9950032475952747,0.02109942962980977,-0.0009250603493947577,-0.0036307868329008165,-0.011546830042788876
994,0.0,0.0,0.0,1.0373759980925303,0.0,1.0373759980925303,0.0,0.0,0.0,1.0373759980925303,1.0373759980925303,0.0,0.0,0.0,0.0,1.0373759980925303,1.0373759980925303,0.0,0.0,0.0,-0.02681902690393919,-0.03179164766005432,0.010498629212874479,0.01073604725858873
995,0.0,0.0,0.0,1.0394452395436622,0.0,0.0,1.0394452395436622,0.0,0.0,1.0394452395436622,0.0,0.0,0.0,0.0,0.0,2.0788904790873244,0.0,0.0,0.0,1.0394452395436622,-0.00696196354507587,0.015993764299870077,-0.026649214230325794,-0.02182782606813047
996,1.0164972474429386,0.0,1.0164972474429386,0.0,0.0,0.0,0.0,0.0,0.0,1.0164972474429386,0.0,0.0,1.0164972474429386,0.0,1.0164972474429386,1.0164972474429386,0.0,0.0,0.0,0.0,-0.010139602059647543,-0.0032818519092848207,-0.001348806861819669,-0.0017269866121866029
997,0.0,0.0,0.0,0.0,0.0,0.0,0.9395092147598963,0.0,0.0,2.818527644279689,0.0,0.0,0.0,0.0,0.0,0.9395092147598963,0.0,0.0,0.0,0.9395092147598963,0.03577292371163666,0.0017972947151035832,0.026951389586928384,-0.004030822773565006
998,0.0,0.0,0.0,0.0,0.0,0.0,1.0556684917153782,0.0,0.0,2.1113369834307565,0.0,1.0556684917153782,0.0,0.0,0.0,1.0556684917153782,0.0,0.0,0.0,1.0556684917153782,0.011379701002768213,-0.009060996535766922,-0.02494729293690102,-0.03303990324547857
999,0.0,0.0,0.0,0.0,0.0,0.0,0.0,0.8864993641450488,0.0,0.8864993641450488,1.7729987282900976,0.0,0.0,0.8864993641450488,0.0,0.8864993641450488,0.0,0.0,0.0,0.0,0.041611518538573394,0.02164748733064507,0.03571409498548697,0.014527535000245662
1000,0.0,0.0,1.084629449606269,1.084629449606269,0.0,1.084629449606269,0.0,0.0,0.0,0.0,1.084629449606269,0.0,0.0,1.084629449606269,0.0,1.084629449606269,0.0,0.0,0.0,0.0,-0.02739187087945907,-0.02597971335389276,-0.013946655412126066,-0.017311209960791
1001,0.0,0.0,0.0,0.9985286390696011,0.0,0.0,0.0,0.9985286390696011,0.9985286390696011,0.0,0.9985286390696011,0.0,0.0,0.0,0.0,1.9970572781392022,0.0,0.0,0.0,0.0,-0.005678417231984844,-0.004953616847234906,0.006719460391182064,0.0053839346184365615
1002,0.0,0.0,0.0,0.0,0.0,0.0,0.9473829153003287,0.0,0.0,1.8947658306006574,0.9473829153003287,0.0,0.0,0.0,0.0,0.9473829153003287,0.0,0.0,0.0,0.9473829153003287,0.03319935748763519,0.0018123572181076054,0.021669973693696255,-0.004064603699767754
1003,0.0,0.0,0.0,0.0,0.0,1.0216185038980528,1.0216185038980528,0.0,0.0,0.0,2.0432370077961055,0.0,0.0,0.0,0.0,1.0216185038980528,0.0,0.0,1.0216185038980528,0.0,-0.01959813670082979,-0.01198335128053878,-0.0005809724318427813,0.010543956515158569
1004,0.0,0.0,0.0,0.0,0.0,0.0,0.9615178652981109,0.0,0.0,1.9230357305962218,0.0,0.0,0.9615178652981109,0.0,0.0,0.9615178652981109,0.0,0.0,0.0,0.9615178652981109,0.02986713033776666,0.0007881182068190305,0.014657130174910918,-0.006830244017607431
1005,0.0,0.0,0.0,0.0,0.0,0.0,0.0,0.0,0.0,0.0,0.9291012745386278,0.0,0.9291012745386278,0.9291012745386278,0.0,1.8582025490772556,0.0,0.0,0.0,0.9291012745386278,0.027083335909126472,0.014029428585899147,0.019304704388983577,0.01048125657736298
1006,1.007017950607156,0.0,1.007017950607156,0.0,0.0,0.0,0.0,2.014035901214312,0.0,0.0,0.0,0.0,0.0,0.0,0.0,2.014035901214312,0.0,0.0,0.0,0.0,-0.002316129620908443,0.0007310390799467637,-0.004867689999986151,-0.000565170066208232
1007,0.0,0.0,0.9346274315433848,0.0,0.0,0.0,0.0,0.9346274315433848,0.0,1.8692548630867696,0.0,0.0,0.0,0.0,0.0,0.9346274315433848,0.0,0.0,0.0,0.9346274315433848,0.03355552344342922,0.010711477599512315,0.015502155761879922,0.005603411651793822
1008,0.0,0.0,0.9984637116624745,0.0,0.0,0.0,0.0,2.995391134987423,0.0,0.0,0.0,0.0,0.9984637116624745,0.0,0.0,0.9984637116624745,0.0,0.0,0.0,0.0,0.004302698598442293,-0.0010700534414058156,0.0006308942226454972,-0.0023272510421565363
1009,1.0014739479057453,0.0,2.0029478958114906,0.0,0.0,0.0,0.0,1.0014739479057453,0.0,0.0,0.0,0.0,0.0,1.0014739479057453,0.0,1.0014739479057453,0.0,0.0,0.0,0.0,0.007270829319441654,-0.0031707783904165896,-0.005594973823562223,2.097498879185789e-05
1010,0.0,0.0,2.977325873569476,0.0,0.0,0.0,0.0,0.0,0.0,0.9924419578564919,0.0,0.0,0.0,0.0,0.0,1.9848839157129838,0.0,0.0,0.0,0.0,-0.0004891296442356408,0.00043861606858713463,0.008371641987879255,-0.0007630862687226794
1011,0.0,0.0,2.9655746110226233,0.0,0.0,0.9885248703408744,0.0,0.9885248703408744,0.0,0.0,0.0,0.0,0.0,0.0,0.0,0.9885248703408744,0.0,0.0,0.0,0.0,0.00655220313818409,0.002067921797118505,0.0008744599040474468,0.0019805448197754696
1012,0.0,0.0,2.9510035802815917,0.0,0.0,0.983667860093864,0.0,0.0,0.0,0.0,0.0,0.0,0.0,0.983667860093864,0.0,0.983667860093864,0.0,0.0,0.0,0.0,0.011877729586903805,-0.0006086336199755791,0.006425223945819891,-0.00136218000661201
1013,1.9816095025917382,0.0,0.9908047512958691,0.0,0.0,0.0,0.0,0.9908047512958691,0.0,0.0,0.0,0.0,0.0,0.0,0.0,1.9816095025917382,0.0,0.0,0.0,0.0,0.009144573691625683,0.0015704337259004387,-0.002034678080633282,0.0005149193672381277
1014,0.0,0.0,2.9456758676945123,0.0,0.0,0.0,0.0,0.0,0.0,0.0,0.0,0.0,0.0,0.0,0.0,0.9818919558981708,1.9637839117963416,0.0,0.0,0.0,0.00895270549213472,0.0004339534277687843,0.008988379821018832,-0.00026699463909308406
1015,0.0,0.0,1.011073442364805,0.0,0.0,0.0,1.011073442364805,0.0,0.0,2.02214688472961,0.0,0.0,0.0,0.0,0.0,1.011073442364805,0.0,0.0,0.0,1.011073442364805,0.017798691684204518,-0.002487646530386883,-0.01066899322061075,-0.01571549429801185
1016,0.0,0.0,0.0,0.0,0.0,0.0,0.984746122647729,0.0,0.0,1.969492245295458,0.0,0.0,0.0,0.0,0.984746122647729,0.984746122647729,0.0,0.0,0.0,0.984746122647729,0.025735290478454513,-0.0019922003226705526,0.005708928678428922,-0.014198141481941968
1017,0.9835525224690621,0.0,0.0,0.0,0.0,0.9835525224690621,0.0,0.0,0.9835525224690621,1.9671050449381242,0.0,0.0,0.0,0.0,0.0,0.9835525224690621,0.0,0.0,0.0,0.0,0.01899633861861959,0.00980717453324204,-0.012701341456424358,0.0003453058355006018
1018,0.0,0.0,0.0,0.0,0.0,0.9600380787207041,0.0,0.0,0.0,0.9600380787207041,0.0,0.0,0.0,0.9600380787207041,0.0,0.9600380787207041,0.9600380787207041,0.0,0.9600380787207041,0.0,-0.002621585283994637,0.020795906170923913,0.01508953349927495,0.00669806689309154
1019,0.0,0.0,0.0,0.0,0.0,1.0015954588735292,0.0,1.0015954588735292,0.0,0.0,1.0015954588735292,0.0,1.0015954588735292,0.0,0.0,2.0031909177470584,0.0,0.0,0.0,0.0,-0.0026770530604600163,-0.003713023470552663,-0.0005062984511508299,0.005300916108634462
1020,0.0,0.0,0.0,0.0,0.0,1.0446945253905433,0.0,0.0,0.0,1.0446945253905433,0.0,1.0446945253905433,0.0,0.0,0.0,1.0446945253905433,0.0,0.0,1.0446945253905433,1.0446945253905433,0.003973837237602962,-0.007213421705693053,-0.033384853536838836,-0.008070087385614447
1021,0.0,0.0,1.9784337894991326,0.0,0.0,1.9784337894991326,0.0,0.9892168947495663,0.0,0.0,0.0,0.0,0.0,0.0,0.0,0.9892168947495663,0.0,0.0,0.0,0.0,0.0076068765498713475,0.002069369461615179,-0.0008750720764026193,0.001981931315349749
1022,0.0,0.0,0.9502834880462411,0.0,0.0,2.8508504641387233,0.0,0.0,0.0,0.0,0.0,0.0,0.0,0.0,0.0,1.9005669760924822,0.0,0.0,0.0,0.0,0.023562691245562473,0.0025479021040721245,0.021002018651611186,0.0026038999525132703
1023,0.0,0.0,0.0,0.0,0.0,1.0130555001150994,1.0130555001150994,0.0,0.0,2.0261110002301987,0.0,0.0,0.0,0.0,0.0,1.0130555001150994,0.0,0.0,0.0,1.0130555001150994,0.017161463372738706,-0.002492523188084482,-0.01197813813362078,-0.015746302166132913
1024,0.9928101234404558,0.9928101234404558,0.0,0.0,0.0,0.0,0.9928101234404558,0.0,0.9928101234404558,0.0,0.0,0.0,0.0,0.0,0.9928101234404558,0.9928101234404558,0.0,0.0,0.0,0.0,0.010821303092566873,-0.0008440764515835518,-0.007428537050501217,0.004641186969062115
1025,0.0,0.9096611576896897,0.9096611576896897,0.0,0.0,1.8193223153793794,0.0,0.0,0.0,0.0,0.0,0.0,0.0,0.0,0.0,1.8193223153793794,0.0,0.0,0.0,0.0,0.0391321847051467,0.009165973958659089,0.03579580887509334,0.006244874771411245
1026,0.0,1.0883836569676433,0.0,0.0,0.0,0.0,1.0883836569676433,0.0,0.0,2.1767673139352866,0.0,0.0,0.0,0.0,0.0,1.0883836569676433,0.0,0.0,0.0,1.0883836569676433,0.0011072154897803683,-0.009341796807200748,-0.04608526584404156,-0.03406380980618144
1027,0.0,0.0,0.0,0.0,0.0,0.0,0.0,1.0490334145197797,0.0,1.0490334145197797,1.0490334145197797,1.0490334145197797,0.0,0.0,0.0,2.0980668290395594,0.0,0.0,0.0,0.0,-0.033712421072154365,-0.030257156130643954,0.005634203285751319,0.009301959397267178
1028,0.0,0.0,0.0,1.0278933352090933,0.0,0.0,0.0,0.0,0.0,1.0278933352090933,1.0278933352090933,0.0,0.0,0.0,0.0,2.0557866704181866,1.0278933352090933,0.0,0.0,0.0,-0.026683204727302,-0.030502709727585935,0.01923301582119019,0.010059563424604543
1029,0.0,0.0,2.0258386526047367,0.0,0.0,0.0,0.0,1.0129193263023684,0.0,0.0,0.0,0.0,0.0,1.0129193263023684,0.0,2.0258386526047367,0.0,0.0,0.0,0.0,0.004524999507329264,-0.0022678157027600223,-0.01362460070894932,-0.0015519093979883079
1030,0.0,0.0,2.8971544394738404,0.0,0.0,0.0,0.0,0.0,0.0,0.0,0.0,0.0,0.0,0.0,0.0,2.8971544394738404,0.0,0.0,0.0,0.0,0.01556018791802247,0.002844340282084667,0.01308886395457184,0.00278846135404082
1031,0.0,0.0,0.0,0.0,0.0,2.047836246528068,0.0,0.0,0.0,0.0,0.0,0.0,0.0,0.0,0.0,2.047836246528068,1.023918123264034,0.0,0.0,1.023918123264034,-0.008023605163608453,0.0003100447136137549,-0.012358627157829243,-0.0038459356562100164
1032,0.0,0.0,0.0,0.0,0.0,0.0,0.0,1.043011043456035,0.0,1.043011043456035,0.0,1.043011043456035,0.0,0.0,0.0,3.1290331303681045,0.0,0.0,0.0,0.0,-0.015698383303046282,-0.014204028604732612,-0.014037597160154734,0.0009289656118988109
1033,0.0,0.0,1.006736479122439,0.0,0.0,0.0,0.0,1.006736479122439,0.0,0.0,0.0,0.0,0.0,0.0,0.0,2.013472958244878,1.006736479122439,0.0,0.0,1.006736479122439,-0.0025826532674181595,-0.002048124174429254,-0.003697456186420703,0.001591754505829331
1034,1.9952775541558039,0.0,0.0,0.0,0.0,0.0,0.0,0.0,0.0,0.0,0.0,0.0,0.0,0.0,0.0,2.992916331233706,0.9976387770779019,0.0,0.0,0.0,0.0033956090941329032,2.585272050844005e-05,-0.0013290363564598152,0.00026879746391652405
1035,0.0,0.0,0.0,0.0,0.0,0.0,0.9951704689529121,0.0,0.0,1.9903409379058241,0.0,0.0,0.0,0.0,0.0,1.9903409379058241,0.0,0.0,0.0,0.9951704689529121,0.023178059638955122,-0.0026661335486392076,0.0003458473359041048,-0.01602824237913205
1036,0.0,0.0,1.0043609230329953,0.0,0.0,0.0,0.0,0.0,0.0,0.0,0.0,0.0,0.0,0.0,0.0,2.0087218460659906,1.0043609230329953,0.0,0.0,2.0087218460659906,-0.020104776293491985,-0.0034950941521510142,0.015222958375635703,0.004015989037012041
1037,0.0,0.0,0.0,0.0,0.0,0.0,0.0,0.9793350885928671,0.0,0.0,0.0,0.0,1.9586701771857342,0.0,0.0,1.9586701771857342,0.0,0.9793350885928671,0.0,0.0,0.010233013626187046,-0.003103465483336475,0.007650007918992383,0.0058853553452899365
1038,0.0,0.0,0.0,0.0,0.0,0.0,0.0,0.0,0.0,0.0,0.0,0.0,0.0,0.0,0.0,4.083104747601941,0.0,0.0,2.0415523738009704,0.0,-0.0008126907940402154,-0.007800529983957067,-0.0014512335607860987,-0.010711732561701808
1039,1.0300747724221109,0.0,0.0,1.0300747724221109,0.0,0.0,1.0300747724221109,0.0,0.0,0.0,0.0,0.0,0.0,0.0,0.0,1.0300747724221109,1.0300747724221109,1.0300747724221109,0.0,0.0,-0.02070194609865894,-0.062713446831687,0.014937423903716917,0.03840319660451816
1040,1.0086932578225631,0.0,0.0,0.0,0.0,0.0,1.0086932578225631,0.0,0.0,2.0173865156451263,0.0,0.0,0.0,0.0,0.0,1.0086932578225631,1.0086932578225631,0.0,0.0,0.0,0.01823693445485617,-0.006228645597057699,-0.00459694395697752,-0.016104602723384143
1041,0.0,0.0,0.0,1.092664614139604,0.0,0.0,1.092664614139604,0.0,0.0,2.185329228279208,0.0,0.0,0.0,0.0,0.0,1.092664614139604,1.092664614139604,0.0,0.0,0.0,-0.0035073156733021436,-0.025970479172926424,-0.031215454700624617,-0.03197136459275086
1042,0.0,0.0,0.0,0.0,0.0,0.0,2.174001932595686,0.0,0.0,2.174001932595686,0.0,0.0,0.0,0.0,0.0,1.087000966297843,1.087000966297843,0.0,0.0,0.0,-0.0010531513095338068,-0.025835865453022022,-0.028306303267931723,-0.03180564626735559
1043,0.0,0.0,0.0,0.0,0.0,0.0,0.9763718355024974,0.0,0.0,0.9763718355024974,0.0,0.0,0.0,1.9527436710049948,0.0,0.9763718355024974,0.9763718355024974,0.0,0.0,0.0,0.024197224433038414,0.0006228355455048216,0.0014356594830506027,-0.002627554964091284
1044,0.0,0.0,0.0,0.0,0.0,0.0,0.9746406212892474,0.0,0.0,1.9492812425784949,0.0,0.0,0.0,0.9746406212892474,0.0,0.9746406212892474,0.9746406212892474,0.0,0.0,0.0,0.025402425030579733,0.00377986268737355,0.004333982774723137,-0.008156891781923909
1045,0.0,0.0,0.0,0.0,0.0,0.0,0.979732979517819,0.0,0.0,0.979732979517819,0.979732979517819,0.0,0.0,0.979732979517819,0.0,0.979732979517819,0.979732979517819,0.0,0.0,0.0,0.017049914684048532,0.0037996119307751393,0.007617004245385071,-0.008199510378027878
1046,0.0,0.0,0.0,0.0,0.0,0.0,0.9998814191140205,0.0,0.0,0.0,0.0,0.0,0.0,1.999762838228041,0.0,0.9998814191140205,1.999762838228041,0.0,0.0,0.0,-0.01105737837349151,-0.017529567999440585,0.016339669451543137,0.012365857807368551
1047,0.0,0.0,0.0,0.0,0.0,0.0,0.9981438246792586,0.0,0.0,0.9981438246792586,0.0,0.0,0.0,0.9981438246792586,0.0,0.9981438246792586,1.996287649358517,0.0,0.0,0.0,-0.0126159442524516,-0.011486899153103946,0.019282096932253714,0.006676921794043333
1048,0.0,0.0,0.0,0.0,0.0,0.0,1.0175043465665192,1.0175043465665192,0.0,2.0350086931330384,0.0,0.0,0.0,0.0,0.0,1.0175043465665192,1.0175043465665192,0.0,0.0,0.0,0.01640102523094364,-0.008840341524808327,-0.006887337623931154,-0.018177692648723348
1049,0.0,0.0,0.0,0.0,0.0,0.0,1.0406015233344297,0.0,1.0406015233344297,2.0812030466688594,0.0,0.0,0.0,0.0,0.0,1.0406015233344297,1.0406015233344297,0.0,0.0,0.0,0.003947309505408359,-0.006425678020888172,-0.021509110859911886,-0.01661404395903803
1050,0.0,0.0,0.0,0.0,0.0,0.0,0.975129970433943,0.0,0.0,2.9253899113018287,0.0,0.0,0.0,0.0,0.0,0.975129970433943,0.975129970433943,0.0,0.0,0.0,0.02801019943085422,0.0003506566016746741,0.007262873422595556,-0.010753699889067478
1051,0.0,0.0,0.0,0.0,0.0,0.0,1.1144394073782948,0.0,0.0,2.2288788147565897,0.0,1.1144394073782948,0.0,0.0,0.0,1.1144394073782948,1.1144394073782948,0.0,0.0,0.0,-0.012942740171412156,-0.026488022989192034,-0.04240014921497032,-0.032608495002720374
1052,0.0,0.0,0.0,0.0,0.0,0.0,0.9874262616227266,0.0,0.0,0.9874262616227266,0.9874262616227266,0.0,0.0,0.9874262616227266,0.0,0.9874262616227266,0.9874262616227266,0.0,0.0,0.0,0.022673254429291093,-0.0028444825074257244,-0.0002547673516408152,-0.007000266192951227
1053,0.0,0.0,0.0,0.0,0.0,0.0,0.9842835755100823,0.0,0.0,1.9685671510201646,0.9842835755100823,0.0,0.0,0.0,0.0,0.9842835755100823,0.9842835755100823,0.0,0.0,0.0,0.02386154565565688,0.0003539482367862917,0.002355576129560396,-0.010854645532085754
1054,0.0,0.0,0.0,0.0,0.0,0.0,1.0067560152572181,0.0,0.0,1.0067560152572181,1.0067560152572181,0.0,0.0,0.0,0.0,1.0067560152572181,1.0067560152572181,0.0,1.0067560152572181,0.0,0.01680665601678384,-0.001968110051054478,-0.013324353361779642,-0.008270207861167932
1055,0.0,0.0,0.0,0.0,0.0,0.0,0.9890487308430175,0.0,0.0,0.9890487308430175,1.978097461686035,0.0,0.0,0.0,0.0,0.9890487308430175,0.9890487308430175,0.0,0.0,0.0,0.015844444636608137,0.0003556617859809242,0.005658358236153938,-0.010907195501760433
1056,0.0,0.0,0.0,0.0,0.0,0.0,1.007892996508244,0.0,0.0,0.0,2.015785993016488,0.0,0.0,0.0,0.0,1.007892996508244,1.007892996508244,0.0,1.007892996508244,0.0,0.012342196745261397,-0.0019703327387703613,-0.009985312683268539,-0.008279547831466326
1057,0.0,0.0,0.0,0.0,0.0,0.0,1.0066506476515973,0.0,0.0,0.0,1.0066506476515973,0.0,0.0,1.0066506476515973,0.0,1.0066506476515973,2.0133012953031946,0.0,0.0,0.0,-0.01099442259843373,-0.01838866450273819,0.014710380540113399,0.008022058909461314
1058,0.0,0.0,0.0,0.0,0.0,0.0,1.0034633503927624,0.0,0.0,1.0034633503927624,1.0034633503927624,0.0,0.0,0.0,0.0,1.0034633503927624,2.0069267007855247,0.0,0.0,0.0,-0.012545801674297714,-0.012286194069760515,0.017324186000506916,0.004044459350788929
1059,0.0,0.0,0.0,0.0,0.0,0.0,1.0009632613363544,0.0,0.0,2.0019265226727088,0.0,0.0,1.0009632613363544,0.0,0.0,1.0009632613363544,1.0009632613363544,0.0,0.0,0.0,0.01837757458443086,-0.0021557688999466283,-0.004245479043179723,-0.012939587977658899
1060,0.0,0.0,0.0,0.0,0.0,0.0,0.0,0.0,0.0,0.9938176452063823,0.0,0.0,0.9938176452063823,0.0,0.0,1.9876352904127645,1.9876352904127645,0.0,0.0,0.0,-0.0047682984841141566,-0.0027556459047884106,0.010282821028626337,0.003423478153894094
1061,0.0,0.0,1.063966933618453,0.0,0.0,0.0,1.063966933618453,0.0,0.0,1.063966933618453,0.0,0.0,0.0,1.063966933618453,0.0,1.063966933618453,1.063966933618453,0.0,0.0,0.0,-0.002989420241682059,-0.013761221157957105,-0.026303088520796984,-0.020913203698016827
1062,0.0,0.0,1.0599058075129844,0.0,0.0,0.0,1.0599058075129844,0.0,0.0,2.1198116150259687,0.0,0.0,0.0,0.0,0.0,1.0599058075129844,1.0599058075129844,0.0,0.0,0.0,-0.001620715937223012,-0.010274278452320913,-0.02827044276860592,-0.019740370354834627
1063,0.0,0.0,1.058895525088712,0.0,0.0,0.0,1.058895525088712,0.0,0.0,1.058895525088712,0.0,0.0,0.0,0.0,0.0,1.058895525088712,1.058895525088712,0.0,1.058895525088712,0.0,-0.009612434497998779,-0.012715301604949858,-0.016066258704166756,-0.020501530281596663
1064,0.0,0.0,2.944041660019243,0.0,0.0,0.0,0.0,0.0,0.0,0.0,0.0,0.0,0.0,0.0,0.0,0.9813472200064143,1.9626944400128286,0.0,0.0,0.0,0.007589765876899133,-0.0004274421335126734,0.010680859250783298,0.0008095969994160159
1065,0.0,0.0,1.9701167002356246,0.0,0.0,0.0,0.0,0.0,0.0,0.0,0.0,0.0,0.0,0.0,0.0,1.9701167002356246,1.9701167002356246,0.0,0.0,0.0,0.0038154581671001773,0.0004996941385997799,0.009943220916708864,0.0006832766597788456
1066,0.0,0.0,1.0458070567667448,0.0,0.0,0.0,1.0458070567667448,0.0,0.0,0.0,0.0,0.0,0.0,1.0458070567667448,0.0,1.0458070567667448,2.0916141135334896,0.0,0.0,0.0,-0.009395600115080617,-0.021301717101837776,-0.010301734213625055,-0.004808005336201416
1067,0.0,0.0,1.041968031168504,0.0,0.0,0.0,1.041968031168504,0.0,0.0,1.041968031168504,0.0,0.0,0.0,0.0,0.0,1.041968031168504,2.083936062337008,0.0,0.0,0.0,-0.011008165052268329,-0.01494734510495148,-0.012296675599778904,-0.003715845411505347
1068,0.0,0.0,0.0,0.0,0.0,0.0,1.0287349140948903,0.0,0.0,2.0574698281897805,0.0,0.0,0.0,0.0,1.0287349140948903,1.0287349140948903,1.0287349140948903,0.0,0.0,0.0,0.011394877498710005,-0.008937915606730672,-0.012813549497622418,-0.01837832648924731
1069,0.0,0.0,0.0,0.0,0.0,1.0661347877936709,1.0661347877936709,0.0,0.0,1.0661347877936709,0.0,0.0,0.0,1.0661347877936709,0.0,1.0661347877936709,1.0661347877936709,0.0,0.0,0.0,-0.004040796467105555,-0.013789259924765316,-0.027348916627704212,-0.020955814774095798
1070,0.0,0.0,0.0,0.0,0.0,1.0622546473373422,1.0622546473373422,0.0,0.0,2.1245092946746844,0.0,0.0,0.0,0.0,0.0,1.0622546473373422,1.0622546473373422,0.0,0.0,0.0,-0.0026657885407130474,-0.010297047111785076,-0.029507695019999322,-0.019784116664844763
1071,0.0,0.0,0.0,0.0,0.0,1.0600788346361618,1.0600788346361618,0.0,0.0,1.0600788346361618,0.0,0.0,0.0,0.0,0.0,1.0600788346361618,1.0600788346361618,0.0,1.0600788346361618,0.0,-0.010662524036785056,-0.012729510880021238,-0.01616235909774428,-0.020524440621611094
1072,0.0,1.1539148396139827,0.0,0.0,0.0,0.0,1.1539148396139827,0.0,0.0,2.3078296792279653,0.0,0.0,0.0,0.0,0.0,1.1539148396139827,1.1539148396139827,0.0,0.0,0.0,-0.03004818206044311,-0.027426276024435117,-0.06267683545203641,-0.03376354607706802
1073,0.0,0.0,0.0,0.0,0.0,0.0,1.0411467981412401,0.0,0.0,2.0822935962824802,0.0,0.0,0.0,0.0,0.0,2.0822935962824802,1.0411467981412401,0.0,0.0,0.0,0.007157562157888325,-0.010615778192206956,-0.017902128696832362,-0.019786453410089184
1074,0.0,0.0,0.0,0.0,0.0,0.0,1.0303635938820102,0.0,0.0,2.0607271877640203,0.0,0.0,0.0,0.0,0.0,1.0303635938820102,2.0607271877640203,0.0,0.0,0.0,0.008959541892313109,-0.006880380531382272,-0.015600800963634705,-0.016841954279306157
1075,0.0,0.0,0.0,0.0,0.0,0.0,0.0,0.0,0.0,0.0,0.0,0.0,0.0,0.0,0.0,0.982981912991252,2.948945738973756,0.0,0.0,1.965963825982504,0.011075458878327466,0.005766297758688417,-0.0019797939157679472,0.0021561242874998934
1076,0.9945123917736178,0.0,0.0,0.0,0.0,0.0,0.9945123917736178,0.0,0.0,0.9945123917736178,0.0,0.0,0.0,0.0,0.0,0.9945123917736178,0.9945123917736178,0.0,0.0,0.9945123917736178,0.004807241044094598,-0.011679524269279803,0.010554460048336234,0.0018054314032311765
1077,0.0,0.0,0.0,1.0090137361663951,0.0,0.0,1.0090137361663951,0.0,0.0,1.0090137361663951,0.0,0.0,0.0,0.0,0.0,1.0090137361663951,1.0090137361663951,0.0,0.0,1.0090137361663951,-0.034855427797561116,-0.04063355789874561,0.026657994782980136,0.039817254746931555
1078,0.0,0.0,0.0,0.0,0.0,0.0,2.0129879826380677,0.0,0.0,1.0064939913190338,0.0,0.0,0.0,0.0,0.0,1.0064939913190338,1.0064939913190338,0.0,0.0,1.0064939913190338,-0.030596433705166806,-0.04053208633847299,0.02491670703679792,0.03971782168780806
1079,0.0,0.0,0.0,0.0,0.0,0.0,0.9909371774953907,0.0,0.0,0.9909371774953907,0.0,0.0,0.0,0.9909371774953907,0.0,0.9909371774953907,0.9909371774953907,0.0,0.0,0.9909371774953907,0.019422815324351257,0.00451564438573682,0.004642555860423795,-0.019518193065902703
1080,0.0,0.0,0.0,0.0,0.0,0.0,0.9953718189246639,0.9953718189246639,0.0,0.9953718189246639,0.0,0.0,0.0,0.0,0.0,0.9953718189246639,0.9953718189246639,0.0,0.0,0.9953718189246639,0.001201276477234608,-0.015745984894228578,0.012012764772346066,0.007160124719984022
1081,0.0,0.0,0.0,0.0,0.0,0.0,1.0104064499599914,0.0,1.0104064499599914,1.0104064499599914,0.0,0.0,0.0,0.0,0.0,1.0104064499599914,1.0104064499599914,0.0,0.0,1.0104064499599914,-0.02181550916423197,-0.011866183620998923,0.02144095745094499,0.0018342853742946104
1082,1.0019272798581955,0.0,0.0,0.0,0.0,0.0,1.0019272798581955,0.0,0.0,1.0019272798581955,0.0,0.0,0.0,0.0,0.0,1.0019272798581955,1.0019272798581955,0.0,0.0,1.0019272798581955,0.019437750086405095,0.0048787145628411835,-0.008111372477974114,-0.01813237202946754
1083,0.0,0.0,0.0,1.0347060330361004,0.0,0.0,1.0347060330361004,0.0,0.0,1.0347060330361004,0.0,0.0,0.0,0.0,0.0,1.0347060330361004,1.0347060330361004,0.0,0.0,1.0347060330361004,0.009473481945739506,0.021802133461219234,-0.03073651276563688,-0.03524513567742226
1084,0.0,0.0,0.0,0.0,0.0,0.0,2.0622571281774116,0.0,0.0,1.0311285640887058,0.0,0.0,0.0,0.0,0.0,1.0311285640887058,1.0311285640887058,0.0,0.0,1.0311285640887058,0.01055267898713528,0.02172675315709981,-0.02828471968691153,-0.03512327654602944
1085,0.0,0.0,0.0,0.0,0.0,0.0,0.9902098546274725,0.0,0.0,0.9902098546274725,0.0,0.0,0.0,0.9902098546274725,0.0,0.9902098546274725,0.9902098546274725,0.0,0.0,0.9902098546274725,0.02301455552684723,-0.004345714419052556,7.820986246094008e-06,-0.008886516721513202
1086,0.0,0.0,0.0,0.0,0.0,0.0,1.0048471905162277,1.0048471905162277,0.0,1.0048471905162277,0.0,0.0,0.0,0.0,0.0,1.0048471905162277,1.0048471905162277,0.0,0.0,1.0048471905162277,0.018546238677493408,0.007218653965707344,-0.010135033717544966,-0.020477049441883468
1087,0.0,0.0,0.0,0.0,0.0,0.0,1.0238553838729387,0.0,1.0238553838729387,1.0238553838729387,0.0,0.0,0.0,0.0,0.0,1.0238553838729387,1.0238553838729387,0.0,0.0,1.0238553838729387,0.012824474168081065,0.00498548973758976,-0.023136132038136834,-0.018529215740472657
1088,0.9142158008518124,0.0,0.0,0.0,0.0,0.0,0.0,0.0,0.0,1.8284316017036248,0.0,0.0,0.0,0.0,0.0,0.9142158008518124,0.9142158008518124,0.0,0.0,0.9142158008518124,0.04048825393496228,0.013352908082316714,0.025063263198789782,0.006879773932118897
1089,0.0,0.0,0.0,0.9913906510901401,0.0,0.0,0.0,0.0,0.0,1.9827813021802803,0.0,0.0,0.0,0.0,0.0,0.9913906510901401,0.9913906510901401,0.0,0.0,0.9913906510901401,0.02200631037593646,-0.0011384898780543247,-0.00019575781362027298,-0.012062713774401898
1090,0.0,0.0,0.0,0.0,0.0,0.0,0.9862750406662123,0.0,0.0,1.9725500813324246,0.0,0.0,0.0,0.0,0.0,0.9862750406662123,0.9862750406662123,0.0,0.0,0.9862750406662123,0.02418610591841932,-0.0011326152304758884,0.002671938395393527,-0.012000469749549198
1091,0.0,0.0,0.0,0.0,0.0,0.0,0.0,0.0,0.0,1.765649684432272,0.0,0.0,0.0,0.882824842216136,0.0,0.882824842216136,0.882824842216136,0.0,0.0,0.882824842216136,0.046411129377960054,0.020841977029479427,0.033344053588552434,0.016577997787872074
1092,0.0,0.0,0.0,0.0,0.0,0.0,0.0,0.9223459258711343,0.0,1.8446918517422686,0.0,0.0,0.0,0.0,0.0,0.9223459258711343,0.9223459258711343,0.0,0.0,0.9223459258711343,0.038971706391105095,0.011395818968251854,0.022940388706742545,0.004346160062766131
1093,0.0,0.0,0.0,0.0,0.0,0.0,0.0,0.0,0.9429686419829324,1.8859372839658648,0.0,0.0,0.0,0.0,0.0,0.9429686419829324,0.9429686419829324,0.0,0.0,0.9429686419829324,0.027783498494474864,0.013772868057162449,0.008378842967586375,0.007096148497843888
1094,0.0,0.0,0.0,0.0,0.0,0.0,0.0,0.0,0.0,2.6505257137156795,0.0,0.0,0.0,0.0,0.0,0.8835085712385599,0.8835085712385599,0.0,0.0,0.8835085712385599,0.048886661699523395,0.01807431805663679,0.03641936271123281,0.013111086294047171
1095,0.0,0.0,0.0,0.0,0.0,0.0,0.0,0.0,0.0,2.022112391901113,0.0,1.0110561959505564,0.0,0.0,0.0,1.0110561959505564,1.0110561959505564,0.0,0.0,1.0110561959505564,0.013626691234743332,-0.0011610733306472941,-0.011219820197383023,-0.012301993657269477
1096,0.0,0.0,0.0,0.0,0.0,0.0,0.0,0.0,0.0,1.7835052096005302,0.8917526048002651,0.0,0.0,0.0,0.0,0.8917526048002651,0.8917526048002651,0.0,0.0,0.8917526048002651,0.045195705275669594,0.018242969826992528,0.031575294032980115,0.013233426064092654
1097,0.0,0.0,0.0,0.0,0.0,0.0,0.0,0.0,0.0,1.8139112079775583,0.0,0.0,0.9069556039887792,0.0,0.0,0.9069556039887792,0.9069556039887792,0.0,0.0,0.9069556039887792,0.040430332378703034,0.01651278513215402,0.025193741845481676,0.010907536654882059
1098,0.0,0.0,0.9606465188399401,0.0,0.0,0.0,0.0,0.0,0.0,1.9212930376798802,0.0,0.0,0.0,0.0,0.0,0.9606465188399401,0.9606465188399401,0.0,0.0,0.9606465188399401,0.022999186957577855,0.011004218115755669,0.0019044589358511615,0.0034456171508753086
1099,0.0,0.0,0.0,0.0,0.0,0.0,0.0,0.0,0.0,1.8649404951836441,0.0,0.0,0.0,0.0,0.9324702475918221,0.9324702475918221,0.9324702475918221,0.0,0.0,0.9324702475918221,0.03452095062380122,0.011520907543231278,0.01709402764930932,0.004393866591836002
1100,0.0,0.0,0.0,0.0,0.0,0.9627634946089181,0.0,0.0,0.0,1.9255269892178362,0.0,0.0,0.0,0.0,0.0,0.9627634946089181,0.9627634946089181,0.0,0.0,0.9627634946089181,0.02207044846682913,0.011028468100167972,0.0006843785701538794,0.0034532102539309322
1101,0.0,1.046698752333561,0.0,0.0,0.0,0.0,0.0,0.0,0.0,2.093397504667122,0.0,0.0,0.0,0.0,0.0,1.046698752333561,1.046698752333561,0.0,0.0,1.046698752333561,-0.0015608385198609097,-0.001202004410262994,-0.03120023609086371,-0.012735673312573258
1102,0.0,0.0,0.0,0.0,0.0,0.0,0.0,0.0,0.0,1.8875541427727758,0.0,0.0,0.0,0.0,0.0,1.8875541427727758,0.9437770713863879,0.0,0.0,0.9437770713863879,0.030824796583693092,0.010386164453944035,0.012157874644032556,0.002854092931942495
1103,0.0,0.0,0.0,0.0,0.0,0.0,0.0,0.0,0.0,1.867566153070087,0.0,0.0,0.0,0.0,0.0,0.9337830765350436,1.867566153070087,0.0,0.0,0.9337830765350436,0.03226255586735229,0.013218389554560474,0.01423434821323837,0.00650162982980538
1104,0.0,0.0,0.0,0.0,0.0,0.0,0.0,0.0,0.0,1.7873054474496755,0.0,0.0,0.0,0.0,0.0,0.8936527237248377,0.8936527237248377,0.0,0.0,1.7873054474496755,0.04555175409262047,0.017075085677236725,0.03196725769887785,0.01175317880642719
1105,0.0,0.0,0.0,0.0,0.0,0.0,0.0,0.0,0.0,1.7708253542166368,0.0,0.0,0.0,0.0,0.0,0.8854126771083184,0.8854126771083184,0.8854126771083184,0.0,0.8854126771083184,0.041657483663649075,0.024489957317395283,0.027329681398996202,0.021110200511641065
1106,0.0,0.0,0.0,0.0,0.0,0.0,0.0,0.0,0.0,1.8176994642211886,0.0,0.0,0.0,0.0,0.0,0.9088497321105943,0.9088497321105943,0.0,0.9088497321105943,0.9088497321105943,0.03549564662431786,0.020638195154234835,0.018972454705563847,0.016043971405289188
1107,0.0,0.0,0.0,0.0,0.0,0.0,1.0483455432696074,0.0,0.0,1.0483455432696074,0.0,1.0483455432696074,0.0,0.0,0.0,1.0483455432696074,1.0483455432696074,0.0,0.0,1.0483455432696074,0.005358919581527087,0.022089529507015954,-0.040084254780860064,-0.035709737577290346
1108,0.0,0.0,0.0,0.0,0.0,0.0,0.0,0.0,0.0,1.0597639872132196,0.0,1.0597639872132196,0.0,0.0,0.0,1.0597639872132196,2.1195279744264393,0.0,0.0,1.0597639872132196,-0.006133789898294869,-0.010567844802240151,-0.027237107435932724,-0.015825245076751777
1109,0.0,0.0,0.0,0.0,0.0,0.0,0.9928418466572935,0.0,0.0,0.9928418466572935,0.9928418466572935,0.0,0.0,0.0,0.0,0.9928418466572935,0.9928418466572935,0.0,0.0,0.9928418466572935,0.0222058143573487,-0.0011401563971630783,-0.0018271334678155598,-0.012080371149663609
1110,0.0,0.0,0.0,0.0,0.0,0.0,1.0015608256208528,0.0,0.0,1.0015608256208528,0.0,0.0,1.0015608256208528,0.0,0.0,1.0015608256208528,1.0015608256208528,0.0,0.0,1.0015608256208528,0.01956564899403607,0.0011679460252907348,-0.00782362271769609,-0.014470797922483448
1111,0.0,0.0,1.0322217893391228,0.0,0.0,0.0,1.0322217893391228,0.0,0.0,1.0322217893391228,0.0,0.0,0.0,0.0,0.0,1.0322217893391228,1.0322217893391228,0.0,0.0,1.0322217893391228,0.010285584602216569,0.008370940489400947,-0.02890171006250612,-0.021976604368234245
1112,0.0,0.0,0.0,0.0,0.0,0.0,1.0125231660682459,0.0,0.0,1.0125231660682459,0.0,0.0,0.0,0.0,1.0125231660682459,1.0125231660682459,1.0125231660682459,0.0,0.0,1.0125231660682459,0.016231165299968247,0.0072737968888126805,-0.015394655696905239,-0.02063347256012159
1113,0.0,0.0,0.0,0.0,0.0,1.0337872000609294,1.0337872000609294,0.0,0.0,1.0337872000609294,0.0,0.0,0.0,0.0,0.0,1.0337872000609294,1.0337872000609294,0.0,0.0,1.0337872000609294,0.009813450110417581,0.00838363539676393,-0.029974352691931667,-0.02200993287617919
1114,0.0,1.072617949345214,0.0,0.0,0.0,0.0,1.072617949345214,0.0,0.0,1.072617949345214,0.0,0.0,0.0,0.0,0.0,1.072617949345214,1.072617949345214,0.0,0.0,1.072617949345214,-0.0019632149246100695,0.022600969684022074,-0.05671917687110648,-0.03653652723351959
1115,0.0,0.0,0.0,0.0,0.0,0.0,1.0189889593124628,0.0,0.0,1.0189889593124628,0.0,0.0,0.0,0.0,0.0,2.0379779186249256,1.0189889593124628,0.0,0.0,1.0189889593124628,0.014274451737917568,0.008735317597474162,-0.01983904123475801,-0.022159687413096384
1116,0.0,0.0,0.0,0.0,0.0,0.0,1.0162167050477688,0.0,0.0,1.0162167050477688,0.0,0.0,0.0,0.0,0.0,1.0162167050477688,2.0324334100955377,0.0,0.0,1.0162167050477688,0.015126011678070256,0.005418701722572981,-0.017906890505399075,-0.018854527943013073
1117,0.0,0.0,0.0,0.0,0.0,0.0,0.9924089319350533,0.0,0.0,0.9924089319350533,0.0,0.0,0.0,0.0,0.0,0.9924089319350533,0.9924089319350533,0.0,0.0,1.9848178638701066,0.022329906420510713,0.0002385005597830479,-0.0015441559831650539,-0.013433182932182063
1118,0.0,0.0,0.0,0.0,0.0,0.0,0.9981408300226149,0.0,0.0,0.9981408300226149,0.0,0.0,0.0,0.0,0.0,0.9981408300226149,0.9981408300226149,0.9981408300226149,0.0,0.9981408300226149,0.020642490411432676,-0.008538880044413947,-0.0053845176256525,-0.004859922763981152
1119,0.0,0.0,0.0,0.0,0.0,0.0,1.0096822927941758,0.0,0.0,1.0096822927941758,0.0,0.0,0.0,0.0,0.0,1.0096822927941758,1.0096822927941758,0.0,1.0096822927941758,1.0096822927941758,0.01713834598318874,-0.0034964078232341857,-0.013341816368287676,-0.009982414585842697
1120,0.0,0.0,0.0,0.0,0.0,0.0,1.0185762081267664,0.0,0.0,1.0185762081267664,0.0,1.0185762081267664,0.0,0.0,0.0,1.0185762081267664,1.0185762081267664,0.0,0.0,1.0185762081267664,-0.0510183784354237,-0.04101864409146005,0.03326620960490681,0.04019460479521048
1121,0.0,0.0,0.0,0.0,0.0,0.0,0.9911257482846265,0.0,0.0,0.9911257482846265,0.9911257482846265,0.0,0.0,0.0,0.0,0.9911257482846265,0.9911257482846265,0.0,0.0,0.9911257482846265,0.016088558278019777,-0.0011381856698570677,0.005983369685269778,-0.01205949057805903
1122,0.0,0.0,0.0,0.0,0.0,0.0,0.9962704055761011,0.0,0.0,0.9962704055761011,0.0,0.0,0.9962704055761011,0.0,0.0,0.9962704055761011,0.9962704055761011,0.0,0.0,0.9962704055761011,0.005331935719470654,-0.005204123157823629,0.010365904153555698,-0.0067641222913037554
1123,0.0,0.0,1.0145774746259502,0.0,0.0,0.0,1.0145774746259502,0.0,0.0,1.0145774746259502,0.0,0.0,0.0,0.0,0.0,1.0145774746259502,1.0145774746259502,0.0,0.0,1.0145774746259502,-0.03189352824708513,-0.017703656972701147,0.025538862945593044,0.009480847648243007
1124,0.0,0.0,0.0,0.0,0.0,0.0,1.0009336970726563,0.0,0.0,1.0009336970726563,0.0,0.0,0.0,0.0,1.0009336970726563,1.0009336970726563,1.0009336970726563,0.0,0.0,1.0009336970726563,-0.008127045720094553,-0.015833969351530617,0.015827184369289194,0.007200133629679701
1125,0.0,0.0,0.0,0.0,0.0,1.015696076000614,1.015696076000614,0.0,0.0,1.015696076000614,0.0,0.0,0.0,0.0,0.0,1.015696076000614,1.015696076000614,0.0,0.0,1.015696076000614,-0.033770608287426306,-0.017723175772912575,0.02630640749933139,0.009491300560393665
1126,0.0,1.0354214096627519,0.0,0.0,0.0,0.0,1.0354214096627519,0.0,0.0,1.0354214096627519,0.0,0.0,0.0,0.0,0.0,1.0354214096627519,1.0354214096627519,0.0,0.0,1.0354214096627519,-0.07949094933961126,-0.04169700995249291,0.044907206925448764,0.04085934270390346
1127,0.0,0.0,0.0,0.0,0.0,0.0,1.0048264373018372,0.0,0.0,1.0048264373018372,0.0,0.0,0.0,0.0,0.0,2.0096528746036744,1.0048264373018372,0.0,0.0,1.0048264373018372,-0.01596810233988514,-0.018352487744359932,0.019023628881065943,0.010470523901341889
1128,0.0,0.0,0.0,0.0,0.0,0.0,1.008636000403645,0.0,0.0,0.0,0.0,0.0,0.0,1.008636000403645,0.0,1.008636000403645,2.01727200080729,0.0,0.0,1.008636000403645,-0.011037350253477133,-0.018742880317899623,0.015007599114023192,0.006136631053708556
1129,0.0,0.0,0.0,0.0,0.0,0.0,1.0046326176250557,0.0,0.0,1.0046326176250557,0.0,0.0,0.0,0.0,0.0,1.0046326176250557,2.0092652352501115,0.0,0.0,1.0046326176250557,-0.012581580177129825,-0.012617197385519748,0.017661768758994365,0.0029043911785995337
1130,0.0,0.0,0.0,0.0,0.0,0.0,0.9900543823123965,0.0,0.0,0.9900543823123965,0.0,0.0,0.0,0.0,0.0,0.9900543823123965,0.9900543823123965,0.0,0.0,1.980108764624793,0.01658414335442462,-0.003557773999527297,0.005770981608621921,-0.008851733275915687
1131,0.0,0.0,0.0,0.0,0.0,0.0,0.9990928137787146,0.0,0.0,0.9990928137787146,0.0,0.0,0.0,0.0,0.0,0.9990928137787146,0.9990928137787146,0.9990928137787146,0.0,0.9990928137787146,0.009747144314632961,0.011881565751894104,0.00862896883747663,-0.02935049268271836
1132,0.0,0.0,0.0,0.0,0.0,0.0,1.0047774163279106,0.0,0.0,1.0047774163279106,0.0,0.0,0.0,0.0,0.0,1.0047774163279106,1.0047774163279106,0.0,1.0047774163279106,1.0047774163279106,-0.004514022618716754,0.00294083456902103,0.014425085173384004,-0.017629313451598953
1133,0.0,0.0,0.0,0.0,0.0,0.0,0.9765585796387506,0.0,0.0,0.9765585796387506,0.0,0.0,0.0,0.9765585796387506,0.0,0.9765585796387506,0.9765585796387506,0.9765585796387506,0.0,0.0,0.019004208213343393,0.005040836879584487,-0.0034979199732471556,0.0028942952415687245
1134,0.0,0.0,0.0,0.0,0.0,0.0,0.9778645503150507,0.0,0.0,1.9557291006301014,0.0,0.0,0.0,0.0,0.0,0.9778645503150507,0.9778645503150507,0.9778645503150507,0.0,0.0,0.020281856333345546,0.008216156094527886,-0.0015215253989600398,-0.004841037343964077
1135,0.0,0.0,0.0,0.0,0.0,0.0,0.9935575481269737,0.0,0.0,0.9935575481269737,0.0,0.0,0.0,0.0,0.0,0.9935575481269737,0.9935575481269737,0.9935575481269737,0.9935575481269737,0.0,0.013107296360865031,0.006048419390998109,-0.013411253381127764,0.0006979895022908172
1136,0.0,0.0,0.0,0.0,0.0,0.0,0.9817549109548717,0.0,0.0,0.9817549109548717,0.9817549109548717,0.0,0.0,0.0,0.0,0.9817549109548717,0.9817549109548717,0.9817549109548717,0.0,0.0,0.013117015654753693,0.008248843454214335,0.0017395269834573285,-0.004860297047297011
1137,0.0,0.0,0.0,0.0,0.0,0.0,0.9979371826371473,0.0,0.0,0.0,0.0,0.0,0.0,0.9979371826371473,0.0,0.9979371826371473,1.9958743652742945,0.9979371826371473,0.0,0.0,-0.010636522031520131,-0.01655175291064864,0.011266032623050669,0.017985059681970783
1138,0.0,0.0,0.0,0.0,0.0,0.0,0.9993791082482818,0.0,0.0,0.9993791082482818,0.0,0.0,0.0,0.0,0.0,0.9993791082482818,1.9987582164965636,0.9993791082482818,0.0,0.0,-0.01223162483656975,-0.01055602209637405,0.013306970102166476,0.010101568582495541
1139,0.0,0.0,0.0,0.0,0.0,0.0,1.0034745627808783,0.0,0.0,2.0069491255617566,0.0,0.0,0.0,0.0,0.0,1.0034745627808783,1.0034745627808783,0.0,1.0034745627808783,0.0,0.013082779665772173,0.0028828761019040155,-0.010279704297156607,-0.009160514251397954
1140,0.0,0.0,0.0,0.0,0.0,0.0,0.0,0.0,0.0,0.9780617433846692,0.9780617433846692,0.0,0.0,0.0,0.0,2.9341852301540077,0.0,0.0,0.0,0.9780617433846692,0.006859832567311414,-0.002982772020581212,0.013549714327775023,0.004511481740825553
1141,0.0,0.0,1.0102946934602657,1.0102946934602657,0.0,0.0,0.0,0.0,0.0,0.0,1.0102946934602657,0.0,0.0,0.0,0.0,1.0102946934602657,0.0,0.0,0.0,2.0205893869205314,-0.040319436906568494,-0.03178944818766798,0.04165362979977191,0.020160561834199033
1142,0.0,0.0,1.014482829358467,0.0,0.0,1.014482829358467,0.0,0.0,0.0,0.0,0.0,0.0,0.0,0.0,0.0,1.014482829358467,1.014482829358467,0.0,0.0,2.028965658716934,-0.020199486983245623,-0.00451562296232395,0.005713056362347595,0.004519224224755026
1143,0.0,0.0,0.0,0.0,0.0,0.0,0.0,0.0,0.0,0.0,0.0,0.0,0.0,0.0,0.0,4.064242075469291,0.0,0.0,1.0160605188673228,1.0160605188673228,-0.003967640515138468,-0.0053868498801156765,-0.002359397879147875,-0.004346630592920926
1144,0.0,0.0,0.0,0.0,0.0,0.0,0.9489932076337729,0.0,0.0,1.8979864152675459,0.0,0.0,0.0,0.0,0.0,0.9489932076337729,0.0,0.0,0.0,1.8979864152675459,0.03343567799593029,0.0011928864361031154,0.02205159717181378,-0.0056733692376200245
1145,0.0,0.0,0.0,0.0,0.0,0.0,0.0,1.9351023053441643,0.0,0.0,0.0,0.0,1.9351023053441643,0.0,0.0,0.9675511526720821,0.0,0.9675511526720821,0.0,0.0,0.012909920389602965,-0.004435865963592709,0.013327684190687198,0.010647108711220326
1146,0.0,0.0,0.0,0.0,0.0,0.0,0.9423920124508658,0.0,0.0,1.8847840249017316,0.0,0.0,0.0,0.0,0.0,0.9423920124508658,0.0,0.9423920124508658,0.0,0.9423920124508658,0.03079146832597974,0.005099987302118358,0.01727591326256985,0.004440618658466322
1147,0.0,0.0,0.0,1.0413508297054475,1.0413508297054475,0.0,0.0,0.0,0.0,0.0,2.082701659410895,0.0,0.0,0.0,0.0,1.0413508297054475,0.0,0.0,1.0413508297054475,0.0,-0.007444095150479251,-0.012256209312991779,-0.010445640292916154,-0.01120488494906029
1148,0.0,0.0,0.0,1.0302502530851594,0.0,0.0,0.0,0.0,0.0,0.0,2.0605005061703188,0.0,0.0,0.0,0.0,1.0302502530851594,0.0,0.0,2.0605005061703188,0.0,-0.007416821013816943,-0.018325304552803342,-0.010871349701352511,0.0063632221828132845
1149,0.0,0.0,3.8961307456655327,0.0,0.0,0.0,0.0,0.0,0.0,0.0,0.0,0.0,0.0,0.0,0.0,0.9740326864163832,0.0,0.0,0.9740326864163832,0.0,0.01616190381665021,-0.00393448322650603,0.014801743594456877,-0.0010618506009842713
1150,0.0,0.0,1.0080788368793498,0.0,0.0,0.0,0.0,1.0080788368793498,0.0,0.0,0.0,0.0,0.0,0.0,0.0,3.0242365106380498,0.0,0.0,1.0080788368793498,0.0,-0.0013376363348336423,-0.004902227171411707,-0.0024523332805283437,0.0006133599074238745
1151,0.0,0.0,0.0,0.0,0.0,0.0,0.0,0.0,0.0,0.0,0.0,0.0,1.0111028250275262,0.0,0.0,3.033308475082579,1.0111028250275262,0.0,1.0111028250275262,0.0,-0.0024682080819884867,-0.007468181440084817,-0.001155308787298321,-1.1126718154593481e-05
1152,0.0,0.0,0.0,0.0,0.0,0.0,0.9640126894156943,0.0,0.0,1.9280253788313886,0.0,0.0,0.0,0.0,0.0,0.9640126894156943,0.0,0.0,0.9640126894156943,0.9640126894156943,0.02647260853776305,0.0028981773173997792,0.00804046094566204,-0.0014239362165191216
1153,1.9883233107412415,0.0,0.0,0.0,0.9941616553706207,0.0,0.0,0.0,0.9941616553706207,0.0,0.0,0.0,0.0,0.9941616553706207,0.0,0.0,0.9941616553706207,0.0,0.0,0.0,0.0035020806651586806,0.0063033706990275745,-0.007527641250370974,0.0035605345155640335
1154,1.0311994716277082,0.0,0.0,0.0,0.0,0.0,1.0311994716277082,0.0,0.0,1.0311994716277082,1.0311994716277082,0.0,0.0,0.0,0.0,0.0,2.0623989432554164,0.0,0.0,0.0,0.001298813745239151,-0.009236069984820376,-0.005158332182178897,-0.018103883205948107
1155,0.9568035638607075,0.0,0.0,0.0,0.0,0.9568035638607075,0.0,0.0,0.0,1.913607127721415,0.0,0.0,0.9568035638607075,0.0,0.0,0.0,0.9568035638607075,0.0,0.0,0.0,0.019954861441175968,0.01069526926411947,0.006723329275209382,0.005822976158787647
1156,0.9661478948953424,0.0,0.0,0.0,0.0,0.0,0.0,0.9661478948953424,0.0,0.0,0.9661478948953424,0.0,0.9661478948953424,0.0,0.0,0.0,1.9322957897906847,0.0,0.0,0.0,0.015556937680160277,0.004667452379333737,0.011184410559134196,0.002443304486029358
1157,0.9995343113981385,0.0,0.9995343113981385,0.0,0.0,0.0,0.0,0.0,0.0,0.0,0.0,0.0,0.0,0.0,0.0,2.9986029341944156,0.9995343113981385,0.0,0.0,0.0,0.0017957660154019454,0.0016992317474798482,-0.003971000757974114,0.0009416915969537514
1158,0.9491559885654098,0.0,0.0,0.0,0.0,0.0,0.0,0.0,0.0,0.0,0.0,0.0,0.0,0.0,0.0,0.0,1.8983119771308197,0.0,0.9491559885654098,1.8983119771308197,0.004454057189093451,0.015368670476757013,0.022808801051083072,0.008212482717656708
1159,0.986724847727063,0.0,0.0,0.0,0.986724847727063,0.0,0.0,0.0,0.986724847727063,0.0,0.0,0.0,0.0,0.986724847727063,0.0,0.0,0.986724847727063,0.0,0.0,0.986724847727063,0.004527481029883857,0.007853461392140802,-0.006037334125229566,0.006931543976141758
1160,0.988614816380651,0.988614816380651,0.0,0.0,0.0,0.0,0.0,0.0,0.988614816380651,0.0,0.0,0.0,0.0,0.0,0.0,0.0,1.977229632761302,0.0,0.0,0.988614816380651,0.016830720348799573,-0.0005808114678312454,-0.00508195927889261,0.00021723401727343923
1161,0.9926866701726061,0.0,0.0,0.0,0.0,0.0,0.0,0.9926866701726061,0.0,0.0,0.0,0.0,0.0,0.0,0.0,0.0,2.9780600105178183,0.0,0.0,0.9926866701726061,0.005886684119908957,0.0018355939485445996,-0.002130015786594654,0.0017210675455350017
1162,0.9779136922662559,0.0,0.9779136922662559,0.0,0.0,0.0,0.0,0.0,0.0,0.0,0.0,0.0,0.0,0.0,0.0,0.0,1.9558273845325118,0.0,0.0,1.9558273845325118,0.01843429667277398,0.0061961865706528195,-0.0036147699062255107,0.0010705943965428485
1163,1.9723619631135825,0.0,0.0,0.0,0.0,0.0,0.9861809815567912,0.0,0.0,0.0,0.0,0.0,0.0,0.0,0.0,0.0,0.9861809815567912,0.9861809815567912,0.9861809815567912,0.0,0.003990129565109677,0.02038618011196108,0.005588725851703916,-0.016146017085565866
1164,0.0,0.0,0.0,0.0,0.9680545055149307,0.0,0.0,0.9680545055149307,0.0,0.0,0.9680545055149307,0.0,0.9680545055149307,0.0,0.0,0.0,1.9361090110298613,0.0,0.0,0.0,0.013602737309609324,0.006422379199852521,0.006748866146264988,0.005171511829342425
1165,0.0,0.9895408885259359,0.0,0.0,0.9895408885259359,0.0,0.0,0.0,0.9895408885259359,0.0,0.0,0.0,0.0,0.0,0.0,0.0,1.9790817770518718,0.0,0.0,0.9895408885259359,0.013304409915867848,0.001484125158508666,-0.004871787918593419,0.0005423643182810369
1166,0.0,0.0,0.0,0.9734803735388826,0.0,0.0,0.9734803735388826,0.0,0.0,0.9734803735388826,0.0,0.0,0.0,0.0,0.0,0.0,1.9469607470777652,0.0,0.0,0.9734803735388826,0.022394036542417478,0.031574475243297574,-0.01007495852960116,-0.017373926794996435
1167,0.0,0.0,0.0,0.0,0.0,0.0,2.2705884719236877,0.0,0.0,0.0,0.0,1.513725647949125,0.0,0.0,0.0,0.0,0.7568628239745625,0.0,0.0,0.0,0.04028811809621014,0.08758831583678188,0.03354619891532948,0.08171454317711603
1168,0.0,0.0,0.0,0.0,0.0,0.0,1.0328772471174026,0.0,0.0,0.0,0.0,0.0,0.0,1.0328772471174026,1.0328772471174026,0.0,3.0986317413522078,0.0,0.0,0.0,-0.009953831406185278,-0.0222864508280158,0.001669667927930762,-0.0023066328111321813
1169,0.0,0.0,1.000177786049857,0.0,0.0,1.000177786049857,0.0,0.0,0.0,1.000177786049857,0.0,0.0,0.0,1.000177786049857,0.0,1.000177786049857,1.000177786049857,0.0,0.0,0.0,-0.03349479616709191,-0.004622372079922433,0.027639789934581785,0.010299592262575454
1170,0.0,0.0,0.986253732257235,0.0,0.0,0.0,0.0,0.0,0.0,0.986253732257235,0.0,0.0,0.0,0.986253732257235,0.986253732257235,0.986253732257235,0.986253732257235,0.0,0.0,0.0,-0.017574691074407026,-0.005990652396026136,0.025410130437643633,0.01190148077555447
1171,0.0,0.0,0.0,0.0,0.0,0.0,1.0309330626842144,0.0,0.0,1.0309330626842144,0.0,0.0,0.0,1.0309330626842144,0.0,1.0309330626842144,1.0309330626842144,1.0309330626842144,0.0,0.0,-0.010472508948947351,-0.024743315738312968,0.0044770898588245575,-0.00019432785577855525
1172,1.022425266163014,0.0,0.0,0.0,0.0,0.0,1.022425266163014,1.022425266163014,0.0,0.0,1.022425266163014,0.0,0.0,0.0,0.0,0.0,2.044850532326028,0.0,0.0,0.0,-0.0057863173650810765,-0.01143968518654182,0.0004576079047561325,-0.00565687151614711
1173,0.0,0.0,0.0,0.0,0.0,0.0,0.0,0.9448497494348083,0.0,1.8896994988696165,0.0,0.0,0.0,0.0,0.0,0.0,1.8896994988696165,0.0,0.0,0.9448497494348083,0.02264487146565011,0.007317586308730225,0.016709025577244463,0.008478767213567006
1174,0.0,0.0,0.0,0.0,0.0,0.0,0.0,0.9060962455932586,0.0,0.0,0.0,0.0,0.0,0.0,0.0,0.0,0.9060962455932586,0.0,0.0,3.6243849823730345,0.03810762730921618,0.01193355986388293,0.03336421246160715,0.01049835477203512
1175,0.0,0.0,0.0,0.0,0.0,0.0,0.969218041764068,0.0,0.0,1.938436083528136,0.969218041764068,0.0,0.0,0.0,0.0,0.0,1.938436083528136,0.0,0.0,0.0,0.009482224173034315,-0.0046898535073538715,0.01737472131167671,0.008614866258574843
1176,0.0,0.0,0.0,0.0,0.0,0.0,0.0,0.0,0.0,1.895943218625721,0.0,0.0,0.0,0.0,0.0,0.0,2.8439148279385815,0.0,0.0,0.9479716093128605,0.016556084510720097,0.009621994953916774,0.01690774157589745,0.008942569646605263
1177,0.0,0.0,0.0,0.0,0.0,1.021174122779514,0.0,1.021174122779514,1.021174122779514,1.021174122779514,0.0,0.0,0.0,0.0,0.0,0.0,2.042348245559028,0.0,0.0,0.0,0.0005645886184896793,0.000957366599548707,-0.020950270521813467,-0.0017458074757389507
1178,0.0,0.9653147696237183,0.0,0.0,0.0,0.0,0.9653147696237183,0.0,0.0,0.0,0.0,0.9653147696237183,0.0,0.0,0.9653147696237183,0.0,1.9306295392474366,0.0,0.0,0.0,0.012368740379342002,0.026860369545461206,-0.005204894447458788,0.0006610148989372265
1179,0.0,0.0,0.0,0.9826519861089648,0.0,0.0,0.0,0.0,0.0,0.0,0.0,1.9653039722179295,0.0,0.0,0.0,0.0,1.9653039722179295,0.0,0.0,0.9826519861089648,-0.0022973423856713017,0.0024672517404025125,-0.003220936115045918,0.02039904065135005
1180,1.0183007486769053,0.0,0.0,0.0,0.0,0.0,1.0183007486769053,0.0,0.0,0.0,0.0,1.0183007486769053,0.0,0.0,1.0183007486769053,1.0183007486769053,1.0183007486769053,0.0,0.0,0.0,-0.0038198208313101082,0.0022401011492821396,-0.015233170945749601,-0.0014878580491278523
1181,0.0,0.0,0.0,0.0,0.0,0.0,1.9726912483666874,0.0,0.0,0.0,0.0,0.9863456241833437,0.0,0.0,0.9863456241833437,0.0,0.9863456241833437,0.0,0.0,0.9863456241833437,-0.019584191158474644,0.006078745050247073,0.0021813302976979297,0.024978491627186006
1182,0.0,0.0,1.0942492651925855,1.0942492651925855,0.0,1.0942492651925855,0.0,0.0,0.0,0.0,1.0942492651925855,0.0,0.0,0.0,0.0,0.0,1.0942492651925855,1.0942492651925855,0.0,0.0,-0.018003366018412306,-0.01899287822649164,-0.013280982740971763,-0.04397203820670989
1183,0.0,0.0,0.0,0.0,0.0,0.0,0.0,0.0,0.0,0.0,2.1437581212369357,1.0718790606184678,0.0,0.0,0.0,1.0718790606184678,1.0718790606184678,0.0,0.0,1.0718790606184678,-0.025766095640844974,-0.025945224920799804,-0.008638177818784114,-0.011529562238038844
1184,0.0,0.0,1.0707065559351552,0.0,0.0,0.0,0.0,0.0,0.0,1.0707065559351552,1.0707065559351552,1.0707065559351552,0.0,0.0,0.0,0.0,1.0707065559351552,0.0,1.0707065559351552,0.0,-0.003574396603003933,-0.0031284782010430386,-0.0312646945772213,-0.03273898655388691
1185,0.0,0.0,1.0186866897065672,0.0,0.0,0.0,1.0186866897065672,0.0,0.0,0.0,1.0186866897065672,0.0,1.0186866897065672,0.0,0.0,0.0,1.0186866897065672,0.0,1.0186866897065672,0.0,0.0029372917809288236,0.005000822937697323,-0.004073909984688535,-0.022550894440504936
1186,0.0,0.0,3.8756209274617617,0.0,0.0,0.0,0.0,0.0,0.0,0.0,0.0,0.0,0.0,0.0,0.0,0.0,1.9378104637308808,0.0,0.0,0.0,0.013609589585413664,0.0003140234988367656,0.016514560461832365,0.0006565945884768741
1187,0.0,0.0,0.0,0.0,0.0,0.9977631132746554,0.0,2.993289339823966,0.9977631132746554,0.0,0.0,0.0,0.0,0.0,0.0,0.0,0.9977631132746554,0.0,0.0,0.0,0.006843551456720235,-0.00046434439283465266,-0.004591788709637252,0.0004494683710962426
1188,0.0,0.0,0.0,0.0,0.0,1.040010128091907,0.0,0.0,0.0,1.040010128091907,0.0,1.040010128091907,0.0,0.0,0.0,0.0,1.040010128091907,0.0,1.040010128091907,1.040010128091907,0.00274577481504935,-0.008039069846575908,-0.030779073290755635,-0.003937759769624736
1189,0.0,1.0448596854550953,0.0,0.0,0.0,1.0448596854550953,0.0,2.0897193709101907,0.0,0.0,0.0,0.0,0.0,1.0448596854550953,0.0,0.0,1.0448596854550953,0.0,0.0,0.0,0.023338431004036122,0.0028667600900534724,-0.04211315891569885,-0.028951717633486064
1190,0.0,0.0,0.0,0.0,0.0,0.9722141312378659,0.0,1.9444282624757319,0.0,0.0,0.0,0.0,0.0,0.9722141312378659,0.0,0.0,0.9722141312378659,0.0,0.0,0.9722141312378659,0.008040268303138226,-0.005159911351760843,0.01348406132081121,0.01142145048994538
1191,0.0,0.9578926533689329,0.0,0.0,0.0,0.0,0.9578926533689329,0.0,0.0,0.0,0.0,0.9578926533689329,0.0,0.0,0.9578926533689329,0.0,1.9157853067378658,0.0,0.0,0.0,0.01996244375613996,0.026653845423292622,-0.005164875033171794,0.0006559324848061657
1192,0.0,0.9527232405367941,1.9054464810735883,0.0,0.0,0.0,0.0,0.0,0.0,0.0,0.0,0.0,0.0,0.0,0.0,0.0,1.9054464810735883,0.0,0.0,0.9527232405367941,0.027022436510607418,0.0029021157560280815,0.015162684133462832,0.0021895230631075405
1193,0.0,0.0,0.0,0.0,0.0,0.0,0.0,0.9702018814834654,0.0,0.9702018814834654,0.0,0.0,0.0,0.0,0.0,0.0,2.9106056444503965,0.0,0.0,0.9702018814834654,0.0038202395135342095,0.0006864034865909893,0.01773208257753041,0.007559392938878882
1194,0.0,0.0,0.0,0.0,0.0,0.0,0.0,0.9388672926013069,0.0,0.0,0.0,0.0,0.0,0.0,0.0,0.0,1.8777345852026137,0.0,0.0,2.8166018778039206,0.02797806141594532,0.008053804419461196,0.019858619766733636,0.0052422217965530805
1195,0.0,0.0,0.0,0.0,0.0,0.0,0.9811072462260871,0.0,0.0,1.9622144924521743,0.0,0.0,0.0,0.0,0.0,0.0,1.9622144924521743,0.0,0.0,0.9811072462260871,0.023992218967128255,-0.0007658642233463581,0.0044712255105399225,-0.00880482648040898
1196,0.0,0.0,0.0,0.0,0.0,0.0,0.0,0.0,0.0,0.0,0.0,0.0,0.0,0.0,0.0,0.9914820175429109,2.9744460526287324,0.0,0.0,1.9829640350858218,0.00970526170062382,0.0032834469551717136,-0.00465163430621615,0.00018090810750973042
1197,0.0,0.0,0.0,0.0,0.0,0.0,0.0,0.0,0.0,0.0,0.0,0.0,0.0,0.0,0.0,0.0,3.929408929743402,0.0,0.0,1.964704464871701,0.011001120127766084,0.006123878266326108,-0.002793212746376567,0.0033159819164338576
1198,0.0,0.0,0.0,0.0,0.0,0.0,0.0,0.9538765077668425,0.9538765077668425,0.9538765077668425,0.0,0.0,0.0,0.9538765077668425,0.0,0.0,0.9538765077668425,0.0,0.0,0.9538765077668425,0.008695256854397034,0.010662550266973646,0.012038098928937205,0.014727586182849627
1199,0.0,0.0,0.0,0.0,0.0,0.0,0.0,0.9383401196986675,0.0,0.9383401196986675,0.0,0.0,0.0,0.9383401196986675,0.9383401196986675,0.0,0.9383401196986675,0.0,0.0,0.9383401196986675,0.021759585323635606,0.0053325453764105244,0.021862108347129126,0.012705641254157221
1200,0.0,0.9823114925295043,0.0,0.0,0.0,0.0,0.0,0.0,0.0,1.9646229850590087,0.0,0.0,0.0,0.0,0.0,0.0,0.9823114925295043,0.0,0.0,1.9646229850590087,0.009577218949459397,0.0034929869935847284,0.003483612531033103,0.0011346889964185618
1201,0.0,0.0,0.0,0.0,0.0,1.0988121969519518,0.0,1.0988121969519518,0.0,0.0,0.0,1.0988121969519518,0.0,1.0988121969519518,0.0,0.0,1.0988121969519518,0.0,0.0,1.0988121969519518,-0.009712112607830635,-0.012478470508796491,-0.043914532761488455,-0.03270708107383622
1202,0.0,0.0,0.0,0.0,0.0,0.0,0.0,0.0,0.0,0.0,0.0,0.0,0.0,0.0,0.0,0.9918289320628099,2.9754867961884295,0.0,0.0,1.9836578641256197,0.00970865752237731,0.0032845958165770755,-0.0038307155958384916,-0.000991469805925719
1203,0.0,1.120048131796025,0.0,0.0,0.0,1.120048131796025,0.0,0.0,0.0,2.24009626359205,0.0,0.0,0.0,0.0,0.0,0.0,1.120048131796025,0.0,1.120048131796025,0.0,-0.03531518589042725,-0.011835369553347958,-0.06285578196788594,-0.010041794384363763
1204,0.0,0.0,0.0,0.0,0.9603409584190604,0.0,0.0,0.0,0.0,0.0,0.0,0.0,0.0,0.9603409584190604,0.0,0.9603409584190604,0.9603409584190604,0.0,1.9206819168381208,0.0,0.0011205680275580727,0.01237116280327058,0.007796190236857666,0.01837112051325328
1205,0.0,0.0,0.0,0.0,0.0,0.0,1.0650123748518554,0.0,0.0,1.0650123748518554,0.0,0.0,0.0,0.0,0.0,0.0,1.0650123748518554,0.0,2.130024749703711,1.0650123748518554,-0.0040937426079270325,-0.01350404932067696,-0.013834606868158893,-0.03357997605509249
1206,0.954730570009322,0.0,0.954730570009322,0.0,0.0,0.0,0.0,0.0,0.0,0.954730570009322,0.0,0.0,0.0,0.954730570009322,0.0,0.0,0.954730570009322,0.0,0.0,0.954730570009322,-0.0066982055639943396,-0.0008008563435588052,0.03120366401659627,0.021564827881634902
1207,0.9571994868080832,0.0,0.0,0.0,0.0,0.0,0.0,0.0,0.0,0.9571994868080832,0.0,0.9571994868080832,0.0,0.0,0.0,0.0,0.0,0.0,0.9571994868080832,1.9143989736161664,0.029297519808534542,-0.003178749600318636,0.011325269579166167,0.005356473404534803
1208,0.9516013815321871,0.0,0.0,0.0,0.0,0.0,0.0,0.0,0.9516013815321871,0.0,0.0,0.0,0.9516013815321871,0.9516013815321871,0.0,0.0,0.0,0.0,0.0,1.9032027630643742,0.016671588806690892,0.011585673009921627,0.008247606148056388,0.011893750503144025
1209,0.9988662539127823,0.0,0.9988662539127823,0.0,0.0,0.0,0.0,0.0,0.0,0.9988662539127823,0.0,0.0,0.0,0.9988662539127823,0.0,0.0,0.9988662539127823,0.0,0.0,0.9988662539127823,0.008741407763530046,0.009118800523913577,-0.016311245984745815,-0.0004152162154801403
1210,1.0054814432370238,0.0,2.0109628864740476,0.0,0.0,0.0,0.0,0.0,0.0,0.0,0.0,0.0,0.0,0.0,0.0,1.0054814432370238,1.0054814432370238,0.0,0.0,1.0054814432370238,0.009993717010089867,0.0015380151858731335,-0.015176409095900935,-0.001836766337085901
1211,0.9931028818178642,0.9931028818178642,0.0,0.0,0.0,0.0,0.0,0.0,0.0,0.0,0.0,0.0,0.0,0.0,0.0,0.0,2.979308645453593,0.0,0.0,0.9931028818178642,0.009350898687125254,-0.002076793589250001,0.0005752146603197502,-0.0009522015760591158
1212,0.9417839819165679,0.0,0.0,0.0,0.0,0.0,0.0,0.0,0.0,0.0,0.0,0.0,0.0,0.0,0.0,0.0,0.9417839819165679,0.0,0.9417839819165679,2.8253519457497034,0.011368017103244319,0.01608777608742826,0.021931188116863544,0.008829036775896032
1213,0.9376123212989829,0.0,0.0,0.0,0.0,0.0,0.0,0.0,0.9376123212989829,0.0,0.0,0.0,0.0,0.9376123212989829,0.0,0.0,0.0,0.0,0.0,2.8128369638969484,0.017382317579691123,0.011718905872381415,0.01985676019811342,0.013429695050831254
1214,1.0130736049513052,0.0,0.0,0.0,0.0,0.0,0.0,0.0,0.0,0.0,1.0130736049513052,1.0130736049513052,1.0130736049513052,0.0,0.0,0.0,0.0,1.0130736049513052,0.0,1.0130736049513052,-0.005543488580438499,-0.006507432280066829,0.013274606747903388,-0.014297290838703338
1215,0.0,0.0,0.0,0.0,0.9635493278910918,0.0,0.0,0.0,0.0,0.9635493278910918,0.0,0.9635493278910918,0.0,0.0,0.0,0.0,0.0,0.0,0.9635493278910918,1.9270986557821836,0.021254361681610438,0.0007268469239723486,0.006879813434608932,0.007589650068716387
1216,0.0,0.0,0.0,1.0646966635473216,0.0,0.0,0.0,0.0,0.0,1.0646966635473216,0.0,1.0646966635473216,0.0,0.0,0.0,0.0,0.0,0.0,1.0646966635473216,2.1293933270946432,-0.009337693707701484,-0.033907910192383414,-0.010410721190683031,-0.011040338456553665
1217,1.0359859078437752,0.0,0.0,1.0359859078437752,0.0,1.0359859078437752,0.0,0.0,0.0,0.0,0.0,0.0,0.0,0.0,0.0,1.0359859078437752,1.0359859078437752,0.0,0.0,1.0359859078437752,-0.0033504772928675463,-0.0087317141553609,-0.018969854747552736,-0.004933861647994011
1218,0.9847608204137229,0.0,0.0,0.9847608204137229,0.0,0.0,0.0,0.0,0.0,0.0,0.0,0.9847608204137229,0.0,0.0,0.9847608204137229,0.0,0.9847608204137229,0.0,0.0,0.9847608204137229,-0.009930884101521547,-0.01311851506473713,0.004666768844699976,0.03362180990783573
1219,0.9853808325468907,0.0,0.0,0.0,0.0,0.0,0.9853808325468907,0.0,0.0,0.0,1.9707616650937814,0.0,0.0,0.0,0.0,0.0,0.0,0.0,0.9853808325468907,0.9853808325468907,-0.000514705490846651,0.005634855212777282,0.015176547991194207,-0.005677530260015397
1220,0.0,0.0,0.0,1.0515515698490114,0.0,0.0,1.0515515698490114,0.0,0.0,1.0515515698490114,1.0515515698490114,1.0515515698490114,0.0,0.0,0.0,0.0,0.0,0.0,0.0,1.0515515698490114,-0.05257038040783966,-0.027122521499193954,0.014623185736550444,0.013518146321471653
1221,0.0,0.0,0.0,0.0,0.0,0.0,2.1304150207775536,0.0,0.0,0.0,0.0,1.0652075103887768,0.0,0.0,1.0652075103887768,0.0,0.0,0.0,0.0,2.1304150207775536,-0.02053752656486382,0.007528244856028759,-0.026182317567397934,-0.026015911112543835
1222,0.0,0.0,0.0,0.0,0.0,0.0,1.057468775475748,0.0,0.0,1.057468775475748,0.0,1.057468775475748,0.0,0.0,0.0,0.0,0.0,0.0,1.057468775475748,2.114937550951496,-0.004891058965520696,-0.03367772014107344,-0.00793460726988501,-0.010965389099268754
1223,0.0,0.0,0.0,0.0,0.0,0.0,0.0,0.8198678901483383,0.0,0.8198678901483383,0.0,0.0,0.0,2.4596036704450146,0.0,0.0,0.0,0.0,0.0,0.8198678901483383,0.05544816696539097,0.03878905112327924,0.05304249186094811,0.032852399902043396
1224,0.0,0.0,0.9075108234943275,0.0,0.0,0.9075108234943275,0.0,0.0,0.0,0.9075108234943275,0.0,0.0,0.0,1.815021646988655,0.0,0.0,0.0,0.0,0.0,0.9075108234943275,0.037560246084175554,0.0291061814938797,0.00987006542923394,0.01595268349838326
1225,0.0,0.0,1.9181945732260446,0.0,0.0,0.0,0.0,0.0,0.0,0.0,0.0,0.0,0.0,1.9181945732260446,0.0,0.0,0.9590972866130223,0.0,0.0,0.9590972866130223,0.02444785515809073,0.01989576507721109,-0.006719246289576477,0.0032783394412523874
1226,0.0,0.0,0.0,0.0,0.0,0.0,0.0,0.0,0.0,0.9149058091812937,0.0,0.9149058091812937,0.0,0.9149058091812937,0.0,0.0,0.0,0.0,0.9149058091812937,1.8298116183625874,0.04151313930977731,0.011875503515315484,0.018238957599547054,0.013466590394066485
1227,0.0,0.0,1.946541123624588,0.0,0.0,0.0,0.0,1.946541123624588,0.0,0.0,0.0,0.0,0.0,0.973270561812294,0.0,0.0,0.0,0.0,0.0,0.973270561812294,0.01942092800448556,-0.002756716605739502,0.0027289540221629095,0.007336272766796918
1228,0.0,0.0,0.0,0.0,0.0,0.0,0.0,0.9682969679295886,0.0,0.9682969679295886,0.0,0.9682969679295886,0.0,0.0,0.0,0.0,0.0,0.0,0.9682969679295886,1.9365939358591773,0.026125265455265084,-0.007161634396210523,0.009529297645568006,0.003210103365788825
1229,0.0,0.0,0.0,1.0089187435096718,0.0,1.0089187435096718,0.0,2.0178374870193436,0.0,0.0,0.0,0.0,0.0,0.0,0.0,1.0089187435096718,0.0,0.0,0.0,1.0089187435096718,-0.0023587514460139554,0.004780958710662545,-0.012837664120028663,0.001496713345708201
1230,0.0,0.0,0.0,0.0,0.0,0.0,0.0,0.0,0.9962258821554367,0.9962258821554367,0.0,0.9962258821554367,0.0,0.0,0.0,0.0,0.0,0.0,0.9962258821554367,1.9924517643108735,0.004167159034006334,-0.0033083517786753718,-0.002659553915207973,0.005574864504440264
1231,0.0,0.0,2.9631391196858914,0.0,0.0,0.0,0.0,0.0,0.9877130398952971,0.0,0.0,0.0,0.0,0.0,0.0,0.9877130398952971,0.0,0.0,0.0,0.9877130398952971,0.008000978024658139,0.0023775770578590167,0.0028396606873786687,-0.0009312556651929734
1232,0.0,0.0,0.0,0.0,0.0,0.0,0.0,0.0,0.0,1.7759413285057848,0.0,0.0,0.8879706642528924,0.8879706642528924,0.0,0.0,0.8879706642528924,0.0,0.0,0.8879706642528924,0.036351278611900864,0.020411202058333824,0.03303811574507904,0.022228739331793784
1233,0.9401521473056628,0.0,0.0,0.0,0.0,0.9401521473056628,0.0,0.9401521473056628,0.0,1.8803042946113255,0.0,0.0,0.0,0.0,0.0,0.0,0.0,0.0,0.0,0.9401521473056628,0.03112619733879065,0.00450849314451165,0.019150660729866983,0.005062501481167903
1234,0.0,0.0,0.0,0.0,0.0,0.0,0.0,0.0,0.0,1.8319485278685912,0.0,0.9159742639342956,0.0,0.0,0.0,0.0,0.0,0.0,0.9159742639342956,1.8319485278685912,0.046070253741695696,0.006663445978660264,0.02073450804392271,0.010557528301425851
1235,0.0,0.0,0.0,0.0,0.0,0.0,0.0,0.0,0.0,1.7333573030101739,1.7333573030101739,0.0,0.0,0.0,0.0,0.8666786515050869,0.0,0.0,0.0,0.8666786515050869,0.04829312300139766,0.021553594326093495,0.044261698668596534,0.019212932498825424
1236,0.0,0.0,0.0,0.0,0.0,0.0,0.0,0.9639324180857111,0.0,0.9639324180857111,0.9639324180857111,0.0,0.0,0.0,0.0,1.9278648361714221,0.0,0.0,0.0,0.9639324180857111,0.007857068900642824,-0.0008249998438082236,0.02296213159335151,0.00607338126410295
1237,0.9216656143014307,0.0,0.0,0.0,0.0,0.0,0.0,0.0,0.0,0.9216656143014307,0.0,0.0,0.0,0.0,0.0,0.0,1.8433312286028614,0.0,0.0,1.8433312286028614,0.035154656196366284,0.011848079492051074,0.0235009832727165,0.007830666737435462
1238,0.0,0.9827587895744366,0.0,0.0,0.0,0.0,0.0,0.0,0.0,1.9655175791488733,0.0,0.0,0.0,0.0,0.0,0.0,0.9827587895744366,0.0,0.0,1.9655175791488733,0.011449667206274413,0.0011711387411524926,0.00348519879934277,0.0011352056787936277
1239,0.8848057345641295,0.0,0.0,0.0,0.0,0.8848057345641295,0.0,0.0,0.0,1.769611469128259,0.0,0.0,0.0,0.0,0.0,0.0,0.0,0.8848057345641295,0.0,0.8848057345641295,0.037780609448105164,0.031325418465358544,0.024557489320890132,0.021530748201516684
1240,2.207310712347302,0.0,0.0,0.0,0.0,0.0,0.0,0.0,0.0,0.0,0.0,2.207310712347302,0.0,0.0,0.0,0.0,0.0,0.0,0.0,2.207310712347302,-0.024881845324689632,-0.01639643322064574,-0.03175898839205643,-0.03061808923625924
1241,0.0,0.0,0.0,0.0,0.0,0.0,0.0,0.0,0.0,1.092704387721792,0.0,2.185408775443584,0.0,0.0,0.0,0.0,0.0,0.0,1.092704387721792,2.185408775443584,-0.026568192870163074,-0.03479988574609358,-0.020005545436927622,-0.0113307636686077
1242,0.0,0.0,0.0,0.0,0.0,0.0,1.5880784933555134,0.0,0.0,0.0,0.0,2.3821177400332703,0.0,0.0,0.0,0.0,0.0,0.0,0.0,0.7940392466777567,0.02841104652118694,0.08391585082434211,0.017873973375040344,0.07575988260167386
1243,0.0,0.0,0.0,0.0,0.0,1.087637309560039,0.0,2.175274619120078,0.0,0.0,0.0,1.087637309560039,0.0,1.087637309560039,0.0,0.0,0.0,0.0,0.0,1.087637309560039,-0.006355823615687795,-0.012943062359649978,-0.03636358086845346,-0.03197484271624773
1244,0.0,0.940046438355357,0.0,1.880092876710714,0.0,0.0,0.0,0.0,0.0,0.0,0.0,0.940046438355357,0.0,0.0,0.0,0.0,0.0,0.940046438355357,0.0,0.940046438355357,0.009800709520854734,-0.010513962674479502,0.01219520105151812,0.04847161374674974
1245,0.0,0.0,0.0,0.0,0.0,0.0,0.0,0.0,0.0,0.9268749132405368,0.9268749132405368,0.9268749132405368,0.0,0.0,0.0,0.0,0.0,0.0,0.9268749132405368,1.8537498264810737,0.03893466151978111,0.006742745027382958,0.01676451092063379,0.010683169291665308
1246,0.9821796785993521,0.0,0.0,0.0,0.0,0.9821796785993521,0.9821796785993521,0.0,0.0,0.0,0.9821796785993521,0.0,0.0,0.0,0.0,0.0,0.0,0.0,0.0,1.9643593571987041,0.005219287317640968,-0.003046931939169665,0.02172892951354392,-0.006080963491367226
1247,0.0,0.0,0.0,0.0,0.0,0.0,0.0,0.0,0.0,0.947251011781736,0.0,0.947251011781736,0.947251011781736,0.0,0.0,0.0,0.0,0.0,0.947251011781736,1.894502023563472,0.029483819943996754,0.0030307109531308996,0.01147690311461912,0.008757554206517361
1248,0.0,0.0,1.0207799103032473,0.0,0.0,0.0,0.0,0.0,0.0,1.0207799103032473,0.0,1.0207799103032473,0.0,0.0,0.0,0.0,0.0,0.0,1.0207799103032473,2.0415598206064947,-0.005779155615478859,-0.009213768726981224,-0.008239811717381966,0.002452825756594801
1249,0.0,0.0,4.0615205918251345,0.0,0.0,0.0,0.0,0.0,0.0,1.0153801479562836,0.0,0.0,0.0,0.0,0.0,0.0,0.0,0.0,0.0,1.0153801479562836,-0.0010008696762609202,-0.0019445995762274145,-0.009383153214946125,-0.003051525488849173
1250,0.0,0.0,4.854003599126958,0.0,0.0,0.0,0.0,0.0,0.0,0.0,0.0,0.0,0.0,0.0,0.0,0.0,0.0,0.0,0.0,0.9708007198253917,0.01626776441322034,0.0004290515850730954,0.012559671054324529,-5.720687800974656e-05
1251,0.0,0.0,1.057240214521001,0.0,0.0,2.114480429042002,0.0,0.0,0.0,0.0,1.057240214521001,0.0,0.0,0.0,0.0,0.0,0.0,0.0,1.057240214521001,1.057240214521001,-0.011421138115732839,0.004265335367882081,-0.039898272994471275,-0.010186138778679058
1252,0.0,0.0,1.0245957222996869,0.0,0.0,1.0245957222996869,0.0,0.0,0.0,0.0,0.0,0.0,0.0,0.0,0.0,0.0,1.0245957222996869,0.0,0.0,3.0737871668990606,-0.02820856384266639,-0.004186736820963887,0.0031480122790413976,0.004651566084902024
1253,0.0,1.0126822730832423,1.0126822730832423,0.0,1.0126822730832423,0.0,1.0126822730832423,0.0,0.0,0.0,0.0,0.0,0.0,0.0,0.0,0.0,0.0,1.0126822730832423,0.0,1.0126822730832423,0.004461019143725269,0.024323254815047546,-0.009124933073989802,-0.03234161396802542
1254,0.0,1.028913383933271,1.028913383933271,0.0,0.0,0.0,1.028913383933271,0.0,0.0,0.0,0.0,0.0,0.0,0.0,0.0,0.0,0.0,1.028913383933271,1.028913383933271,1.028913383933271,0.004509764950377828,0.02459914643649028,-0.00792622071408309,-0.05009607460605593
1255,0.995548813682877,0.0,0.0,0.0,0.0,0.995548813682877,0.0,0.995548813682877,0.0,0.995548813682877,0.0,0.0,0.0,0.0,0.995548813682877,0.0,0.0,0.0,0.0,0.995548813682877,0.012352492310005224,-0.0006711160010165999,-0.0025083464481147097,-0.004721843543750813
1256,0.0,0.0,0.0,0.0,0.0,0.0,0.0,0.0,0.0,0.9820321611728732,0.0,0.9820321611728732,0.0,0.0,0.9820321611728732,0.0,0.0,0.0,0.9820321611728732,1.9640643223457463,0.01733709694904225,-0.0072632214460801835,0.00463832497115572,0.0032556383530090204
1257,0.0,0.0,0.0,0.0,0.0,1.0231089200064805,0.0,2.046217840012961,0.0,0.0,0.0,0.0,0.0,0.0,1.0231089200064805,0.0,0.0,0.0,1.0231089200064805,1.0231089200064805,0.0017433051092289,-0.004225696759084208,-0.015757624982986808,-0.00486890337363841
1258,1.0606436102259391,0.0,0.0,0.0,0.0,1.0606436102259391,0.0,0.0,0.0,0.0,0.0,1.0606436102259391,0.0,0.0,0.0,0.0,0.0,0.0,1.0606436102259391,2.1212872204518782,-0.009880739046156327,-0.01298027293471088,-0.023836193900630343,-0.013946404344441646
1259,0.0,0.0,0.0,0.0,1.059973014127938,1.059973014127938,0.0,0.0,0.0,0.0,0.0,1.059973014127938,0.0,0.0,0.0,0.0,0.0,0.0,1.059973014127938,2.119946028255876,-0.01072173805059011,-0.01166263057163081,-0.02999128548404266,-0.0075973600216743915
1260,0.0,0.0,0.0,1.1603458253550445,0.0,1.1603458253550445,0.0,0.0,0.0,0.0,0.0,1.1603458253550445,0.0,0.0,0.0,0.0,0.0,0.0,1.1603458253550445,2.320691650710089,-0.015081550782493095,-0.024234455784752692,-0.057188184785340844,-0.06384163400245779
1261,0.0,0.0,0.0,0.0,0.0,1.1560400802864308,1.1560400802864308,0.0,0.0,0.0,0.0,1.1560400802864308,0.0,0.0,0.0,0.0,0.0,0.0,1.1560400802864308,2.3120801605728616,-0.014577570817685617,-0.02414452794926985,-0.05371324740907712,-0.06360473411039828
1262,0.0,0.0,0.0,0.0,0.0,2.038821929561401,0.0,0.0,0.0,0.0,1.0194109647807006,0.0,0.0,1.0194109647807006,0.0,1.0194109647807006,0.0,0.0,0.0,1.0194109647807006,-0.015202542911275116,0.004910290797051256,-0.01097839167053366,0.0018596790040567783
1263,0.0,0.0,0.0,0.0,0.0,1.0171632838970432,0.0,0.0,0.0,0.0,0.0,1.0171632838970432,0.0,1.0171632838970432,0.0,0.0,0.0,0.0,1.0171632838970432,2.0343265677940865,-0.008071364242935463,-0.00742195344743868,-0.012631926056379087,0.01096195984971009
1264,0.0,0.0,0.0,0.0,0.0,1.0720431462101319,0.0,1.0720431462101319,0.0,0.0,0.0,1.0720431462101319,0.0,0.0,0.0,0.0,0.0,0.0,1.0720431462101319,2.1440862924202637,-0.010350465541723612,-0.014444128055322839,-0.026739831626933226,-0.020508720986152106
1265,0.0,0.0,0.0,0.0,0.0,1.084174416105267,0.0,0.0,1.084174416105267,0.0,0.0,1.084174416105267,0.0,0.0,0.0,0.0,0.0,0.0,1.084174416105267,2.168348832210534,-0.012778499810493336,-0.013268245520169922,-0.04387185983007563,-0.01425581094452833
1266,1.0146273371267156,0.0,0.0,0.0,0.0,1.0146273371267156,0.0,0.0,0.0,1.0146273371267156,0.0,1.0146273371267156,0.0,0.0,0.0,0.0,0.0,0.0,1.0146273371267156,1.0146273371267156,-0.01564515883000661,-0.019733046950025684,0.0052383821311369596,0.01551248652217965
1267,0.0,0.0,0.0,0.0,1.0112645921456842,1.0112645921456842,0.0,0.0,0.0,1.0112645921456842,0.0,1.0112645921456842,0.0,0.0,0.0,0.0,0.0,0.0,1.0112645921456842,1.0112645921456842,-0.0213569301166734,-0.014397763948139146,0.015544584183479308,0.00894551773564913
1268,0.0,0.0,0.0,0.9852454321934349,0.0,0.9852454321934349,0.0,0.0,0.0,0.9852454321934349,0.0,0.9852454321934349,0.0,0.0,0.0,0.0,0.0,0.0,0.9852454321934349,0.9852454321934349,-0.04105664853764781,-0.055101654267906884,0.05141419198033342,0.05949867863178639
1269,0.0,0.0,0.0,0.0,0.0,0.9873722275390876,0.9873722275390876,0.0,0.0,0.9873722275390876,0.0,0.9873722275390876,0.0,0.0,0.0,0.0,0.0,0.0,0.9873722275390876,0.9873722275390876,-0.03841681426188606,-0.05522059919066979,0.04663807074328059,0.05962711517018766
1270,0.0,0.0,0.0,0.0,0.0,1.0278888663216073,0.0,0.0,0.0,1.0278888663216073,0.0,1.0278888663216073,0.0,1.0278888663216073,0.0,0.0,0.0,0.0,1.0278888663216073,1.0278888663216073,-0.0057306398246644175,0.0014350934360575676,-0.01281789550884162,-0.010775424424158637
1271,0.0,0.0,0.0,0.0,0.0,1.0114001928701444,0.0,1.0114001928701444,0.0,1.0114001928701444,0.0,1.0114001928701444,0.0,0.0,0.0,0.0,0.0,0.0,1.0114001928701444,1.0114001928701444,-0.01804089900358532,-0.024940872694588712,0.009602001683629808,0.021979577144399885
1272,0.0,0.0,0.0,0.0,0.0,1.0004793311940754,0.0,0.0,1.0004793311940754,1.0004793311940754,0.0,1.0004793311940754,0.0,0.0,0.0,0.0,0.0,0.0,1.0004793311940754,1.0004793311940754,-0.03305184095912693,-0.01945788851982939,0.03673421852215367,0.015296179762727149
1273,0.0,0.0,1.050504132459597,0.0,0.0,1.050504132459597,0.0,0.0,0.0,2.101008264919194,0.0,1.050504132459597,0.0,0.0,0.0,0.0,0.0,0.0,0.0,1.050504132459597,-0.0010288539477736486,0.0059595269259134906,-0.03912134164316745,-0.01631346379456927
1274,0.0,0.0,0.0,0.0,0.0,1.0288106469764517,0.0,0.0,0.0,2.0576212939529035,0.0,1.0288106469764517,0.0,0.0,0.0,0.0,0.0,0.0,1.0288106469764517,1.0288106469764517,-0.0023597518762331514,-0.006069464945971852,-0.018876389836396727,-0.0015050403178500532
1275,0.0,0.0,0.0,0.0,0.0,0.9773508967777594,0.0,0.0,0.0,0.9773508967777594,0.0,1.9547017935555189,0.0,0.0,0.0,0.0,0.0,0.0,0.9773508967777594,0.9773508967777594,-0.05085555336603843,-0.054660137923992595,0.06914286452635189,0.05902192998591974
1276,0.0,0.0,0.0,0.0,0.0,1.0242032888012016,0.0,0.0,0.0,1.0242032888012016,1.0242032888012016,1.0242032888012016,0.0,0.0,0.0,0.0,0.0,0.0,1.0242032888012016,1.0242032888012016,-0.008009660817672975,-0.00604228385193827,-0.008653043887662465,-0.0014983002439278921
1277,0.0,0.0,0.0,0.0,0.0,1.016942900533031,0.0,0.0,0.0,1.016942900533031,0.0,1.016942900533031,1.016942900533031,0.0,0.0,0.0,0.0,0.0,1.016942900533031,1.016942900533031,-0.015329592002937974,-0.011298924339828372,0.0046211533807934396,0.0050644624289418955
1278,0.0,0.0,0.9936034136528361,0.0,0.0,0.9936034136528361,0.0,0.0,0.0,0.9936034136528361,0.0,0.9936034136528361,0.0,0.0,0.0,0.0,0.0,0.0,0.9936034136528361,0.9936034136528361,-0.03934567810711581,-0.026573147361818872,0.048161884981524204,0.024153526834574324
1279,0.0,0.0,0.0,0.0,0.0,1.0063932386063132,0.0,0.0,0.0,1.0063932386063132,0.0,1.0063932386063132,0.0,0.0,1.0063932386063132,0.0,0.0,0.0,1.0063932386063132,1.0063932386063132,-0.024208888608786523,-0.024817402470079995,0.02076228560748306,0.02187076686507014
1280,0.0,0.0,0.0,0.0,0.0,1.9853200440069128,0.0,0.0,0.0,0.9926600220034564,0.0,0.9926600220034564,0.0,0.0,0.0,0.0,0.0,0.0,0.9926600220034564,0.9926600220034564,-0.040508415232825334,-0.02654791708888058,0.05026571641164813,0.024130593906601546
1281,0.0,0.9640896142994126,0.0,0.0,0.0,0.9640896142994126,0.0,0.0,0.0,0.9640896142994126,0.0,0.9640896142994126,0.0,0.0,0.0,0.0,0.0,0.0,0.9640896142994126,0.9640896142994126,-0.0673158056881322,-0.05391847642687292,0.09892358273454872,0.05822108508104371
1282,0.0,0.0,0.0,0.0,0.0,1.0015166186654796,0.0,0.0,0.0,1.0015166186654796,0.0,1.0015166186654796,0.0,0.0,0.0,1.0015166186654796,0.0,0.0,1.0015166186654796,1.0015166186654796,-0.029280731665270652,-0.027828596646825507,0.02995627048205641,0.02563643916456009
1283,0.0,0.0,0.0,0.0,0.0,1.005040448457906,0.0,0.0,0.0,1.005040448457906,0.0,1.005040448457906,0.0,0.0,0.0,0.0,1.005040448457906,0.0,1.005040448457906,1.005040448457906,-0.02712721199487783,-0.020594085170263506,0.0260198438501396,0.016661004857095707
1284,1.0188279527424298,0.0,0.0,0.0,0.0,1.0188279527424298,0.0,0.0,0.0,1.0188279527424298,0.0,1.0188279527424298,0.0,0.0,0.0,0.0,0.0,0.0,0.0,2.0376559054848595,-0.009237980004751964,0.0008553464683374107,-0.0025750466912200605,-0.007870272514795069
1285,0.0,0.0,0.0,0.0,1.0234811661860839,1.0234811661860839,0.0,0.0,0.0,1.0234811661860839,0.0,1.0234811661860839,0.0,0.0,0.0,0.0,0.0,0.0,0.0,2.0469623323721677,-0.007786290578396823,-0.00194558137497301,-0.008722391542867707,-0.005026902689846237
1286,0.0,0.0,0.0,1.0415352495808072,0.0,1.0415352495808072,0.0,0.0,0.0,1.0415352495808072,0.0,1.0415352495808072,0.0,0.0,0.0,0.0,0.0,0.0,0.0,2.0830704991616145,-0.002441586681936957,0.02085458951395638,-0.0313918287677609,-0.02855642364506579
1287,0.0,0.0,0.0,0.0,0.0,1.0391553536793021,1.0391553536793021,0.0,0.0,1.0391553536793021,0.0,1.0391553536793021,0.0,0.0,0.0,0.0,0.0,0.0,0.0,2.0783107073586042,-0.003171406231202142,0.020806937020071217,-0.028299711918180617,-0.028491172549990625
1288,0.0,0.0,0.0,0.0,0.0,1.0104637344258267,0.0,0.0,0.0,1.0104637344258267,0.0,1.0104637344258267,0.0,1.0104637344258267,0.0,0.0,0.0,0.0,0.0,2.0209274688516534,-0.011709661145172872,-0.010228316940295929,0.007909129085923058,0.003565114573719141
1289,0.0,0.0,0.0,0.0,0.0,1.0209048779269072,0.0,1.0209048779269072,0.0,1.0209048779269072,0.0,1.0209048779269072,0.0,0.0,0.0,0.0,0.0,0.0,0.0,2.0418097558538144,-0.008624639500752606,0.003654864251546976,-0.005176718922478661,-0.010758383755222952
1290,0.0,0.0,0.0,0.0,0.0,1.0335895261182684,0.0,0.0,1.0335895261182684,1.0335895261182684,0.0,1.0335895261182684,0.0,0.0,0.0,0.0,0.0,0.0,0.0,2.0671790522365368,-0.0047087716439942594,0.0008677393945622365,-0.021764190712359053,-0.00798430315647728
1291,0.0,0.0,0.0,0.0,0.0,1.0079081250633737,0.0,0.0,0.0,2.0158162501267474,0.0,1.0079081250633737,0.0,0.0,0.0,0.0,0.0,0.0,0.0,2.0158162501267474,-0.012527071929397457,-0.0063354286339809985,0.01136798342347456,-0.00041360792346992496
1292,0.0,0.0,0.0,0.0,0.0,1.0505577870781209,0.0,0.0,0.0,1.0505577870781209,0.0,2.1011155741562417,0.0,0.0,0.0,0.0,0.0,0.0,0.0,2.1011155741562417,0.0003252672150562615,0.021035247169044372,-0.04311450126102803,-0.02880380020119337
1293,0.0,0.0,0.0,0.0,0.0,1.0123956276473023,0.0,0.0,0.0,1.0123956276473023,1.0123956276473023,1.0123956276473023,0.0,0.0,0.0,0.0,0.0,0.0,0.0,2.0247912552946046,-0.011149924148757328,-0.0063636358203884875,0.005533381749096433,-0.0004154494272530083
1294,0.0,0.0,0.0,0.0,0.0,1.0184219449221608,0.0,0.0,0.0,1.0184219449221608,0.0,1.0184219449221608,1.0184219449221608,0.0,0.0,0.0,0.0,0.0,0.0,2.0368438898443215,-0.00932438934375904,-0.0036105458832161683,-0.002204005072627655,-0.003283004622557927
1295,0.0,0.0,1.0393089298039635,0.0,0.0,1.0393089298039635,0.0,0.0,0.0,1.0393089298039635,0.0,1.0393089298039635,0.0,0.0,0.0,0.0,0.0,0.0,0.0,2.078617859607927,-0.002987998123745294,0.004860035261484694,-0.029059102632028436,-0.012121864309674412
1296,0.0,0.0,0.0,0.0,0.0,1.0260875739140485,0.0,0.0,0.0,1.0260875739140485,0.0,1.0260875739140485,0.0,0.0,1.0260875739140485,0.0,0.0,0.0,0.0,2.052175147828097,-0.007034584186716575,0.0036734184290218674,-0.011913408703310332,-0.010812999453043442
1297,0.0,0.0,0.0,0.0,0.0,2.0806982043878457,0.0,0.0,0.0,1.0403491021939228,0.0,1.0403491021939228,0.0,0.0,0.0,0.0,0.0,0.0,0.0,2.0806982043878457,-0.0026688821392255382,0.004864899334474213,-0.030411123144315662,-0.01213399624485574
1298,0.0,1.0664164857577971,0.0,0.0,0.0,1.0664164857577971,0.0,0.0,0.0,1.0664164857577971,0.0,1.0664164857577971,0.0,0.0,0.0,0.0,0.0,0.0,0.0,2.1328329715155943,0.00518850023084241,0.02135278481486412,-0.06371916273753704,-0.029238608065966596
1299,0.0,0.0,0.0,0.0,0.0,1.030493218872335,0.0,0.0,0.0,1.030493218872335,0.0,1.030493218872335,0.0,0.0,0.0,1.030493218872335,0.0,0.0,0.0,2.06098643774467,-0.005697409773981656,0.005383621238807022,-0.0175805787311434,-0.012598851606017026
1300,0.0,0.0,0.0,0.0,0.0,1.0284917075130886,0.0,0.0,0.0,1.0284917075130886,0.0,1.0284917075130886,0.0,0.0,0.0,0.0,1.0284917075130886,0.0,0.0,2.056983415026177,-0.006277723534595514,0.0014271727160860303,-0.015117551110096087,-0.008523605584483092
1301,0.0,0.0,0.0,0.0,0.0,1.0121587177932923,0.0,0.0,0.0,1.0121587177932923,0.0,1.0121587177932923,0.0,0.0,0.0,0.0,0.0,0.0,0.0,3.0364761533798768,-0.011236851630713788,-0.00469786342842695,0.00589982676683749,-0.0021238295009890383
1302,0.0,0.0,0.0,0.0,0.0,1.015689098442363,0.0,0.0,0.0,1.015689098442363,0.0,1.015689098442363,0.0,0.0,0.0,0.0,0.0,1.015689098442363,0.0,2.031378196884726,-0.010063084383611271,-0.015291474804594583,0.0009386008234076209,0.008726859922435397
1303,0.9528631595876083,0.0,0.0,0.0,0.0,0.9528631595876083,0.0,0.0,0.0,0.9528631595876083,0.0,0.0,0.0,0.0,0.0,0.0,0.0,0.0,0.9528631595876083,1.9057263191752165,-0.001591500332893779,0.011146424128295312,0.020079395751074747,0.017502520865915472
1304,0.0,0.0,0.0,0.0,0.9531845088852592,0.9531845088852592,0.0,0.0,0.0,0.9531845088852592,0.0,0.0,0.0,0.0,0.0,0.0,0.0,0.0,0.9531845088852592,1.9063690177705184,-0.0024533030105369515,0.013972157785673874,0.015614209627210437,0.01968242671239347
1305,0.0,0.0,0.0,1.01316353723571,0.0,1.01316353723571,0.0,0.0,0.0,1.01316353723571,0.0,0.0,0.0,0.0,0.0,0.0,0.0,0.0,1.01316353723571,2.02632707447142,-0.005908884725940545,-0.009145021782341759,-0.0005441551481093687,0.0024345244206816163
1306,0.0,0.0,0.0,0.0,0.0,1.0103864728552783,1.0103864728552783,0.0,0.0,1.0103864728552783,0.0,0.0,0.0,0.0,0.0,0.0,0.0,0.0,1.0103864728552783,2.0207729457105565,-0.005450045298361085,-0.009119955429954753,0.0017556764432440056,0.0024278514297936767
1307,0.0,0.0,0.0,0.0,0.0,0.925841548027033,0.0,0.0,0.0,0.925841548027033,0.0,0.0,0.0,0.925841548027033,0.0,0.0,0.0,0.0,0.925841548027033,1.851683096054066,-0.00010140118263509836,0.021794424808597966,0.02701269004716762,0.025452738299836547
1308,0.0,0.0,0.0,0.0,0.0,0.959827775941484,0.0,0.959827775941484,0.0,0.959827775941484,0.0,0.0,0.0,0.0,0.0,0.0,0.0,0.0,0.959827775941484,1.919655551882968,-0.0019710649694976603,0.008386252511252228,0.018315742178101353,0.015441294338660046
1309,0.0,0.0,0.0,0.0,0.0,0.9688284372648609,0.0,0.0,0.9688284372648609,0.9688284372648609,0.0,0.0,0.0,0.0,0.0,0.0,0.0,0.0,0.9688284372648609,1.9376568745297218,-0.0043239518067425065,0.011333183113073023,0.0063665548074736305,0.017795776621334945
1310,0.0,0.0,0.0,0.0,0.0,0.9293835861959474,0.0,0.0,0.0,1.8587671723918948,0.0,0.0,0.0,0.0,0.0,0.0,0.0,0.0,0.9293835861959474,1.8587671723918948,0.0003817091932310637,0.018025690623065502,0.02962650584385705,0.022582508143899022
1311,0.0,0.0,0.0,0.0,0.0,1.023714903984785,0.0,0.0,0.0,1.023714903984785,0.0,1.023714903984785,0.0,0.0,0.0,0.0,0.0,0.0,1.023714903984785,2.04742980796957,-0.007652230365832963,-0.009240260581615008,-0.009282291272164244,0.002459878234827234
1312,0.0,0.0,0.0,0.0,0.0,0.9340937317157341,0.0,0.0,0.0,0.9340937317157341,0.9340937317157341,0.0,0.0,0.0,0.0,0.0,0.0,0.0,0.9340937317157341,1.8681874634314681,-0.0004347962018791167,0.018117045395401012,0.025527062078649607,0.022696957012094444
1313,0.0,0.0,0.0,0.0,0.0,0.945006389466253,0.0,0.0,0.0,0.945006389466253,0.0,0.0,0.945006389466253,0.0,0.0,0.0,0.0,0.0,0.945006389466253,1.890012778932506,-0.00152662763297201,0.015530937236199641,0.020182534808782522,0.02080676612173676
1314,0.0,0.0,0.9819385371732746,0.0,0.0,0.9819385371732746,0.0,0.0,0.0,0.9819385371732746,0.0,0.0,0.0,0.0,0.0,0.0,0.0,0.0,0.9819385371732746,1.9638770743465492,-0.005404141659137857,0.007416598481883613,0.0011478372065907043,0.014901168797388844
1315,0.0,0.0,0.0,0.0,0.0,0.9654841726870864,0.0,0.0,0.0,0.9654841726870864,0.0,0.0,0.0,0.0,0.9654841726870864,0.0,0.0,0.0,0.9654841726870864,1.9309683453741728,-0.0029343674740934644,0.00843567384766429,0.013482228935024033,0.015532292004318774
1316,0.0,0.0,0.0,0.0,0.0,1.966168479918899,0.0,0.0,0.0,0.9830842399594495,0.0,0.0,0.0,0.0,0.0,0.0,0.0,0.0,0.9830842399594495,1.966168479918899,-0.0055988706148053366,0.007425251994525142,0.000170823530222426,0.014918555130608411
1317,0.0,1.0423498723138722,0.0,0.0,0.0,1.0423498723138722,0.0,0.0,0.0,1.0423498723138722,0.0,0.0,0.0,0.0,0.0,0.0,0.0,0.0,1.0423498723138722,2.0846997446277444,-0.010731186064998281,-0.00940846362586166,-0.024714878708412068,0.0025046560853996805
1318,0.0,0.0,0.0,0.0,0.0,0.9732185491929438,0.0,0.0,0.0,0.9732185491929438,0.0,0.0,0.0,0.0,0.0,0.9732185491929438,0.0,0.0,0.9732185491929438,1.9464370983858876,-0.0037572998318621403,0.006774478892987783,0.009439370281355788,0.014324901464574703
1319,0.0,0.0,0.0,0.0,0.0,0.9642639107913189,0.0,0.0,0.0,0.9642639107913189,0.0,0.0,0.0,0.0,0.0,0.0,0.9642639107913189,0.0,0.9642639107913189,1.9285278215826378,-0.003379498399394999,0.01070883289756779,0.011134675465554742,0.01727207924495359
1320,0.0,0.0,0.0,0.0,0.0,0.9365482352290759,0.0,0.0,0.0,0.9365482352290759,0.0,0.0,0.0,0.0,0.0,0.0,0.0,0.0,0.9365482352290759,2.809644705687228,-0.0003846518021202632,0.016501018295619032,0.025860436542547025,0.021474961734878326
1321,0.0,0.0,0.0,0.0,0.0,0.9232843505025095,0.0,0.0,0.0,0.9232843505025095,0.0,0.0,0.0,0.0,0.0,0.0,0.0,0.9232843505025095,0.9232843505025095,1.846568701005019,-0.0010617716553268735,0.02665444327857686,0.021950087105315208,0.029172890768925274
1322,0.0,0.0,0.0,0.0,0.0,0.9414124254871215,0.0,0.0,0.0,0.9414124254871215,0.0,0.0,0.0,0.0,0.0,0.0,0.0,0.0,1.882824850974243,1.882824850974243,-0.002500333979673452,0.021046116222072416,0.015019849243478517,0.025021943027001132
1323,0.0,0.0,0.0,0.0,0.0,1.0247550770523604,0.0,0.0,0.0,1.0247550770523604,0.0,1.0247550770523604,0.0,0.0,0.0,0.0,0.0,1.0247550770523604,1.0247550770523604,1.0247550770523604,-0.012438605914367035,0.011043048992935268,-0.0007324920843637561,-0.022627028046564756
1324,0.0,0.0,0.0,0.0,0.0,1.0141287066109748,0.0,0.0,0.0,1.0141287066109748,0.0,1.0141287066109748,0.0,0.0,0.0,0.0,0.0,0.0,2.0282574132219495,1.0141287066109748,-0.02194286719886801,-0.0006980410370244711,0.016529773535991416,-0.008017571911073757
1325,0.0,0.0,0.0,0.0,0.0,1.1767820751770586,0.0,0.0,0.0,0.0,0.0,2.353564150354117,0.0,0.0,0.0,0.0,0.0,0.0,1.1767820751770586,2.353564150354117,-0.01700538521181125,-0.024577735831851473,-0.07045300606992198,-0.06474594806347397
1326,0.0,0.0,0.0,0.0,0.0,1.0304872575757993,0.0,0.0,0.0,0.0,1.0304872575757993,1.0304872575757993,0.0,0.0,0.0,0.0,0.0,0.0,1.0304872575757993,2.0609745151515986,-0.008501571422695343,-0.009301389233438113,-0.015160448401206783,0.002476151481540987
1327,0.0,0.0,0.0,0.0,0.0,1.0473705251067635,0.0,0.0,0.0,0.0,0.0,1.0473705251067635,1.0473705251067635,0.0,0.0,0.0,0.0,0.0,1.0473705251067635,2.094741050213527,-0.009706351949766236,-0.010747648142100944,-0.023168400307368154,-0.003748124707528267
1328,0.0,0.0,1.1054196962254963,0.0,0.0,1.1054196962254963,0.0,0.0,0.0,0.0,0.0,1.1054196962254963,0.0,0.0,0.0,0.0,0.0,0.0,1.1054196962254963,2.2108393924509926,-0.014046351564030926,-0.01544005679313054,-0.052141230445296304,-0.023792057423038554
1329,0.0,0.0,0.0,0.0,0.0,1.0804082367610803,0.0,0.0,0.0,0.0,0.0,1.0804082367610803,0.0,0.0,1.0804082367610803,0.0,0.0,0.0,1.0804082367610803,2.1608164735221607,-0.011373317116867388,-0.014556834749581755,-0.033809335546990234,-0.020668749347640902
1330,0.0,0.0,0.0,0.0,0.0,2.2142767533605987,0.0,0.0,0.0,0.0,0.0,1.1071383766802994,0.0,0.0,0.0,0.0,0.0,0.0,1.1071383766802994,2.2142767533605987,-0.014255906285655642,-0.01546406262903342,-0.05358935901320417,-0.02382904875240617
1331,0.0,1.2061104739593564,0.0,0.0,0.0,1.2061104739593564,0.0,0.0,0.0,0.0,0.0,1.2061104739593564,0.0,0.0,0.0,0.0,0.0,0.0,1.2061104739593564,2.412220947918713,-0.0204382232341797,-0.025190275445470294,-0.09412239371144122,-0.06635958156826524
1332,0.0,0.0,0.0,0.0,0.0,1.0926245834929968,0.0,0.0,0.0,0.0,0.0,1.0926245834929968,0.0,0.0,0.0,1.0926245834929968,0.0,0.0,1.0926245834929968,2.1852491669859937,-0.012295866865219175,-0.015531294132384597,-0.039973649157562616,-0.024823773337830507
1333,0.0,0.0,0.0,0.0,0.0,0.8875155895310735,1.775031179062147,0.0,0.0,0.0,0.0,0.8875155895310735,0.0,0.0,0.0,0.0,0.8875155895310735,0.0,0.0,0.8875155895310735,0.007655718055381936,0.049066945008966516,0.02011834100135468,0.035643406403223415
1334,0.0,0.0,0.0,0.0,0.0,1.0776569898893553,0.0,0.0,0.0,0.0,0.0,1.0776569898893553,0.0,0.0,0.0,0.0,1.0776569898893553,0.0,1.0776569898893553,2.1553139797787106,-0.011788096879619975,-0.013454740822357848,-0.03695483822495672,-0.015459313962420833
1335,0.0,0.0,0.0,0.0,0.0,1.0346763039705924,0.0,0.0,0.0,0.0,0.0,1.0346763039705924,0.0,0.0,0.0,0.0,0.0,0.0,1.0346763039705924,3.104028911911777,-0.00848600846206491,-0.010106111601533121,-0.01485705256551811,-0.001227131341476363
1336,0.0,0.0,0.0,0.0,0.0,1.0116407515522308,0.0,0.0,0.0,0.0,0.0,1.0116407515522308,0.0,0.0,0.0,0.0,0.0,1.0116407515522308,1.0116407515522308,2.0232815031044615,-0.008958672957025508,-0.005132146019706255,-0.01934440530588544,0.021794472730386483
1337,0.0,0.0,0.0,0.0,0.0,1.0399527021630424,0.0,0.0,0.0,0.0,0.0,1.0399527021630424,0.0,0.0,0.0,0.0,0.0,0.0,2.0799054043260847,2.0799054043260847,-0.010594798109381381,-0.008102122794432514,-0.02997515239340173,0.008719371134173306
1338,0.0,1.1443828076540836,0.0,0.0,0.0,0.0,0.0,0.0,0.0,1.1443828076540836,0.0,1.1443828076540836,0.0,0.0,0.0,0.0,0.0,0.0,1.1443828076540836,2.2887656153081672,-0.058361028511280555,-0.03644571340944902,-0.037709424319951446,-0.011866641413402613
1339,0.0,0.0,0.0,0.0,0.0,0.0,0.9991467101829449,0.0,0.0,0.9991467101829449,0.0,0.0,0.0,0.9991467101829449,0.0,0.9991467101829449,0.0,0.0,0.0,1.9982934203658897,-0.00862811906810467,-0.03474147127430036,0.02974333606800595,0.014479544091454286
1340,0.9677589564362543,0.0,0.0,0.0,0.0,0.0,0.0,0.0,0.0,0.0,0.9677589564362543,0.0,0.0,0.9677589564362543,0.0,1.9355179128725086,0.0,0.0,0.0,0.9677589564362543,0.005609428790110413,0.0022539657202214655,0.01958561006067349,0.0047920389927403155
1341,0.0,0.0,0.0,0.9839016059720823,0.0,0.0,0.9839016059720823,0.0,0.0,0.9839016059720823,0.0,0.0,0.0,0.0,0.0,1.9678032119441646,0.0,0.0,0.0,0.9839016059720823,-0.006589945147785258,0.015139124007234552,0.006667656765094045,0.0008815584033743191
1342,0.0,0.0,0.0,0.0,0.0,0.0,0.0,0.0,0.0,0.997560010853275,0.0,0.997560010853275,0.0,0.0,0.0,0.997560010853275,0.0,0.0,0.997560010853275,1.99512002170655,0.009858254938390149,-0.009817238138488659,0.0004569843241900781,0.0019419880226336237
1343,0.0,0.0,2.0913101534398715,0.0,0.0,0.0,0.0,0.0,0.0,0.0,1.0456550767199357,0.0,0.0,0.0,0.0,2.0913101534398715,0.0,0.0,0.0,1.0456550767199357,-0.010254262534005968,-0.00507308003973396,-0.02367003577839973,-0.006657698367796028
1344,0.0,0.0,0.0,0.0,0.0,0.0,0.0,1.0068235240163397,0.0,1.0068235240163397,0.0,0.0,0.0,0.0,0.0,3.0204705720490193,0.0,0.0,0.0,1.0068235240163397,0.004733153123212552,-0.0010332645163794506,-0.006584426723823913,-0.003938985899348985
1345,0.0,0.0,0.0,0.0,0.0,0.0,0.0,0.0,0.0,0.0,0.0,0.0,0.0,0.0,0.0,0.9868943588361563,1.9737887176723126,0.0,0.0,2.960683076508469,0.009660354755712667,0.0032682542096195643,-0.001987673853717103,0.0021647060522284587
1346,0.0,0.0,0.0,0.0,0.0,0.9529288768360492,0.0,0.0,0.0,0.9529288768360492,0.0,0.0,0.0,0.9529288768360492,0.0,0.0,1.9058577536720984,0.0,0.0,0.9529288768360492,-0.014200052241783228,0.0019447459062876548,0.03728642692886615,0.02204000257058024
1347,0.0,0.0,0.0,0.0,0.0,0.0,0.0,0.0,0.0,1.8491483539917386,0.0,0.0,0.0,0.0,0.0,0.0,1.8491483539917386,0.0,0.0,1.8491483539917386,0.016147454270142803,0.00938450896438183,0.034599601271679,0.015294258497927074
1348,0.0,0.0,0.0,0.0,0.0,0.0,0.0,0.0,0.0,0.9837093668199851,0.0,0.9837093668199851,0.0,0.0,0.0,0.0,0.9837093668199851,0.0,0.9837093668199851,1.9674187336399702,0.013034353710973449,-0.004068553944529904,0.002268735862901911,0.00505609755066935
1349,1.1379587981831218,0.0,0.0,0.0,0.0,0.0,0.0,0.0,0.0,0.0,0.0,2.2759175963662437,0.0,0.0,0.0,0.0,1.1379587981831218,0.0,0.0,2.2759175963662437,-0.022282934268581543,-0.016282349886890077,-0.06327519250194179,-0.0361183215257084
1350,0.9726711699199967,0.0,0.0,0.0,0.0,0.0,0.0,0.0,0.9726711699199967,0.0,0.9726711699199967,0.0,0.0,0.0,0.0,0.0,1.9453423398399934,0.0,0.0,0.9726711699199967,-0.00829705706409425,0.0030844195500547857,0.023585152950712358,0.008956314643330469
1351,0.0,0.0,0.0,0.0,0.0,0.9945851045452737,0.0,0.0,0.0,0.0,0.9945851045452737,0.0,0.0,0.0,0.9945851045452737,0.9945851045452737,0.9945851045452737,0.0,0.0,0.9945851045452737,-0.002584997459921582,4.978186159164137e-05,0.0030270026982063907,0.004923108354849913
1352,0.0,0.0,0.0,0.0,0.0,0.0,0.0,0.8949380772466046,0.0,0.0,0.8949380772466046,0.0,0.0,0.0,0.0,0.0,0.8949380772466046,1.7898761544932091,0.0,0.8949380772466046,0.016931413753314934,0.03822092322222127,0.027704985891783135,0.022204599886076135
1353,0.0,0.0,0.0,0.0,0.0,1.0696236116508941,1.0696236116508941,0.0,0.0,0.0,0.0,0.0,0.0,1.0696236116508941,0.0,0.0,1.0696236116508941,1.0696236116508941,0.0,1.0696236116508941,0.007894017576850015,0.004333520628100494,-0.03508686929179608,-0.04676428056404844
1354,0.0,0.0,0.0,0.0,0.0,0.9931554494015488,0.0,0.9931554494015488,0.0,0.0,0.0,0.0,0.0,0.9931554494015488,0.0,0.0,0.9931554494015488,0.0,0.0,1.9863108988030975,0.0016744862142779157,-0.0032149521633118403,-0.0012393917326166987,0.00962440828010198
1355,0.0,0.0,0.0,0.0,0.0,0.0,0.0,0.0,0.0,0.0,0.0,0.0,0.0,1.0175419955282765,0.0,2.035083991056553,2.035083991056553,0.0,0.0,1.0175419955282765,-0.0033186890488864154,-0.002042654998797453,-0.005319064503199853,-0.006861586977392825
1356,0.0,0.0,0.0,0.0,0.0,0.0,0.0,0.9960186796927436,0.0,0.0,0.0,0.0,0.0,0.0,0.0,0.0,2.9880560390782307,0.0,0.0,1.9920373593854872,0.004079232331818699,0.0005476826344307324,-0.002045385201091916,0.0013997905420989464
1357,0.0,0.0,0.0,0.0,0.0,0.0,0.0,0.9735542999979846,0.0,0.0,0.0,0.0,0.0,0.0,0.0,0.0,1.9471085999959692,0.0,0.0,2.9206628999939537,0.016499478026756928,0.004443343545688028,0.004951996449961844,0.0005508819796085188
1358,0.0,0.0,0.0,0.0,0.0,0.0,0.0,0.0,0.0,0.0,0.0,0.0,0.0,0.0,0.0,0.9912046606093987,1.9824093212187974,0.0,0.0,2.9736139818281964,0.009044923896269307,0.004219891053201087,-0.004650333059189815,0.00018085750032063497
1359,0.0,0.0,0.0,0.0,0.0,0.0,0.9612405205247073,0.0,0.0,1.9224810410494146,0.0,0.0,0.0,0.0,0.0,0.0,0.9612405205247073,0.0,0.0,1.9224810410494146,0.022934449522423603,-0.00019484005694656007,0.019823175219494185,-0.0038033052096784485
1360,0.9853452329383177,0.0,0.0,0.0,0.0,0.9853452329383177,0.0,0.0,0.0,0.0,0.0,0.0,0.0,0.0,0.0,0.0,1.9706904658766353,0.0,0.0,1.9706904658766353,-0.01643677505580732,-0.00034523565502201525,0.02491717556992256,0.006519602202589014
1361,0.0,0.0,0.0,0.0,0.8305777652733874,0.0,0.0,0.0,0.0,0.8305777652733874,0.0,0.0,0.0,1.661155530546775,0.0,0.0,0.0,0.0,0.0,1.661155530546775,0.05169495298442716,0.0346136477234098,0.04983208558592994,0.0332815484328456
1362,0.0,0.0,0.0,0.0,0.0,0.0,0.0,0.0,0.0,0.9294690114161398,0.0,0.9294690114161398,0.0,0.0,0.0,0.0,0.0,0.0,0.9294690114161398,2.7884070342484195,0.03952521528795533,0.004488937210355836,0.017075715222842514,0.009441120862706489
1363,0.0,0.0,0.0,0.0,0.0,1.0075547438591523,0.0,1.0075547438591523,0.0,0.0,0.0,0.0,0.0,0.0,1.0075547438591523,0.0,0.0,0.0,1.0075547438591523,2.0151094877183047,0.011648362920148888,0.0004309885859348826,-0.015454400248858493,-0.004179695116377609
1364,0.0,0.0,0.0,0.0,0.0,0.0,0.0,0.0,0.0,0.0,0.0,0.0,0.0,0.0,0.0,0.9918289320628099,1.9836578641256197,0.0,0.0,2.9754867961884295,0.00970865752237731,0.0032845958165770763,-0.0038307155958384916,-0.000991469805925719
1365,0.0,0.0,0.0,0.0,0.0,0.0,1.887932104521469,0.0,0.0,0.0,0.0,0.0,0.0,0.0,0.0,0.9439660522607345,0.9439660522607345,0.0,0.0,1.887932104521469,0.01791564202095998,0.036955824265917564,-0.0009717312215896338,0.0021342126739776826
1366,0.0,0.0,0.0,0.0,0.0,0.0,0.948049430921027,0.0,0.0,0.0,0.0,0.0,0.0,0.0,0.0,0.948049430921027,0.948049430921027,0.0,0.0,2.844148292763081,0.0241712319498279,0.013732652600525556,0.011918384196657188,0.002128300331962349
1367,0.0,0.0,0.0,0.0,0.0,0.0,0.0,0.0,0.0,0.0,0.0,0.0,0.0,0.0,0.0,0.9186908306417924,0.9186908306417924,0.0,0.0,3.6747633225671694,0.033418724972386245,0.013295648051641535,0.025207714641755648,0.009387081692424389
1368,0.0,0.0,0.0,0.0,0.0,0.0,0.0,0.0,0.0,0.9181028378253677,0.0,0.9181028378253677,0.0,0.0,0.0,0.0,0.0,0.9181028378253677,0.9181028378253677,1.8362056756507354,0.032619979087957995,0.01865166285859099,0.013342691072790926,0.01728282915529227
1369,0.0,0.0,0.0,0.0,0.0,0.0,0.0,0.8830951926145407,0.0,1.7661903852290814,0.0,0.0,0.8830951926145407,0.0,0.0,0.0,0.0,0.0,0.8830951926145407,0.8830951926145407,0.02853596142483922,0.022778176864404635,0.044969900100967956,0.02062076899524742
1370,0.0,0.0,0.0,0.0,0.0,0.0,0.0,0.0,0.0,0.9495310006589623,0.0,0.9495310006589623,0.0,0.0,0.0,0.0,0.0,0.0,1.8990620013179247,1.8990620013179247,0.020207170046775195,0.010777117196210538,0.006374738175385583,0.013109973922666393
1371,0.0,0.0,0.0,0.0,1.0183304252106544,0.0,1.0183304252106544,0.0,0.0,0.0,0.0,0.0,0.0,0.0,0.0,1.0183304252106544,0.0,1.0183304252106544,1.0183304252106544,1.0183304252106544,-0.006779789745023285,-0.03343765610523188,0.0033392233974321815,0.018547797242168488
1372,0.0,1.0147975556265412,0.0,0.0,0.0,0.0,0.0,0.0,1.0147975556265412,0.0,0.0,0.0,0.0,0.0,1.0147975556265412,1.0147975556265412,0.0,0.0,1.0147975556265412,1.0147975556265412,0.0176697481857359,0.006581187405038402,-0.014478100492697299,-0.024570390724618165
1373,0.0,0.0,0.0,0.0,0.0,0.0,0.9962523684620949,0.0,0.0,0.0,0.0,0.0,0.0,0.0,0.0,0.9962523684620949,0.0,1.9925047369241897,0.9962523684620949,0.9962523684620949,-0.011651988588666484,-0.05804004140906229,0.010563745732229034,0.06287591580340479
1374,0.940720501722629,0.0,0.0,0.0,0.0,0.0,0.0,0.0,0.0,0.0,0.0,0.0,0.0,0.0,0.0,0.0,0.940720501722629,0.940720501722629,0.940720501722629,1.881441003445258,0.009696780933328875,0.01751624499536995,0.022073600344374125,0.009992872004298143
1375,0.0,0.0,0.0,0.0,0.0,0.0,0.0,1.9000234885631717,0.0,0.0,0.0,0.0,2.8500352328447573,0.0,0.0,0.0,0.0,0.9500117442815859,0.0,0.0,0.017208001518206433,-0.0005594811125810773,0.01928896914366396,0.01405076616912482
1376,1.009085967873246,0.0,1.009085967873246,0.0,0.0,0.0,0.0,1.009085967873246,0.0,0.0,0.0,0.0,0.0,0.0,0.0,2.018171935746492,0.0,1.009085967873246,0.0,0.0,0.0023336381577447147,-0.0018737988008409416,-0.003977067762003459,-0.005568739468146296
1377,0.0,0.0,0.0,0.0,0.0,0.0,0.0,0.0,0.0,1.602263083249936,0.0,0.0,0.0,1.602263083249936,0.0,0.0,0.0,0.801131541624968,0.0,0.801131541624968,0.06038120760192231,0.04087163803157789,0.06018167769934081,0.037433935042191016
1378,0.0,0.0,0.9889399161904738,0.0,0.0,0.9889399161904738,0.0,0.9889399161904738,0.0,0.0,0.0,0.0,0.0,0.9889399161904738,0.0,0.0,0.9889399161904738,0.9889399161904738,0.0,0.0,-0.010105293982324813,-0.008082428839856756,0.0015882276948413212,0.027659578936866356
1379,0.0,0.0,0.9840568759182946,0.0,0.0,0.9840568759182946,0.0,0.0,0.0,0.0,0.0,0.0,0.0,0.9840568759182946,0.0,0.9840568759182946,0.9840568759182946,0.9840568759182946,0.0,0.0,-0.017852657309565877,-0.010113322097361944,0.015516277446303775,0.0283928260423295
1380,0.0,0.0,1.0290999819971545,0.0,0.0,0.0,0.0,1.0290999819971545,0.0,1.0290999819971545,0.0,0.0,0.0,0.0,1.0290999819971545,0.0,1.0290999819971545,1.0290999819971545,0.0,0.0,0.0024124356918664943,-0.0016187112694369904,-0.022685673908353726,-0.007208032511230255
1381,0.0,0.0,1.0194810596061206,0.0,0.0,0.0,0.0,0.0,0.0,1.0194810596061206,0.0,0.0,0.0,0.0,1.0194810596061206,0.0,1.0194810596061206,1.0194810596061206,0.0,1.0194810596061206,0.006254932920443213,0.003477502290276682,-0.021909980016125104,-0.007303514800715336
1382,0.0,0.0,0.0,0.0,0.0,1.0175034759134856,0.0,0.0,0.0,1.0175034759134856,0.0,1.0175034759134856,0.0,0.0,0.0,0.0,0.0,1.0175034759134856,1.0175034759134856,1.0175034759134856,-0.0051466128824757245,-0.011462635269935764,-0.014216674249062389,0.013322446487988372
1383,0.0,0.0,0.0,0.0,0.0,0.0,0.0,0.0,0.0,0.0,1.793452112150282,0.0,0.0,0.896726056075141,0.0,0.896726056075141,0.0,0.896726056075141,0.896726056075141,0.0,0.012735498796538808,0.01977208025537456,0.02896910462385612,0.04179726024908958
1384,0.0,0.0,0.9491721860355314,0.0,0.0,0.0,0.0,0.0,0.0,0.0,0.9491721860355314,0.0,0.0,0.9491721860355314,0.0,0.0,0.9491721860355314,0.9491721860355314,0.9491721860355314,0.0,-0.015787383243199754,0.007306585985964069,0.02575795440978876,0.03355065681191543
1385,0.0,0.0,0.0,0.0,0.0,0.0,0.9557569398267257,0.0,0.0,1.9115138796534514,0.0,0.0,0.0,0.0,0.0,0.0,0.9557569398267257,0.9557569398267257,0.0,0.9557569398267257,0.022939495156324353,0.0007603252025728264,0.01604134105804569,0.004501898756331455
1386,0.0,0.0,0.9756749514365284,0.0,0.0,0.0,0.0,0.0,0.0,0.0,0.0,0.0,0.0,0.0,0.0,0.9756749514365284,0.9756749514365284,0.9756749514365284,0.9756749514365284,0.9756749514365284,-0.012191184745510508,-0.004559005397817202,0.017146261731201574,0.023928976975597725
1387,0.0,0.0,1.086306294092647,0.0,0.0,0.0,1.086306294092647,0.0,0.0,0.0,0.0,0.0,0.0,0.0,1.086306294092647,0.0,0.0,1.086306294092647,1.086306294092647,1.086306294092647,0.005504918949812886,-5.5144017456476666e-05,-0.024707499380420564,-0.06704856964458278
1388,0.0,0.0,0.0,0.0,0.0,0.0,0.0,0.8282447237152767,0.0,0.8282447237152767,0.0,0.0,0.0,0.8282447237152767,0.0,0.0,0.0,1.6564894474305534,0.0,0.8282447237152767,0.042775097671283756,0.04472342747247158,0.042190920724130505,0.04206583041683748
1389,0.0,0.0,0.0,0.0,0.0,0.8795582062363465,0.0,0.0,0.0,0.8795582062363465,0.0,0.0,0.0,0.8795582062363465,0.0,0.0,0.0,0.8795582062363465,1.759116412472693,0.0,0.00014079304037398443,0.04699967242921633,0.02839828043793359,0.04490304785612949
1390,1.0081329786575584,0.0,0.0,0.0,0.0,0.0,1.0081329786575584,0.0,0.0,1.0081329786575584,1.0081329786575584,0.0,0.0,0.0,0.0,0.0,0.0,0.0,1.0081329786575584,1.0081329786575584,0.01986602809338989,-0.0024875692521347673,0.007808606061718827,-0.033320043560532274
1391,1.0188908669352628,0.0,0.0,0.0,0.0,0.0,2.0377817338705255,0.0,0.0,1.0188908669352628,0.0,0.0,0.0,0.0,0.0,1.0188908669352628,0.0,0.0,1.0188908669352628,0.0,-0.019953552198919672,-0.023403941515069138,-0.00276834613213663,0.02723497291086266
1392,0.9826228720424784,0.0,2.9478686161274354,0.0,0.0,0.0,0.0,0.0,0.0,0.0,0.0,0.0,0.0,0.0,0.0,0.9826228720424784,0.0,0.0,0.9826228720424784,0.0,0.014557682491963302,0.002806228214773675,0.002825026528508659,-0.0028118092777241247
1393,0.945024873967936,0.0,0.0,0.0,0.0,0.0,0.0,0.0,0.0,0.0,0.0,0.0,0.0,0.0,0.0,0.0,0.945024873967936,0.0,1.890049747935872,1.890049747935872,0.006347471641024357,0.01675503451531354,0.022516705217650687,0.009355914658075472
1394,0.0,0.0,0.9941756191568627,0.0,0.0,0.0,0.0,3.976702476627451,0.0,0.0,0.0,0.0,0.0,0.0,0.0,0.0,0.0,0.0,0.9941756191568627,0.0,0.004623439592864883,-0.0006221935295360164,0.002764012800082267,-0.000940878020273976
1395,0.0,0.0,0.9985570428939073,0.0,0.0,0.0,0.0,2.995671128681722,0.0,0.0,0.0,0.0,0.0,0.0,0.0,0.9985570428939073,0.0,0.0,0.9985570428939073,0.0,0.003697385724922838,-0.0001499420057877201,-0.001388097029834513,-0.0007163895832079951
1396,0.0,0.0,0.9732696403844895,0.0,0.0,2.9198089211534684,0.0,0.9732696403844895,0.0,0.0,0.0,0.0,0.0,0.0,0.0,0.0,0.0,0.0,0.9732696403844895,0.0,0.018093588636653855,0.00043567067913072695,0.009692261799431145,-0.0014911614997051691
1397,0.0,0.0,0.0,0.0,0.0,2.951966046728266,0.0,0.9839886822427553,0.0,0.0,0.0,0.0,0.0,0.0,0.0,0.9839886822427553,0.0,0.0,0.9839886822427553,0.0,0.013624570272994883,0.000556436933643605,0.003192934830671243,-0.0013626242800651
1398,0.0,0.0,0.0,0.0,0.0,2.023208767165401,0.0,1.0116043835827004,0.0,0.0,0.0,0.0,0.0,0.0,0.0,1.0116043835827004,0.0,0.0,2.023208767165401,0.0,0.005811369264449838,-0.003007499667203326,-0.009281678224843118,-0.005126574955103842
1399,0.0,0.0,0.0,0.0,0.0,1.0127729316182499,0.0,1.0127729316182499,0.0,0.0,0.0,0.0,0.0,0.0,0.0,2.0255458632364998,0.0,0.0,2.0255458632364998,0.0,-0.0015422450784249608,-0.0027434914346290986,-0.002682397214549638,-0.005804797890646235
1400,1.9074974192368694,0.0,0.0,0.0,0.0,0.0,0.0,0.0,0.9537487096184347,0.0,0.9537487096184347,0.0,0.9537487096184347,0.0,0.0,0.0,0.0,0.0,0.9537487096184347,0.0,0.009268609046577841,0.005731592926259126,0.013689980635550061,0.017561107773178253
1401,0.0,0.0,1.967292710189133,0.0,0.9836463550945665,0.0,0.0,0.0,0.0,0.9836463550945665,0.0,0.0,0.0,0.9836463550945665,0.0,0.0,0.0,0.0,0.9836463550945665,0.0,0.01507214261889692,0.016270729071267337,-0.024879394182086376,0.00989016739735554
1402,0.0,0.0,1.981451054057208,0.0,0.0,0.0,0.0,0.0,0.0,0.990725527028604,0.0,0.0,0.990725527028604,0.990725527028604,0.0,0.0,0.0,0.0,0.990725527028604,0.0,0.01233229327956665,0.01603754135860994,-0.028618849801904673,0.009523488135124197
1403,0.0,0.0,2.132818071725909,0.0,0.0,0.0,0.0,0.0,0.0,0.0,0.0,1.0664090358629545,0.0,1.0664090358629545,0.0,0.0,0.0,0.0,2.132818071725909,0.0,-0.014365980798423411,-0.024624144860802406,-0.015020715539314665,-0.012398194664414039
1404,0.0,0.0,0.0,0.0,0.0,0.0,0.9775073936231243,0.0,0.0,2.932522180869373,0.9775073936231243,0.0,0.0,0.0,0.0,0.0,0.0,0.0,0.9775073936231243,0.0,0.02345844801950753,-0.005169960688099811,0.027712016003385236,-0.023507896957917288
1405,0.0,0.0,0.0,0.0,0.0,0.9202540423591964,0.0,0.0,0.0,0.0,1.8405080847183928,0.0,0.0,0.9202540423591964,0.0,0.0,0.0,0.0,1.8405080847183928,0.0,0.016246447093010073,0.02358636506392441,0.008444731469620407,0.031468414014248755
1406,0.0,0.0,1.9864960566210244,0.0,0.0,0.0,0.0,0.9932480283105122,0.0,0.0,0.9932480283105122,0.0,0.0,0.0,0.0,0.9932480283105122,0.0,0.0,0.9932480283105122,0.0,0.012121021253896207,0.009700759314064906,-0.012238172995390545,-0.002831635883082734
1407,0.0,0.0,0.0,0.0,0.8672569923185325,0.0,0.0,0.0,0.0,0.0,1.734513984637065,0.0,0.0,0.0,0.0,0.0,0.0,0.8672569923185325,1.734513984637065,0.0,0.02323291950103609,0.047146489219335466,0.018776624883714354,0.0435869740773816
1408,0.0,0.0,0.0,0.0,0.0,0.0,0.0,0.0,0.0,0.0,1.8102270519230843,0.0,0.0,0.0,0.0,0.0,0.9051135259615422,0.0,2.7153405778846262,0.0,0.01648433850898714,0.03561212482587964,0.009696249189468698,0.03309376151412233
1409,0.0,0.0,0.9885504197113096,0.0,0.0,0.9885504197113096,0.0,0.0,0.0,0.0,0.9885504197113096,0.0,0.0,0.0,0.0,0.0,0.0,0.9885504197113096,1.9771008394226193,0.0,-0.012423897878865988,0.01993404611671232,-0.0030645927083049885,0.007004024759149047
1410,0.0,0.0,0.0,0.0,0.0,0.0,0.0,0.0,0.0,0.859481328844764,1.718962657689528,0.0,0.859481328844764,0.0,0.0,0.0,0.0,0.0,0.859481328844764,0.859481328844764,0.04445259119625101,0.02833827424172727,0.04042749197305244,0.0273003137442051
1411,0.0,0.0,0.965793399454234,0.0,0.0,0.0,0.0,0.0,0.0,0.0,0.965793399454234,0.0,0.0,0.965793399454234,0.0,0.0,0.965793399454234,0.0,0.965793399454234,0.965793399454234,-0.004166997227759932,0.011746117407296192,0.009893694296566932,0.016733786069662873
1412,1.997279290372722,0.0,0.998639645186361,0.0,0.0,1.997279290372722,0.0,0.0,0.0,0.0,0.0,0.0,0.0,0.0,0.0,0.0,0.0,0.0,0.998639645186361,0.0,-0.023845693645498028,-0.00379565451470361,0.02538613555108342,0.003615567422757273
1413,0.0,0.0,3.041772683435131,0.0,0.0,1.0139242278117104,0.0,0.0,0.0,0.0,1.0139242278117104,0.0,0.0,0.0,0.0,0.0,0.0,0.0,1.0139242278117104,0.0,-0.007621756308771328,-0.005287701482695131,0.00322734077378276,-0.004242110794026602
1414,0.0,0.0,2.0177504697879316,0.0,0.0,0.0,0.0,1.0088752348939658,0.0,0.0,0.0,0.0,0.0,0.0,0.0,1.0088752348939658,1.0088752348939658,0.0,1.0088752348939658,0.0,0.00355072404879644,-0.002002336312234972,-0.00702813871417967,-0.003395483916347661
1415,0.0,0.0,4.034657477909636,0.0,0.0,0.0,0.0,0.0,0.0,0.0,0.0,0.0,0.0,0.0,0.0,0.0,0.0,0.0,2.017328738954818,0.0,0.006462624160304726,-0.006449032651048841,0.0,-0.0086779609866648
1416,0.9996926144580545,0.0,0.9996926144580545,0.9996926144580545,0.0,0.0,0.0,0.9996926144580545,0.0,0.0,0.0,0.0,0.0,0.0,0.9996926144580545,0.0,0.0,0.0,0.9996926144580545,0.0,-0.006998911613590521,-0.0030160905958349616,0.004942823409417492,0.005379564341953427
1417,0.0,0.0,1.0036181627868175,0.0,0.0,1.0036181627868175,0.0,2.007236325573635,0.0,0.0,0.0,0.0,0.0,0.0,1.0036181627868175,0.0,0.0,0.0,1.0036181627868175,0.0,-0.006087850940585815,-0.0015715045388576053,0.004542107537702697,-0.0005009148450768063
1418,1.0103950770520718,0.0,0.0,0.0,0.0,2.0207901541041435,0.0,1.0103950770520718,0.0,0.0,0.0,0.0,0.0,1.0103950770520718,0.0,0.0,0.0,0.0,1.0103950770520718,0.0,-0.009477541362198477,-0.007128668648575419,0.001103957467529014,0.005107175491173101
1419,2.0441763587528516,0.0,1.0220881793764258,0.0,0.0,1.0220881793764258,0.0,0.0,0.0,0.0,0.0,0.0,0.0,0.0,0.0,0.0,0.0,0.0,2.0441763587528516,0.0,-0.013704336383648028,-0.0039849182732431005,-0.005142355252346721,0.0007434305328120846
1420,1.0269144891045658,0.0,0.0,0.0,0.0,2.0538289782091317,0.0,1.0269144891045658,0.0,0.0,0.0,0.0,0.0,0.0,0.0,0.0,0.0,0.0,2.0538289782091317,0.0,-0.013541943440259675,-0.006438857594569417,-0.004636725962315392,-0.00229696210742127
1421,0.0,0.0,0.0,0.0,0.0,1.0199361039631747,0.0,2.0398722079263494,0.0,0.0,0.0,0.0,0.0,0.0,0.0,1.0199361039631747,0.0,0.0,2.0398722079263494,0.0,-0.006846333315775854,-0.006335724234564039,-0.0007760395074753772,-0.005978006905359555
1422,0.0,0.0,0.0,0.0,0.0,1.027921659114073,0.0,0.0,0.0,1.027921659114073,0.0,1.027921659114073,0.0,0.0,0.0,0.0,0.0,0.0,2.055843318228146,1.027921659114073,-0.00013856163565256112,-0.010247397587841229,-0.02463257827557815,0.007096878384998902
1423,0.0,0.0,1.046868462114053,0.0,0.0,1.046868462114053,1.046868462114053,0.0,0.0,0.0,1.046868462114053,0.0,0.0,0.0,0.0,0.0,0.0,0.0,2.093736924228106,0.0,-0.0168897762561868,-0.018283463187179817,-0.0015792822772185118,-0.010115940393467785
1424,0.0,0.0,0.0,0.0,0.0,1.940745999218316,0.0,0.0,0.0,0.970372999609158,0.970372999609158,0.0,0.0,0.0,0.0,0.0,0.0,0.970372999609158,0.970372999609158,0.0,0.007869712048601082,0.01299505200895113,-0.015479348559431875,0.024241584892721706
1425,0.0,0.0,1.0132388259490581,0.0,0.0,2.0264776518981162,0.0,1.0132388259490581,0.0,0.0,0.0,0.0,0.0,0.0,0.0,0.0,0.0,0.0,2.0264776518981162,0.0,-0.0041593615463308975,-0.006717110661123691,0.004855078254439606,-0.007217431996043263
1426,0.0,0.0,0.0,0.0,0.0,2.0287448191271875,0.0,2.0287448191271875,0.0,0.0,0.0,0.0,0.0,0.0,0.0,0.0,0.0,0.0,2.0287448191271875,0.0,0.004793210612921478,-0.0028976204569929344,-0.012180651663435958,-0.004087348056086342
1427,0.0,0.0,1.0179185916098539,0.0,0.0,3.053755774829561,0.0,0.0,0.0,0.0,0.0,0.0,0.0,1.0179185916098539,0.0,0.0,0.0,0.0,1.0179185916098539,0.0,-0.007672149878525783,-0.006988068115648082,0.002050158815520547,-0.005308532431200474
1428,0.0,0.0,0.9905570356841935,0.0,0.0,2.9716711070525808,0.0,0.0,0.0,0.0,0.0,0.0,0.0,0.0,0.0,0.0,0.0,0.0,1.981114071368387,0.0,0.008347396610618405,-0.006333260952960221,0.012302812893836645,-0.004873984235688282
1429,0.0,0.0,1.0107135601775294,0.0,0.0,2.021427120355059,0.0,0.0,0.0,0.0,0.0,0.0,0.0,0.0,1.0107135601775294,0.0,0.0,0.0,2.021427120355059,0.0,-0.00016923813522776352,-0.006700369800823338,0.0033554919578963767,-0.007199444199374621
1430,0.0,0.0,0.0,0.0,0.0,3.0548815281446258,0.0,0.0,0.0,0.0,0.0,0.0,0.0,0.0,0.0,1.0182938427148753,0.0,0.0,2.0365876854297507,0.0,0.004146868887789657,-0.006993536068258189,-0.006836381991119489,-0.008610793543287245
1431,0.0,0.0,0.0,0.0,0.0,0.9899975106702789,0.0,2.9699925320108367,0.0,0.0,0.0,0.0,0.0,0.0,0.0,0.0,0.0,0.0,1.9799950213405577,0.0,0.0014971370465816332,-0.005865790250192621,0.0001928762908200579,0.014178266242512198
1432,0.0,0.0,1.002392035805812,0.0,0.0,0.0,0.0,1.002392035805812,0.0,0.0,0.0,0.0,0.0,0.0,0.0,3.007176107417436,0.0,0.0,1.002392035805812,0.0,0.0006460439208411777,-0.0012094804189192667,-0.002438499112978956,0.0006098998052449607
1433,0.0,0.0,0.0,0.0,0.0,2.032922139792989,0.0,1.0164610698964944,0.0,0.0,0.0,0.0,0.0,0.0,0.0,1.0164610698964944,0.0,0.0,2.032922139792989,0.0,0.005278357083374177,-0.006074547611201722,-0.00737267986447772,-0.008292199504189296
1434,0.0,0.0,2.002081157585388,0.0,0.0,1.001040578792694,0.0,1.001040578792694,0.0,0.0,0.0,0.0,0.0,0.0,0.0,1.001040578792694,0.0,0.0,1.001040578792694,0.0,0.00021505763458587457,-0.0014480693635757734,0.0015786706264330802,-0.0013862376901372013
1435,0.0,0.0,0.0,0.0,0.0,0.0,0.0,0.0,0.0,0.9499631308597652,0.0,0.0,0.0,0.9499631308597652,0.0,0.9499631308597652,1.8999262617195305,0.0,0.9499631308597652,0.0,-0.004495860558024986,0.0019103666769567037,0.024548909271970547,0.028073453749332483
1436,0.0,0.0,2.0712666991409807,0.0,0.0,0.0,0.0,0.0,0.0,1.0356333495704904,0.0,0.0,0.0,0.0,0.0,1.0356333495704904,1.0356333495704904,0.0,1.0356333495704904,0.0,-0.012633904526706367,-0.002798065126829416,-0.016465847167813307,-0.003735532749141201
1437,0.0,0.0,0.0,0.0,0.0,0.0,0.967898890321988,0.0,0.0,1.935797780643976,0.0,0.0,0.0,0.0,0.0,0.0,0.967898890321988,0.0,0.967898890321988,0.967898890321988,0.023511226980809184,0.00021062044989648225,0.008676810876360802,-0.0002975486290544049
1438,0.0,0.0,0.0,0.0,0.0,0.0,1.0594070498488048,1.0594070498488048,0.0,1.0594070498488048,0.0,0.0,0.0,0.0,0.0,0.0,0.0,0.0,2.1188140996976097,1.0594070498488048,0.0034630406212608792,-0.015618715588554825,-0.011268270062736748,-0.035983104818774266
1439,0.0,0.0,0.0,0.0,0.0,0.0,0.0,1.0008265743920142,1.0008265743920142,0.0,0.0,0.0,0.0,1.0008265743920142,0.0,1.0008265743920142,0.0,0.0,1.0008265743920142,1.0008265743920142,0.0010033877426847925,0.006503372515724353,0.0008616276046689265,-0.009194962255092157
1440,0.0,0.0,2.9422309134360667,0.0,0.0,0.0,0.0,0.0,0.0,0.0,0.0,0.0,0.0,0.0,0.0,0.0,0.0,0.0,2.9422309134360667,0.0,0.000698192549428613,0.005357670106101202,0.0034909627471430616,0.009709536785304855
1441,0.0,0.0,1.0020014013851306,0.0,0.0,2.004002802770261,0.0,0.0,0.0,0.0,0.0,0.0,0.0,0.0,0.0,0.0,0.0,0.0,3.0060042041553916,0.0,0.000905375277639818,0.005473798398987502,0.00024006162664692133,-0.008620636688404775
1442,0.0,0.0,0.0,0.0,0.0,0.0,1.044804243999902,0.0,0.0,0.0,0.0,0.0,0.0,1.044804243999902,0.0,0.0,2.089608487999804,0.0,2.089608487999804,0.0,-0.009335977347998748,-0.00826453946690113,-0.0031344567436784247,-0.02406927044132368
1443,0.9479542047971682,0.0,0.0,0.0,0.0,0.0,0.9479542047971682,0.0,0.0,0.9479542047971682,0.0,0.0,0.0,0.0,0.0,0.9479542047971682,0.0,0.0,0.0,2.8438626143915045,0.007953110528854232,-0.006365975982285497,0.035830925912339245,0.01462773474392376
1444,2.6643875001764954,0.0,0.0,0.0,0.0,0.0,0.0,0.0,0.0,1.776258333450997,0.0,0.0,0.0,0.8881291667254985,0.0,0.0,0.0,0.0,0.0,0.8881291667254985,0.044635450010738084,0.01347128212260255,0.04122224258797102,0.012541858553189917
1445,0.992910202884684,0.0,2.978730608654052,0.0,0.0,0.992910202884684,0.0,0.0,0.0,0.0,0.0,0.0,0.0,0.992910202884684,0.0,0.0,0.0,0.0,0.0,0.992910202884684,0.015752595602702032,0.005607417915986553,-0.010730377436105429,-0.003539838967267141
1446,0.987879910666995,0.0,0.0,0.0,0.0,0.0,0.0,0.0,0.987879910666995,0.987879910666995,0.0,1.97575982133399,0.0,0.0,0.987879910666995,0.0,0.987879910666995,0.0,0.0,0.0,-0.005725362471122752,-0.018261562843493,0.006325294456285831,0.029781720191335008
1447,0.0,0.0,2.0237950049718916,0.0,1.0118975024859458,1.0118975024859458,0.0,1.0118975024859458,0.0,1.0118975024859458,0.0,0.0,0.0,0.0,0.0,0.0,0.0,0.0,0.0,1.0118975024859458,-0.02482314002389648,-0.005511814817541888,0.010824746811980415,0.007612705543512168
1448,2.896205096411437,0.0,0.0,0.9654016988038123,0.0,0.9654016988038123,0.0,0.0,0.0,0.9654016988038123,0.9654016988038123,0.0,0.0,0.0,0.0,0.0,0.0,0.0,0.0,0.0,0.0064084256117260445,0.0004623065834414899,0.01854003957516174,0.00918752942585832
1449,0.0,0.0,0.0,1.9058204788528574,0.0,0.0,0.0,0.0,0.0,0.9529102394264287,0.9529102394264287,0.0,0.0,1.9058204788528574,0.0,0.0,0.0,0.0,0.0,0.9529102394264287,0.030558784475359528,-0.0005088691726873825,0.023554565898056115,-0.006514720627156915
1450,1.0788561562854984,0.0,0.0,0.0,1.0788561562854984,1.0788561562854984,2.1577123125709967,0.0,0.0,1.0788561562854984,0.0,0.0,0.0,1.0788561562854984,0.0,0.0,0.0,0.0,0.0,0.0,-0.01613620329164232,-0.02703351014233552,-0.008902889561225782,-0.026783553290294828
1451,0.0,0.0,0.9255888593480364,0.0,0.0,0.0,0.0,0.9255888593480364,0.0,0.9255888593480364,0.9255888593480364,0.0,0.0,0.9255888593480364,0.0,0.0,0.0,0.0,0.0,1.8511777186960727,0.027015064962910413,0.010953107072582504,0.029651750899214672,0.006791217717256026
1452,0.0,0.0,0.9426516798458409,0.0,0.0,0.0,0.0,0.9426516798458409,0.0,1.8853033596916817,0.9426516798458409,0.0,0.0,0.0,0.0,0.0,0.0,0.0,0.0,1.8853033596916817,0.02381521509683513,0.010136640458043194,0.015319566459956635,0.008076898139324206
1453,0.9745013199642627,0.0,0.9745013199642627,0.0,0.0,0.0,0.0,0.9745013199642627,0.0,1.9490026399285254,0.9745013199642627,0.0,0.0,0.0,0.0,0.0,0.9745013199642627,0.0,0.0,0.0,0.005502439255531512,0.0031372700480493234,0.012185756366835155,0.004673214365321238
1454,1.0019811324023793,0.0,0.0,1.0019811324023793,0.0,0.0,0.0,1.0019811324023793,0.0,0.0,1.0019811324023793,0.0,0.0,0.0,1.0019811324023793,1.0019811324023793,0.0,0.0,0.0,1.0019811324023793,-0.00493831070868197,-0.013688428159219305,0.01172110157094857,0.004924504894573323
1455,0.0,0.0,2.907020350063344,0.0,0.0,1.938013566708896,0.0,0.969006783354448,0.0,0.0,0.0,0.0,0.0,0.0,0.0,0.0,0.0,0.0,0.969006783354448,0.0,0.017685578800073067,-0.0001998540802439933,0.014221256498022887,-0.0007137645722999762
1456,0.0,0.0,0.9451454797536093,0.0,0.0,0.9451454797536093,0.0,0.9451454797536093,0.0,0.9451454797536093,0.0,0.0,0.0,0.0,0.0,0.0,0.0,0.9451454797536093,0.0,1.8902909595072186,0.01090395519098202,0.02281563423855642,0.010737733327276497,0.010397197489575726
1457,0.0,0.0,0.0,0.0,0.0,0.0,0.0,0.9790948304954551,0.0,0.0,0.0,0.0,0.0,0.9790948304954551,0.0,0.9790948304954551,1.9581896609909102,0.0,1.9581896609909102,0.0,-1.3747904567266423e-05,0.00751977954989889,0.0034737517865341045,0.009925386072679183
1458,0.9223874177171663,0.0,0.0,0.0,0.9223874177171663,0.0,0.0,1.8447748354343325,0.0,0.9223874177171663,0.0,0.0,0.0,0.0,0.0,0.0,0.0,0.0,0.0,1.8447748354343325,0.032473026079472694,0.0036745706683284514,0.03279552218053117,0.00866946335450136
1459,0.0,0.0,1.0405133634648465,0.0,0.0,0.0,0.0,0.0,0.0,2.081026726929693,0.0,2.081026726929693,0.0,1.0405133634648465,0.0,0.0,0.0,0.0,0.0,1.0405133634648465,-0.0525204097758671,-0.03482549247030813,0.037284779116078734,0.009547759665250092
1460,0.0,0.0,0.0,0.9637534066152522,0.0,0.0,0.0,0.9637534066152522,0.9637534066152522,1.9275068132305044,0.0,0.0,0.0,0.9637534066152522,0.0,0.9637534066152522,0.0,0.0,0.0,0.0,0.012882929369401875,0.011153846906875348,0.0025576403895136053,0.009652176718956951
1461,0.9710445923001132,0.0,0.0,0.0,0.0,0.0,0.9710445923001132,0.0,0.0,0.0,0.9710445923001132,0.9710445923001132,0.0,1.9420891846002264,0.0,0.0,0.0,0.0,0.0,0.9710445923001132,0.02160359553920913,0.011107241884908524,0.008015256920972958,-0.01177068664520378
1462,0.9840976629188165,0.0,0.0,0.0,0.0,0.0,0.0,0.0,0.0,0.0,0.9840976629188165,1.968195325837633,0.0,1.968195325837633,0.0,0.0,0.0,0.0,0.0,0.9840976629188165,0.017824551871708123,0.011256548738427278,-0.0012498518081659016,-0.011928911720786084
1463,0.0,0.0,0.0,0.0,0.0,0.0,0.0,0.0,0.0,0.0,1.9508725761533898,0.9754362880766949,0.9754362880766949,0.0,0.0,0.0,0.9754362880766949,0.0,0.9754362880766949,0.9754362880766949,0.009293097878829896,0.009063725188769058,-0.004501365685891592,0.010708254541597784
1464,0.0,0.0,3.0672618671315304,0.0,0.0,0.0,0.0,0.0,0.0,1.0224206223771768,0.0,1.0224206223771768,0.0,1.0224206223771768,0.0,0.0,0.0,0.0,1.0224206223771768,0.0,-0.01945632301605526,-0.007139472230506507,0.0010767195913699641,0.0030984532780150478
1465,0.0,0.0,2.794955239248007,0.0,0.0,0.9316517464160023,0.0,0.0,0.0,0.0,0.0,1.8633034928320047,0.0,0.0,0.0,0.0,0.0,0.0,0.9316517464160023,0.0,0.03829350933856018,0.00767683967042846,0.032141823364879106,-0.009763918789870015
1466,1.030917628221378,1.030917628221378,0.0,0.0,0.0,0.0,0.0,0.0,0.0,1.030917628221378,2.061835256442756,0.0,0.0,0.0,0.0,1.030917628221378,0.0,0.0,1.030917628221378,0.0,0.013739126746992363,-0.0034098965646524957,-0.03254615105660507,-0.008700707347112643
1467,1.0992621385974937,0.0,0.0,0.0,0.0,1.0992621385974937,0.0,0.0,0.0,0.0,3.297786415792481,2.1985242771949873,0.0,0.0,0.0,0.0,0.0,0.0,0.0,0.0,-0.03246028240811498,-0.035431213565989016,-0.0293855851871466,-0.0019850574362430666
1468,0.995840596449448,0.0,0.0,0.0,0.0,0.0,0.995840596449448,0.0,0.0,0.0,2.987521789348344,0.0,0.0,0.0,0.0,0.0,0.0,0.0,0.995840596449448,0.995840596449448,0.009571390394524506,0.009545555137057416,0.00404389496288749,-0.01900143694391743
1469,0.0,0.0,0.9765487694021274,0.9765487694021274,0.0,0.0,0.0,0.9765487694021274,0.9765487694021274,0.9765487694021274,0.0,0.0,0.9765487694021274,0.9765487694021274,0.0,0.0,0.0,0.0,0.0,0.0,0.006461852664269128,0.008677714148969664,-0.0017071631972445768,0.01001882698187833
1470,0.0,0.0,0.9917521286232147,0.9917521286232147,0.0,0.0,0.0,0.9917521286232147,0.9917521286232147,0.0,0.0,0.0,1.9835042572464294,0.9917521286232147,0.0,0.0,0.0,0.0,0.0,0.0,0.005016708676369491,0.0072050849764502345,-0.010930924290121394,0.006957002014086996
1471,0.0,0.0,0.0,0.0,0.0,0.0,2.906509909144015,0.0,0.0,0.0,1.9376732727626764,0.0,0.9688366363813382,0.0,0.9688366363813382,0.0,0.0,0.0,0.0,0.0,0.012093835732566813,0.0425245301050264,-0.016157310123250397,-0.007297692095681127
1472,1.0238971862972466,0.0,1.0238971862972466,0.0,0.0,0.0,1.0238971862972466,1.0238971862972466,0.0,0.0,0.0,0.0,0.0,0.0,1.0238971862972466,0.0,1.0238971862972466,0.0,1.0238971862972466,0.0,-0.0061353823204517155,0.000845305875096838,-0.0010912138678905333,-0.017515895984001034
1473,0.0,0.0,0.9737854915355176,0.0,0.0,0.0,0.0,0.0,0.9737854915355176,0.0,0.9737854915355176,0.0,0.0,0.9737854915355176,0.0,1.9475709830710353,0.0,0.0,0.0,0.9737854915355176,0.009831141371554669,0.011971680619243705,-0.0009024413498228225,0.005314127823506939
1474,0.0,0.0,1.0056560513725759,0.0,0.0,1.0056560513725759,0.0,0.0,1.0056560513725759,0.0,1.0056560513725759,0.0,0.0,0.0,0.0,1.0056560513725759,1.0056560513725759,0.0,0.0,1.0056560513725759,-0.0023370027346014356,0.00041970461612993865,-0.0060324324363850955,0.0022936791822808517
1475,0.0,0.0,1.0370276907795262,1.0370276907795262,0.0,1.0370276907795262,0.0,0.0,0.0,0.0,2.0740553815590523,0.0,0.0,1.0370276907795262,0.0,1.0370276907795262,0.0,0.0,0.0,0.0,-0.0023025159262194126,-0.011487230384939139,-0.010000381819632179,-0.013237562648735534
1476,0.9353310710578217,0.0,0.0,0.0,0.0,0.9353310710578217,0.0,0.0,0.0,0.0,0.9353310710578217,0.9353310710578217,0.0,1.8706621421156433,0.0,0.0,0.0,0.0,0.0,0.9353310710578217,0.035040727287427784,0.01568026971223243,0.007519527150663367,0.006428404791854687
1477,0.0,0.0,1.0567407672943565,0.0,0.0,2.113481534588713,1.0567407672943565,0.0,0.0,1.0567407672943565,0.0,1.0567407672943565,0.0,0.0,0.0,0.0,0.0,0.0,0.0,1.0567407672943565,0.01981173321583221,0.000220949908746255,-0.046991728508452804,-0.029781721910482086
1478,1.0051635232153142,1.0051635232153142,0.0,0.0,0.0,0.0,0.0,0.0,0.0,0.0,1.0051635232153142,1.0051635232153142,0.0,2.0103270464306284,0.0,0.0,0.0,0.0,0.0,1.0051635232153142,0.008575104704564586,0.01149750946019254,-0.013051872153969517,-0.012184265226101809
1479,1.0242220705682648,2.0484441411365295,0.0,0.0,0.0,0.0,0.0,0.0,0.0,0.0,1.0242220705682648,0.0,0.0,2.0484441411365295,0.0,0.0,0.0,0.0,0.0,1.0242220705682648,0.002997655610210552,0.011715509639692824,-0.02651994908122828,-0.01241528673693993
1480,0.0,0.0,0.9586273731312243,0.0,0.0,0.0,0.0,0.0,0.0,0.9586273731312243,1.9172547462624485,0.0,0.0,0.0,0.0,0.9586273731312243,0.0,0.0,0.0,1.9172547462624485,0.014187379568721434,0.009229686390768536,0.0110362737271297,0.006919287182156035
1481,1.864629614667247,0.0,0.0,0.0,0.0,0.0,0.0,0.0,0.0,0.9323148073336235,0.9323148073336235,0.0,0.0,0.9323148073336235,0.0,0.0,1.864629614667247,0.0,0.0,0.0,0.022077230085093935,0.00967246302387986,0.02311518635704109,0.01282031320036158
1482,1.935721351387063,0.0,0.0,0.0,0.0,0.0,1.935721351387063,0.0,0.0,0.0,0.0,0.9678606756935315,0.9678606756935315,0.0,0.0,0.0,0.9678606756935315,0.0,0.0,0.0,-0.02755574983137066,-0.023638377557983495,0.024668180411275487,0.058665271284547064
1483,1.9431889705008816,0.0,0.0,0.0,0.0,0.0,0.0,0.9715944852504408,0.0,0.0,0.0,0.0,0.0,0.0,0.0,0.0,1.9431889705008816,0.0,0.0,1.9431889705008816,0.014909644338217311,0.0016252909384131084,0.009433850220635729,0.0024367292522929785
1484,0.0,0.0,0.0,0.0,0.0,0.9870071158247227,0.0,0.0,0.0,0.9870071158247227,0.9870071158247227,0.0,0.0,0.0,0.0,0.9870071158247227,0.9870071158247227,0.0,1.9740142316494453,0.0,-0.004984044483692143,0.0005485669753887374,0.0033220033722377662,0.014106358311342895
1485,1.7942693411447799,0.0,0.0,0.0,0.0,0.0,0.0,0.0,0.0,0.8971346705723899,0.8971346705723899,0.0,0.0,0.8971346705723899,0.0,0.0,0.8971346705723899,0.0,0.0,0.8971346705723899,0.03895957471856048,0.01581911821767753,0.03436920400400435,0.013717432487367698
1486,0.0,0.0,0.0,0.95356422407044,0.0,0.0,0.0,0.95356422407044,0.0,1.90712844814088,0.0,0.0,0.0,0.95356422407044,0.0,0.0,0.0,0.0,0.0,1.90712844814088,0.02901654249240748,0.006802404240004759,0.01916025716404688,-0.008543427966899
1487,0.0,0.0,0.0,0.0,0.0,0.0,0.0,1.0597464049615817,0.0,0.0,0.0,2.1194928099231634,0.0,0.0,0.0,0.0,2.1194928099231634,0.0,0.0,2.1194928099231634,-0.009575517502206655,-0.013540857128805907,-0.027588204272091906,-0.00904182605847726
1488,0.0,0.0,0.0,0.0,0.0,0.9980228569004141,0.0,0.0,0.0,0.9980228569004141,0.0,1.9960457138008283,0.0,0.0,0.0,0.0,0.0,0.0,0.9980228569004141,1.9960457138008283,0.013489920035718089,0.01690603996721034,-0.011338469602284901,-0.017080347301057803
1489,1.0067479251751776,0.0,1.0067479251751776,0.0,0.0,3.020243775525533,0.0,0.0,0.0,0.0,0.0,0.0,0.0,0.0,0.0,0.0,0.0,0.0,1.0067479251751776,1.0067479251751776,-0.004270014078628253,-0.0048547754003242195,0.0036916670445148536,-0.0013148027407400291
1490,0.0,0.0,0.0,0.0,0.0,0.0,0.0,1.1029819826391898,0.0,0.0,0.0,2.2059639652783796,0.0,0.0,0.0,0.0,1.1029819826391898,0.0,0.0,3.3089459479175694,-0.006138841558019019,-0.006322491638325875,-0.05070903823214349,-0.039811611210701446
1491,0.9705171960331028,0.0,0.0,0.0,0.0,0.0,0.0,0.9705171960331028,0.0,0.0,0.0,0.0,0.0,0.0,0.0,0.0,1.9410343920662056,0.0,0.0,2.9115515880993086,0.01296141998416105,0.004279731104094118,0.010792950061722224,0.0014487028169197233
1492,0.0,0.0,0.9959983735997613,0.0,0.0,0.0,0.0,0.9959983735997613,0.0,0.9959983735997613,1.9919967471995226,0.0,0.0,0.0,0.0,0.9959983735997613,0.0,0.0,0.9959983735997613,0.0,-0.0004615134054191857,-0.0003232758421764988,0.005261252821778704,-0.00047483717394426365
1493,1.9083316098137926,0.0,0.0,0.0,0.0,0.0,0.0,0.9541658049068963,0.0,0.9541658049068963,0.9541658049068963,0.0,0.0,0.9541658049068963,0.0,1.9083316098137926,0.0,0.0,0.0,0.0,0.0270344992301953,0.004861183563703161,0.016042268685129698,-0.0021037563859243914
1494,5.786912790989676,0.0,0.0,0.0,0.0,0.0,0.0,1.9289709303298916,0.0,0.0,0.0,0.0,0.0,0.0,0.0,0.0,0.0,0.0,0.0,0.0,0.017002945214003393,-2.787934540471749e-06,0.018052509733386318,0.00046186782220485203
1495,1.0049316748089074,0.0,2.009863349617815,0.0,1.0049316748089074,0.0,0.0,0.0,0.0,0.0,0.0,0.0,0.0,1.0049316748089074,0.0,0.0,0.0,0.0,1.0049316748089074,1.0049316748089074,-0.004234971182072216,0.005506453754366445,-0.008097067350445944,0.0018939099692442697
1496,0.0,1.001986576359293,2.003973152718586,0.0,1.001986576359293,1.001986576359293,0.0,1.001986576359293,0.0,1.001986576359293,0.0,0.0,0.0,0.0,0.0,0.0,0.0,0.0,0.0,1.001986576359293,-0.006194779645446307,-0.0019663065704374314,-0.0017463565444091867,0.007920866401000025
1497,2.1506711884395138,0.0,0.0,1.0753355942197569,0.0,0.0,1.0753355942197569,0.0,0.0,0.0,0.0,1.0753355942197569,0.0,0.0,0.0,1.0753355942197569,0.0,0.0,1.0753355942197569,1.0753355942197569,-0.017847329807074125,-0.02618420037150584,-0.013623310760095292,-0.017680753281081645
1498,0.0,0.0,0.0,1.007537711025968,0.0,0.0,1.007537711025968,1.007537711025968,0.0,0.0,1.007537711025968,1.007537711025968,1.007537711025968,1.007537711025968,0.0,1.007537711025968,0.0,0.0,0.0,0.0,-0.01995221730472714,-0.013724825591920462,0.008315065972394703,0.017824265898284872
1499,0.0,0.0,0.0,0.0,0.0,0.0,0.0,0.8274630059456031,0.0,1.6549260118912061,1.6549260118912061,0.0,0.0,1.6549260118912061,0.0,0.0,0.0,0.0,0.0,0.8274630059456031,0.05663779301835435,0.029625600537681346,0.056756263026682664,0.02951733747167848
1500,0.0,0.9959247950868091,1.9918495901736182,0.0,0.0,0.9959247950868091,0.0,0.9959247950868091,0.0,0.9959247950868091,0.0,0.0,0.0,0.9959247950868091,0.0,0.0,0.0,0.0,0.0,0.9959247950868091,-0.011888336354675262,-0.003211997541126835,0.006759623097122364,0.012415915711870576
1501,0.0,0.0,0.0,0.0,0.0,0.0,0.976160969478746,0.976160969478746,0.0,0.0,0.976160969478746,0.0,0.0,0.0,0.0,0.0,1.952321938957492,0.0,0.976160969478746,1.952321938957492,0.007408965698790394,0.010580967227743989,0.009433642417006255,-0.003584544822286656
1502,0.0,0.0,0.0,0.0,0.0,1.0230881252602146,0.0,1.0230881252602146,0.0,1.0230881252602146,0.0,2.0461762505204293,0.0,0.0,0.0,0.0,0.0,0.0,1.0230881252602146,2.0461762505204293,-0.02347088053704461,-0.013735349564789,0.009917674519014163,0.0042004303226049365
1503,0.0,0.0,0.0,0.0,0.0,0.9948861109065654,1.9897722218131308,0.9948861109065654,0.0,0.0,0.0,0.9948861109065654,0.0,0.0,0.0,0.9948861109065654,0.0,0.0,0.0,1.9897722218131308,-0.013012716805985392,0.005294669703489478,0.008383528366282325,0.004448407829648157
1504,0.0,0.996871410962179,1.993742821924358,0.0,0.0,0.996871410962179,0.0,0.996871410962179,0.0,1.993742821924358,0.0,0.0,0.0,0.0,0.0,0.0,0.0,0.0,0.0,0.996871410962179,-0.013110670957277465,-0.002627618918856562,0.008561229142029102,0.01030564977192597
1505,0.9345089032161414,0.0,0.0,0.0,0.0,0.0,0.0,1.8690178064322829,0.0,1.8690178064322829,0.9345089032161414,0.9345089032161414,0.9345089032161414,0.0,0.0,0.0,0.0,0.0,0.0,0.0,0.029434192616106157,0.008780738567432273,0.024770779504354908,0.0025053860959652558
1506,0.0,0.0,0.0,0.0,0.0,0.0,0.0,2.8068634957905645,0.0,1.871242330527043,0.9356211652635215,0.9356211652635215,0.9356211652635215,0.0,0.0,0.0,0.0,0.0,0.0,0.0,0.02763654821021844,0.007491131785427792,0.024938205390671292,0.004312949350160928
1507,0.0,0.0,0.0,0.0,0.0,0.0,0.0,1.8544072197792503,0.0,2.7816108296688755,0.9272036098896251,0.9272036098896251,0.9272036098896251,0.0,0.0,0.0,0.0,0.0,0.0,0.0,0.039063410493093975,0.012061836957378282,0.02383504124751809,-0.002163898587615406
1508,1.038646252235413,0.0,2.077292504470826,0.0,0.0,0.0,0.0,0.0,0.0,1.038646252235413,0.0,2.077292504470826,0.0,1.038646252235413,0.0,0.0,0.0,0.0,0.0,1.038646252235413,0.0016829001001318477,-0.01281177568874632,-0.016768060329168874,-0.010749316317629494
1509,0.95445128707079,0.0,0.0,0.0,0.0,0.0,1.90890257414158,0.95445128707079,1.90890257414158,0.0,0.0,1.90890257414158,0.0,0.0,0.0,0.0,0.0,0.0,0.0,0.0,0.006292179678236624,0.016066797212461553,0.002375482104296998,0.020814253934214797
1510,2.9687958496471416,0.0,0.0,0.0,0.0,0.0,0.9895986165490472,0.0,0.0,0.9895986165490472,0.9895986165490472,0.0,0.0,0.0,0.9895986165490472,0.0,0.9895986165490472,0.0,0.0,0.0,0.0005225660252365597,-0.010351944041468733,0.016848163871587073,0.0033825975955977523
1511,0.0,0.0,0.0,0.0,0.0,0.0,0.9891968780005237,1.9783937560010474,0.0,0.0,2.967590634001571,0.0,0.0,0.0,0.0,0.9891968780005237,0.0,0.0,0.0,0.9891968780005237,0.007595710036143692,-0.009626378903829808,0.017827496556879045,-0.004993705689716595
1512,0.0,0.9978531240399957,1.9957062480799914,0.0,0.0,0.9978531240399957,0.0,0.9978531240399957,0.0,0.9978531240399957,0.9978531240399957,0.0,0.0,0.0,0.0,0.0,0.0,0.0,0.0,0.9978531240399957,-0.011081935976529608,-0.0026302065824486695,0.005543219804028119,0.010315798714954373
1513,0.0,1.0002434959376962,2.0004869918753925,0.0,0.0,1.0002434959376962,0.0,1.0002434959376962,0.0,1.0002434959376962,0.0,0.0,1.0002434959376962,0.0,0.0,0.0,0.0,0.0,0.0,1.0002434959376962,-0.008422402992577526,-0.002215493940003001,0.001574780191483362,0.008819620803400912
1514,0.0,0.0,1.025513873030939,0.0,0.0,0.0,0.0,1.025513873030939,0.0,0.0,0.0,1.025513873030939,1.025513873030939,0.0,0.0,0.0,1.025513873030939,0.0,0.0,3.0765416190928168,-0.01605154563947575,-0.004950816525006987,0.004373907332556109,-0.008885418199012245
1515,1.9595690865139117,0.0,0.9797845432569559,0.9797845432569559,0.0,0.0,0.0,0.9797845432569559,0.0,0.0,0.0,0.0,0.0,0.9797845432569559,0.0,0.0,0.0,0.0,0.0,1.9595690865139117,0.008126313093559039,0.000663967133026222,0.008450599123049874,0.002974577393409079
1516,1.9354480846932152,0.0,0.9677240423466076,0.0,0.0,0.0,0.0,0.0,0.0,0.9677240423466076,0.9677240423466076,0.0,0.0,0.9677240423466076,0.0,1.9354480846932152,0.0,0.0,0.0,0.0,0.017135744116388886,0.00431289052228175,0.011276542570389986,-0.0004492195556682506
1517,1.9754501694931432,0.0,0.9877250847465716,0.0,0.0,0.0,0.0,0.9877250847465716,0.0,0.0,0.9877250847465716,0.0,0.0,0.9877250847465716,0.0,1.9754501694931432,0.0,0.0,0.0,0.0,0.0061207247552217325,-0.0030432976779893772,0.008805135842939155,0.0003923523332569224
1518,1.9628369525681797,0.0,0.9814184762840898,0.0,0.0,0.0,0.0,0.9814184762840898,0.0,0.9814184762840898,0.0,0.0,0.0,0.9814184762840898,0.0,1.9628369525681797,0.0,0.0,0.0,0.0,0.011609605970554797,-0.0009534408574701686,0.009045196631050122,-0.0011198380282245622
1519,0.9739771882549445,0.0,0.9739771882549445,0.0,0.0,0.0,0.0,0.9739771882549445,0.0,0.9739771882549445,0.9739771882549445,0.0,0.0,0.9739771882549445,0.0,1.947954376509889,0.0,0.0,0.0,0.0,0.015389947041054201,0.001801985774182098,0.010631415857980461,-0.001800536928161318
1520,0.0,0.0,1.0038318488500984,0.0,0.0,1.0038318488500984,0.0,1.0038318488500984,0.0,0.0,0.0,0.0,0.0,2.0076636977001967,0.0,1.0038318488500984,0.0,0.0,0.0,2.0076636977001967,-0.00968117007405391,-0.0010912820408901975,0.003964288502361985,0.002976314762483869
1521,1.9916782722310293,0.0,0.0,0.0,0.0,0.0,0.0,0.0,0.0,0.9958391361155147,0.9958391361155147,1.9916782722310293,0.0,0.9958391361155147,0.9958391361155147,0.0,0.0,0.0,0.0,0.0,-0.019428405815483406,-0.011497949048151797,0.025179921078102217,0.00990729767001821
1522,0.0,0.0,1.007751179506438,0.0,0.0,1.007751179506438,1.007751179506438,0.0,0.0,1.007751179506438,1.007751179506438,0.0,0.0,0.0,0.0,1.007751179506438,0.0,0.0,2.015502359012876,0.0,-0.019994347148605478,-0.006503498217997885,0.00478456378600299,0.01396210207416233
1523,0.9666423123043834,0.0,1.9332846246087667,0.0,0.0,0.0,0.0,0.9666423123043834,0.0,0.9666423123043834,0.9666423123043834,0.0,0.0,0.9666423123043834,0.0,0.9666423123043834,0.0,0.0,0.0,0.0,0.021870551534973914,0.003625704028926675,0.007594123287162299,0.00026730884455386045
1524,1.0235531510979723,0.0,3.0706594532939167,0.0,0.0,0.0,0.0,0.0,0.0,1.0235531510979723,0.0,0.0,0.0,1.0235531510979723,0.0,1.0235531510979723,1.0235531510979723,0.0,0.0,0.0,0.006240342086906306,0.007427987558360714,-0.0312271183665325,-0.00599436237670682
1525,0.0,0.0,2.031202603967791,0.0,0.0,0.0,0.0,1.0156013019838954,0.0,0.0,0.0,0.0,0.0,0.0,0.0,1.0156013019838954,2.031202603967791,0.0,1.0156013019838954,1.0156013019838954,-0.0015661093736164694,-0.0005210591522840787,-0.01061516572995163,-0.002898967728043287
1526,0.0,0.9984489974195586,1.9968979948391172,0.0,0.0,0.9984489974195586,0.0,0.9984489974195586,0.0,0.9984489974195586,0.0,0.0,0.0,0.0,0.0,0.0,0.0,0.0,0.0,1.9968979948391172,-0.011216232706430806,-0.002379622414148233,0.005735795445226467,0.00941106225579392
1527,0.0,1.0205730870529053,1.0205730870529053,0.0,0.0,0.0,0.0,0.0,1.0205730870529053,1.0205730870529053,1.0205730870529053,0.0,0.0,1.0205730870529053,0.0,1.0205730870529053,0.0,0.0,1.0205730870529053,0.0,-0.06266239129110046,-0.025022572709006454,0.04201291318480796,0.02509896376239367
1528,2.0745444554076338,1.0372722277038169,1.0372722277038169,0.0,0.0,1.0372722277038169,0.0,0.0,0.0,0.0,2.0745444554076338,0.0,0.0,1.0372722277038169,0.0,0.0,1.0372722277038169,0.0,0.0,0.0,-8.875424508033521e-05,-0.001433649536945002,-0.029539753534034825,-0.006210070387756743
1529,0.9710310836388512,0.0,0.0,0.0,0.0,0.9710310836388512,0.9710310836388512,0.0,0.9710310836388512,0.0,0.9710310836388512,0.9710310836388512,0.0,1.9420621672777023,0.0,0.0,0.0,0.0,0.0,0.9710310836388512,0.026524348522289017,0.01042601460809029,0.0035265120541842056,-0.011507958823414639
1530,0.0,0.0,0.0,0.0,0.0,0.9400115077867521,0.0,0.0,0.0,0.9400115077867521,0.0,3.7600460311470085,0.0,0.0,0.0,0.0,0.0,0.0,0.9400115077867521,1.8800230155735043,0.01342721556993436,0.022295166126354814,0.00859969697389532,0.01566641354306331
1531,0.9703254249254121,0.0,0.0,0.9703254249254121,0.0,0.0,0.9703254249254121,0.0,0.0,0.0,0.9703254249254121,1.9406508498508241,0.0,1.9406508498508241,0.9703254249254121,0.0,0.0,0.0,0.0,0.0,0.021018974417183735,0.03392980371344639,-0.00778509594737953,-0.01748910710866271
1532,0.9523499848690314,0.0,0.0,0.9523499848690314,0.0,0.0,0.9523499848690314,0.0,0.0,0.0,0.9523499848690314,1.9046999697380629,0.0,1.9046999697380629,0.0,0.0,0.0,0.0,0.0,0.9523499848690314,0.034169117353904786,0.04311373054517279,-0.009772813328727242,-0.01986001943938166
1533,0.0,0.0,0.0,0.9530788999419425,0.0,0.0,0.9530788999419425,0.0,0.0,0.0,0.9530788999419425,1.906157799883885,0.0,1.906157799883885,0.9530788999419425,0.0,0.0,0.0,0.0,0.9530788999419425,0.03278382346079402,0.04393334355917281,-0.01081983481088719,-0.018976232151022083
1534,0.9681161603306493,0.0,0.0,0.9681161603306493,0.0,0.0,0.9681161603306493,0.0,0.0,0.0,0.9681161603306493,1.9362323206612986,0.0,0.9681161603306493,0.9681161603306493,0.0,0.0,0.0,0.0,0.9681161603306493,0.022394000928486285,0.032787184386403094,-0.01258392689812504,-0.010713418747413592
1535,1.0048221301583034,0.0,0.0,1.0048221301583034,0.0,0.0,1.0048221301583034,0.0,0.0,0.0,1.0048221301583034,2.0096442603166067,0.0,1.0048221301583034,1.0048221301583034,0.0,0.0,0.0,0.0,1.0048221301583034,0.01998781976160542,0.029571594762779093,-0.023898385668810432,-0.030483159013877364
1536,0.9395084050132085,0.0,0.0,0.9395084050132085,0.0,0.0,0.9395084050132085,0.0,0.0,0.0,0.0,1.879016810026417,0.0,1.879016810026417,0.9395084050132085,0.0,0.0,0.0,0.0,0.9395084050132085,0.03614973214762155,0.048325474571713684,-0.0075816619018395605,-0.01640194983070418
1537,0.9999832022222985,0.0,0.0,0.9999832022222985,0.0,0.0,0.0,0.0,0.0,0.0,1.999966404444597,0.0,0.0,0.0,0.0,0.0,0.9999832022222985,0.0,0.9999832022222985,2.999949606666896,0.002202275631756883,-0.0002222169116978784,0.013151596668307518,-0.01511485761066515
1538,0.9698811844027737,0.0,0.0,0.0,0.9698811844027737,0.0,0.9698811844027737,0.0,0.0,0.0,2.909643553208321,0.0,0.0,0.0,0.0,0.0,0.0,0.0,0.9698811844027737,1.9397623688055474,0.016298828943740084,0.012215182903006017,0.007104496150674377,-0.005499692400194175
1539,2.015563385416916,0.0,1.007781692708458,0.0,0.0,1.007781692708458,0.0,1.007781692708458,0.0,0.0,1.007781692708458,1.007781692708458,0.0,0.0,0.0,1.007781692708458,1.007781692708458,0.0,0.0,0.0,-0.010165294844480349,-0.0054238089339631685,0.0038904343522254514,0.003916976717760222
1540,0.0,0.0,2.9165254138671792,0.0,0.0,0.0,0.0,0.0,0.9721751379557264,0.0,0.9721751379557264,0.0,0.0,0.9721751379557264,0.0,1.9443502759114528,0.0,0.0,0.0,0.9721751379557264,0.012152573151568055,0.009629883724473593,0.0014099266479855091,0.004632478520246519
1541,0.9966025572877548,0.0,0.9966025572877548,0.0,0.0,0.9966025572877548,0.0,1.9932051145755096,0.0,0.0,0.0,0.0,0.0,0.0,0.9966025572877548,0.0,0.0,0.0,2.9898076718632645,0.0,0.00678259004230559,0.004005309104065046,-0.000299865821157472,-0.007090590612967913
1542,0.0,0.0,1.0120682245093913,0.0,0.0,3.0362046735281742,0.0,2.0241364490187825,0.0,0.0,0.0,0.0,0.0,0.0,1.0120682245093913,0.0,0.0,0.0,2.0241364490187825,0.0,-0.0005135907575907655,-0.004755285734430816,-0.003141116124987212,-0.003658231892382521
1543,1.0943688021685374,2.1887376043370748,0.0,0.0,0.0,0.0,0.0,0.0,0.0,2.1887376043370748,0.0,1.0943688021685374,0.0,0.0,1.0943688021685374,1.0943688021685374,0.0,0.0,1.0943688021685374,0.0,-0.057526479101322255,-0.028065485001690694,-0.018645622581888475,0.009868784516364084
1544,0.0,0.0,1.0098616159317646,0.0,0.0,4.039446463727058,0.0,2.019723231863529,0.0,0.0,0.0,0.0,0.0,0.0,0.0,0.0,0.0,0.0,2.019723231863529,0.0,0.004967844470045659,-0.004596146203385545,-0.00667114341311839,-0.0035621707853063433
1545,1.0092851157596432,1.0092851157596432,1.0092851157596432,0.0,0.0,1.0092851157596432,0.0,0.0,1.0092851157596432,0.0,2.0185702315192864,0.0,0.0,1.0092851157596432,0.0,0.0,0.0,0.0,0.0,1.0092851157596432,0.0045724047804359,0.0029527739531608234,-0.019163843252363047,0.002353548759123151
1546,0.9996891448174232,0.0,0.0,0.9996891448174232,0.0,0.9996891448174232,0.0,0.0,0.0,0.0,0.0,0.0,0.9996891448174232,0.0,2.99906743445227,0.0,0.9996891448174232,0.0,0.0,0.9996891448174232,0.002570759323168431,-0.0007331711429783235,0.002110073687757684,-0.003636806685371039
1547,0.9693764230960501,0.9693764230960501,1.9387528461921002,0.0,0.0,0.9693764230960501,0.0,0.9693764230960501,0.0,1.9387528461921002,0.0,0.0,0.0,0.0,0.0,0.0,0.0,0.0,0.0,0.9693764230960501,0.001907090925783575,0.0033418644996831013,0.01922859540712627,0.00614602607135694
1548,0.0,0.0,1.033069466983013,0.0,1.033069466983013,1.033069466983013,1.033069466983013,0.0,0.0,0.0,2.066138933966026,0.0,0.0,0.0,0.0,1.033069466983013,0.0,0.0,2.066138933966026,0.0,-0.00932767393930475,-0.003712532658270984,-0.010013655166882388,-0.010015605218554732
1549,0.0,0.0,0.0,1.055115803167681,0.0,0.0,0.0,0.0,0.0,0.0,1.055115803167681,2.110231606335362,0.0,0.0,0.0,2.110231606335362,1.055115803167681,0.0,0.0,2.110231606335362,-0.02251331135875311,-0.020077209233551344,-0.004143006452947349,-0.008382276122429247
1550,0.9589028415019165,0.0,0.0,0.0,0.0,0.0,0.0,2.8767085245057493,0.0,0.0,0.0,0.0,0.0,0.0,0.0,0.0,0.9589028415019165,0.0,0.0,3.835611366007666,0.020971613215340693,0.0028045241109876007,0.017415213657025422,-9.419248527010795e-05
1551,0.0,0.0,0.0,0.9777369334261335,0.0,0.0,0.0,0.9777369334261335,0.0,0.0,0.9777369334261335,0.9777369334261335,0.0,0.0,0.0,0.0,2.9332108002784008,0.0,0.9777369334261335,0.9777369334261335,-0.010927296782738342,-0.00818627603346401,0.01958271607855905,0.02179392331150968
1552,3.8015950707476667,0.0,0.0,0.0,0.0,0.0,0.0,2.8511963030607497,0.0,0.0,0.9503987676869167,0.0,0.0,0.0,0.0,0.0,0.0,0.0,0.0,1.9007975353738333,0.024786058407964787,0.002228977237783653,0.023770728574580367,-0.0011845319072455159
1553,4.113722455218712,1.028430613804678,0.0,1.028430613804678,1.028430613804678,0.0,0.0,0.0,0.0,0.0,0.0,1.028430613804678,0.0,0.0,0.0,0.0,0.0,0.0,0.0,2.056861227609356,0.004304517138844522,0.007522259592467422,-0.02118172618078183,-0.019075664355208063
1554,0.7729686389329304,0.0,0.0,0.7729686389329304,0.0,0.0,3.0918745557317218,0.0,0.0,0.0,0.0,2.318905916798791,0.0,0.0,0.0,0.7729686389329304,0.0,0.0,0.0,0.0,0.030532972600578134,0.07855245263826209,0.030790293256566768,0.0871556425716626
1555,2.8875972261008718,0.0,0.0,0.0,0.0,0.9625324087002906,0.0,0.0,0.0,0.9625324087002906,0.0,0.0,0.0,1.925064817400581,0.0,0.9625324087002906,0.0,0.0,0.9625324087002906,0.9625324087002906,0.0008723028441392496,0.00400610031161627,0.022924980347176042,0.00966420779677781
1556,0.9907347970202867,0.0,0.9907347970202867,0.0,0.0,3.9629391880811466,0.0,0.9907347970202867,0.0,0.0,0.0,0.0,0.0,0.0,0.9907347970202867,0.0,0.0,0.0,1.9814695940405733,0.0,0.0059528970220429295,-0.004036649990155024,0.009069980551562268,-0.0017210246037368457
1557,2.05332945567156,0.0,0.0,0.0,0.0,0.0,0.0,1.02666472783578,0.0,0.0,0.0,3.07999418350734,0.0,0.0,1.02666472783578,0.0,2.05332945567156,0.0,0.0,1.02666472783578,0.006834316394271746,0.00871769968395343,-0.03314520315797219,-0.009071540756033116
1558,1.0728918235175917,2.1457836470351834,0.0,1.0728918235175917,1.0728918235175917,1.0728918235175917,0.0,0.0,0.0,0.0,0.0,1.0728918235175917,0.0,0.0,1.0728918235175917,0.0,0.0,0.0,0.0,2.1457836470351834,0.005105762545439922,0.023950247240379297,-0.0677852120824779,-0.034162621220933005
1559,1.039311179159803,0.0,1.039311179159803,0.0,1.039311179159803,0.0,1.039311179159803,1.039311179159803,0.0,0.0,1.039311179159803,1.039311179159803,0.0,0.0,0.0,1.039311179159803,0.0,1.039311179159803,1.039311179159803,0.0,-0.011011958310126366,-0.03155990101834839,-0.004926650426185606,0.008187330594857246
1560,0.9733456659012292,0.0,0.9733456659012292,0.9733456659012292,0.9733456659012292,0.0,0.0,1.9466913318024583,0.0,0.0,0.0,0.9733456659012292,0.0,0.0,0.9733456659012292,0.0,0.9733456659012292,0.0,0.0,0.9733456659012292,0.0023780889717354725,0.003236438702408907,0.00691516496791829,0.014124641456708269
1561,1.043715073534596,0.0,0.0,1.043715073534596,1.043715073534596,0.0,0.0,0.0,0.0,0.0,2.087430147069192,1.043715073534596,1.043715073534596,0.0,1.043715073534596,0.0,0.0,0.0,0.0,2.087430147069192,-0.012674362586506458,-0.01586326144178946,-0.0011637197195622823,-0.014013729786737681
1562,1.037934001565837,0.0,0.0,1.037934001565837,0.0,1.037934001565837,0.0,1.037934001565837,0.0,1.037934001565837,0.0,1.037934001565837,0.0,0.0,0.0,0.0,1.037934001565837,1.037934001565837,1.037934001565837,1.037934001565837,-0.009999648498083137,-0.0017284039166727085,-0.015643009972839374,-0.010562939178241613
1563,0.7914508054056952,0.0,0.0,0.7914508054056952,0.0,0.0,3.165803221622781,0.0,0.0,0.0,0.0,2.3743524162170857,0.0,0.0,0.0,0.7914508054056952,0.0,0.0,0.0,0.0,0.030629587822778238,0.0781799438377682,0.023775113181963906,0.07596454975179442
1564,0.0,1.0642648241580022,1.0642648241580022,1.0642648241580022,0.0,0.0,2.1285296483160043,1.0642648241580022,0.0,1.0642648241580022,2.1285296483160043,1.0642648241580022,0.0,0.0,0.0,0.0,0.0,0.0,0.0,0.0,-0.02254274372951051,-0.009100694651031188,-0.027158047348145593,-0.005463338429314983
1565,0.0,0.0,0.0,2.0514637104755495,0.0,0.0,0.0,0.0,0.0,0.0,1.0257318552377748,1.0257318552377748,0.0,2.0514637104755495,0.0,3.0771955657133248,0.0,1.0257318552377748,0.0,0.0,-0.0062543966656768025,-0.015099589766648094,-0.0017303560723369658,-0.002647512733112959
1566,0.0,0.0,0.0,1.9566950894336244,0.0,0.0,0.0,0.9783475447168122,0.0,1.9566950894336244,0.0,0.9783475447168122,0.0,0.9783475447168122,0.0,0.0,0.0,0.0,0.0,2.9350426341504363,-0.0042620319477713236,-0.014477688932090919,0.023854156648857903,0.016538019514192256
1567,0.0,1.0221972839504303,0.0,1.0221972839504303,1.0221972839504303,2.0443945679008606,0.0,2.0443945679008606,0.0,0.0,0.0,0.0,0.0,0.0,0.0,0.0,0.0,0.0,1.0221972839504303,2.0443945679008606,-0.015200557659530158,-0.00950862910489278,0.00043395777045664597,0.0020779450435361247
1568,0.0,1.9307912601231498,0.9653956300615749,0.9653956300615749,0.0,0.0,1.9307912601231498,0.0,0.9653956300615749,0.0,0.0,0.0,0.9653956300615749,0.0,0.0,0.0,0.0,0.0,1.9307912601231498,0.0,0.019142693063437435,0.03524874197807256,0.012339784807725991,-0.03212684991081085
1569,0.8659527736771542,0.0,0.0,0.0,0.0,0.0,4.329763868385771,0.0,0.0,0.0,0.0,1.7319055473543084,0.0,0.0,0.0,0.8659527736771542,0.8659527736771542,0.0,0.0,0.0,0.01584144596872343,0.05567091034831293,0.012026235246340423,0.05050863475946905
1570,0.0,0.0,0.0,0.0,0.0,0.8949507653791905,3.579803061516762,0.0,0.0,0.0,0.0,1.789901530758381,0.0,0.0,0.8949507653791905,0.0,0.8949507653791905,0.0,0.0,0.8949507653791905,0.0127041072511156,0.05726264029004991,0.006015378813602668,0.029067108266041287
1571,0.0,0.0,0.0,0.0,0.0,0.0,3.4881886664835706,0.0,0.0,0.0,0.0,2.616141499862678,0.0,0.0,1.7440943332417853,0.0,0.0,0.0,0.0,0.8720471666208927,0.019418213367682912,0.066942843052091,0.003175229923640952,0.038416547035692375
1572,0.0,0.0,0.0,0.9697493175928154,0.0,0.0,2.909247952778446,0.0,0.0,0.0,0.9697493175928154,1.9394986351856307,0.0,0.0,0.9697493175928154,0.9697493175928154,0.0,0.0,0.0,0.9697493175928154,-0.006111619908139596,0.016793148241966767,-0.0022901553805426576,0.021859309453900272
1573,2.0589785383659533,0.0,0.0,0.0,0.0,1.0294892691829767,1.0294892691829767,0.0,1.0294892691829767,0.0,2.0589785383659533,1.0294892691829767,0.0,0.0,1.0294892691829767,1.0294892691829767,0.0,0.0,0.0,0.0,-0.013973664714347356,-0.015202004762615722,-0.007200201784977883,0.006886602078964296
1574,1.0399967726765933,0.0,1.0399967726765933,0.0,0.0,0.0,2.0799935453531866,1.0399967726765933,0.0,0.0,2.0799935453531866,0.0,0.0,0.0,1.0399967726765933,0.0,1.0399967726765933,0.0,1.0399967726765933,0.0,-0.0071214235141560285,-0.004746015553153851,-0.0072230364436556916,-0.02090629716562767
1575,0.0,0.0,0.0,1.0525830045023208,0.0,0.0,2.1051660090046416,0.0,0.0,1.0525830045023208,2.1051660090046416,2.1051660090046416,0.0,0.0,1.0525830045023208,0.0,0.0,0.0,0.0,1.0525830045023208,-0.0443664500635757,-0.029823969795161113,0.004275976431298064,0.017331438925117897
1576,0.0,0.0,1.0235271221829065,1.0235271221829065,0.0,0.0,2.047054244365813,0.0,0.0,0.0,0.0,1.0235271221829065,1.0235271221829065,1.0235271221829065,0.0,0.0,2.047054244365813,0.0,0.0,1.0235271221829065,-0.023015835788304198,-0.02055109825636501,0.006288784453474625,0.013751027408287967
1577,0.0,0.0,0.0,0.0,0.0,0.0,2.944156370372112,0.0,0.0,0.0,0.0,1.962770913581408,0.0,0.0,1.962770913581408,0.0,1.962770913581408,0.0,0.0,0.981385456790704,-0.0077443983658059415,0.0033862648056578086,0.004050048188968241,0.018922628580475914
1578,0.0,0.9987772750680068,0.0,0.0,0.9987772750680068,1.9975545501360137,1.9975545501360137,0.0,0.0,0.9987772750680068,0.0,0.0,0.9987772750680068,0.0,0.0,0.0,0.9987772750680068,0.0,0.9987772750680068,0.0,0.012289354872881212,0.00939800472830228,-0.007009069438518945,-0.01345556523067139
1579,1.0035873835054174,1.0035873835054174,2.007174767010835,0.0,0.0,0.0,1.0035873835054174,1.0035873835054174,0.0,0.0,0.0,0.0,0.0,0.0,0.0,1.0035873835054174,2.007174767010835,0.0,1.0035873835054174,0.0,-0.008374648437911534,-0.0018350876502248499,0.005257348053144857,0.001365004529574162
1580,0.9950229229601496,0.9950229229601496,0.0,0.0,0.0,1.9900458459202992,0.9950229229601496,0.9950229229601496,0.0,0.0,0.0,0.0,0.0,0.0,0.0,1.9900458459202992,0.0,0.0,1.9900458459202992,0.0,0.0035901082512758654,0.012501611115554298,-0.0024480789238978183,-0.008666563403082061
1581,0.0,0.0,0.0,0.0,0.0,0.0,2.810677073906956,0.0,0.0,0.0,0.0,1.8737847159379708,0.0,0.0,1.8737847159379708,0.0,2.810677073906956,0.0,0.0,0.0,0.012154420273038374,0.029845277037532533,0.004427587704314398,0.016680357016129268
1582,0.0,0.9729718901424793,0.0,1.9459437802849586,0.0,0.0,0.9729718901424793,0.9729718901424793,0.0,0.0,0.0,0.0,0.0,0.9729718901424793,0.0,0.9729718901424793,0.0,0.0,2.9189156704274377,0.0,0.014647865570232541,0.009494438906406985,0.004607058838266924,-0.001721253457385833
1583,0.0,1.0203780186322164,0.0,0.0,0.0,0.0,3.061134055896649,1.0203780186322164,1.0203780186322164,1.0203780186322164,0.0,1.0203780186322164,0.0,0.0,0.0,1.0203780186322164,0.0,0.0,0.0,1.0203780186322164,-0.023502007246270017,0.0029726504065444226,-0.01626225116576483,0.01641358937327396
1584,0.0,0.0,0.0,1.0885276598472922,0.0,0.0,0.0,4.354110639389169,0.0,0.0,0.0,2.1770553196945843,0.0,0.0,0.0,0.0,0.0,2.1770553196945843,0.0,1.0885276598472922,-0.008270824758362435,-0.00622203368324643,-0.02606341502596229,-0.0479713863797211
1585,0.9780257703456491,0.0,0.0,0.0,0.0,0.0,0.0,2.934077311036947,0.0,0.0,0.9780257703456491,0.0,1.9560515406912982,0.0,0.0,1.9560515406912982,0.0,0.0,0.9780257703456491,0.0,0.010256182568996393,0.004557414199497078,0.005760090483753746,0.0014005424021037661
1586,0.0,0.0,1.0043565561143684,0.0,0.0,2.0087131122287367,0.0,3.0130696683431055,0.0,0.0,0.0,0.0,0.0,0.0,0.0,0.0,0.0,0.0,4.017426224457473,0.0,0.0009272469793628665,0.0018421193797335971,0.0011343791468060918,-0.008260301620270973
1587,0.0,1.0060036457781976,1.0060036457781976,0.0,0.0,1.0060036457781976,0.0,1.0060036457781976,0.0,2.012007291556395,0.0,0.0,0.0,1.0060036457781976,0.0,1.0060036457781976,0.0,1.0060036457781976,1.0060036457781976,0.0,-0.00475390114996525,0.004482245534120414,0.00882174732556771,-0.014553737487920488
1588,2.032628040782475,0.0,1.0163140203912375,0.0,0.0,0.0,0.0,1.0163140203912375,0.0,1.0163140203912375,1.0163140203912375,3.0489420611737126,0.0,0.0,0.0,0.0,1.0163140203912375,0.0,0.0,0.0,-0.006026914469289366,-0.0008385643533696524,-0.009670058209752665,0.0002215166411740858
1589,2.1116873967274192,2.1116873967274192,1.0558436983637096,0.0,0.0,0.0,0.0,1.0558436983637096,0.0,1.0558436983637096,0.0,0.0,0.0,0.0,0.0,0.0,0.0,2.1116873967274192,0.0,1.0558436983637096,-0.011889488963078223,-0.014965654627951379,-0.01780388735715896,-0.011184667415521172
1590,0.0,0.0,2.9451801781609768,0.0,0.0,3.926906904214636,0.0,0.981726726053659,0.0,0.0,0.0,0.0,0.0,0.0,0.0,0.0,0.0,0.0,1.963453452107318,0.0,0.013556261248260012,-0.002548645628758434,0.010432985271532367,-0.003167326944692859
1591,1.0356377388565186,1.0356377388565186,0.0,0.0,0.0,0.0,0.0,1.0356377388565186,1.0356377388565186,2.071275477713037,0.0,0.0,1.0356377388565186,0.0,1.0356377388565186,2.071275477713037,0.0,0.0,0.0,0.0,0.010624032230442436,0.007654220699126236,-0.03713488258989954,-0.01678110919618769
1592,0.0,0.0,0.0,0.9847582072190006,0.0,0.0,0.0,1.9695164144380013,0.0,0.0,0.9847582072190006,2.954274621657002,0.0,0.9847582072190006,0.0,0.0,0.9847582072190006,0.0,0.9847582072190006,0.0,-0.03828468726177968,-0.050411703669014665,0.040843841441326974,0.06309434227046673
1593,1.9869500336407022,0.9934750168203511,0.0,0.0,0.0,0.0,0.0,0.9934750168203511,0.0,0.0,0.9934750168203511,0.0,0.0,0.9934750168203511,0.0,0.0,0.9934750168203511,0.0,0.9934750168203511,1.9869500336407022,0.0016943222686943238,-0.0003275509291379328,0.006239494330657426,-0.001081282490564921
1594,5.825098034441912,0.0,0.0,0.0,0.0,0.0,0.0,1.9416993448139708,0.9708496724069854,0.0,0.0,0.0,0.9708496724069854,0.0,0.0,0.0,0.0,0.0,0.0,0.0,0.014111527241733484,0.0009451098743698742,0.01400701424010416,8.667623680710732e-05
1595,0.9945467515383197,0.0,1.9890935030766395,0.0,0.0,0.0,0.9945467515383197,0.9945467515383197,0.9945467515383197,0.0,0.0,0.9945467515383197,0.0,0.9945467515383197,0.9945467515383197,0.9945467515383197,0.0,0.0,0.0,0.0,-0.00853835539131356,0.0031335473127880793,0.005654463888778613,0.005203592651427142
1596,0.0,0.0,1.0164654240930273,0.0,0.0,1.0164654240930273,0.0,0.0,1.0164654240930273,0.0,0.0,2.0329308481860546,0.0,0.0,2.0329308481860546,2.0329308481860546,0.0,1.0164654240930273,0.0,0.0,-0.00021944186520116556,0.0030574732521426624,-0.0025623851942697087,-0.0167410702856991
1597,0.0,0.0,0.0,0.0,0.0,0.0,0.0,0.0,0.0,2.5645003095779995,3.4193337461039994,0.0,0.0,1.7096668730519997,0.0,0.8548334365259999,0.0,0.0,0.0,0.0,0.04608388368492626,0.025518415951520657,0.04812078394189126,0.025443479895661817
1598,0.9807221010550238,0.0,0.9807221010550238,0.9807221010550238,0.0,0.0,0.0,0.9807221010550238,0.0,0.9807221010550238,0.9807221010550238,0.0,0.0,0.9807221010550238,0.0,0.0,0.0,0.0,0.9807221010550238,1.9614442021100476,0.014617655152962684,0.006122690521547601,0.0014614212464514032,-0.0029238679759854788
1599,0.0,0.0,0.0,0.9340066711487865,0.0,0.0,0.0,0.0,0.0,0.0,1.868013342297573,0.9340066711487865,0.0,0.9340066711487865,0.0,0.9340066711487865,0.0,0.9340066711487865,2.8020200134463598,0.0,0.012638297270418979,0.022859147193941474,0.012001887855053977,0.01849399653179891
1600,0.0,0.0,0.0,0.0,0.0,0.0,2.951485262507659,0.0,0.0,0.0,0.0,1.9676568416717728,0.0,0.0,1.9676568416717728,0.0,0.9838284208358864,0.0,0.0,1.9676568416717728,-0.0042628846534692195,0.0199946679646624,-0.006178909132302011,0.00661870498522243
1601,0.0,0.0,0.0,0.0,0.0,0.0,0.0,1.061833922254568,0.0,1.061833922254568,2.123667844509136,2.123667844509136,0.0,0.0,0.0,3.185501766763704,0.0,0.0,0.0,1.061833922254568,-0.022729808432267098,-0.022803698477084335,-0.010936250892140318,-0.005364164453076213
1602,0.9845003852888263,0.0,2.953501155866479,0.0,0.0,0.0,0.0,0.9845003852888263,0.9845003852888263,0.0,0.0,0.9845003852888263,0.0,0.9845003852888263,0.9845003852888263,0.0,0.0,0.0,0.0,0.9845003852888263,0.009953140578127722,-0.0005723365344612398,0.0006855743965923916,0.005433236270914915
1603,0.0,0.0,0.0,0.0,0.0,0.0,0.0,0.0,0.0,0.0,1.9881454081390875,3.976290816278175,0.0,0.0,0.9940727040695437,0.9940727040695437,0.9940727040695437,0.0,0.0,0.9940727040695437,-0.001847137188484655,0.004078558853367423,-0.0003742546539010929,0.0040701289194745175
1604,0.0,0.0,0.9547904243282884,0.0,0.0,0.0,0.0,0.0,0.0,0.0,0.0,3.8191616973131537,0.9547904243282884,0.0,1.9095808486565768,0.9547904243282884,0.9547904243282884,0.0,0.0,0.0,-0.009143325496689985,-0.0011598777857013208,0.02903625902096756,0.02647651993313527
1605,0.9607986258865505,0.0,0.0,0.0,0.0,0.0,1.921597251773101,0.0,0.0,0.0,0.0,2.882395877659652,0.0,0.0,0.9607986258865505,0.9607986258865505,1.921597251773101,0.0,0.0,0.0,0.0050692430423155965,0.01484943089450758,-2.4030842765470253e-05,0.019306731019391773
1606,0.0,0.0,0.0,0.0,0.0,0.0,2.7405336261152344,0.0,0.0,0.0,0.9135112087050781,2.7405336261152344,0.0,0.0,0.9135112087050781,0.9135112087050781,0.9135112087050781,0.0,0.0,0.0,0.007138234325633372,0.026013283767477163,0.009804249403114702,0.04353302379869666
1607,0.0,0.0,0.0,0.0,0.0,0.0,0.0,1.060981152714201,0.0,0.0,2.121962305428402,2.121962305428402,0.0,0.0,0.0,3.1829434581426033,1.060981152714201,0.0,0.0,1.060981152714201,-0.013837486591185128,-0.014189795058496747,-0.01711327504055403,-0.01584059602396512
1608,1.9971220885540042,0.0,0.9985610442770021,0.0,0.0,0.0,0.0,0.9985610442770021,0.9985610442770021,0.0,0.0,1.9971220885540042,1.9971220885540042,0.0,0.0,0.0,0.9985610442770021,0.0,0.0,0.0,-5.3748080168149545e-05,-0.007925217064225238,0.010092662597226673,-0.0006747417298355266
1609,0.0,0.0,0.0,1.000666732527977,0.0,0.0,1.000666732527977,0.0,1.000666732527977,0.0,1.000666732527977,1.000666732527977,0.0,1.000666732527977,0.0,3.002000197583931,0.0,0.0,0.0,1.000666732527977,-0.020270628311907662,-0.025158342581926636,0.016045580458685635,0.02871665790717156
1610,1.0033534150812873,0.0,0.0,1.0033534150812873,0.0,0.0,1.0033534150812873,1.0033534150812873,0.0,0.0,0.0,2.0067068301625746,0.0,0.0,1.0033534150812873,1.0033534150812873,1.0033534150812873,0.0,0.0,1.0033534150812873,-0.0077475175150874325,-0.0031928756146307182,-0.012972894629843522,0.020559872678274284
1611,0.0,0.0,0.967465123993093,0.0,0.967465123993093,0.0,0.967465123993093,0.0,0.0,0.0,1.934930247986186,0.967465123993093,0.967465123993093,0.967465123993093,0.0,0.967465123993093,0.0,0.0,0.967465123993093,0.0,0.0172371678297438,0.005251551001848825,0.0027725333242059075,0.007273623851108519
1612,2.0403330877915393,0.0,1.0201665438957697,0.0,0.0,0.0,0.0,1.0201665438957697,0.0,0.0,1.0201665438957697,2.0403330877915393,0.0,0.0,0.0,0.0,2.0403330877915393,0.0,0.0,1.0201665438957697,0.0051234357614506785,0.00895223687334191,-0.024524628811757633,-0.009717587718804672
1613,2.0417451363242827,0.0,1.0208725681621413,0.0,1.0208725681621413,0.0,0.0,0.0,0.0,0.0,2.0417451363242827,1.0208725681621413,1.0208725681621413,0.0,0.0,0.0,0.0,2.0417451363242827,0.0,0.0,-0.005582102672229054,-0.009890913754045058,-0.0054997538164689875,0.00010020208060178271
1614,0.0,1.076805899040504,0.0,1.076805899040504,0.0,0.0,0.0,3.230417697121512,0.0,1.076805899040504,1.076805899040504,0.0,1.076805899040504,0.0,0.0,1.076805899040504,0.0,0.0,1.076805899040504,0.0,-0.009609962160629346,-0.0186681981533821,-0.03081484703502839,-0.017712891691464165
1615,0.0,0.0,0.9997819539976378,0.0,0.9997819539976378,0.0,0.0,0.9997819539976378,0.9997819539976378,0.0,0.9997819539976378,0.0,0.0,0.9997819539976378,0.9997819539976378,0.9997819539976378,0.0,0.0,0.9997819539976378,0.9997819539976378,-0.005442212615531256,0.004542857380513287,0.004119387612304264,-0.003001986374924215
1616,3.1659955682392456,0.0,1.0553318560797484,2.110663712159497,0.0,1.0553318560797484,0.0,0.0,0.0,1.0553318560797484,1.0553318560797484,0.0,0.0,0.0,0.0,0.0,0.0,0.0,0.0,1.0553318560797484,0.0035094869080842983,0.0011730405036442517,-0.024046067031504224,-0.03596831645997286
1617,0.0,0.0,3.046311165880745,1.0154370552935816,0.0,1.0154370552935816,1.0154370552935816,0.0,0.0,0.0,0.0,0.0,1.0154370552935816,1.0154370552935816,0.0,1.0154370552935816,0.0,0.0,1.0154370552935816,0.0,0.005925471055026185,-0.0018375303082222526,-0.0018780725258373307,-0.017646923514548208
1618,0.0,1.079494345309568,0.0,0.0,1.079494345309568,1.079494345309568,2.158988690619136,0.0,0.0,1.079494345309568,0.0,0.0,2.158988690619136,0.0,0.0,0.0,0.0,0.0,0.0,2.158988690619136,-0.00186818143032326,0.005478161791218074,-0.047639336988492986,-0.035464988681969796
1619,1.9992815787013816,0.0,0.9996407893506908,0.0,1.9992815787013816,0.0,0.0,0.0,0.9996407893506908,0.0,1.9992815787013816,0.0,0.0,0.0,0.0,1.9992815787013816,0.0,0.0,0.0,0.0,-0.003470499772415702,-0.0008500415244798293,0.0015396175683997874,0.0031401343778050084
1620,0.9812127995748541,0.0,0.9812127995748541,0.9812127995748541,0.0,3.9248511982994163,0.0,0.0,0.0,0.0,0.0,1.9624255991497082,0.0,0.9812127995748541,0.0,0.0,0.0,0.0,0.0,0.0,0.02247478162826657,-0.002429658068317655,0.0072125965869103735,-0.008470519721713402
1621,0.0,0.0,5.021936594367084,0.0,0.0,1.0043873188734167,0.0,1.0043873188734167,0.0,0.0,1.0043873188734167,0.0,0.0,1.0043873188734167,0.0,0.0,0.0,0.0,1.0043873188734167,0.0,-0.01869241435208884,-0.007145071838905044,0.01505147756096836,0.006398689756608675
1622,0.0,0.0,1.0130315960716862,0.0,0.0,1.0130315960716862,0.0,0.0,1.0130315960716862,1.0130315960716862,1.0130315960716862,1.0130315960716862,0.0,0.0,1.0130315960716862,1.0130315960716862,1.0130315960716862,0.0,0.0,1.0130315960716862,-0.015509365529195027,-0.006615205588176011,0.005663544010073576,0.003429431035611262
1623,0.0,0.0,1.0077275206106264,0.0,0.0,1.0077275206106264,0.0,0.0,1.0077275206106264,2.015455041221253,0.0,1.0077275206106264,0.0,0.0,0.0,0.0,3.0231825618318795,0.0,0.0,1.0077275206106264,-0.010361300054651149,-0.00544219874565977,0.007020143379465754,0.0010558348102186945
1624,1.0189199794790704,0.0,1.0189199794790704,0.0,0.0,3.0567599384372115,0.0,2.037839958958141,0.0,0.0,1.0189199794790704,0.0,0.0,1.0189199794790704,0.0,0.0,0.0,0.0,1.0189199794790704,0.0,-0.017297888661033826,-0.006685808599400891,0.00419690045993188,0.0008668173214324335
1625,0.0,0.0,3.064741121662777,1.0215803738875924,1.0215803738875924,1.0215803738875924,0.0,0.0,1.0215803738875924,0.0,0.0,0.0,0.0,1.0215803738875924,0.0,0.0,0.0,0.0,0.0,2.0431607477751847,0.013577034150680222,0.0007084083556113191,-0.020408584614770513,-0.015457231779113316
1626,0.0,0.9940752353610133,1.9881504707220266,0.9940752353610133,0.9940752353610133,0.0,0.0,0.9940752353610133,0.0,0.0,0.0,0.9940752353610133,0.0,0.0,0.0,0.9940752353610133,0.0,0.9940752353610133,0.9940752353610133,0.0,-0.0017023250371230529,0.010504939858950946,0.00023227402176324513,-0.0031101242046042577
1627,0.9993520877714066,0.0,0.9993520877714066,0.9993520877714066,0.0,2.99805626331422,0.0,0.9993520877714066,0.0,0.0,0.0,0.0,0.0,0.0,0.9993520877714066,0.0,0.0,0.0,1.9987041755428132,0.0,0.003254334839591517,-0.004707954347791046,0.0022304851996382846,-0.00012895346284545563
1628,0.0,0.0,0.0,0.0,0.0,0.0,0.0,3.233004523386307,0.0,0.0,0.0,2.1553363489242043,0.0,0.0,2.1553363489242043,0.0,0.0,0.0,1.0776681744621022,2.1553363489242043,-0.012491479694577066,-0.011749530398815447,-0.024913919563464844,-0.02851324480524494
1629,0.0,1.00651353976329,2.01302707952658,0.0,0.0,1.00651353976329,0.0,3.01954061928987,0.0,0.0,0.0,1.00651353976329,0.0,0.0,1.00651353976329,0.0,0.0,0.0,1.00651353976329,0.0,-0.014754750543409127,-0.007206249126314435,0.011467525678269216,0.00397993422816426
1630,0.0,0.0,1.0156690666044135,0.0,0.0,4.062676266417654,0.0,2.031338133208827,0.0,0.0,0.0,0.0,0.0,1.0156690666044135,1.0156690666044135,0.0,0.0,0.0,1.0156690666044135,0.0,-0.005172750253501539,-0.004231984489796689,-0.0032128394523974085,-0.0030514924087178836
1631,0.0,0.0,0.0,0.0,0.0,0.9016742774172455,3.606697109668982,0.0,0.0,0.0,0.0,0.9016742774172455,0.0,0.0,0.9016742774172455,0.0,1.803348554834491,0.0,0.0,0.9016742774172455,0.008484324134843235,0.040313157111347496,0.016641049855974,0.032887191480589766
1632,0.0,0.0,1.0097886506260307,0.0,0.0,2.0195773012520615,0.0,3.0293659518780918,1.0097886506260307,0.0,0.0,0.0,0.0,0.0,0.0,1.0097886506260307,1.0097886506260307,1.0097886506260307,0.0,0.0,-0.006182586871953397,-0.003794855432060103,0.0031410672481087644,-0.0029522755701258726
1633,0.0,0.0,1.007348496553347,0.0,0.0,4.029393986213388,0.0,2.014696993106694,0.0,0.0,0.0,0.0,0.0,0.0,1.007348496553347,0.0,0.0,0.0,2.014696993106694,0.0,-0.0010060365824159964,-0.004065402873282243,0.0014851858158689587,-0.003762242913517746
1634,0.0,0.0,0.0,0.0,0.0,1.003851703746125,0.0,1.003851703746125,1.003851703746125,0.0,0.0,1.003851703746125,0.0,0.0,0.0,0.0,5.019258518730625,0.0,0.0,1.003851703746125,-0.002264093992217129,0.0009645666285238913,-0.002543802102150568,-8.374280281302e-06
1635,0.0,0.0,0.989215783441481,0.0,0.0,3.956863133765924,0.0,1.978431566882962,0.0,0.0,0.0,0.0,0.0,0.0,0.989215783441481,0.0,0.0,0.0,1.978431566882962,0.0,0.0044725855881175254,-0.0023730007333647076,0.010633025316316092,-0.0019483936125498063
1636,1.018033285767172,1.018033285767172,1.018033285767172,0.0,0.0,1.018033285767172,1.018033285767172,0.0,1.018033285767172,0.0,0.0,0.0,0.0,0.0,1.018033285767172,1.018033285767172,0.0,0.0,1.018033285767172,1.018033285767172,0.005528458470963403,0.0033842249121310616,-0.014240158301338991,-0.012705810848927274
1637,1.0656314731108372,3.1968944193325113,0.0,0.0,1.0656314731108372,0.0,1.0656314731108372,0.0,0.0,0.0,2.1312629462216743,1.0656314731108372,0.0,0.0,0.0,0.0,1.0656314731108372,0.0,0.0,0.0,-0.002279364265283365,-0.009531014539838411,-0.04405155116276265,-0.009769543142952657
1638,0.0,2.8921616891908086,0.9640538963969362,0.9640538963969362,0.9640538963969362,1.9281077927938723,0.0,0.0,0.0,0.0,0.0,0.0,0.0,0.0,0.0,0.0,0.0,0.0,0.9640538963969362,0.9640538963969362,0.012173448827677019,0.0018244760618991904,0.01742174338086863,0.0045264353326188896
1639,0.0,1.982887032825081,1.982887032825081,0.0,0.0,0.9914435164125405,0.9914435164125405,0.0,0.9914435164125405,0.0,0.0,0.0,0.9914435164125405,0.0,0.9914435164125405,0.0,0.0,0.0,0.9914435164125405,0.0,0.015365632601989561,0.005823599245052175,-0.003392011251350868,-0.009240737008231276
1640,1.017271399209043,1.017271399209043,1.017271399209043,0.0,0.0,0.0,0.0,0.0,1.017271399209043,0.0,2.034542798418086,0.0,0.0,1.017271399209043,0.0,2.034542798418086,0.0,0.0,0.0,1.017271399209043,-0.008081149630569853,0.0006941856002961229,-0.011687849200554636,0.0018034140217854204
1641,0.0,0.9821682660649145,0.0,0.9821682660649145,0.0,0.9821682660649145,0.0,0.9821682660649145,0.0,1.964336532129829,0.0,0.0,0.0,0.9821682660649145,0.0,0.9821682660649145,0.9821682660649145,0.0,0.9821682660649145,0.0,0.0029897868908709273,-0.006990107740350011,0.008033507957805044,0.013798546826759512
1642,0.0,2.178104056367095,0.0,1.0890520281835474,0.0,0.0,0.0,2.178104056367095,0.0,0.0,2.178104056367095,1.0890520281835474,1.0890520281835474,0.0,0.0,0.0,1.0890520281835474,0.0,0.0,0.0,-0.003793019017834191,-0.006061801050804443,-0.054042875072974075,-0.025154333041934623
1643,0.0,2.048505864663387,0.0,0.0,0.0,1.0242529323316936,0.0,0.0,0.0,1.0242529323316936,0.0,1.0242529323316936,0.0,0.0,1.0242529323316936,1.0242529323316936,1.0242529323316936,0.0,1.0242529323316936,1.0242529323316936,-0.021160101293547163,-0.004797790809309904,0.010983345602185697,-0.009278385831022255
1644,0.0,2.090419103371238,1.045209551685619,0.0,0.0,1.045209551685619,0.0,0.0,0.0,0.0,0.0,0.0,0.0,0.0,2.090419103371238,0.0,0.0,0.0,3.135628655056857,1.045209551685619,-0.009712008885817915,-0.010568649591908135,-0.013880064078220311,-0.01104882912967256
1645,2.0409035640726363,1.0204517820363181,1.0204517820363181,0.0,0.0,2.0409035640726363,0.0,1.0204517820363181,0.0,0.0,0.0,0.0,0.0,0.0,0.0,0.0,0.0,0.0,3.061355346108954,0.0,-0.01453876889080112,-0.01497356353330702,0.008490376549860136,0.000570173837929857
1646,1.0191724453454085,0.0,1.0191724453454085,1.0191724453454085,1.0191724453454085,1.0191724453454085,0.0,0.0,0.0,1.0191724453454085,2.038344890690817,0.0,0.0,0.0,0.0,2.038344890690817,0.0,0.0,0.0,0.0,0.006287146500066108,0.0054051975402528984,-0.01177543065913605,-0.019089358726591385
1647,0.0,0.0,1.036406383031989,2.072812766063978,0.0,0.0,1.036406383031989,0.0,0.0,1.036406383031989,2.072812766063978,1.036406383031989,0.0,0.0,0.0,1.036406383031989,0.0,0.0,0.0,1.036406383031989,-0.024999012628899205,-0.037843055925199535,0.002373899642042792,0.02406178588006709
1648,0.0,0.0,0.0,0.0,0.0,0.0,1.9693482385559617,0.9846741192779809,0.0,0.0,0.0,0.9846741192779809,0.0,0.9846741192779809,0.9846741192779809,2.9540223578339426,0.0,0.0,0.0,0.9846741192779809,-0.0021868512161523487,0.00534962469652597,0.0029748032053231554,0.009188304036322297
1649,0.0,0.0,0.0,1.0078693496008764,0.0,0.0,1.0078693496008764,1.0078693496008764,1.0078693496008764,1.0078693496008764,0.0,0.0,0.0,1.0078693496008764,1.0078693496008764,2.0157386992017527,0.0,0.0,0.0,1.0078693496008764,-0.017461135730664733,-0.019633257307822186,0.010671005269279584,0.01855403816833101
1650,0.0,0.0,0.0,0.0,0.0,0.0,0.9641544618058346,0.0,0.0,0.0,0.9641544618058346,0.0,0.0,1.9283089236116693,0.9641544618058346,2.892463385417504,0.0,0.0,0.0,1.9283089236116693,0.015065671459426805,9.13074755433394e-05,0.012768139639213931,0.0079204196199813
1651,0.0,0.0,0.0,0.0,0.0,0.0,0.0,0.0,0.0,0.0,0.9627219670975812,0.0,0.9627219670975812,0.9627219670975812,1.9254439341951624,2.8881659012927434,0.0,0.0,0.0,1.9254439341951624,0.016462678226476842,0.008297774360933445,0.00919182159735296,0.003325758717655578
1652,0.9813256509369875,0.0,1.962651301873975,0.0,0.0,0.0,0.0,0.9813256509369875,0.0,0.9813256509369875,0.9813256509369875,0.0,0.0,0.9813256509369875,0.0,2.9439769528109627,0.0,0.0,0.0,0.0,0.016359389043811953,0.0020096654195765327,0.0029453100931689257,-0.0026400154935449366
1653,0.0,0.0,0.0,0.0,0.0,0.0,0.0,0.0,0.0,1.8458958689364346,1.8458958689364346,0.0,0.0,0.0,1.8458958689364346,2.7688438034046516,0.0,0.0,0.0,0.9229479344682173,0.029407313316752223,0.012964099232157706,0.02509854253799673,0.009582110444876047
1654,2.0803501669672606,0.0,1.0401750834836303,0.0,0.0,0.0,0.0,1.0401750834836303,0.0,1.0401750834836303,1.0401750834836303,1.0401750834836303,0.0,0.0,0.0,3.1205252504508914,0.0,0.0,0.0,0.0,-0.020260345255300963,-0.01587920427088124,-0.006380803796762904,0.0023452698393146942
1655,2.006412811788594,0.0,1.003206405894297,0.0,0.0,0.0,0.0,0.0,0.0,0.0,0.0,0.0,0.0,0.0,0.0,5.016032029471485,1.003206405894297,0.0,1.003206405894297,0.0,0.0010658759187515544,-0.0008293319836461769,-0.001523979528104852,-0.0019189703012976187
1656,0.0,1.0776857740509547,0.0,1.0776857740509547,0.0,0.0,1.0776857740509547,0.0,0.0,0.0,0.0,1.0776857740509547,2.1553715481019093,0.0,0.0,0.0,1.0776857740509547,0.0,0.0,3.233057322152864,-0.020584922737669323,-0.011562691803220218,-0.032609082535167574,-0.012929076974897612
1657,0.0,0.0,0.0,0.0,0.0,0.0,4.186716820353871,0.0,0.0,0.0,0.0,1.6746867281415485,0.0,0.0,0.0,0.8373433640707743,1.6746867281415485,0.0,0.0,0.0,0.01894624658299905,0.05663763778433526,0.025816183812017036,0.06125656774987442
1658,0.0,0.0,0.0,0.9113259440723036,0.0,0.0,2.733977832216911,0.0,0.0,0.0,0.0,0.9113259440723036,0.0,0.9113259440723036,0.9113259440723036,0.0,2.733977832216911,0.0,0.0,0.0,0.011985364075202062,0.032805092730935174,0.011306758615585825,0.032576840505973294
1659,0.9502693120472321,0.9502693120472321,0.0,0.9502693120472321,0.9502693120472321,0.0,1.9005386240944642,0.0,0.0,0.0,0.0,0.9502693120472321,0.0,0.0,0.0,0.0,0.9502693120472321,0.0,0.9502693120472321,0.9502693120472321,-0.0008589654540201087,0.026796894599587104,-0.00013635034148766105,0.023929109148688493
1660,0.8685862780695165,0.0,0.0,0.8685862780695165,0.0,0.0,1.737172556139033,0.0,0.0,0.0,0.0,2.6057588342085496,0.0,0.0,0.8685862780695165,0.8685862780695165,0.8685862780695165,0.0,0.0,0.0,0.02294817604287745,0.045824118737016035,0.01291806787497157,0.04972335927561838
1661,0.0,0.0,0.0,0.0,0.0,0.0,2.8905457345730214,0.0,0.0,0.0,0.0,2.8905457345730214,0.0,0.0,0.9635152448576738,0.0,0.9635152448576738,0.0,0.0,1.9270304897153476,-8.906686926568408e-05,0.02802398377928501,-0.008378768426142618,0.016928606658449596
1662,1.9952270597073976,0.0,0.9976135298536988,0.0,0.9976135298536988,0.0,0.0,0.9976135298536988,0.9976135298536988,0.0,0.9976135298536988,0.0,0.0,0.0,0.9976135298536988,0.0,0.9976135298536988,0.0,0.0,0.9976135298536988,-0.0038953729338563696,0.0008798752717039271,0.0038609367631794863,0.001541031045274216
1663,0.9391313684376569,0.9391313684376569,0.0,0.0,0.0,1.8782627368753138,1.8782627368753138,0.0,0.0,0.0,0.0,0.0,0.0,0.0,0.0,0.9391313684376569,0.9391313684376569,0.0,1.8782627368753138,0.0,0.01809827848685194,0.022777135553949588,0.007773594949208573,0.012219622572333123
1664,2.0471468230753738,1.0235734115376869,2.0471468230753738,1.0235734115376869,0.0,0.0,0.0,1.0235734115376869,0.0,0.0,0.0,0.0,0.0,0.0,0.0,0.0,2.0471468230753738,0.0,1.0235734115376869,0.0,-0.014717985646931268,-0.004447403577838363,-0.0037990422425815237,-0.0006089800703357319
1665,0.0,0.0,1.0216974920560873,0.0,0.0,0.0,2.0433949841121746,1.0216974920560873,0.0,0.0,0.0,1.0216974920560873,0.0,1.0216974920560873,0.0,0.0,4.086789968224349,0.0,0.0,0.0,-0.00818146551349656,0.001724820095841727,-0.006274852892872137,-0.008965993745560391
1666,0.909465616870809,2.7283968506124268,1.818931233741618,0.0,0.909465616870809,0.909465616870809,0.0,0.0,0.0,0.0,0.0,0.0,0.0,0.0,0.0,0.0,0.0,0.909465616870809,0.0,0.909465616870809,0.025144011222173135,-0.01096312069580383,0.05341878572928677,0.02293470687353493
1667,0.0,0.0,1.0378064192923468,1.0378064192923468,1.0378064192923468,0.0,0.0,0.0,1.0378064192923468,2.0756128385846937,0.0,1.0378064192923468,0.0,0.0,0.0,0.0,1.0378064192923468,0.0,0.0,2.0756128385846937,-0.025177291348467946,-0.012714870172269096,0.008351294060909306,-0.008265551832519149
1668,0.0,0.0,0.0,0.0,0.0,0.8976447526117786,1.7952895052235571,0.0,0.0,0.0,0.0,2.6929342578353355,0.0,0.0,0.8976447526117786,0.0,0.8976447526117786,0.0,0.0,1.7952895052235571,0.012980779224225084,0.052426535394262855,-0.0009145942881008216,0.03786252705783431
1669,1.0799381214693102,2.1598762429386205,0.0,1.0799381214693102,0.0,1.0799381214693102,0.0,1.0799381214693102,0.0,1.0799381214693102,0.0,0.0,0.0,0.0,1.0799381214693102,0.0,0.0,1.0799381214693102,0.0,1.0799381214693102,-0.03139430676783943,0.0027764346206468372,-0.028674678906105838,-0.022645570416011822
1670,0.0,0.0,0.0,0.0,0.0,0.0,0.0,3.7978133918431176,0.0,0.0,1.8989066959215588,0.0,0.9494533479607794,0.0,0.0,0.0,0.0,0.0,0.9494533479607794,1.8989066959215588,0.022957179427719396,0.006470490049532699,0.01870020244977883,0.002418780112189667
1671,0.0,1.0523230880610062,0.0,1.0523230880610062,0.0,0.0,1.0523230880610062,0.0,0.0,0.0,0.0,0.0,1.0523230880610062,0.0,1.0523230880610062,1.0523230880610062,0.0,0.0,3.1569692641830183,1.0523230880610062,-0.004219817885739007,-0.0002456772822278349,-0.018336721774939634,-0.029520871118099635
1672,1.020420592913659,1.020420592913659,1.020420592913659,0.0,1.020420592913659,0.0,0.0,0.0,1.020420592913659,0.0,1.020420592913659,0.0,0.0,0.0,0.0,0.0,1.020420592913659,0.0,1.020420592913659,2.040841185827318,-0.025041475948624374,-0.00900187863575599,0.004592628778251998,0.009030132892469562
1673,0.0,0.0,0.0,0.0,0.0,0.0,0.9757796364294883,0.0,0.0,0.0,1.9515592728589766,0.0,0.0,0.9757796364294883,0.9757796364294883,0.0,1.9515592728589766,0.0,2.9273389092884647,0.0,0.004683008775686244,0.00969349150721004,0.004763575594346335,0.0050802876932691645
1674,0.9872067882920433,0.9872067882920433,0.9872067882920433,1.9744135765840867,0.0,0.0,0.0,0.9872067882920433,0.0,0.0,0.0,0.0,0.0,0.0,0.0,0.9872067882920433,0.9872067882920433,0.0,1.9744135765840867,0.0,0.010001294589518898,0.006611742584511179,-0.010059124320448422,0.006239298854375024
1675,1.0166558095228315,0.0,3.049967428568494,0.0,0.0,2.033311619045663,0.0,1.0166558095228315,0.0,0.0,1.0166558095228315,0.0,0.0,0.0,0.0,0.0,0.0,0.0,2.033311619045663,0.0,-0.01037934356028601,-0.005099042253599498,0.0018923714347879623,-0.0030697951437338757
1676,0.0,0.0,0.9963084563714383,0.0,0.0,3.985233825485753,0.0,1.9926169127428766,0.0,0.0,0.0,0.0,0.0,0.0,0.9963084563714383,0.0,0.0,0.0,1.9926169127428766,0.0,0.004504654007625953,-0.002390015138458153,0.0036860433099086013,-0.002109138550514753
1677,0.0,0.0,1.0116370931480028,0.0,0.0,3.034911279444008,0.0,2.0232741862960055,0.0,0.0,0.0,0.0,0.0,0.0,1.0116370931480028,0.0,0.0,0.0,3.034911279444008,0.0,-0.0010103195937831752,-0.004082710560719028,-0.0025395599279585,-0.004004503065542089
1678,0.0,0.0,1.0151592399743192,0.0,0.0,2.0303184799486385,0.0,2.0303184799486385,0.0,0.0,0.0,0.0,0.0,0.0,0.0,1.0151592399743192,0.0,0.0,4.060636959897277,0.0,-0.001623802447476103,-0.0067171888867136875,0.000899357299228489,-0.007717605939357907
1679,0.0,0.0,1.0143922779369696,0.0,0.0,4.0575691117478785,0.0,2.0287845558739392,0.0,0.0,0.0,0.0,0.0,0.0,0.0,0.0,0.0,0.0,3.0431768338109086,0.0,0.003124081280685065,-0.005488594262933307,-0.007338979695469513,-0.004688785259251718
1680,0.0,0.0,1.0043252944633476,0.0,0.0,3.012975883390043,0.0,2.0086505889266952,0.0,0.0,0.0,0.0,0.0,0.0,1.0043252944633476,0.0,0.0,0.0,3.012975883390043,0.0,-0.0010030173175747004,-0.004053201996916965,0.004558528617307865,-0.0038276037661637103
1681,0.0,0.9635970121088442,0.0,0.0,0.0,0.9635970121088442,0.0,0.9635970121088442,0.0,0.0,0.9635970121088442,0.0,0.9635970121088442,0.9635970121088442,0.0,1.9271940242176884,0.0,0.0,0.9635970121088442,0.9635970121088442,0.02053954827633182,0.012207869935304877,0.006070873263625813,-0.0024153035841068
1682,1.044995524311014,1.044995524311014,1.044995524311014,0.0,0.0,0.0,0.0,1.044995524311014,0.0,1.044995524311014,1.044995524311014,0.0,1.044995524311014,0.0,0.0,1.044995524311014,0.0,1.044995524311014,1.044995524311014,0.0,-0.009713688470836155,-0.009097492587927929,-0.020122521943644917,-0.006061821308604935
1683,0.0,0.0,0.0,0.0,0.0,3.0585927382936586,0.0,3.0585927382936586,0.0,0.0,0.0,0.0,0.0,0.0,0.0,1.0195309127645529,0.0,0.0,3.0585927382936586,0.0,0.0013080957648038743,-0.005279944737309993,-0.011073630118396129,-0.0044854336736506965
1684,0.0,0.0,1.9704621899730017,0.0,0.0,3.9409243799460034,0.0,1.9704621899730017,0.0,0.0,0.0,0.0,0.0,0.0,0.0,0.9852310949865009,0.0,0.0,0.9852310949865009,0.0,0.00991672005817122,0.0001500394529500001,0.004469916605504302,0.0002322288968736594
1685,0.9156226771759737,0.0,0.0,0.0,0.0,0.0,0.0,2.746868031527921,0.0,1.8312453543519474,0.9156226771759737,0.0,0.9156226771759737,0.0,0.0,0.0,0.0,0.0,0.0,2.746868031527921,0.037289468045272355,0.00850447187038408,0.03372302947274493,0.0048603534356250295
1686,2.011060855543223,1.0055304277716115,1.0055304277716115,0.0,1.0055304277716115,1.0055304277716115,0.0,0.0,0.0,0.0,2.011060855543223,0.0,0.0,1.0055304277716115,0.0,0.0,1.0055304277716115,0.0,0.0,1.0055304277716115,0.006944478601183938,0.002115632421992866,-0.014796815236435433,0.00020627644164716808
1687,1.0478808632435932,0.0,0.0,1.0478808632435932,1.0478808632435932,0.0,0.0,0.0,0.0,0.0,2.0957617264871864,1.0478808632435932,1.0478808632435932,0.0,1.0478808632435932,0.0,0.0,0.0,0.0,3.1436425897307796,-0.00775782982676629,-0.013789002463446037,-0.0069976189064888915,-0.019336412046891918
1688,2.904255111155524,0.0,0.0,0.0,0.0,0.9680850370518413,0.0,0.0,0.0,0.9680850370518413,0.9680850370518413,0.0,0.9680850370518413,0.9680850370518413,0.0,1.9361700741036827,0.0,0.0,0.0,0.9680850370518413,0.01158048162417923,0.0032018403455467167,0.012132030225172358,0.00500061075326039
1689,2.8823631628695603,0.0,0.0,0.0,0.0,0.0,0.0,1.9215754419130402,0.0,0.0,0.0,0.0,0.0,0.0,0.0,0.0,1.9215754419130402,0.0,0.0,3.8431508838260804,0.019367121714911766,0.0039573804681040615,0.014471181159369607,0.0014165957010945254
1690,1.0220161567509825,0.0,2.044032313501965,0.0,0.0,1.0220161567509825,0.0,2.044032313501965,0.0,0.0,1.0220161567509825,1.0220161567509825,0.0,2.044032313501965,0.0,0.0,0.0,0.0,1.0220161567509825,0.0,0.005851808549401407,0.0008304502569392487,-0.02421182349154577,-0.004486592065777451
1691,0.9612768665765645,0.0,0.0,0.9612768665765645,0.0,0.9612768665765645,0.9612768665765645,0.0,1.922553733153129,0.0,0.9612768665765645,0.9612768665765645,0.0,1.922553733153129,0.0,0.0,0.0,0.0,0.0,0.9612768665765645,0.025187241676609646,0.02247638404086537,0.0014892478482627467,-0.010429740142302257
1692,0.0,0.0,0.0,0.0,0.0,0.0,0.0,0.0,0.0,2.5352048348392384,3.3802731131189843,0.0,0.0,2.5352048348392384,0.0,0.8450682782797461,0.0,0.0,0.0,0.0,0.047412889617018006,0.028381433124283293,0.04916470355127876,0.029972695427673834
1693,0.9419058230578917,0.9419058230578917,1.8838116461157834,0.9419058230578917,0.0,0.0,0.9419058230578917,0.0,0.0,0.0,0.0,1.8838116461157834,0.0,0.9419058230578917,0.0,1.8838116461157834,0.0,0.0,0.0,0.0,0.020786859766000598,0.02157674587604944,0.010742588817798554,0.004987982482259644
1694,0.0,0.0,0.0,1.0247835831671335,0.0,0.0,0.0,1.0247835831671335,0.0,1.0247835831671335,1.0247835831671335,3.074350749501401,1.0247835831671335,1.0247835831671335,0.0,0.0,0.0,0.0,0.0,2.049567166334267,-0.009378317909919645,-0.0009753018389898163,-0.00672346611953963,-0.007706497298684527
1695,0.0,0.0,0.0,0.9951313996949502,0.0,0.9951313996949502,0.0,0.9951313996949502,0.0,0.9951313996949502,0.0,0.0,0.9951313996949502,0.9951313996949502,0.0,0.9951313996949502,2.9853941990848507,0.0,0.9951313996949502,0.0,0.015189961848919473,0.006387942258373666,-0.0031835336541405227,-0.013525770148102925
1696,0.0,1.0450955269157334,2.0901910538314667,0.0,0.0,0.0,2.0901910538314667,0.0,0.0,2.0901910538314667,0.0,2.0901910538314667,0.0,0.0,0.0,0.0,1.0450955269157334,0.0,0.0,1.0450955269157334,0.015430944359154194,0.023166676196211936,-0.047197341792498765,-0.036495805678600744
1697,1.0176920042865507,0.0,0.0,1.0176920042865507,0.0,0.0,1.0176920042865507,1.0176920042865507,0.0,0.0,1.0176920042865507,0.0,0.0,4.070768017146203,0.0,2.0353840085731014,0.0,0.0,0.0,0.0,0.007483423465285175,-0.0028153416693545248,-0.0033182256412486997,-0.019041860441232596
1698,0.0,0.0,2.0270356287559315,2.0270356287559315,1.0135178143779657,0.0,0.0,1.0135178143779657,0.0,1.0135178143779657,1.0135178143779657,0.0,0.0,2.0270356287559315,0.0,1.0135178143779657,0.0,0.0,0.0,0.0,0.004774763253493509,-0.0012437721721196943,-0.005766029317955227,-0.011282776141384343
1699,0.0,0.0,3.0061205016328456,1.0020401672109485,1.0020401672109485,0.0,0.0,1.0020401672109485,0.0,1.0020401672109485,1.0020401672109485,0.0,0.0,2.004080334421897,0.0,1.0020401672109485,0.0,0.0,0.0,0.0,0.005208219768178899,0.001041161074265164,-0.0054122947016318965,-0.002877253351760601
1700,0.0,0.0,1.9722415991111681,0.9861207995555841,0.9861207995555841,0.0,0.0,0.9861207995555841,0.0,0.9861207995555841,0.9861207995555841,0.0,0.0,1.9722415991111681,0.0,0.9861207995555841,0.0,0.0,0.9861207995555841,0.0,0.009283598773789344,0.003019951628943361,-0.0028662377779135957,0.004441887819596882
1701,1.055637669373032,2.111275338746064,1.055637669373032,0.0,0.0,1.055637669373032,0.0,0.0,0.0,1.055637669373032,1.055637669373032,0.0,0.0,1.055637669373032,0.0,1.055637669373032,0.0,0.0,0.0,2.111275338746064,-0.06756972667978937,-0.0345457504123122,0.03031916717110057,0.01615864054796896
1702,1.019666936745973,0.0,0.0,0.0,0.0,1.019666936745973,0.0,1.019666936745973,0.0,0.0,0.0,1.019666936745973,0.0,0.0,0.0,0.0,3.0590008102379187,0.0,0.0,4.078667746983892,0.007532844931150947,0.0014800811156308025,-0.01591937649384359,-0.012760486298911047
1703,0.0,0.0,0.0,2.7006454964832916,0.0,0.0,0.0,0.0,0.0,0.0,1.800430330988861,0.9002151654944305,0.0,1.800430330988861,0.0,0.0,0.0,0.0,0.9002151654944305,1.800430330988861,0.03538689246965534,0.04461769587063559,0.008476914748917267,0.011303331416361277
1704,1.9324197328080444,0.0,0.0,0.0,0.0,0.0,0.0,0.0,0.0,0.9662098664040222,1.9324197328080444,0.0,0.0,0.0,0.9662098664040222,1.9324197328080444,0.9662098664040222,0.0,1.9324197328080444,0.0,0.013791514611076722,0.0026729215585571103,0.013373651593988373,0.003952045832355685
1705,0.9905238206189094,0.0,0.0,0.0,0.0,0.9905238206189094,0.0,1.9810476412378188,0.9905238206189094,0.0,0.0,0.0,0.9905238206189094,0.0,0.9905238206189094,0.9905238206189094,0.9905238206189094,0.0,0.9905238206189094,0.9905238206189094,0.007573115133895644,0.0018976993631143037,0.001992376020074474,-0.0019870111359938706
1706,3.9498961916970416,0.9874740479242604,0.0,0.9874740479242604,0.0,0.0,0.0,0.0,0.0,0.9874740479242604,0.0,0.9874740479242604,0.0,0.0,0.0,1.9749480958485208,0.0,0.0,0.0,1.9749480958485208,-0.004317546580289549,-0.0009751663214877128,0.00983865535706839,0.007980009620448482
1707,0.0,0.0,0.0,1.039473566214851,0.0,1.039473566214851,1.039473566214851,0.0,0.0,1.039473566214851,1.039473566214851,1.039473566214851,1.039473566214851,1.039473566214851,0.0,2.078947132429702,1.039473566214851,0.0,1.039473566214851,0.0,-0.020564524908448324,-0.02201979647765494,0.0003842320437054784,0.002726523127546675
1708,0.0,0.0,0.0,2.0667758655474486,0.0,0.0,1.0333879327737243,0.0,1.0333879327737243,1.0333879327737243,2.0667758655474486,1.0333879327737243,0.0,1.0333879327737243,1.0333879327737243,1.0333879327737243,0.0,0.0,0.0,1.0333879327737243,-0.028880690047773376,-0.031717450887506736,0.00697363003592576,0.020236578125630088
1709,0.9609289114670126,0.0,0.0,0.0,0.0,0.9609289114670126,0.0,1.9218578229340253,0.0,0.0,0.9609289114670126,0.0,0.0,0.9609289114670126,0.0,1.9218578229340253,0.0,0.0,1.9218578229340253,1.9218578229340253,0.007256228694132431,0.012512702167152395,0.014845484936572428,0.004456672735130217
1710,0.0,0.0,0.0,0.0,0.0,9.453586539268514,0.0,1.8907173078537027,0.0,0.0,0.0,0.0,0.0,0.0,0.0,0.0,0.0,0.0,0.0,0.0,0.025733092517259203,0.0021092938306130253,0.024709923218366688,0.0020890365069096586
1711,2.0458567163932626,0.0,0.0,1.0229283581966313,0.0,0.0,0.0,1.0229283581966313,0.0,2.0458567163932626,0.0,1.0229283581966313,1.0229283581966313,0.0,1.0229283581966313,1.0229283581966313,0.0,0.0,0.0,2.0458567163932626,-0.01889112299597141,-0.021157634220292855,0.01379962748243821,0.003320771537194694
1712,3.3944951915180273,0.0,0.0,0.0,0.0,0.0,2.2629967943453515,0.0,0.0,0.0,0.0,3.3944951915180273,0.0,4.525993588690703,0.0,0.0,0.0,0.0,0.0,0.0,-0.004706781668367861,-0.015009893195975545,-0.04952725905418781,-0.06225446325414453
1713,0.9800359182409286,0.0,0.9800359182409286,0.9800359182409286,0.0,0.0,0.9800359182409286,1.9600718364818572,0.0,0.9800359182409286,0.0,3.9201436729637145,0.0,0.0,0.0,0.0,0.0,0.0,0.0,0.9800359182409286,-0.013685432644117567,0.003998266406218428,-0.002371728824749787,0.03202297682172037
1714,1.0180981044913073,0.0,2.0361962089826147,0.0,0.0,0.0,0.0,1.0180981044913073,1.0180981044913073,1.0180981044913073,0.0,2.0361962089826147,0.0,2.0361962089826147,1.0180981044913073,0.0,0.0,0.0,0.0,1.0180981044913073,0.005745843167267345,-0.009443994564632961,-0.010156642842387775,-0.004243310251553925
1715,0.0,0.0,1.0250668577028819,0.0,0.0,0.0,1.0250668577028819,1.0250668577028819,0.0,1.0250668577028819,1.0250668577028819,3.0752005731086456,0.0,0.0,0.0,2.0501337154057637,1.0250668577028819,0.0,0.0,1.0250668577028819,-0.01859891327575547,-0.014728048900589817,-0.0017747084617916915,0.010034812935255115
1716,1.0224902047951911,0.0,1.0224902047951911,1.0224902047951911,0.0,0.0,0.0,0.0,0.0,3.0674706143855732,2.0449804095903823,1.0224902047951911,0.0,0.0,0.0,2.0449804095903823,0.0,0.0,1.0224902047951911,0.0,-0.01189366669148962,-0.01437227528286817,0.0024723164276564736,0.0013034207515102932
1717,0.9869254100884871,0.0,1.9738508201769742,0.0,0.0,0.0,0.0,1.9738508201769742,0.0,0.9869254100884871,0.9869254100884871,0.0,0.0,0.9869254100884871,0.0,1.9738508201769742,0.9869254100884871,0.0,0.0,0.9869254100884871,0.008619902133920205,-8.857327522301275e-05,0.005013772737414688,-0.00047051168459891527
1718,3.048433129425587,1.0161443764751956,0.0,0.0,0.0,0.0,0.0,0.0,0.0,0.0,3.048433129425587,0.0,0.0,0.0,1.0161443764751956,2.0322887529503912,0.0,0.0,1.0161443764751956,1.0161443764751956,-0.012125319410974389,-0.0027900076126508304,0.0022204783019535513,-0.003449527753524042
1719,2.0059884033788964,0.0,0.0,1.0029942016894482,0.0,0.0,1.0029942016894482,1.0029942016894482,0.0,2.0059884033788964,1.0029942016894482,1.0029942016894482,0.0,0.0,0.0,1.0029942016894482,0.0,0.0,0.0,2.0059884033788964,-0.011906947451764455,-0.02411613119553616,0.019995029579684766,0.013033847378167573
1720,0.0,1.0297488734115985,0.0,0.0,2.059497746823197,1.0297488734115985,0.0,0.0,0.0,0.0,2.059497746823197,0.0,0.0,0.0,1.0297488734115985,1.0297488734115985,1.0297488734115985,1.0297488734115985,0.0,2.059497746823197,-0.0014211054391344807,-0.0007869529138548081,-0.02379580181479061,-0.0037450132438185822
1721,3.109075826177304,1.0363586087257681,0.0,1.0363586087257681,0.0,2.0727172174515363,0.0,0.0,0.0,2.0727172174515363,1.0363586087257681,0.0,0.0,0.0,0.0,1.0363586087257681,0.0,0.0,0.0,1.0363586087257681,0.0034106181242752258,-0.0030301242353835962,-0.028194079361408615,-0.008545023253251101
1722,2.0070315690402736,0.0,0.0,0.0,0.0,1.0035157845201368,0.0,1.0035157845201368,0.0,0.0,0.0,1.0035157845201368,0.0,0.0,0.0,0.0,3.0105473535604106,0.0,0.0,4.014063138080547,0.011834358933487648,0.002336209094571832,-0.010489375105842249,-0.00719697744235409
1723,1.021057551201369,0.0,0.0,1.021057551201369,0.0,0.0,0.0,0.0,0.0,0.0,0.0,2.042115102402738,0.0,0.0,0.0,0.0,2.042115102402738,0.0,0.0,6.126345307208214,-0.03693307726797885,-0.026697531117406605,0.02652295834739196,0.01605009883662445
1724,1.0200699737925902,0.0,0.0,0.0,0.0,0.0,1.0200699737925902,0.0,0.0,0.0,0.0,2.0401399475851805,0.0,0.0,0.0,0.0,2.0401399475851805,0.0,0.0,6.120419842755541,-0.03556919886750054,-0.026671708989583643,0.026136359049226215,0.01603457501526779
1725,1.0224017420542535,0.0,1.0224017420542535,0.0,0.0,0.0,0.0,0.0,0.0,0.0,0.0,2.044803484108507,0.0,0.0,0.0,0.0,2.044803484108507,0.0,0.0,6.134410452325521,-0.03598330425292834,-0.020930959264048834,0.026286546679562914,0.008225974783160806
1726,0.0,0.0,1.0375210098999057,0.0,0.0,2.0750420197998114,1.0375210098999057,1.0375210098999057,0.0,0.0,1.0375210098999057,1.0375210098999057,0.0,0.0,0.0,0.0,0.0,2.0750420197998114,0.0,3.112563029699717,-0.016309865597113775,-0.006697147724810067,-0.010407770232633253,-0.004106226345348648
1727,3.3360468601006446,2.2240312400670965,1.1120156200335483,0.0,0.0,0.0,0.0,1.1120156200335483,0.0,2.2240312400670965,0.0,1.1120156200335483,0.0,1.1120156200335483,0.0,0.0,0.0,0.0,2.2240312400670965,0.0,-0.04359708939254852,-0.011379032546125713,-0.046013048112360885,-0.011026449982513056
1728,2.01913200212597,1.009566001062985,1.009566001062985,0.0,0.0,1.009566001062985,0.0,0.0,1.009566001062985,0.0,2.01913200212597,0.0,0.0,1.009566001062985,0.0,2.01913200212597,1.009566001062985,0.0,0.0,1.009566001062985,0.0035625466353843187,0.002081834314337449,-0.014725557892898047,-0.0004848241198086903
1729,0.0,0.0,0.0,0.9697421143843703,0.0,0.0,0.9697421143843703,0.0,0.0,0.0,1.9394842287687406,0.0,0.0,1.9394842287687406,0.0,0.9697421143843703,1.9394842287687406,0.9697421143843703,2.9092263431531107,0.0,0.0001987169488195969,-0.0022448148496994965,0.013644740495082557,0.01865924302142698
1730,0.0,1.0244468038083352,0.0,3.0733404114250056,0.0,0.0,0.0,2.0488936076166704,0.0,1.0244468038083352,2.0488936076166704,1.0244468038083352,0.0,2.0488936076166704,0.0,0.0,0.0,0.0,1.0244468038083352,0.0,0.004540624162018947,0.009023335147908196,-0.023321377354875956,-0.014689385763386431
1731,0.974086882853129,0.0,0.0,0.974086882853129,0.974086882853129,0.974086882853129,0.974086882853129,0.0,0.974086882853129,0.0,0.0,0.0,0.0,0.0,0.0,0.974086882853129,0.0,0.0,3.896347531412516,1.948173765706258,0.006329302807801222,0.020878806461412113,-0.0018450752328325794,0.0005500831104902904
1732,0.9939350445232955,0.0,0.9939350445232955,0.0,0.0,0.9939350445232955,0.9939350445232955,2.9818051335698863,0.0,0.0,0.0,0.0,0.0,0.0,0.0,0.0,1.987870089046591,0.0,0.0,3.975740178093182,0.007231098917666351,0.0027670268336160873,0.002097724429958831,-0.006030894704536725
1733,0.0,1.0456889331942754,1.0456889331942754,0.0,0.0,0.0,1.0456889331942754,0.0,0.0,1.0456889331942754,1.0456889331942754,1.0456889331942754,0.0,1.0456889331942754,0.0,3.137066799582826,0.0,0.0,2.0913778663885507,1.0456889331942754,-0.03293851680158927,-0.03778460194953881,0.005019577580125833,0.020014607976726898
1734,0.0,0.0,0.0,0.0,0.0,0.0,2.938079235464279,0.9793597451547597,0.0,0.0,5.876158470928558,2.938079235464279,0.0,0.0,0.0,0.0,0.0,0.0,0.0,0.0,-0.052202884991109866,-0.06535311224412213,0.056106627353874866,0.08208962472659753
1735,0.0,0.0,1.0809866459173176,2.1619732918346353,0.0,0.0,0.0,0.0,0.0,0.0,1.0809866459173176,1.0809866459173176,0.0,1.0809866459173176,0.0,3.242959937751953,2.1619732918346353,1.0809866459173176,0.0,1.0809866459173176,-0.007992013927822108,-0.017114924776735093,-0.021446862318223986,-0.034432844894536366
1736,0.0,0.0,0.0,0.0,0.0,0.9784500530514579,0.0,1.9569001061029159,0.0,0.0,1.9569001061029159,0.0,0.0,0.0,0.0,0.9784500530514579,3.9138002122058317,0.0,0.9784500530514579,1.9569001061029159,0.008774403034273697,0.0043969156135130055,0.007916388373242505,0.0004622399275127083
1737,0.0,1.0305363549639868,0.0,2.0610727099279735,0.0,1.0305363549639868,0.0,0.0,0.0,1.0305363549639868,1.0305363549639868,2.0610727099279735,1.0305363549639868,0.0,1.0305363549639868,1.0305363549639868,0.0,1.0305363549639868,0.0,1.0305363549639868,-0.0021949511651744124,-0.01256950328088759,-0.018773627709415104,0.0030017271914903726
1738,0.0,0.0,2.9719923254921494,0.0,0.9906641084973831,0.0,0.0,1.9813282169947661,0.0,0.0,0.9906641084973831,0.9906641084973831,0.0,0.9906641084973831,0.0,1.9813282169947661,0.0,0.0,0.9906641084973831,0.9906641084973831,-0.005774535674603261,0.009500625247174602,0.005566354582285708,4.344734775975302e-05
1739,1.0159553660746814,0.0,3.047866098224044,0.0,0.0,1.0159553660746814,0.0,0.0,1.0159553660746814,1.0159553660746814,1.0159553660746814,0.0,0.0,0.0,0.0,1.0159553660746814,1.0159553660746814,0.0,0.0,3.047866098224044,0.003956441632314627,0.0031937870764739665,-0.020771835288021186,-0.0023337594954488295
1740,1.050749686792239,0.0,1.050749686792239,0.0,0.0,0.0,1.050749686792239,3.1522490603767173,0.0,0.0,0.0,2.101499373584478,0.0,0.0,2.101499373584478,0.0,0.0,0.0,1.050749686792239,2.101499373584478,-0.004300803292717584,-0.00821943759652178,-0.019569895662683898,-0.018659550240315848
1741,0.0,0.0,0.0,0.0,0.0,1.0289736594410877,1.0289736594410877,3.086920978323263,0.0,1.0289736594410877,0.0,2.0579473188821753,0.0,0.0,2.0579473188821753,0.0,0.0,0.0,0.0,3.086920978323263,-0.00976071299368725,0.005070194878091711,-0.011901110052404377,-0.012382031273087818
1742,0.0,0.0,0.0,0.0,0.0,1.02622138376479,0.0,3.0786641512943698,0.0,1.02622138376479,0.0,2.05244276752958,0.0,0.0,2.05244276752958,0.0,0.0,0.0,1.02622138376479,3.0786641512943698,-0.011625869115336133,-0.007364552432779671,-0.004500716744542272,-0.0027302454721318363
1743,0.0,0.0,0.9360636078471423,2.808190823541427,0.0,0.0,1.8721272156942845,0.0,0.9360636078471423,0.9360636078471423,0.0,0.0,0.0,0.9360636078471423,1.8721272156942845,0.0,0.0,0.0,0.0,1.8721272156942845,0.01131424756370313,0.035927817846110884,-0.005037316928819255,0.02173164367186298
1744,0.9878098472860151,0.0,0.0,0.9878098472860151,0.0,0.9878098472860151,0.9878098472860151,0.0,1.9756196945720301,0.0,0.9878098472860151,0.9878098472860151,0.0,1.9756196945720301,0.0,0.0,0.0,0.0,0.0,2.963429541858045,0.015483129010545015,0.014846497761550354,-0.004569625468835202,-0.013569848589275133
1745,2.067219251885268,1.033609625942634,0.0,0.0,0.0,0.0,0.0,0.0,2.067219251885268,0.0,0.0,1.033609625942634,1.033609625942634,1.033609625942634,0.0,2.067219251885268,0.0,2.067219251885268,1.033609625942634,1.033609625942634,-0.006969348653790273,-0.01979153209726731,-0.00543208263122384,-0.00141666256035261
1746,2.062624606257664,1.031312303128832,0.0,0.0,0.0,0.0,1.031312303128832,0.0,2.062624606257664,0.0,0.0,1.031312303128832,1.031312303128832,0.0,0.0,2.062624606257664,0.0,2.062624606257664,1.031312303128832,1.031312303128832,-0.014522189484258005,-0.023279004325609344,0.0019685263323620254,0.004520364348673209
1747,2.1193809980389484,1.0596904990194742,0.0,0.0,0.0,0.0,1.0596904990194742,0.0,1.0596904990194742,0.0,0.0,1.0596904990194742,1.0596904990194742,1.0596904990194742,0.0,2.1193809980389484,0.0,2.1193809980389484,1.0596904990194742,1.0596904990194742,-0.02357741633728901,-0.030702274917387862,-0.0027076193153174567,-0.002703188449479925
1748,2.0840762239277826,1.0420381119638913,0.0,0.0,0.0,0.0,1.0420381119638913,0.0,2.0840762239277826,0.0,0.0,1.0420381119638913,1.0420381119638913,1.0420381119638913,0.0,1.0420381119638913,0.0,2.0840762239277826,1.0420381119638913,1.0420381119638913,-0.017145701666709538,-0.028761282624497297,0.00231501230419786,0.0015538600231176872
1749,2.109201092716914,1.054600546358457,0.0,0.0,0.0,0.0,1.054600546358457,0.0,2.109201092716914,0.0,0.0,1.054600546358457,1.054600546358457,1.054600546358457,0.0,2.109201092716914,0.0,2.109201092716914,0.0,1.054600546358457,-0.016918412398656324,-0.03173665357012402,-0.0015256984746358142,-0.004419781915040694
1750,2.071497152158044,1.035748576079022,0.0,0.0,0.0,0.0,1.035748576079022,0.0,2.071497152158044,0.0,0.0,0.0,1.035748576079022,1.035748576079022,0.0,2.071497152158044,0.0,2.071497152158044,1.035748576079022,1.035748576079022,-0.010106687539671694,-0.01739734709738158,-0.006824947242338935,-0.0014195941996297864
1751,1.0538578579460423,1.0538578579460423,0.0,0.0,0.0,0.0,1.0538578579460423,0.0,2.1077157158920845,0.0,0.0,1.0538578579460423,1.0538578579460423,1.0538578579460423,0.0,2.1077157158920845,0.0,2.1077157158920845,1.0538578579460423,1.0538578579460423,-0.017613371879428654,-0.030533286566641435,-0.003022889666460117,-0.0026883098335121003
1752,1.0463446030538748,1.0463446030538748,0.0,0.0,0.0,0.0,1.0463446030538748,0.0,1.0463446030538748,0.0,0.0,1.0463446030538748,1.0463446030538748,1.0463446030538748,0.0,2.0926892061077496,0.0,2.0926892061077496,2.0926892061077496,1.0463446030538748,-0.012201156141653598,-0.02111997628479119,-0.0056073655431304785,-0.0074161050842996
1753,1.9154892924612525,0.0,0.0,0.0,0.0,0.0,0.0,4.788723231153131,0.0,0.0,1.9154892924612525,0.0,0.9577446462306263,0.0,0.0,0.9577446462306263,0.0,0.0,0.9577446462306263,1.9154892924612525,0.01983545558316048,0.004507600065928154,0.017129539238971474,0.0007827588813136984
1754,0.0,0.0,1.01259890594694,1.01259890594694,1.01259890594694,1.01259890594694,0.0,0.0,1.01259890594694,2.02519781189388,0.0,1.01259890594694,0.0,0.0,0.0,0.0,4.05039562378776,0.0,0.0,2.02519781189388,-0.010438593158869315,-0.0060135300604637395,0.005761097748853003,-0.0019078804764601255
1755,0.0,0.0,0.0,1.977648828622196,0.0,0.0,0.988824414311098,0.0,0.988824414311098,0.988824414311098,0.988824414311098,0.988824414311098,0.0,2.966473242933294,0.988824414311098,0.988824414311098,0.0,0.0,0.0,1.977648828622196,0.0034508377288604408,-0.009858823443718509,0.01289958868991094,0.004683982713849134
1756,0.9822789886240277,0.0,3.929115954496111,0.9822789886240277,0.0,0.9822789886240277,0.0,0.0,0.0,0.0,0.0,0.9822789886240277,0.0,0.0,0.0,2.9468369658720834,0.9822789886240277,0.0,0.9822789886240277,0.9822789886240277,0.0008585902677611376,0.00017909478830173024,0.01042635470740056,0.006256971612508804
1757,2.026099069210024,1.013049534605012,0.0,1.013049534605012,0.0,0.0,1.013049534605012,2.026099069210024,0.0,0.0,0.0,1.013049534605012,1.013049534605012,1.013049534605012,0.0,3.0391486038150357,1.013049534605012,0.0,0.0,0.0,-0.009908171841387006,0.0006605065947420627,-0.004204281279199274,0.00040241192083229765
1758,0.0,1.0395456352775299,0.0,2.0790912705550597,0.0,1.0395456352775299,1.0395456352775299,2.0790912705550597,0.0,0.0,2.0790912705550597,0.0,0.0,0.0,0.0,1.0395456352775299,0.0,0.0,0.0,4.158182541110119,-0.02798612497250024,-0.02193709297766873,0.011855274431612476,-0.0014776917589733095
1759,5.8823088363604015,0.0,0.0,0.0,0.0,0.0,0.0,1.960769612120134,0.980384806060067,0.0,0.0,0.980384806060067,1.960769612120134,0.0,0.0,0.0,0.0,0.0,0.0,1.960769612120134,0.01572661628186479,-0.0018954614184075278,0.009309269460185425,-0.0035252303837096546
1760,1.8975029476155512,0.9487514738077756,0.0,0.0,0.0,0.0,0.9487514738077756,0.9487514738077756,0.0,0.9487514738077756,2.8462544214233265,0.9487514738077756,0.9487514738077756,0.0,0.0,0.0,0.0,0.0,0.0,2.8462544214233265,0.012049604319978284,0.006418152839818097,0.021883620117605668,0.010897148914822442
1761,2.0539767467338437,1.0269883733669218,0.0,1.0269883733669218,0.0,0.0,1.0269883733669218,2.0539767467338437,0.0,0.0,1.0269883733669218,0.0,0.0,4.107953493467687,0.0,2.0539767467338437,0.0,0.0,0.0,0.0,-0.0012749573954403714,-0.0025066123278296684,-0.00792445990714101,-0.015282343736510846
1762,1.0761384023333722,1.0761384023333722,2.1522768046667444,0.0,1.0761384023333722,0.0,1.0761384023333722,0.0,0.0,1.0761384023333722,0.0,2.1522768046667444,0.0,2.1522768046667444,0.0,0.0,0.0,0.0,1.0761384023333722,2.1522768046667444,-0.02907761197969741,-0.02022620987757568,-0.020275034393193773,-0.00655954608290546
1763,0.0,0.0,1.0152499235124732,2.0304998470249465,0.0,0.0,0.0,3.0457497705374195,0.0,2.0304998470249465,0.0,1.0152499235124732,0.0,1.0152499235124732,0.0,0.0,0.0,0.0,1.0152499235124732,3.0457497705374195,0.00804836825048185,-0.0013446469903035962,-0.0047070124248487916,-0.017246632347802656
1764,0.0,0.0,1.0002692719678992,0.0,0.0,1.0002692719678992,0.0,0.0,1.0002692719678992,2.0005385439357983,0.0,1.0002692719678992,0.0,0.0,0.0,0.0,6.001615631807395,0.0,0.0,2.0005385439357983,-0.010502721611330096,-0.004210245807734302,0.010971953647727196,0.003471741803437962
1765,5.735458219335973,0.0,0.0,0.0,0.0,0.0,0.0,5.735458219335973,0.0,0.0,0.9559097032226621,0.0,0.0,0.0,0.0,0.0,0.0,0.0,0.0,1.9118194064453242,0.022205843137211176,0.001115583641084912,0.021703943049465137,-0.0009350730504233172
1766,2.067792727361235,0.0,1.0338963636806175,2.067792727361235,0.0,1.0338963636806175,1.0338963636806175,3.101689091041852,0.0,0.0,2.067792727361235,1.0338963636806175,0.0,0.0,0.0,0.0,0.0,0.0,1.0338963636806175,1.0338963636806175,-0.008330912072792934,0.0005207981981181487,-0.012552244135184605,-0.013534005670758065
1767,0.0,0.0,0.0,1.040217711524841,0.0,2.080435423049682,2.080435423049682,0.0,1.040217711524841,1.040217711524841,0.0,1.040217711524841,0.0,2.080435423049682,1.040217711524841,3.1206531345745234,0.0,0.0,1.040217711524841,0.0,-0.0004385759774797881,-0.008084036303715441,-0.016955221491826128,-0.01473987775181971
1768,2.1664527978896393,1.0832263989448196,0.0,1.0832263989448196,0.0,0.0,4.332905595779279,1.0832263989448196,1.0832263989448196,1.0832263989448196,1.0832263989448196,0.0,0.0,1.0832263989448196,0.0,0.0,0.0,0.0,1.0832263989448196,1.0832263989448196,-0.0222887163338117,-0.003628142706583987,-0.025022014633272503,-0.03228752527115135
1769,0.9955634445584794,0.0,0.0,0.9955634445584794,0.0,0.9955634445584794,1.991126889116959,0.9955634445584794,1.991126889116959,0.0,0.9955634445584794,0.9955634445584794,0.0,1.991126889116959,0.0,0.0,0.0,0.0,0.0,2.9866903336754387,0.012323991630329385,0.008374962136974239,-0.004445368961664706,-0.011817029364118367
1770,1.030016856374209,2.060033712748418,0.0,1.030016856374209,0.0,1.030016856374209,2.060033712748418,2.060033712748418,0.0,0.0,0.0,0.0,2.060033712748418,0.0,0.0,1.030016856374209,1.030016856374209,0.0,2.060033712748418,0.0,-0.0031491724169383254,-0.0008105207204958539,-0.009302301951480772,-0.016754861285293993
1771,0.0,0.0,4.09409552177938,2.04704776088969,1.023523880444845,0.0,0.0,2.04704776088969,0.0,2.04704776088969,2.04704776088969,0.0,0.0,2.04704776088969,0.0,0.0,0.0,0.0,0.0,0.0,-0.0006879193342982859,-0.005730686078007154,-0.011188409363203864,-0.005916865669335654
1772,0.0,0.0,5.076650340385335,1.015330068077067,1.015330068077067,0.0,0.0,2.030660136154134,0.0,2.030660136154134,2.030660136154134,0.0,0.0,2.030660136154134,0.0,0.0,0.0,0.0,0.0,0.0,-0.0003295588863344588,-0.004041261994851943,-0.010896505172693543,-6.274202318703312e-05
1773,0.0,0.0,4.015290219237516,1.003822554809379,1.003822554809379,0.0,0.0,2.007645109618758,0.0,2.007645109618758,2.007645109618758,0.0,0.0,2.007645109618758,0.0,0.0,0.0,0.0,1.003822554809379,0.0,0.0026975789620990167,-0.002544638257411653,-0.009039307280996875,0.005063811766930473
1774,0.0,1.0844327880346971,0.0,1.0844327880346971,0.0,0.0,2.1688655760693942,0.0,2.1688655760693942,0.0,2.1688655760693942,3.2532983641040913,0.0,2.1688655760693942,1.0844327880346971,0.0,1.0844327880346971,0.0,0.0,0.0,-0.026984014126539817,-0.020942069315047662,-0.014629780957968696,-0.021876923635140842
1775,0.0,0.0,0.0,0.9569053366429314,0.0,0.0,0.9569053366429314,2.870716009928794,0.0,0.0,3.8276213465717257,0.0,0.0,0.9569053366429314,0.0,1.9138106732858629,0.0,0.0,0.0,2.870716009928794,0.012937748154292437,0.003677015735647945,0.02073665299559482,0.005743246471533378
1776,4.213851526091742,1.0534628815229354,1.0534628815229354,0.0,0.0,0.0,1.0534628815229354,0.0,0.0,1.0534628815229354,2.106925763045871,0.0,1.0534628815229354,0.0,0.0,1.0534628815229354,2.106925763045871,1.0534628815229354,0.0,0.0,-0.007186998629433973,-0.004272106503972513,-0.012175779694718896,-0.029827996694809955
1777,0.0,0.0,1.0150209245762947,1.0150209245762947,0.0,0.0,1.0150209245762947,0.0,0.0,0.0,1.0150209245762947,3.0450627737288842,1.0150209245762947,0.0,1.0150209245762947,3.0450627737288842,0.0,1.0150209245762947,0.0,2.0300418491525893,-0.0077420848949702305,0.015069136926482794,-0.010996791134840285,-0.011351185472967058
1778,0.9977694412183736,0.9977694412183736,0.9977694412183736,0.9977694412183736,0.9977694412183736,0.0,0.9977694412183736,0.9977694412183736,0.9977694412183736,0.0,0.0,0.9977694412183736,0.0,0.0,0.9977694412183736,0.0,1.9955388824367473,0.0,0.9977694412183736,1.9955388824367473,-0.011512943711040072,0.008800335842487201,-0.0013870021824702293,0.006330168832649483
1779,3.1071670243836493,3.1071670243836493,0.0,0.0,0.0,0.0,0.0,2.071444682922433,0.0,0.0,0.0,0.0,0.0,1.0357223414612164,0.0,1.0357223414612164,1.0357223414612164,0.0,2.071444682922433,2.071444682922433,-0.028182846656921456,-0.017111015857395943,0.012495964321140196,-0.002924443268039224
1780,0.0,0.9858741878478021,0.0,0.9858741878478021,0.0,0.0,0.9858741878478021,0.9858741878478021,0.0,0.0,0.9858741878478021,0.9858741878478021,0.0,0.9858741878478021,3.9434967513912085,1.9717483756956042,0.9858741878478021,0.0,0.9858741878478021,0.0,-0.00907044180265539,-0.010603959281183423,0.015543135268428331,0.0182570779676084
1781,2.0857328645650424,2.0857328645650424,0.0,1.0428664322825212,0.0,0.0,1.0428664322825212,2.0857328645650424,0.0,0.0,1.0428664322825212,0.0,0.0,4.171465729130085,0.0,2.0857328645650424,0.0,0.0,0.0,0.0,0.0005840343214254414,-0.0006122612186198151,-0.020145307020917977,-0.022692898364408878
1782,0.9948201294956917,0.0,0.0,0.9948201294956917,0.0,0.0,0.9948201294956917,0.9948201294956917,1.9896402589913833,0.0,0.9948201294956917,0.9948201294956917,0.0,1.9896402589913833,0.9948201294956917,0.9948201294956917,0.0,0.0,0.0,2.984460388487075,0.008086012547984649,0.012057574286193962,-0.0038384404574928915,-0.011125275872377247
1783,0.9903624716244883,0.0,0.0,0.9903624716244883,0.0,0.9903624716244883,0.9903624716244883,0.9903624716244883,1.9807249432489766,0.0,0.9903624716244883,0.9903624716244883,0.0,1.9807249432489766,0.0,0.9903624716244883,0.0,0.0,0.0,2.9710874148734647,0.014914684588932789,0.012592164261377856,-0.00638932660533588,-0.011479993869462987
1784,1.0212871940799408,0.0,0.0,1.0212871940799408,0.0,1.0212871940799408,1.0212871940799408,1.0212871940799408,2.0425743881598817,0.0,1.0212871940799408,1.0212871940799408,0.0,1.0212871940799408,1.0212871940799408,1.0212871940799408,0.0,0.0,0.0,3.0638615822398227,0.006050601806662576,0.0037405497916255743,-0.014024858631593707,-0.017053487046635372
1785,0.976393418996759,0.0,0.0,0.976393418996759,0.0,0.976393418996759,0.976393418996759,0.976393418996759,1.952786837993518,0.0,0.976393418996759,0.0,0.0,1.952786837993518,0.976393418996759,0.976393418996759,0.0,0.0,0.0,2.929180256990277,0.015953634389955538,0.015890505630808283,-0.0019425976916321171,-0.006294961325890801
1786,0.9925342112309435,0.0,0.0,0.9925342112309435,0.0,0.9925342112309435,0.9925342112309435,0.9925342112309435,0.9925342112309435,0.0,0.9925342112309435,0.9925342112309435,0.0,1.985068422461887,0.9925342112309435,0.9925342112309435,0.0,0.0,0.0,2.9776026336928307,0.012520926757410906,0.012685210892414983,-0.007281344201065447,-0.010459004679703942
1787,0.9913736425690415,0.0,0.0,0.9913736425690415,0.0,0.9913736425690415,0.9913736425690415,0.9913736425690415,0.9913736425690415,0.0,0.9913736425690415,0.9913736425690415,0.0,1.982747285138083,0.9913736425690415,0.9913736425690415,0.0,0.0,0.0,2.9741209277071246,0.016248365509136897,0.011815708372550924,-0.008170690571276742,-0.01126702587945261
1788,2.0784083828326514,0.0,0.0,0.0,0.0,1.0392041914163257,1.0392041914163257,1.0392041914163257,0.0,0.0,1.0392041914163257,3.1176125742489766,1.0392041914163257,0.0,0.0,0.0,3.1176125742489766,0.0,1.0392041914163257,1.0392041914163257,-0.01202739562503599,-0.02246122806628371,-0.008280778124565447,0.0035652103995595153
1789,1.067180403273981,0.0,2.134360806547962,1.067180403273981,1.067180403273981,0.0,1.067180403273981,0.0,1.067180403273981,1.067180403273981,1.067180403273981,3.2015412098219427,0.0,0.0,0.0,0.0,0.0,1.067180403273981,1.067180403273981,2.134360806547962,-0.0105133028063513,-0.010052841267750832,-0.019451547506263614,-0.027162711693615126
1790,1.9281892650218426,0.0,0.0,0.0,0.0,0.0,0.0,4.820473162554607,0.0,0.0,1.9281892650218426,0.0,1.9281892650218426,0.0,0.0,1.9281892650218426,0.0,0.0,0.9640946325109213,1.9281892650218426,0.01825772972141749,0.0037047391913904502,0.013957419296031136,-1.4520719760381267e-05
1791,0.0,0.0,1.0107634759407478,1.0107634759407478,1.0107634759407478,1.0107634759407478,0.0,0.0,1.0107634759407478,2.0215269518814956,0.0,1.0107634759407478,0.0,0.0,0.0,0.0,6.064580855644486,0.0,0.0,2.0215269518814956,-0.009012641880841136,-0.00513678527050798,0.0049481409641223975,-0.0015621897535210024
1792,1.081242865911063,1.081242865911063,0.0,2.162485731822126,0.0,1.081242865911063,0.0,2.162485731822126,1.081242865911063,2.162485731822126,2.162485731822126,1.081242865911063,0.0,1.081242865911063,0.0,1.081242865911063,0.0,0.0,0.0,1.081242865911063,-0.01812376368505508,-0.015206764987302324,-0.026049826410775776,-0.021862510827929678
1793,0.9978762116359768,0.9978762116359768,0.9978762116359768,1.9957524232719537,0.0,0.9978762116359768,0.9978762116359768,0.9978762116359768,0.0,0.0,0.0,0.9978762116359768,0.0,0.9978762116359768,0.9978762116359768,0.0,0.0,1.9957524232719537,0.0,2.9936286349079304,0.005020364257915625,-0.007614670705472745,0.00996714247818059,-0.005249047666600318
1794,0.0,1.0504459396580768,0.0,4.201783758632307,0.0,0.0,0.0,2.1008918793161535,0.0,1.0504459396580768,2.1008918793161535,1.0504459396580768,0.0,2.1008918793161535,0.0,0.0,0.0,0.0,2.1008918793161535,1.0504459396580768,-0.0002621772883504807,-0.0007076258758633142,-0.02562075794490689,-0.023855378548956037
1795,1.032252908082599,0.0,0.0,2.064505816165198,0.0,0.0,2.064505816165198,1.032252908082599,0.0,0.0,0.0,1.032252908082599,0.0,1.032252908082599,0.0,0.0,5.161264540412995,1.032252908082599,1.032252908082599,1.032252908082599,-0.0038449809238793936,-0.006124461672756979,-0.008879453805691426,-0.013404011680271354
1796,1.8986567496352966,0.0,0.9493283748176483,0.0,0.0,0.0,0.0,4.746641874088241,0.0,0.9493283748176483,0.9493283748176483,0.9493283748176483,0.9493283748176483,0.0,0.0,0.9493283748176483,0.0,0.0,0.0,2.847985124452945,0.023380715754571804,0.005750411053204005,0.017207048994812738,0.0043334493797630635
1797,1.8751680327090998,0.0,0.9375840163545499,0.0,0.0,0.0,0.0,3.7503360654181996,0.0,1.8751680327090998,0.9375840163545499,0.9375840163545499,0.9375840163545499,0.0,0.0,0.9375840163545499,0.0,0.0,0.0,2.8127520490636497,0.028812990837165865,0.008311721478875612,0.020416144830540987,0.004875126498867654
1798,0.9405652810225849,0.0,0.9405652810225849,0.0,0.0,0.0,0.0,4.7028264051129245,0.0,1.8811305620451697,0.9405652810225849,0.9405652810225849,0.9405652810225849,0.0,0.0,0.9405652810225849,0.0,0.0,0.0,2.8216958430677543,0.028183511971414384,0.007861805606178914,0.019629218004458115,0.0037601833953637667
1799,0.0,1.0055737574570007,1.0055737574570007,1.0055737574570007,1.0055737574570007,1.0055737574570007,0.0,2.0111475149140015,0.0,2.0111475149140015,1.0055737574570007,0.0,0.0,0.0,0.0,2.0111475149140015,1.0055737574570007,2.0111475149140015,1.0055737574570007,0.0,-0.006104302293916867,-0.003101895180385246,0.004834234656519488,-0.0012017946392179945
1800,0.0,1.016704547094648,1.016704547094648,1.016704547094648,0.0,1.016704547094648,0.0,2.033409094189296,0.0,2.033409094189296,1.016704547094648,0.0,0.0,0.0,0.0,3.0501136412839442,1.016704547094648,2.033409094189296,1.016704547094648,0.0,-0.0075305896155442595,-0.007121212280610183,0.003431975717646057,-0.005484720916139719
1801,0.0,1.02582440735776,1.02582440735776,1.02582440735776,0.0,1.02582440735776,0.0,2.05164881471552,0.0,1.02582440735776,1.02582440735776,0.0,0.0,0.0,0.0,3.07747322207328,2.05164881471552,2.05164881471552,1.02582440735776,0.0,-0.015528291786135247,-0.009047607501452523,0.006717948492819049,-0.00796645656299135
1802,1.0298864936558467,2.0597729873116934,0.0,0.0,0.0,2.0597729873116934,1.0298864936558467,0.0,1.0298864936558467,2.0597729873116934,0.0,1.0298864936558467,0.0,0.0,2.0597729873116934,1.0298864936558467,1.0298864936558467,0.0,1.0298864936558467,1.0298864936558467,-0.007136549309956584,-0.004141086791588196,-0.00925032208375343,-0.009358535470548419
1803,0.9398993558632907,1.8797987117265813,1.8797987117265813,0.0,0.0,0.9398993558632907,0.0,1.8797987117265813,0.0,0.0,0.9398993558632907,0.9398993558632907,0.0,0.9398993558632907,0.0,1.8797987117265813,0.9398993558632907,0.0,0.9398993558632907,0.9398993558632907,0.020171125534034058,0.01488825154138665,0.010437253735098016,0.014604013326190752
1804,0.0,1.0549125045842138,0.0,2.1098250091684276,0.0,1.0549125045842138,1.0549125045842138,2.1098250091684276,0.0,1.0549125045842138,2.1098250091684276,0.0,0.0,1.0549125045842138,0.0,1.0549125045842138,0.0,0.0,0.0,4.219650018336855,-0.03146099693000189,-0.020765189204087733,0.004279885025759754,-0.006966203475883968
1805,2.136427102548557,1.0682135512742785,0.0,2.136427102548557,0.0,0.0,1.0682135512742785,1.0682135512742785,0.0,1.0682135512742785,3.2046406538228354,1.0682135512742785,1.0682135512742785,0.0,0.0,1.0682135512742785,1.0682135512742785,0.0,1.0682135512742785,0.0,-0.029754032129108078,-0.021275260181543233,-0.007364770598575002,-0.009819488365052162
1806,0.9276164252857964,0.9276164252857964,0.0,0.0,0.9276164252857964,0.9276164252857964,1.8552328505715927,0.0,0.9276164252857964,0.0,0.0,0.9276164252857964,0.9276164252857964,1.8552328505715927,0.0,1.8552328505715927,0.9276164252857964,0.0,0.9276164252857964,0.9276164252857964,0.016811462312645062,0.020975222136630108,0.013735288847687651,0.020861601417240704
1807,1.000908950250634,2.001817900501268,0.0,1.000908950250634,0.0,1.000908950250634,2.001817900501268,1.000908950250634,0.0,1.000908950250634,0.0,1.000908950250634,1.000908950250634,1.000908950250634,0.0,1.000908950250634,1.000908950250634,0.0,1.000908950250634,1.000908950250634,-0.013028600589124124,0.01257635358171212,-0.0071488226119113905,0.006692119368689218
1808,0.9644999467876219,0.0,0.0,0.9644999467876219,0.0,0.9644999467876219,1.9289998935752437,0.9644999467876219,1.9289998935752437,0.0,0.9644999467876219,0.9644999467876219,0.0,1.9289998935752437,0.9644999467876219,0.9644999467876219,0.0,0.0,0.0,1.9289998935752437,0.016492969065951057,0.02558046606852048,0.001371225847660825,-0.00794460776975431
1809,0.9788512663504028,0.0,0.0,0.9788512663504028,0.0,0.9788512663504028,1.9577025327008055,0.0,1.9577025327008055,0.0,0.9788512663504028,0.9788512663504028,0.0,1.9577025327008055,0.9788512663504028,0.9788512663504028,0.0,0.0,0.0,2.9365537990512083,0.014239629631948162,0.021193699472673282,-0.0006670983763428756,-0.013617497078681266
1810,0.9787668315700688,0.0,0.0,0.0,0.0,0.9787668315700688,1.9575336631401377,0.9787668315700688,1.9575336631401377,0.0,0.9787668315700688,0.9787668315700688,0.0,1.9575336631401377,0.9787668315700688,0.9787668315700688,0.0,0.0,0.0,2.9363004947102067,0.01654315257547004,0.015827280416365996,0.002270589325816718,-0.013407853887721673
1811,0.9703431635644858,0.0,0.0,0.9703431635644858,0.0,0.9703431635644858,0.9703431635644858,0.9703431635644858,1.9406863271289716,0.0,0.9703431635644858,0.9703431635644858,0.0,1.9406863271289716,0.9703431635644858,0.9703431635644858,0.0,0.0,0.0,2.9110294906934575,0.014399260210186898,0.012935405790990881,0.005280911200700661,-0.002958740766364143
1812,0.0,0.0,2.073798151808098,0.0,0.0,2.073798151808098,2.073798151808098,1.036899075904049,1.036899075904049,1.036899075904049,2.073798151808098,1.036899075904049,1.036899075904049,0.0,1.036899075904049,1.036899075904049,0.0,0.0,0.0,1.036899075904049,-0.0013103603642541986,-0.003135704832633989,-0.019513449757685444,-0.012939560949475522
1813,2.9308292496853054,0.0,0.9769430832284351,0.0,0.0,0.0,0.0,2.9308292496853054,0.0,0.0,0.0,0.0,0.0,0.0,0.0,0.0,2.9308292496853054,0.0,0.0,5.861658499370611,0.012756080795786478,0.0021255383906067693,0.0077882190254949715,0.0003870785596767293
1814,0.9955265457337231,0.9955265457337231,0.0,0.0,0.0,2.9865796372011695,0.9955265457337231,0.9955265457337231,0.0,1.9910530914674462,0.9955265457337231,1.9910530914674462,0.0,0.0,0.0,0.9955265457337231,0.9955265457337231,0.0,0.9955265457337231,0.9955265457337231,0.014163496941437382,-0.0009170653336430054,-0.0024528750611561103,-0.0063201022803614955
1815,5.736554929456875,0.0,0.9560924882428125,0.0,0.0,0.9560924882428125,0.9560924882428125,1.912184976485625,0.0,1.912184976485625,0.0,1.912184976485625,0.0,0.0,0.0,0.9560924882428125,0.0,0.0,0.9560924882428125,0.0,0.01550452226094866,0.0192741039519851,0.004518156315218027,0.00461072922903586
1816,2.9067855745829165,0.0,0.0,0.0,0.0,0.0,4.8446426243048615,1.9378570497219445,0.0,0.0,1.9378570497219445,0.9689285248609723,0.0,0.9689285248609723,0.0,0.9689285248609723,0.0,0.0,0.0,1.9378570497219445,0.0044316666486270756,0.02609381318203377,-0.0034978853409684527,0.0040438806493352675
1817,0.0,1.0699881697773115,0.0,1.0699881697773115,1.0699881697773115,2.139976339554623,2.139976339554623,0.0,0.0,2.139976339554623,0.0,1.0699881697773115,2.139976339554623,0.0,0.0,0.0,2.139976339554623,0.0,1.0699881697773115,2.139976339554623,-0.01896321259458807,-0.011734747005071882,-0.023782898547809225,-0.01550731162984228
1818,0.0,1.9604905030824205,1.9604905030824205,0.9802452515412102,0.0,0.0,0.9802452515412102,0.9802452515412102,0.0,0.9802452515412102,0.0,0.9802452515412102,0.0,0.9802452515412102,0.9802452515412102,3.920981006164841,1.9604905030824205,0.0,0.0,0.0,-0.003782427695667741,0.009474070947698896,0.005410307153056102,0.008652798053702459
1819,0.9441130561950571,2.8323391685851713,0.0,0.0,0.0,0.9441130561950571,0.9441130561950571,0.0,0.0,0.9441130561950571,2.8323391685851713,2.8323391685851713,0.9441130561950571,0.0,0.0,0.9441130561950571,0.9441130561950571,0.0,0.9441130561950571,0.0,0.01701291588068039,0.013211121171362975,0.011619506285370819,0.014043400467528567
1820,0.0,0.874097361172226,0.0,0.0,0.0,0.0,0.0,0.0,0.0,1.748194722344452,2.622292083516678,0.0,0.0,0.0,0.0,0.0,0.0,0.0,0.0,9.615070972894486,0.046016176557967144,0.018091623477109475,0.04457583258630538,0.017219006206391982
1821,0.0,2.163660572353613,0.0,2.163660572353613,0.0,1.0818302861768065,1.0818302861768065,2.163660572353613,0.0,1.0818302861768065,2.163660572353613,0.0,0.0,1.0818302861768065,0.0,1.0818302861768065,0.0,0.0,0.0,4.327321144707226,-0.039795204035674964,-0.02485647770169266,-0.0062801153653779624,-0.010898489074061102
1822,1.065987401053939,1.065987401053939,0.0,1.065987401053939,0.0,1.065987401053939,1.065987401053939,1.065987401053939,0.0,0.0,1.065987401053939,1.065987401053939,0.0,1.065987401053939,0.0,3.197962203161817,1.065987401053939,0.0,1.065987401053939,3.197962203161817,-0.022414114753302253,-0.02604347285302758,-0.015295052508215551,-0.002234760939393718
1823,1.9272718624396263,1.9272718624396263,0.9636359312198132,0.9636359312198132,0.0,0.0,0.9636359312198132,0.0,0.0,0.9636359312198132,1.9272718624396263,0.9636359312198132,0.9636359312198132,0.9636359312198132,0.9636359312198132,0.9636359312198132,0.9636359312198132,0.0,0.9636359312198132,0.0,0.0074763172667981,0.0014013157848513545,0.017613770070879695,0.009872665657657747
1824,2.832968153468476,0.9443227178228254,0.9443227178228254,0.0,0.0,2.832968153468476,1.8886454356456508,0.0,0.0,0.0,1.8886454356456508,2.832968153468476,0.0,0.0,0.9443227178228254,0.0,0.9443227178228254,0.0,0.0,0.0,0.008824403273514303,0.003720611797259349,0.0245830668727329,0.018549200233668014
1825,1.9266124741328012,0.0,0.9633062370664006,0.0,0.9633062370664006,0.0,0.0,0.9633062370664006,0.0,1.9266124741328012,0.9633062370664006,0.0,0.0,0.9633062370664006,0.0,1.9266124741328012,1.9266124741328012,0.0,1.9266124741328012,1.9266124741328012,0.014104244054902538,0.009148779584977914,0.008964833784719177,0.004475905508999625
1826,0.0,0.9726467374524301,0.0,1.9452934749048603,0.0,0.9726467374524301,1.9452934749048603,0.9726467374524301,0.0,0.0,0.0,2.91794021235729,0.9726467374524301,0.0,0.9726467374524301,0.9726467374524301,0.9726467374524301,0.0,1.9452934749048603,0.9726467374524301,0.006785362565594369,0.012714840245497046,-8.262705240740211e-05,0.007935686788885947
1827,1.00051995583299,0.0,0.0,1.00051995583299,0.0,1.00051995583299,2.00103991166598,1.00051995583299,2.00103991166598,0.0,1.00051995583299,1.00051995583299,0.0,2.00103991166598,0.0,1.00051995583299,0.0,0.0,1.00051995583299,3.0015598674989703,0.009919181731424762,0.001510891613163396,-0.003568381039580437,-0.008381648137997858
1828,2.892140687787563,0.0,0.0,0.0,0.0,0.0,0.0,5.784281375575126,0.0,0.0,1.9280937918583752,0.0,1.9280937918583752,0.0,0.0,1.9280937918583752,0.0,0.0,0.9640468959291876,1.9280937918583752,0.017886241099271054,0.0031700448751780038,0.015076399217065037,-0.00017958112070160615
1829,3.0842382143314553,2.0561588095543035,2.0561588095543035,0.0,0.0,0.0,1.0280794047771518,1.0280794047771518,0.0,0.0,2.0561588095543035,1.0280794047771518,0.0,1.0280794047771518,0.0,3.0842382143314553,0.0,0.0,1.0280794047771518,1.0280794047771518,0.00228891057238235,-0.006596779910847729,-0.017156400547563583,-0.006615134891122765
1830,1.9967441000432626,0.0,0.0,0.9983720500216313,0.0,0.0,0.9983720500216313,1.9967441000432626,0.0,0.0,3.9934882000865253,2.995116150064894,0.0,0.0,0.0,0.9983720500216313,0.9983720500216313,0.0,0.9983720500216313,1.9967441000432626,0.005458589438000062,0.00990866123381385,-0.005639413717054593,-0.008099886976390613
1831,0.0,0.0,0.0,2.969333309699708,0.0,0.0,0.9897777698999026,0.0,0.9897777698999026,0.9897777698999026,1.9795555397998053,0.9897777698999026,0.0,2.969333309699708,0.9897777698999026,0.9897777698999026,0.9897777698999026,0.0,0.0,2.969333309699708,0.0014304626658732048,-0.0027750328534732406,0.010652746831067756,0.0009140534566295566
1832,0.0,0.0,0.0,0.0,0.0,0.0,6.098865380362718,0.0,0.0,3.049432690181359,0.0,1.0164775633937864,0.0,2.0329551267875727,1.0164775633937864,3.049432690181359,1.0164775633937864,0.0,1.0164775633937864,0.0,-0.010312316631057184,-0.0047296255496180875,-0.005308817060307359,0.003873195847196287
1833,2.9576696685417256,0.0,0.9858898895139085,0.0,0.0,0.9858898895139085,0.9858898895139085,2.9576696685417256,0.0,0.0,0.0,0.0,0.0,0.0,0.0,0.0,2.9576696685417256,0.0,0.0,5.915339337083451,0.01047593014227002,0.0025522115625879953,0.004421966424337157,-0.0033399976431036983
1834,2.9834704556232237,0.0,0.9944901518744078,0.0,0.0,0.9944901518744078,0.9944901518744078,0.9944901518744078,0.0,0.9944901518744078,2.9834704556232237,0.0,0.9944901518744078,0.9944901518744078,0.0,1.9889803037488156,1.9889803037488156,0.0,0.0,0.9944901518744078,0.006836442510727958,0.0005534873944370222,0.003801392707364006,-0.0056814744869368265
1835,0.0,0.0,0.0,1.964835629686998,0.0,0.0,0.982417814843499,0.0,0.982417814843499,0.982417814843499,1.964835629686998,1.964835629686998,0.0,2.947253444530497,0.982417814843499,0.982417814843499,0.982417814843499,0.0,0.0,2.947253444530497,-0.00025073648798033343,-0.0001162547188313327,0.013958590051962084,0.0039905863113504515
1836,4.101667236563225,0.0,1.0254168091408062,0.0,0.0,0.0,2.0508336182816125,1.0254168091408062,1.0254168091408062,1.0254168091408062,1.0254168091408062,1.0254168091408062,0.0,2.0508336182816125,0.0,0.0,0.0,0.0,1.0254168091408062,3.0762504274224187,-0.004900091165544394,-0.007599772972814387,-0.0007687359446982428,-0.012148209057749215
1837,2.0309595375956047,0.0,1.0154797687978023,0.0,0.0,2.0309595375956047,1.0154797687978023,1.0154797687978023,0.0,1.0154797687978023,1.0154797687978023,1.0154797687978023,0.0,2.0309595375956047,0.0,1.0154797687978023,0.0,0.0,1.0154797687978023,4.061919075191209,-0.0034453877846291857,-0.002164725660392506,-0.002661494439162497,-0.007208160913618239
1838,2.9535151220996854,0.0,0.9845050406998952,0.0,0.0,0.0,0.9845050406998952,3.938020162799581,0.0,0.0,1.9690100813997904,0.0,0.0,1.9690100813997904,1.9690100813997904,0.0,1.9690100813997904,0.0,0.0,0.9845050406998952,0.004382573921985401,-0.004335808441270912,0.013347704145598008,0.0021004896737923575
1839,0.0,0.9944922923024027,0.0,0.9944922923024027,0.9944922923024027,0.9944922923024027,1.9889845846048053,0.9944922923024027,0.0,0.0,1.9889845846048053,0.9944922923024027,0.0,0.0,0.9944922923024027,0.9944922923024027,4.972461461512013,0.0,0.9944922923024027,0.0,-0.01360268320461897,0.0008296825672343317,0.014301973090886766,0.003978735244095229
1840,0.0,1.9192990822739864,0.0,0.9596495411369932,0.0,0.9596495411369932,1.9192990822739864,0.9596495411369932,0.0,0.0,1.9192990822739864,0.9596495411369932,0.0,0.0,0.9596495411369932,0.9596495411369932,4.7982477056849655,0.0,0.9596495411369932,0.0,-0.005163052914213674,0.01051547120215606,0.020836667444078447,0.014161373130985961
1841,0.9983892626172712,0.0,0.9983892626172712,0.0,0.0,1.9967785252345425,0.0,1.9967785252345425,0.9983892626172712,1.9967785252345425,1.9967785252345425,0.9983892626172712,0.0,0.9983892626172712,0.0,0.9983892626172712,0.9983892626172712,0.0,0.9983892626172712,1.9967785252345425,0.003992891568540996,0.007959976051615834,-0.011568488746054635,0.0012263585086266387
1842,0.0,1.054543683061875,0.0,1.054543683061875,0.0,0.0,3.1636310491856254,1.054543683061875,0.0,1.054543683061875,0.0,0.0,0.0,2.10908736612375,2.10908736612375,1.054543683061875,0.0,2.10908736612375,2.10908736612375,2.10908736612375,-0.014206856941060095,-0.010443561530284326,-0.012023424385405592,-0.017869840205125154
1843,1.0248555262363204,1.0248555262363204,0.0,0.0,0.0,1.0248555262363204,1.0248555262363204,0.0,2.0497110524726407,4.0994221049452815,2.0497110524726407,1.0248555262363204,0.0,1.0248555262363204,0.0,2.0497110524726407,0.0,0.0,1.0248555262363204,1.0248555262363204,0.0006177312622790468,-0.008779488401215625,-0.007069308947047507,-0.009624460150336276
1844,0.0,0.0,0.0,1.988103720635477,0.0,0.0,0.9940518603177385,0.0,0.9940518603177385,0.9940518603177385,1.988103720635477,1.988103720635477,0.0,2.9821555809532154,0.9940518603177385,0.9940518603177385,0.9940518603177385,0.0,0.0,2.9821555809532154,-0.0007617331133863343,-0.002787016090204663,0.008578888333986826,0.0009180005518656571
1845,0.9821901361019244,0.0,0.9821901361019244,0.0,0.0,0.0,3.9287605444076976,0.9821901361019244,0.0,0.0,2.946570408305773,0.0,0.9821901361019244,0.0,1.9643802722038488,0.0,1.9643802722038488,0.0,0.9821901361019244,1.9643802722038488,0.0038118933106431217,0.01895029596616916,-0.0017351263764766988,-0.003217199002260008
1846,0.0,1.0051249811456955,1.0051249811456955,2.010249962291391,0.0,0.0,3.0153749434370867,1.0051249811456955,1.0051249811456955,1.0051249811456955,1.0051249811456955,2.010249962291391,0.0,1.0051249811456955,0.0,3.0153749434370867,0.0,0.0,0.0,1.0051249811456955,-0.012771801733949246,0.0061436041633920946,-0.00609368332596136,0.00759689975082305
1847,0.0,1.039445339697025,1.039445339697025,1.039445339697025,0.0,1.039445339697025,4.1577813587881,1.039445339697025,0.0,0.0,2.07889067939405,1.039445339697025,0.0,1.039445339697025,1.039445339697025,0.0,2.07889067939405,1.039445339697025,0.0,1.039445339697025,-0.003354775579424187,0.0010668732703797475,-0.02401419270435266,-0.013143244683627774
1848,0.0,5.871401878007161,0.0,0.0,3.914267918671441,0.0,0.0,2.9357009390035804,0.0,0.0,0.9785669796678602,0.0,0.0,0.9785669796678602,0.0,0.0,0.0,0.0,0.9785669796678602,1.9571339593357204,0.015834200367110033,0.013803379126468961,-0.0034989950168534535,-0.004705564144585708
1849,1.99900885233712,0.0,0.0,0.99950442616856,0.0,0.99950442616856,0.0,0.99950442616856,0.0,0.99950442616856,0.99950442616856,0.0,0.99950442616856,0.99950442616856,0.0,1.99900885233712,3.99801770467424,0.0,0.99950442616856,1.99900885233712,0.010806656450773056,0.004165313133230444,-0.003997196687316478,-0.010479199065246917
1850,2.0097806841528643,1.0048903420764321,0.0,1.0048903420764321,1.0048903420764321,1.0048903420764321,3.014671026229297,0.0,1.0048903420764321,0.0,1.0048903420764321,1.0048903420764321,0.0,2.0097806841528643,0.0,1.0048903420764321,1.0048903420764321,0.0,1.0048903420764321,1.0048903420764321,-0.000699072988548894,0.0033798900145476417,-0.0019462031706192707,-0.00562495593181171
1851,3.011349127687821,0.0,1.0037830425626069,0.0,0.0,1.0037830425626069,1.0037830425626069,3.011349127687821,0.0,0.0,0.0,0.0,0.0,0.0,0.0,0.0,3.011349127687821,0.0,0.0,6.022698255375642,-0.0010390594529921054,-0.0028713118128486166,0.004101187403711276,-0.003973858700477395
1852,1.0321841881168532,0.0,1.0321841881168532,0.0,0.0,0.0,2.0643683762337064,2.0643683762337064,0.0,1.0321841881168532,2.0643683762337064,3.0965525643505596,0.0,0.0,0.0,0.0,5.1609209405842655,0.0,1.0321841881168532,0.0,-0.018299993039514694,-0.012786134228703009,-0.0020805891588481272,0.0009825283102126829
1853,0.0,0.0,1.0089429345873546,0.0,1.0089429345873546,0.0,0.0,5.044714672936774,2.0178858691747092,1.0089429345873546,1.0089429345873546,2.0178858691747092,0.0,0.0,1.0089429345873546,2.0178858691747092,1.0089429345873546,0.0,0.0,1.0089429345873546,-0.0023238071416819533,-0.0017382752550776195,-0.0026755736040079037,-0.002205278586587241
1854,3.100181357935084,3.100181357935084,0.0,1.0333937859783613,0.0,2.0667875719567226,1.0333937859783613,1.0333937859783613,0.0,1.0333937859783613,1.0333937859783613,0.0,0.0,0.0,1.0333937859783613,2.0667875719567226,1.0333937859783613,0.0,1.0333937859783613,1.0333937859783613,-0.0010556272548616881,-0.004703247307448501,-0.022021255156831145,-0.005613656259219959
1855,0.0,0.0,0.0,1.7971384850006369,0.0,13.478538637504776,0.0,0.0,0.0,0.0,0.0,1.7971384850006369,0.0,0.0,0.0,0.0,0.0,0.0,0.0,0.0,0.0399939242225497,0.018254120438801216,0.03749676825729028,0.0056859445810403504
1856,0.0,3.317474661603363,2.2116497744022423,1.1058248872011212,0.0,0.0,1.1058248872011212,1.1058248872011212,0.0,1.1058248872011212,3.317474661603363,1.1058248872011212,1.1058248872011212,1.1058248872011212,0.0,1.1058248872011212,1.1058248872011212,0.0,1.1058248872011212,1.1058248872011212,0.0005716015833144273,-0.006176969307224406,-0.06846888435307381,-0.03175063512413726
1857,0.0,0.0,0.0,1.0425168805615543,0.0,0.0,2.0850337611231087,2.0850337611231087,2.0850337611231087,1.0425168805615543,2.0850337611231087,4.170067522246217,1.0425168805615543,1.0425168805615543,1.0425168805615543,0.0,0.0,0.0,0.0,2.0850337611231087,0.0118339602350159,0.007095668291968986,-0.02396355958648593,-0.03748294950205327
1858,0.0,2.04409718664579,1.022048593322895,2.04409718664579,0.0,1.022048593322895,1.022048593322895,4.08819437329158,0.0,0.0,0.0,1.022048593322895,2.04409718664579,1.022048593322895,0.0,1.022048593322895,0.0,1.022048593322895,1.022048593322895,1.022048593322895,-0.00992284541769011,-0.012241638890496977,-0.002736088592449519,0.002851979577741481
1859,1.8787704517733435,0.0,0.0,0.9393852258866717,0.0,0.0,0.9393852258866717,1.8787704517733435,0.0,1.8787704517733435,1.8787704517733435,1.8787704517733435,0.0,0.0,0.0,1.8787704517733435,0.9393852258866717,0.9393852258866717,0.9393852258866717,1.8787704517733435,0.01792620046310177,0.01991621114210642,0.011056013530967196,0.011716348977152909
1860,1.001403049299174,0.0,1.001403049299174,1.001403049299174,0.0,1.001403049299174,2.002806098598348,2.002806098598348,2.002806098598348,0.0,1.001403049299174,1.001403049299174,0.0,2.002806098598348,0.0,1.001403049299174,0.0,0.0,1.001403049299174,3.004209147897522,0.009601710875823045,0.0011589144584421797,-0.005414367626636697,-0.006749307006802484
1861,0.0,0.0,1.0152503133878523,1.0152503133878523,0.0,2.0305006267757046,1.0152503133878523,3.0457509401635567,1.0152503133878523,1.0152503133878523,1.0152503133878523,3.0457509401635567,0.0,0.0,1.0152503133878523,0.0,0.0,0.0,1.0152503133878523,3.0457509401635567,-0.014170640235108759,-0.008893798701114758,0.0034314018976045035,0.004382723650766762
1862,1.024009625472725,3.072028876418175,0.0,1.024009625472725,0.0,2.04801925094545,2.04801925094545,1.024009625472725,1.024009625472725,1.024009625472725,1.024009625472725,1.024009625472725,0.0,1.024009625472725,0.0,0.0,1.024009625472725,0.0,1.024009625472725,2.04801925094545,0.004233890675203717,0.00878885877481603,-0.02744288121272744,-0.009589493710017235
1863,1.027886104364204,0.0,3.083658313092612,1.027886104364204,0.0,0.0,1.027886104364204,0.0,0.0,2.055772208728408,1.027886104364204,1.027886104364204,1.027886104364204,1.027886104364204,0.0,1.027886104364204,2.055772208728408,0.0,1.027886104364204,3.083658313092612,-0.004860314256553258,-0.01437801885860539,-0.0012426180101747263,-0.007405153238870714
1864,1.9774958673348964,0.0,0.0,0.0,0.0,0.9887479336674482,2.966243801002345,0.9887479336674482,0.9887479336674482,0.0,2.966243801002345,0.9887479336674482,0.0,0.0,0.0,0.9887479336674482,0.0,1.9774958673348964,0.0,3.9549917346697927,-0.008126155697487333,-0.006367712999366835,0.011812160117537253,0.013933774911868731
1865,2.8857923333115645,0.9619307777705215,0.9619307777705215,0.9619307777705215,0.9619307777705215,0.9619307777705215,0.0,1.923861555541043,0.0,0.0,1.923861555541043,1.923861555541043,0.9619307777705215,0.0,0.9619307777705215,0.0,0.9619307777705215,0.9619307777705215,0.9619307777705215,0.9619307777705215,0.005001639316114425,0.011009943237904203,0.010801577683553625,0.011256061991906275
1866,1.0121209380245875,0.0,1.0121209380245875,2.024241876049175,0.0,0.0,2.024241876049175,1.0121209380245875,1.0121209380245875,1.0121209380245875,2.024241876049175,1.0121209380245875,1.0121209380245875,0.0,1.0121209380245875,2.024241876049175,3.0363628140737626,0.0,0.0,1.0121209380245875,0.0028627102387836873,-0.004832780291715617,-0.00850536973654518,-0.0016454982351103704
1867,0.0,0.0,3.089571299474839,3.089571299474839,0.0,0.0,1.0298570998249463,0.0,0.0,1.0298570998249463,3.089571299474839,2.0597141996498927,0.0,0.0,0.0,1.0298570998249463,2.0597141996498927,2.0597141996498927,0.0,2.0597141996498927,-0.004357326375159133,-0.007972595517236891,-0.0012538614698908847,-0.016273316462659525
1868,0.0,0.0,0.0,1.92756200398208,0.0,0.0,1.92756200398208,0.96378100199104,0.0,0.0,1.92756200398208,0.96378100199104,0.0,1.92756200398208,0.96378100199104,0.96378100199104,2.89134300597312,0.96378100199104,3.85512400796416,0.0,0.0029762534358172546,0.009064425347825035,0.010322483342137895,0.013855835883179787
1869,1.993730502083061,0.0,0.9968652510415305,1.993730502083061,0.0,0.9968652510415305,3.987461004166122,0.9968652510415305,0.0,2.9905957531245915,0.0,1.993730502083061,0.0,0.9968652510415305,0.9968652510415305,0.9968652510415305,0.0,0.0,0.9968652510415305,0.0,-0.0037489161178864815,0.006982663429201051,-0.014264544483862149,0.014165546131017219
1870,2.9725592692126286,0.0,0.9908530897375428,0.0,0.0,1.9817061794750856,0.9908530897375428,2.9725592692126286,0.0,0.0,0.0,0.9908530897375428,0.0,0.0,0.0,0.0,2.9725592692126286,0.0,0.0,5.945118538425257,0.011474386802162805,0.0031954660313434423,-0.0014060833202621595,-0.004116859250786804
1871,4.205269833576289,0.0,2.1026349167881446,3.1539523751822167,0.0,1.0513174583940723,1.0513174583940723,2.1026349167881446,0.0,0.0,0.0,2.1026349167881446,0.0,1.0513174583940723,0.0,0.0,1.0513174583940723,0.0,1.0513174583940723,2.1026349167881446,-0.0024141720823922224,0.00010628399714984795,-0.027037552188743597,-0.02197201812008626
1872,1.0114075101823978,0.0,3.034222530547194,1.0114075101823978,0.0,0.0,2.0228150203647957,2.0228150203647957,1.0114075101823978,1.0114075101823978,0.0,2.0228150203647957,0.0,3.034222530547194,1.0114075101823978,0.0,0.0,0.0,0.0,3.034222530547194,0.00967018287537704,0.008138576300076096,-0.016483348371509027,-0.01273292098634205
1873,0.0,0.0,0.9956468210676657,0.0,0.0,1.9912936421353313,0.0,4.978234105338328,0.0,0.0,0.0,1.9912936421353313,0.0,0.0,0.0,0.9956468210676657,2.986940463202997,0.9956468210676657,0.0,4.978234105338328,-0.0005330916149588843,0.002524136420336171,0.010172720435866988,-0.007810586308909844
1874,4.95639503334214,0.991279006668428,0.0,0.991279006668428,0.0,0.991279006668428,1.982558013336856,0.0,0.991279006668428,0.0,0.0,1.982558013336856,0.991279006668428,0.991279006668428,0.0,2.973837020005284,1.982558013336856,0.0,0.0,0.0,0.006332498527786243,0.0032490673686685857,-0.0020898780503746618,0.0012293054854918388
1875,3.1232856475594253,0.0,0.0,1.0410952158531417,0.0,0.0,0.0,1.0410952158531417,0.0,8.328761726825133,0.0,3.1232856475594253,1.0410952158531417,1.0410952158531417,0.0,0.0,1.0410952158531417,0.0,0.0,1.0410952158531417,0.004509608566255363,-0.009550725698579484,-0.009891228667384643,-0.026162870053432985
1876,0.0,0.0,2.009774025051389,2.009774025051389,1.0048870125256946,0.0,1.0048870125256946,1.0048870125256946,1.0048870125256946,1.0048870125256946,3.014661037577084,0.0,0.0,2.009774025051389,1.0048870125256946,2.009774025051389,0.0,0.0,1.0048870125256946,2.009774025051389,-0.0120351419820801,-0.010301863368045169,0.004702766757112889,0.012747226067317829
1877,0.0,0.0,0.0,1.0352153033944294,0.0,1.0352153033944294,0.0,3.1056459101832883,0.0,1.0352153033944294,1.0352153033944294,2.0704306067888587,0.0,0.0,2.0704306067888587,3.1056459101832883,1.0352153033944294,0.0,1.0352153033944294,4.140861213577717,-0.011574415178544772,-0.01203205128064291,-0.006388535524386154,-0.005220301410855538
1878,1.0685282579624096,1.0685282579624096,2.137056515924819,2.137056515924819,0.0,2.137056515924819,0.0,0.0,1.0685282579624096,2.137056515924819,5.342641289812048,0.0,0.0,1.0685282579624096,0.0,1.0685282579624096,0.0,0.0,1.0685282579624096,1.0685282579624096,-0.027733313491816406,-0.02022068016097129,-0.010675117587121955,-0.009899146722500009
1879,1.9553447791074297,0.0,0.0,0.9776723895537148,0.0,0.0,0.9776723895537148,1.9553447791074297,0.9776723895537148,0.9776723895537148,3.9106895582148593,2.9330171686611446,0.0,0.0,0.0,0.9776723895537148,1.9553447791074297,0.0,0.0,1.9553447791074297,0.012399573445580691,0.008518492227896749,0.001228649864184947,0.0001808949086227605
1880,0.0,1.8780839699369984,0.9390419849684992,0.0,0.0,0.9390419849684992,3.756167939873997,2.8171259549054977,0.0,0.0,0.0,0.9390419849684992,0.0,0.9390419849684992,0.9390419849684992,2.8171259549054977,0.0,0.9390419849684992,0.0,1.8780839699369984,0.012169353469436575,0.03159120572048726,0.007127040046198608,0.010070415795378335
1881,0.0,0.0,0.9673005433277304,0.0,0.0,0.9673005433277304,2.9019016299831915,0.9673005433277304,0.9673005433277304,2.9019016299831915,1.9346010866554608,1.9346010866554608,0.0,0.0,0.0,0.9673005433277304,1.9346010866554608,0.0,1.9346010866554608,0.9673005433277304,0.001485921026765469,0.017920876055842395,-0.0008743602890672983,0.014167019878729066
1882,5.004839386881097,0.0,2.001935754752439,0.0,0.0,1.0009678773762194,1.0009678773762194,2.001935754752439,0.0,3.002903632128658,0.0,0.0,0.0,1.0009678773762194,0.0,2.001935754752439,1.0009678773762194,1.0009678773762194,0.0,1.0009678773762194,-0.00841138287463127,-0.007030812936920506,0.010101762669653461,0.004372555765678849
1883,0.9666270867939732,0.0,0.0,1.9332541735879465,0.0,0.0,1.9332541735879465,0.9666270867939732,0.0,0.0,1.9332541735879465,0.9666270867939732,0.0,1.9332541735879465,0.9666270867939732,0.9666270867939732,2.8998812603819197,0.9666270867939732,3.866508347175893,0.0,0.003246029384894514,0.009044435876818602,0.00857901677783712,0.012503431166476375
1884,2.049721993248077,0.0,1.0248609966240385,3.0745829898721158,0.0,0.0,1.0248609966240385,3.0745829898721158,0.0,1.0248609966240385,1.0248609966240385,2.049721993248077,0.0,1.0248609966240385,0.0,0.0,2.049721993248077,0.0,2.049721993248077,2.049721993248077,-0.018652821986957203,-0.011219546994657022,0.005739548321810642,-0.0007281759642349847
1885,0.9966071836706333,0.9966071836706333,0.0,1.9932143673412666,0.0,0.0,0.9966071836706333,2.9898215510118997,0.9966071836706333,1.9932143673412666,0.9966071836706333,0.0,1.9932143673412666,0.9966071836706333,0.9966071836706333,2.9898215510118997,0.0,0.0,1.9932143673412666,0.0,0.009556543183665191,0.004764364094856414,-0.00983083093443751,-0.0010972600147174329
1886,5.837039677361601,0.0,0.9728399462269335,0.0,0.0,0.0,0.0,4.864199731134668,0.9728399462269335,0.0,0.9728399462269335,1.945679892453867,1.945679892453867,0.0,0.0,0.0,0.9728399462269335,0.0,0.0,1.945679892453867,0.01368125008363204,-0.0026270290842621913,0.016845031751285443,-0.0007391989775889183
1887,1.0402898238439384,0.0,0.0,0.0,0.0,0.0,1.0402898238439384,4.161159295375754,0.0,6.2417389430636305,1.0402898238439384,4.161159295375754,1.0402898238439384,2.080579647687877,0.0,0.0,1.0402898238439384,0.0,0.0,0.0,0.0029116655742296273,-0.005602088954892952,-0.008591899305723719,-0.029007501157551376
1888,1.0372464677307691,0.0,0.0,0.0,0.0,1.0372464677307691,1.0372464677307691,3.1117394031923076,0.0,6.223478806384615,1.0372464677307691,3.1117394031923076,1.0372464677307691,1.0372464677307691,0.0,1.0372464677307691,1.0372464677307691,0.0,0.0,1.0372464677307691,0.004530996501729447,-0.005942860891713446,-0.011280061013828183,-0.024554542326956984
1889,2.0650658281778744,0.0,1.0325329140889372,0.0,0.0,0.0,3.0975987422668116,1.0325329140889372,0.0,1.0325329140889372,3.0975987422668116,3.0975987422668116,1.0325329140889372,2.0650658281778744,1.0325329140889372,0.0,2.0650658281778744,0.0,1.0325329140889372,0.0,-0.0022478634188636518,0.007093894263894923,-0.01683590482044691,-0.020543040113521496
1890,1.0080986569214168,0.0,1.0080986569214168,1.0080986569214168,0.0,1.0080986569214168,1.0080986569214168,1.0080986569214168,0.0,1.0080986569214168,1.0080986569214168,3.02429597076425,1.0080986569214168,0.0,3.02429597076425,2.0161973138428335,2.0161973138428335,0.0,0.0,2.0161973138428335,-0.01155512264140288,-0.011909221519083227,0.003992313919210816,0.011373373319858614
1891,0.9962787282730504,0.0,0.9962787282730504,0.9962787282730504,0.0,0.9962787282730504,1.9925574565461008,1.9925574565461008,1.9925574565461008,0.0,0.9962787282730504,1.9925574565461008,0.0,1.9925574565461008,0.0,1.9925574565461008,0.0,0.0,0.9962787282730504,2.9888361848191516,0.011439573748163004,0.0020597394812469395,-0.004203383847211987,-0.0055746576552483705
1892,2.024264651785519,0.0,0.0,1.0121323258927595,0.0,1.0121323258927595,0.0,1.0121323258927595,0.0,1.0121323258927595,2.024264651785519,1.0121323258927595,1.0121323258927595,1.0121323258927595,0.0,3.036396977678278,4.048529303571038,0.0,1.0121323258927595,2.024264651785519,0.008139363578881587,0.0013186010876835908,-0.00880084333385561,-0.012789447225469017
1893,5.878649548595473,0.0,0.9797749247659122,0.0,0.0,0.0,0.0,5.878649548595473,0.9797749247659122,0.0,0.9797749247659122,0.9797749247659122,0.0,0.0,0.0,0.0,0.9797749247659122,0.0,0.0,3.919099699063649,0.011841556624657473,-0.0026255833849450367,0.013413517720607079,-0.0024044157262317475
1894,0.0,3.139128566858309,0.0,2.0927523779055393,0.0,0.0,2.0927523779055393,1.0463761889527696,1.0463761889527696,1.0463761889527696,2.0927523779055393,1.0463761889527696,0.0,1.0463761889527696,0.0,2.0927523779055393,3.139128566858309,1.0463761889527696,0.0,1.0463761889527696,-0.003531741404629077,-0.007140343157037971,-0.014357794599391956,-0.02134630979171067
1895,2.9986351595888094,0.0,1.9990901063925397,0.0,0.0,0.9995450531962699,0.9995450531962699,1.9990901063925397,0.0,1.9990901063925397,0.9995450531962699,1.9990901063925397,0.0,2.9986351595888094,0.0,0.0,2.9986351595888094,0.0,0.0,0.9995450531962699,-0.012440234342846575,-0.010352332064399387,0.012814374750471393,0.010433138460504796
1896,0.0,1.0429961778264851,0.0,3.1289885334794554,1.0429961778264851,1.0429961778264851,3.1289885334794554,1.0429961778264851,1.0429961778264851,3.1289885334794554,1.0429961778264851,3.1289885334794554,0.0,2.0859923556529703,0.0,0.0,0.0,0.0,1.0429961778264851,0.0,0.0004580277453517308,0.007271671813658459,-0.026939407968434595,-0.023786469417060762
1897,1.942940941820029,0.9714704709100145,1.942940941820029,1.942940941820029,0.0,0.9714704709100145,1.942940941820029,0.0,0.9714704709100145,0.0,1.942940941820029,0.9714704709100145,0.0,1.942940941820029,0.9714704709100145,1.942940941820029,0.9714704709100145,0.0,0.0,1.942940941820029,-0.005643413502463328,0.0028729749778681327,0.020216247607251023,0.011083720007329684
1898,0.0,0.0,4.771565042185198,1.9086260168740794,0.0,7.634504067496318,0.0,1.9086260168740794,0.0,0.0,0.0,1.9086260168740794,0.0,0.0,0.0,0.9543130084370397,0.0,0.0,1.9086260168740794,0.0,0.017939158988385443,0.013589212999219186,0.012035567689364536,0.0021230518859911987
1899,2.087295905111136,0.0,1.043647952555568,2.087295905111136,0.0,2.087295905111136,2.087295905111136,1.043647952555568,1.043647952555568,1.043647952555568,2.087295905111136,1.043647952555568,0.0,1.043647952555568,0.0,0.0,2.087295905111136,0.0,2.087295905111136,2.087295905111136,-0.011215791219417029,-0.015232191031386347,-0.00878490062320488,-0.008415069681559653
1900,2.095013509809237,0.0,1.0475067549046184,2.095013509809237,0.0,2.095013509809237,1.0475067549046184,1.0475067549046184,1.0475067549046184,1.0475067549046184,2.095013509809237,1.0475067549046184,0.0,1.0475067549046184,0.0,1.0475067549046184,2.095013509809237,0.0,2.095013509809237,2.095013509809237,-0.00878623155369807,-0.011712383510613116,-0.011272967267679374,-0.01573517257262775
1901,2.1035046522166687,0.0,1.0517523261083344,2.1035046522166687,0.0,2.1035046522166687,1.0517523261083344,1.0517523261083344,1.0517523261083344,1.0517523261083344,2.1035046522166687,1.0517523261083344,0.0,1.0517523261083344,0.0,1.0517523261083344,2.1035046522166687,0.0,2.1035046522166687,2.1035046522166687,-0.0043745283166979985,-0.006532865090817576,-0.01890688649248531,-0.021938046208333496
1902,0.9979366817131649,0.0,0.9979366817131649,0.0,0.0,0.9979366817131649,0.0,3.9917467268526594,0.9979366817131649,0.0,0.0,0.9979366817131649,0.9979366817131649,0.9979366817131649,0.9979366817131649,1.9958733634263297,2.9938100451394947,0.0,0.0,4.989683408565824,-0.0014072524801839739,-0.0008618628568556108,0.005887602572877808,-0.0015551689490031278
1903,0.0,0.9908543769373022,1.9817087538746043,1.9817087538746043,0.0,0.9908543769373022,0.0,3.9634175077492086,0.9908543769373022,1.9817087538746043,0.9908543769373022,1.9817087538746043,0.0,0.0,0.9908543769373022,1.9817087538746043,0.9908543769373022,0.0,0.0,1.9817087538746043,-0.007008686631944513,0.005346240889481662,0.008494684719454434,0.002313384085706395
1904,2.098662350270987,0.0,1.0493311751354935,2.098662350270987,0.0,2.098662350270987,0.0,1.0493311751354935,1.0493311751354935,1.0493311751354935,2.098662350270987,2.098662350270987,0.0,1.0493311751354935,0.0,1.0493311751354935,2.098662350270987,0.0,2.098662350270987,2.098662350270987,-0.010921143359005127,-0.011732782719810078,-0.010914670868722973,-0.01576257818795519
1905,2.059129972211699,0.0,1.0295649861058496,2.059129972211699,0.0,2.059129972211699,1.0295649861058496,1.0295649861058496,1.0295649861058496,1.0295649861058496,1.0295649861058496,2.059129972211699,0.0,1.0295649861058496,0.0,1.0295649861058496,2.059129972211699,0.0,2.059129972211699,2.059129972211699,-0.005973664716031708,-0.0056264978074288255,-0.009225826918262665,-0.008738996664126265
1906,0.0,0.9756158682967059,0.0,0.9756158682967059,0.0,0.9756158682967059,1.9512317365934118,1.9512317365934118,0.0,0.0,2.9268476048901175,0.9756158682967059,0.0,0.0,0.9756158682967059,1.9512317365934118,4.878079341483529,0.0,0.9756158682967059,1.9512317365934118,-0.0030761717067502438,0.0037573238937426614,0.01728238520658708,0.0064205943097147425
1907,2.0790710667369483,0.0,1.0395355333684742,2.0790710667369483,0.0,2.0790710667369483,0.0,1.0395355333684742,1.0395355333684742,1.0395355333684742,3.1186066001054225,1.0395355333684742,0.0,1.0395355333684742,0.0,1.0395355333684742,2.0790710667369483,0.0,2.0790710667369483,2.0790710667369483,-0.003746107808589983,-0.0062756348158424825,-0.012073925458387386,-0.017439865285654374
1908,2.0935708380702205,0.0,1.0467854190351102,2.0935708380702205,0.0,2.0935708380702205,1.0467854190351102,1.0467854190351102,1.0467854190351102,1.0467854190351102,2.0935708380702205,1.0467854190351102,0.0,1.0467854190351102,0.0,1.0467854190351102,2.0935708380702205,0.0,2.0935708380702205,2.0935708380702205,-0.009691480608127998,-0.012248967541249996,-0.009953374209871853,-0.014891596675860323
1909,2.0881682838222533,0.0,1.0440841419111266,2.0881682838222533,0.0,2.0881682838222533,0.0,1.0440841419111266,1.0440841419111266,1.0440841419111266,2.0881682838222533,1.0440841419111266,0.0,1.0440841419111266,0.0,2.0881682838222533,2.0881682838222533,0.0,2.0881682838222533,2.0881682838222533,-0.0072035159896500925,-0.008652915836067728,-0.011513216561129157,-0.016714493524279582
1910,0.0,0.0,2.042112282284583,2.042112282284583,1.0210561411422916,0.0,1.0210561411422916,1.0210561411422916,1.0210561411422916,1.0210561411422916,3.0631684234268746,1.0210561411422916,0.0,2.042112282284583,1.0210561411422916,3.0631684234268746,0.0,0.0,1.0210561411422916,2.042112282284583,-0.014775407619991398,-0.012841272988318195,-0.0005494694315571384,0.007110008897575163
1911,1.0077513455981606,0.0,1.0077513455981606,0.0,0.0,2.015502691196321,4.031005382392642,0.0,1.0077513455981606,1.0077513455981606,4.031005382392642,4.031005382392642,0.0,0.0,1.0077513455981606,1.0077513455981606,0.0,0.0,1.0077513455981606,1.0077513455981606,-0.004788860196313507,0.004279705957482255,-0.0068855279023567195,-0.0003566634569727506
1912,1.0124928128939734,0.0,2.024985625787947,0.0,0.0,4.049971251575894,4.049971251575894,0.0,1.0124928128939734,1.0124928128939734,4.049971251575894,1.0124928128939734,0.0,0.0,1.0124928128939734,1.0124928128939734,0.0,0.0,1.0124928128939734,1.0124928128939734,-0.01007163013462478,0.00163534305213456,-0.0009004603983792257,-0.0031560654131039126
1913,0.9978814045580428,0.0,0.9978814045580428,1.9957628091160855,0.0,0.9978814045580428,1.9957628091160855,2.9936442136741284,1.9957628091160855,0.0,0.9978814045580428,1.9957628091160855,0.0,1.9957628091160855,0.0,1.9957628091160855,0.0,0.0,0.9978814045580428,2.9936442136741284,0.009083638685155111,0.0033870791974888455,-0.0058268635250310575,-0.004525258915655731
1914,2.058723497392022,0.0,1.029361748696011,1.029361748696011,0.0,0.0,3.088085246088033,4.117446994784044,0.0,3.088085246088033,1.029361748696011,3.088085246088033,1.029361748696011,0.0,0.0,1.029361748696011,2.058723497392022,0.0,1.029361748696011,0.0,0.003976416747473647,0.004244347226667657,-0.015597633715209785,-0.021984878954942555
1915,0.0,2.0493963454585566,2.0493963454585566,2.0493963454585566,0.0,2.0493963454585566,2.0493963454585566,0.0,1.0246981727292783,3.074094518187835,0.0,3.074094518187835,0.0,1.0246981727292783,0.0,2.0493963454585566,1.0246981727292783,0.0,1.0246981727292783,1.0246981727292783,-0.006457050294443431,0.006589509487510992,-0.005589317884123173,-0.019241314038222716
1916,0.9573993227738973,0.9573993227738973,0.9573993227738973,0.9573993227738973,0.0,0.0,4.786996613869486,0.9573993227738973,0.0,0.9573993227738973,0.9573993227738973,4.786996613869486,0.0,0.0,0.0,2.8721979683216916,1.9147986455477946,0.0,0.9573993227738973,0.0,0.0009259814881112028,0.022600204188156513,0.005440682737937929,0.013633808811896986
1917,0.0,0.0,3.0384060866873224,1.0128020288957742,1.0128020288957742,2.0256040577915484,0.0,0.0,2.0256040577915484,2.0256040577915484,0.0,2.0256040577915484,0.0,1.0128020288957742,0.0,0.0,6.076812173374645,0.0,0.0,3.0384060866873224,-0.0022027511104490134,-0.002733111213535565,-0.003288653027962102,-0.004577513543827503
1918,7.026477271196724,1.0037824673138176,1.0037824673138176,0.0,0.0,0.0,2.007564934627635,4.01512986925527,0.0,1.0037824673138176,1.0037824673138176,1.0037824673138176,0.0,0.0,1.0037824673138176,0.0,1.0037824673138176,0.0,0.0,4.01512986925527,0.003494836739125523,-0.0026853635711698103,-0.0005203773631992576,-0.004071563118574076
1919,2.862141824533979,0.0,0.0,0.0,0.0,0.0,0.0,9.540472748446597,0.0,0.9540472748446597,2.862141824533979,0.0,0.0,0.0,1.9080945496893194,0.0,0.0,0.0,0.0,4.770236374223298,0.02291274524723187,0.0007478331086772206,0.022813425391392545,-0.0005212785919612962
1920,0.0,0.0,1.0260882267720433,0.0,1.0260882267720433,1.0260882267720433,1.0260882267720433,5.1304411338602165,2.0521764535440865,1.0260882267720433,2.0521764535440865,3.0782646803161295,0.0,0.0,1.0260882267720433,3.0782646803161295,1.0260882267720433,0.0,0.0,2.0521764535440865,-0.010358552783786352,-0.006290258948575449,-0.004361130619653191,-0.005078284420028237
1921,1.889972283618145,0.0,0.9449861418090725,0.9449861418090725,0.0,0.0,0.9449861418090725,4.7249307090453625,0.0,1.889972283618145,1.889972283618145,0.9449861418090725,0.9449861418090725,1.889972283618145,0.0,0.9449861418090725,0.0,0.0,0.0,4.7249307090453625,0.027850773408602564,0.014402830711631622,0.013500422393242005,-0.0007401683225487147
1922,0.0,3.1126896075953256,0.0,0.0,0.0,0.0,1.0375632025317751,3.1126896075953256,1.0375632025317751,2.0751264050635503,3.1126896075953256,1.0375632025317751,0.0,0.0,5.1878160126588755,2.0751264050635503,1.0375632025317751,0.0,0.0,2.0751264050635503,-0.02551803533077068,-0.009240542001160614,0.0007075014729186087,-0.0035121266727625275
1923,3.057306935289461,0.0,2.0382046235263074,1.0191023117631537,0.0,0.0,2.0382046235263074,0.0,2.0382046235263074,0.0,2.0382046235263074,1.0191023117631537,2.0382046235263074,1.0191023117631537,1.0191023117631537,1.0191023117631537,4.076409247052615,0.0,0.0,2.0382046235263074,-0.004853776948449585,0.0009441623088630315,-0.006873030793091554,-0.00831966633047549
1924,1.9127952290208854,0.0,0.0,0.0,0.0,0.0,0.0,12.433168988635755,0.0,0.0,4.781988072552213,0.0,0.0,0.0,0.9563976145104427,0.0,0.0,0.0,0.0,3.825590458041771,0.021831687282165554,-0.0014135368112452977,0.02241655096370375,0.0007676840549332375
1925,1.9105191250185005,0.0,0.0,0.0,0.0,0.0,0.0,12.418374312620253,0.0,0.0,4.776297812546251,0.0,0.0,0.0,0.9552595625092503,0.0,0.0,0.0,0.0,3.821038250037001,0.022409304005527746,-0.001594122584630561,0.022741536417676463,0.001183719652176077
1926,1.999544925226771,0.0,0.9997724626133855,1.999544925226771,0.0,0.9997724626133855,1.999544925226771,2.9993173878401564,2.9993173878401564,0.0,0.9997724626133855,1.999544925226771,0.0,1.999544925226771,0.0,1.999544925226771,0.0,0.0,0.9997724626133855,2.9993173878401564,0.009784878459179887,0.0025324786603295596,-0.007294090743719554,-0.004795728989175454
1927,3.978057891560214,1.989028945780107,4.972572364450268,0.0,0.0,0.0,0.9945144728900535,0.0,0.0,2.9835434186701604,0.0,1.989028945780107,1.989028945780107,0.9945144728900535,0.0,3.978057891560214,0.9945144728900535,0.0,0.0,0.0,0.005528600602133988,0.004814788014883348,-0.0145164684982182,0.009658606991147399
1928,1.9930720647369071,1.9930720647369071,4.982680161842268,0.0,0.0,0.0,0.9965360323684536,0.0,0.0,2.9896080971053607,0.0,1.9930720647369071,1.9930720647369071,0.9965360323684536,0.0,3.9861441294738142,0.9965360323684536,0.0,1.9930720647369071,0.0,0.00698809387989663,0.0007280875691166547,-0.013642527822334414,0.009390314004867534
1929,4.014938269735328,0.0,1.003734567433832,2.007469134867664,0.0,0.0,3.011203702301496,2.007469134867664,0.0,0.0,1.003734567433832,4.014938269735328,0.0,1.003734567433832,0.0,1.003734567433832,3.011203702301496,0.0,3.011203702301496,0.0,3.76570910673573e-05,0.009496810358076434,-0.002233114330999702,-0.011035920551976157
1930,1.0500046809394505,0.0,0.0,0.0,0.0,1.0500046809394505,5.250023404697252,1.0500046809394505,1.0500046809394505,0.0,4.200018723757802,4.200018723757802,0.0,1.0500046809394505,2.100009361878901,1.0500046809394505,1.0500046809394505,0.0,2.100009361878901,1.0500046809394505,-0.004111616210804039,1.2362409656712537e-05,-0.02082138218372811,-0.025084044954575068
1931,3.0067083785635096,2.004472252375673,2.004472252375673,0.0,0.0,3.0067083785635096,0.0,2.004472252375673,0.0,2.004472252375673,5.011180630939183,0.0,0.0,0.0,1.0022361261878365,3.0067083785635096,1.0022361261878365,0.0,0.0,2.004472252375673,0.0011160467157039717,-0.0027066943084578113,-0.002630961744490812,0.0019854831494080937
1932,1.926383535951761,0.0,0.9631917679758805,1.926383535951761,0.9631917679758805,1.926383535951761,1.926383535951761,0.9631917679758805,1.926383535951761,0.0,1.926383535951761,2.8895753039276415,0.0,3.852767071903522,0.0,0.0,0.0,0.9631917679758805,0.9631917679758805,1.926383535951761,0.01828052912630066,0.02048810939534782,0.002952167164835806,-0.004912573662364763
1933,1.9533659588498269,0.0,0.9766829794249134,1.9533659588498269,1.9533659588498269,1.9533659588498269,1.9533659588498269,0.9766829794249134,1.9533659588498269,0.0,1.9533659588498269,2.9300489382747403,0.0,3.9067319176996538,0.0,0.0,0.0,0.0,0.9766829794249134,1.9533659588498269,0.017123348717278306,0.012629388580244207,0.004876840729824116,-0.011312557452260114
1934,1.9741463399806856,0.0,0.9870731699903428,1.9741463399806856,0.9870731699903428,1.9741463399806856,1.9741463399806856,0.9870731699903428,1.9741463399806856,0.0,1.9741463399806856,2.9612195099710283,0.0,3.948292679961371,0.0,0.0,0.0,0.9870731699903428,0.9870731699903428,1.9741463399806856,0.016332543832353878,0.008437891462090235,0.004095393335423616,-0.01593899862021061
1935,0.0,1.0014602071082095,2.002920414216419,3.0043806213246285,0.0,1.0014602071082095,0.0,4.005840828432838,1.0014602071082095,2.002920414216419,2.002920414216419,3.0043806213246285,0.0,1.0014602071082095,1.0014602071082095,2.002920414216419,1.0014602071082095,0.0,0.0,2.002920414216419,-0.017340489616640357,-0.009615300644530658,0.013505401249670975,0.011990181903290573
1936,1.973578277805974,1.973578277805974,1.973578277805974,1.973578277805974,0.986789138902987,0.986789138902987,1.973578277805974,1.973578277805974,1.973578277805974,0.0,3.947156555611948,0.0,0.0,1.973578277805974,0.986789138902987,1.973578277805974,0.0,0.0,0.0,0.986789138902987,-0.017564279271576097,0.0012897175922119873,0.01902507678261365,0.010460345993763462
1937,0.9961076580243504,0.9961076580243504,2.9883229740730513,2.9883229740730513,0.0,0.9961076580243504,0.9961076580243504,0.9961076580243504,0.0,0.9961076580243504,2.9883229740730513,1.9922153160487008,0.0,0.9961076580243504,0.9961076580243504,0.9961076580243504,1.9922153160487008,1.9922153160487008,0.0,2.9883229740730513,0.009185285867280159,0.001908560383793309,0.002994082034534686,-0.010195586309958501
1938,1.9233772668277003,0.0,0.9616886334138501,2.88506590024155,1.9233772668277003,1.9233772668277003,1.9233772668277003,0.9616886334138501,1.9233772668277003,0.0,1.9233772668277003,2.88506590024155,0.0,3.8467545336554005,0.0,0.9616886334138501,0.0,0.0,0.9616886334138501,1.9233772668277003,0.017826115686031704,0.01865129636581208,0.00581773474161688,-0.003983780207310761
1939,1.9704487217746431,0.9852243608873216,0.9852243608873216,2.955673082661965,0.0,0.9852243608873216,2.955673082661965,1.9704487217746431,2.955673082661965,0.0,0.9852243608873216,1.9704487217746431,0.0,2.955673082661965,0.0,1.9704487217746431,0.0,0.0,0.9852243608873216,2.955673082661965,0.0018967912748576714,-0.00714501825533475,0.0063741356275646985,0.013649730465590688
1940,2.961895653599534,0.9872985511998447,0.9872985511998447,3.9491942047993787,0.9872985511998447,0.9872985511998447,1.9745971023996893,0.9872985511998447,0.0,0.9872985511998447,2.961895653599534,1.9745971023996893,0.9872985511998447,0.0,0.0,0.0,1.9745971023996893,0.0,1.9745971023996893,2.961895653599534,0.0010106582541353005,0.0005473010856263262,0.004118139498062688,0.007025349962331001
1941,1.0206337970501458,1.0206337970501458,0.0,2.0412675941002916,1.0206337970501458,4.082535188200583,4.082535188200583,0.0,0.0,0.0,0.0,2.0412675941002916,3.061901391150437,0.0,0.0,1.0206337970501458,2.0412675941002916,0.0,3.061901391150437,4.082535188200583,-0.0034985972697096877,0.0007021160286146153,-0.010681614741036715,-0.0071557010680139395
1942,2.075689356039627,3.1135340340594406,0.0,1.0378446780198134,0.0,0.0,4.151378712079254,2.075689356039627,0.0,3.1135340340594406,3.1135340340594406,3.1135340340594406,0.0,3.1135340340594406,1.0378446780198134,2.075689356039627,1.0378446780198134,0.0,0.0,0.0,-0.01454389394741046,-0.002376946131636055,-0.014881108777941356,-0.006042729162825608
1943,2.995802763223189,4.993004605371982,0.0,0.9986009210743964,0.0,0.0,1.9972018421487927,1.9972018421487927,0.0,1.9972018421487927,2.995802763223189,0.9986009210743964,0.0,3.9944036842975854,0.9986009210743964,1.9972018421487927,1.9972018421487927,0.0,0.0,0.0,-0.017240579915680006,-0.0015875434899231965,0.016758206087595272,0.0034689962436115327
1944,3.0394424959163286,4.052589994555105,0.0,1.0131474986387763,0.0,0.0,3.0394424959163286,2.0262949972775526,0.0,2.0262949972775526,2.0262949972775526,1.0131474986387763,0.0,2.0262949972775526,1.0131474986387763,2.0262949972775526,2.0262949972775526,0.0,2.0262949972775526,1.0131474986387763,-0.019677002552507875,0.002076964933396305,0.0018454200327834935,0.0026071189475518376
1945,2.055494044512616,4.110988089025232,0.0,1.027747022256308,0.0,0.0,4.110988089025232,2.055494044512616,0.0,3.0832410667689243,2.055494044512616,1.027747022256308,0.0,3.0832410667689243,1.027747022256308,2.055494044512616,3.0832410667689243,0.0,0.0,0.0,-0.02384731270334361,-0.007293953649639329,0.0006333705273735133,0.0027608735693012373
1946,2.03905685918657,3.0585852887798546,0.0,1.019528429593285,0.0,0.0,2.03905685918657,2.03905685918657,0.0,4.07811371837314,2.03905685918657,2.03905685918657,0.0,2.03905685918657,1.019528429593285,3.0585852887798546,4.07811371837314,0.0,0.0,0.0,-0.013499062084315143,0.0005699930266682532,-0.0029951369485621865,-0.003604223587075802
1947,3.0915969039847253,4.122129205312967,0.0,1.0305323013282417,0.0,0.0,4.122129205312967,2.0610646026564834,1.0305323013282417,2.0610646026564834,2.0610646026564834,1.0305323013282417,0.0,2.0610646026564834,1.0305323013282417,2.0610646026564834,1.0305323013282417,0.0,1.0305323013282417,1.0305323013282417,-0.021748852804883298,-0.006235760757511894,-0.00395911950352361,0.0014114317376769788
1948,1.9374461961864105,0.0,0.9687230980932052,0.9687230980932052,0.0,0.9687230980932052,0.9687230980932052,3.874892392372821,1.9374461961864105,1.9374461961864105,1.9374461961864105,1.9374461961864105,0.9687230980932052,1.9374461961864105,0.0,0.9687230980932052,0.0,0.0,0.0,5.812338588559231,0.022895077174272152,0.010040889647532096,0.004010838715138572,-0.005669903630147948
1949,0.9459845283160622,1.8919690566321243,0.0,0.0,0.0,0.0,1.8919690566321243,3.7839381132642487,0.0,6.621891698212435,3.7839381132642487,0.0,0.9459845283160622,0.9459845283160622,0.9459845283160622,0.9459845283160622,1.8919690566321243,0.0,0.9459845283160622,1.8919690566321243,0.024035507732871372,0.006269723525428144,0.012636918351853148,0.011073322073785113
1950,1.9450383740957886,0.0,0.9725191870478943,1.9450383740957886,0.0,2.917557561143683,2.917557561143683,4.862595935239471,0.9725191870478943,0.9725191870478943,2.917557561143683,0.9725191870478943,0.0,0.0,0.0,0.9725191870478943,0.0,1.9450383740957886,0.0,3.8900767481915772,0.006662761359529248,0.012265175569751118,-0.0009627178994966358,0.009515593922321961
1951,1.9777431194220083,0.0,0.9888715597110042,1.9777431194220083,0.0,2.9666146791330124,2.9666146791330124,4.9443577985550204,0.9888715597110042,0.9888715597110042,2.9666146791330124,0.9888715597110042,0.0,0.0,0.0,0.9888715597110042,0.0,1.9777431194220083,0.0,3.9554862388440166,-0.003052570910415116,0.0030235615219353184,0.0019095984935595342,0.009247851183916125
1952,2.023595867703534,0.0,1.011797933851767,2.023595867703534,0.0,3.0353938015553013,3.0353938015553013,5.058989669258835,1.011797933851767,1.011797933851767,3.0353938015553013,1.011797933851767,0.0,0.0,0.0,1.011797933851767,0.0,2.023595867703534,0.0,4.047191735407068,-0.00996958107017184,-0.010616491140053145,0.003098529774153973,0.005689608584303851
1953,2.0478800708715057,0.0,1.0239400354357528,2.0478800708715057,0.0,3.0718201063072588,3.0718201063072588,5.119700177178765,1.0239400354357528,1.0239400354357528,3.0718201063072588,1.0239400354357528,0.0,0.0,0.0,1.0239400354357528,0.0,2.0478800708715057,0.0,4.095760141743011,-0.010093457485544457,-0.011180074648770978,-0.003674873592320771,0.0010083702908832192
1954,2.0351763089748816,0.0,1.0175881544874408,2.0351763089748816,0.0,3.052764463462322,3.052764463462322,5.087940772437204,1.0175881544874408,1.0175881544874408,3.052764463462322,1.0175881544874408,0.0,0.0,0.0,1.0175881544874408,0.0,2.0351763089748816,0.0,4.070352617949763,-0.009785517179179935,-0.010677246182162757,-0.0015631913495538486,0.004437800223455826
1955,1.0010388244746709,2.0020776489493417,1.0010388244746709,3.0031164734240128,0.0,3.0031164734240128,0.0,1.0010388244746709,1.0010388244746709,0.0,2.0020776489493417,1.0010388244746709,1.0010388244746709,2.0020776489493417,0.0,4.004155297898683,3.0031164734240128,1.0010388244746709,2.0020776489493417,1.0010388244746709,0.007789801578752541,0.0009288948914728294,-0.0043751345336625795,-0.005382386411233726
1956,2.961122799749552,1.974081866499701,0.0,2.961122799749552,0.0,1.974081866499701,0.9870409332498505,2.961122799749552,2.961122799749552,1.974081866499701,0.9870409332498505,0.9870409332498505,0.0,2.961122799749552,0.9870409332498505,0.9870409332498505,0.0,0.0,0.9870409332498505,2.961122799749552,0.0014604426332087603,-0.003776652557940356,0.014207203755185355,0.00106807291969555
1957,0.0,0.9930493086419766,1.9860986172839532,2.97914792592593,0.0,0.9930493086419766,0.9930493086419766,3.9721972345679064,0.9930493086419766,1.9860986172839532,1.9860986172839532,3.9721972345679064,0.0,0.9930493086419766,0.9930493086419766,2.97914792592593,0.9930493086419766,0.0,0.0,2.97914792592593,-0.015015718607494311,-0.0035922643938552925,0.012228067832313574,0.013330606527059504
1958,3.0704580360533904,1.0234860120177969,0.0,2.0469720240355938,0.0,2.0469720240355938,3.0704580360533904,3.0704580360533904,2.0469720240355938,2.0469720240355938,4.0939440480711875,2.0469720240355938,0.0,1.0234860120177969,0.0,0.0,0.0,2.0469720240355938,0.0,4.0939440480711875,-0.01706528581070988,-0.01379134884742868,0.00012320844062045232,0.007247414199721286
1959,1.9640172432990617,0.9820086216495308,2.9460258649485924,1.9640172432990617,0.9820086216495308,0.9820086216495308,2.9460258649485924,1.9640172432990617,1.9640172432990617,0.0,3.9280344865981234,0.0,0.0,2.9460258649485924,0.9820086216495308,1.9640172432990617,0.9820086216495308,0.0,0.0,2.9460258649485924,-0.00859077858403557,0.0039346299680365245,0.013524334599384357,0.009123192367083796
1960,1.9635351378350567,0.9817675689175284,2.945302706752585,1.9635351378350567,0.9817675689175284,0.9817675689175284,2.945302706752585,1.9635351378350567,0.9817675689175284,0.0,3.9270702756701135,0.9817675689175284,0.0,1.9635351378350567,0.9817675689175284,2.945302706752585,0.9817675689175284,0.0,0.0,2.945302706752585,-0.006316830344503086,0.004329574695480488,0.012377655678515384,0.00784203105297886
1961,1.9395242045964596,0.0,0.9697621022982298,0.9697621022982298,0.0,0.9697621022982298,1.9395242045964596,4.848810511491149,1.9395242045964596,1.9395242045964596,1.9395242045964596,1.9395242045964596,0.9697621022982298,1.9395242045964596,0.0,0.9697621022982298,0.0,0.0,0.9697621022982298,5.818572613789379,0.019803849960209494,0.0047831388855477455,0.007981357909183244,-0.002330449053170225
1962,1.9663583017352824,0.9831791508676412,2.949537452602924,1.9663583017352824,0.9831791508676412,0.9831791508676412,2.949537452602924,1.9663583017352824,1.9663583017352824,0.0,3.9327166034705647,0.0,0.0,2.949537452602924,0.9831791508676412,2.949537452602924,0.9831791508676412,0.0,0.0,2.949537452602924,-0.008089099702807218,0.003908494137777479,0.012719471067983776,0.008281983629404655
1963,1.9648769995112594,0.9824384997556297,2.9473154992668893,1.9648769995112594,0.9824384997556297,0.9824384997556297,2.9473154992668893,1.9648769995112594,1.9648769995112594,0.0,3.9297539990225188,0.9824384997556297,0.0,1.9648769995112594,0.9824384997556297,2.9473154992668893,0.9824384997556297,0.0,0.0,2.9473154992668893,-0.006838131630205829,0.004357576057344121,0.012511243297539856,0.007530812519692137
1964,1.9601503727452592,0.9800751863726296,2.9402255591178887,1.9601503727452592,0.9800751863726296,0.9800751863726296,2.9402255591178887,1.9601503727452592,1.9601503727452592,0.0,3.9203007454905183,0.9800751863726296,0.0,2.9402255591178887,0.9800751863726296,2.9402255591178887,0.9800751863726296,0.0,0.0,2.9402255591178887,-0.007376147702761408,0.004494458252251142,0.014218024918870508,0.008588478159010083
1965,3.013246446582366,4.017661928776488,1.004415482194122,1.004415482194122,1.004415482194122,2.008830964388244,1.004415482194122,2.008830964388244,1.004415482194122,1.004415482194122,3.013246446582366,1.004415482194122,0.0,1.004415482194122,0.0,1.004415482194122,3.013246446582366,0.0,2.008830964388244,5.02207741097061,-0.006159458391431543,-0.0009686193954304942,0.0011561979875491287,0.0015563976051909609
1966,2.9822932517085747,3.9763910022780995,0.9940977505695249,0.9940977505695249,0.9940977505695249,2.9822932517085747,0.9940977505695249,1.9881955011390497,0.9940977505695249,0.9940977505695249,1.9881955011390497,0.9940977505695249,0.0,0.9940977505695249,0.0,0.9940977505695249,2.9822932517085747,0.0,1.9881955011390497,4.970488752847625,-0.005283862948969141,0.0020673610444699488,0.005820722530373283,0.0032980288046010183
1967,2.9882057810977,0.9960685936992333,3.984274374796933,0.0,1.9921371873984666,0.9960685936992333,3.984274374796933,0.0,1.9921371873984666,1.9921371873984666,2.9882057810977,1.9921371873984666,0.0,4.980342968496166,0.0,1.9921371873984666,0.9960685936992333,0.0,0.9960685936992333,0.9960685936992333,0.0042565852097732415,0.001383038403885171,-0.003381446858283374,0.001673229545391578
1968,3.0894156443132696,2.0596104295421798,4.1192208590843595,0.0,2.0596104295421798,0.0,5.14902607385545,0.0,1.0298052147710899,4.1192208590843595,1.0298052147710899,3.0894156443132696,0.0,3.0894156443132696,0.0,2.0596104295421798,2.0596104295421798,0.0,0.0,2.0596104295421798,0.005046194457015822,0.0006825771820183739,-0.024547236351415917,-0.010986750058708203
1969,3.094625694847201,3.094625694847201,1.0315418982824003,2.0630837965648006,2.0630837965648006,1.0315418982824003,0.0,2.0630837965648006,2.0630837965648006,2.0630837965648006,5.157709491412001,0.0,0.0,1.0315418982824003,2.0630837965648006,3.094625694847201,1.0315418982824003,0.0,1.0315418982824003,3.094625694847201,0.002820989244360057,0.004834900122199975,-0.02294947027951994,-0.016248317369440487
1970,0.9191378491081184,0.9191378491081184,0.0,0.0,1.8382756982162367,0.0,0.0,2.757413547324355,0.9191378491081184,2.757413547324355,6.433964943756828,0.9191378491081184,0.9191378491081184,0.9191378491081184,1.8382756982162367,0.0,0.0,0.0,0.0,11.02965418929742,0.03290935970845833,0.012276637999543615,0.02757019620334324,0.008105956980536413
1971,1.9413836079522158,0.9706918039761079,2.9120754119283236,1.9413836079522158,0.9706918039761079,1.9413836079522158,3.8827672159044315,1.9413836079522158,1.9413836079522158,0.0,3.8827672159044315,0.9706918039761079,0.0,2.9120754119283236,0.9706918039761079,2.9120754119283236,0.9706918039761079,0.0,0.0,2.9120754119283236,-0.004261552947358018,0.008920656977216576,0.015409547029035313,0.009239544964998332
1972,1.9616630177891734,1.9616630177891734,2.94249452668376,1.9616630177891734,0.9808315088945867,0.9808315088945867,3.923326035578347,1.9616630177891734,1.9616630177891734,0.0,3.923326035578347,0.9808315088945867,0.0,2.94249452668376,0.9808315088945867,2.94249452668376,0.9808315088945867,0.0,0.0,2.94249452668376,-0.009834782189861176,0.005458098426494184,0.015158909240183946,0.008386265628596203
1973,1.9740783792516097,1.9740783792516097,2.9611175688774143,1.9740783792516097,0.9870391896258048,0.9870391896258048,2.9611175688774143,1.9740783792516097,1.9740783792516097,0.0,3.9481567585032193,0.9870391896258048,0.0,2.9611175688774143,0.9870391896258048,3.9481567585032193,0.9870391896258048,0.0,0.0,2.9611175688774143,-0.01089765876499104,0.0019143960023256439,0.01470771646917623,0.007236356667684314
1974,0.9994230707261589,4.997115353630794,1.9988461414523178,1.9988461414523178,0.0,0.9994230707261589,1.9988461414523178,0.0,0.9994230707261589,1.9988461414523178,2.9982692121784766,2.9982692121784766,1.9988461414523178,0.9994230707261589,0.0,2.9982692121784766,2.9982692121784766,0.0,2.9982692121784766,1.9988461414523178,0.006316357295277294,0.0027250671298917352,-0.00012784787672002053,-0.008336647274607804
1975,0.0,0.0,1.014005453297896,2.028010906595792,1.014005453297896,1.014005453297896,2.028010906595792,5.07002726648948,2.028010906595792,1.014005453297896,3.042016359893688,6.084032719787376,0.0,1.014005453297896,2.028010906595792,4.056021813191584,1.014005453297896,0.0,0.0,4.056021813191584,-0.01663874547595251,-0.012709405472081851,0.004855610901276515,0.010487086748861889
1976,1.0048690221790173,0.0,2.0097380443580346,1.0048690221790173,0.0,3.0146070665370517,1.0048690221790173,4.019476088716069,1.0048690221790173,2.0097380443580346,2.0097380443580346,5.024345110895086,1.0048690221790173,0.0,4.019476088716069,2.0097380443580346,2.0097380443580346,0.0,1.0048690221790173,4.019476088716069,-0.011333252492586028,-0.008879363033559419,0.0070671480458327504,0.008276445301295362
1977,1.9553314766501855,1.9553314766501855,2.9329972149752783,1.9553314766501855,0.9776657383250927,1.9553314766501855,3.910662953300371,1.9553314766501855,1.9553314766501855,0.0,3.910662953300371,0.9776657383250927,0.0,2.9329972149752783,0.9776657383250927,3.910662953300371,0.9776657383250927,0.0,0.0,2.9329972149752783,-0.007707752070448971,0.006291212958089893,0.015806821067328385,0.00794397971993782
1978,0.9771978253529856,1.9543956507059712,1.9543956507059712,0.0,0.0,2.931593476058957,1.9543956507059712,2.931593476058957,1.9543956507059712,3.9087913014119424,3.9087913014119424,5.863186952117914,1.9543956507059712,0.0,0.9771978253529856,1.9543956507059712,0.9771978253529856,0.0,1.9543956507059712,1.9543956507059712,0.010349853061033098,0.011229780623270423,0.0005871404693618534,0.0006354004933490903
1979,3.909759702887407,0.9774399257218518,0.9774399257218518,2.932319777165555,0.0,0.9774399257218518,1.9548798514437036,5.86463955433111,2.932319777165555,1.9548798514437036,1.9548798514437036,1.9548798514437036,0.9774399257218518,2.932319777165555,0.0,1.9548798514437036,0.0,0.0,0.9774399257218518,5.86463955433111,0.014200807697178592,0.0008456530658219467,0.00566548849159773,0.0018481250235500275
1980,2.919802718783474,0.9732675729278246,0.9732675729278246,2.919802718783474,0.0,0.0,2.919802718783474,5.839605437566948,2.919802718783474,1.9465351458556492,2.919802718783474,1.9465351458556492,0.9732675729278246,2.919802718783474,0.0,1.9465351458556492,0.0,0.0,0.9732675729278246,5.839605437566948,0.006136859003505133,-0.0044218898690664985,0.013632455707352893,0.011385002230383877
1981,3.860800514966784,0.965200128741696,0.965200128741696,2.895600386225088,0.0,0.965200128741696,1.930400257483392,5.791200772450176,2.895600386225088,1.930400257483392,1.930400257483392,1.930400257483392,0.965200128741696,2.895600386225088,0.0,1.930400257483392,0.0,0.0,0.965200128741696,5.791200772450176,0.010318895623509275,-0.005929714612896795,0.01596243775788286,0.014448252489808666
1982,2.910042439861855,0.9700141466206185,0.9700141466206185,3.880056586482474,0.0,0.9700141466206185,1.940028293241237,5.82008487972371,2.910042439861855,1.940028293241237,1.940028293241237,1.940028293241237,0.9700141466206185,2.910042439861855,0.0,1.940028293241237,0.0,0.0,0.9700141466206185,5.82008487972371,0.010927750616679187,-0.0023375335829848728,0.011404306032726868,0.009991330312960312
1983,2.905021671279932,0.9683405570933108,0.9683405570933108,2.905021671279932,0.0,0.9683405570933108,2.905021671279932,5.810043342559864,2.905021671279932,1.9366811141866216,1.9366811141866216,1.9366811141866216,1.9366811141866216,2.905021671279932,0.0,1.9366811141866216,0.0,0.0,0.9683405570933108,4.841702785466554,0.011091931876290092,-0.0020916441184096915,0.0124151317224494,0.01024402342635931
1984,2.90256124657627,0.9675204155254233,0.9675204155254233,2.90256124657627,0.0,0.9675204155254233,2.90256124657627,5.80512249315254,2.90256124657627,1.9350408310508467,2.90256124657627,1.9350408310508467,0.0,2.90256124657627,0.0,1.9350408310508467,0.0,0.0,0.9675204155254233,5.80512249315254,0.012015226300815305,-0.0018260284748875446,0.012402471595211927,0.009887915053436875
1985,2.9222325984699733,0.9740775328233244,0.9740775328233244,2.9222325984699733,0.0,0.9740775328233244,2.9222325984699733,5.844465196939947,2.9222325984699733,1.9481550656466489,1.9481550656466489,1.9481550656466489,0.9740775328233244,2.9222325984699733,0.9740775328233244,1.9481550656466489,0.0,0.0,0.9740775328233244,4.870387664116622,0.00950057029472679,-0.0028101427053649495,0.009946838777424754,0.00928520080988893
1986,2.9087930804344286,0.9695976934781428,0.9695976934781428,2.9087930804344286,0.0,0.9695976934781428,2.9087930804344286,5.817586160868857,2.9087930804344286,1.9391953869562857,1.9391953869562857,1.9391953869562857,0.9695976934781428,2.9087930804344286,0.0,1.9391953869562857,0.0,0.0,0.9695976934781428,5.817586160868857,0.010864411742796681,-0.0023365300169959973,0.011887384029718598,0.009987040766337883
1987,2.9139797411971804,0.9713265803990601,0.9713265803990601,2.9139797411971804,0.0,0.9713265803990601,2.9139797411971804,4.8566329019953,2.9139797411971804,1.9426531607981201,1.9426531607981201,1.9426531607981201,0.9713265803990601,2.9139797411971804,0.9713265803990601,1.9426531607981201,0.0,0.0,0.9713265803990601,5.827959482394361,0.010147287380139095,-0.002340696277099427,0.010861979867253622,0.010004848630646688
1988,2.9133586236181626,0.9711195412060543,0.9711195412060543,2.9133586236181626,0.0,0.9711195412060543,2.9133586236181626,4.855597706030271,2.9133586236181626,1.9422390824121085,1.9422390824121085,1.9422390824121085,0.9711195412060543,2.9133586236181626,0.9711195412060543,1.9422390824121085,0.0,0.0,0.9711195412060543,5.826717247236325,0.010145124476093456,-0.0023401973554410867,0.011072815585736232,0.010002716087557232
1989,3.8577449545241254,0.9644362386310313,0.9644362386310313,2.893308715893094,0.0,0.9644362386310313,2.893308715893094,4.822181193155156,2.893308715893094,1.9288724772620627,1.9288724772620627,1.9288724772620627,0.9644362386310313,2.893308715893094,0.0,1.9288724772620627,0.0,0.0,0.9644362386310313,5.786617431786188,0.012065990411382685,-0.001105639909889679,0.013148732905546056,0.011454677961929628
1990,2.9099524911151393,0.9699841637050465,0.0,2.9099524911151393,0.0,0.9699841637050465,2.9099524911151393,5.819904982230279,2.9099524911151393,1.939968327410093,1.939968327410093,1.939968327410093,0.9699841637050465,2.9099524911151393,0.0,2.9099524911151393,0.0,0.0,0.9699841637050465,5.819904982230279,0.009548652027390317,-0.0022057330781288234,0.012666310404659091,0.010006606941032914
1991,2.9124217891429045,0.9708072630476348,0.9708072630476348,1.9416145260952695,0.0,0.9708072630476348,2.9124217891429045,5.824843578285809,2.9124217891429045,1.9416145260952695,1.9416145260952695,1.9416145260952695,0.9708072630476348,2.9124217891429045,0.0,1.9416145260952695,0.0,0.0,1.9416145260952695,5.824843578285809,0.011394914813035376,-0.005954972164922488,0.013618710753900311,0.010134083550351967
1992,2.8998472772842345,0.9666157590947447,0.9666157590947447,2.8998472772842345,0.0,0.9666157590947447,1.9332315181894895,5.799694554568469,2.8998472772842345,1.9332315181894895,1.9332315181894895,1.9332315181894895,0.9666157590947447,2.8998472772842345,0.9666157590947447,1.9332315181894895,0.0,0.0,0.9666157590947447,5.799694554568469,0.010516739200292674,-0.005422830495203119,0.014465619893080758,0.013824712307084975
1993,2.907541940017374,0.9691806466724578,0.9691806466724578,2.907541940017374,0.0,1.9383612933449157,1.9383612933449157,5.815083880034748,2.907541940017374,1.9383612933449157,1.9383612933449157,1.9383612933449157,0.9691806466724578,2.907541940017374,0.0,1.9383612933449157,0.0,0.0,0.9691806466724578,5.815083880034748,0.010900041377408312,-0.00523044016907046,0.011546933041374493,0.013602819077829731
1994,1.9360311692664667,0.9680155846332333,0.9680155846332333,2.9040467538997,0.0,0.9680155846332333,2.9040467538997,5.8080935077994,2.9040467538997,1.9360311692664667,2.9040467538997,1.9360311692664667,0.9680155846332333,2.9040467538997,0.0,1.9360311692664667,0.0,0.0,0.9680155846332333,5.8080935077994,0.012033138194694579,-0.002089179957733123,0.012416598903538217,0.009623858226267113
1995,1.9453393362720257,0.9726696681360129,0.9726696681360129,2.9180090044080385,0.0,0.9726696681360129,2.9180090044080385,5.836018008816077,2.9180090044080385,1.9453393362720257,1.9453393362720257,1.9453393362720257,0.9726696681360129,1.9453393362720257,0.0,1.9453393362720257,0.0,0.0,0.9726696681360129,7.781357345088103,0.010842758132311161,-0.003937547590605596,0.011787571415405125,0.00863754990687649
1996,2.9085188376103863,0.9695062792034621,0.9695062792034621,2.9085188376103863,0.0,0.9695062792034621,2.9085188376103863,5.817037675220773,2.9085188376103863,1.9390125584069242,0.9695062792034621,1.9390125584069242,0.9695062792034621,2.9085188376103863,0.9695062792034621,1.9390125584069242,0.0,0.0,0.9695062792034621,5.817037675220773,0.011380168015853469,-0.0011100403186084088,0.011456907988689296,0.008766685110603457
1997,3.845910439862833,0.9614776099657083,0.9614776099657083,2.884432829897125,0.0,0.9614776099657083,2.884432829897125,5.76886565979425,2.884432829897125,1.9229552199314166,1.9229552199314166,0.9614776099657083,0.9614776099657083,2.884432829897125,0.0,1.9229552199314166,0.9614776099657083,0.0,0.9614776099657083,4.807388049828542,0.011419504033414506,0.00027629496840748914,0.013665293162359739,0.013161297870109952
1998,1.9298421873555862,0.9649210936777931,0.9649210936777931,2.8947632810333794,0.0,0.9649210936777931,2.8947632810333794,5.789526562066759,2.8947632810333794,1.9298421873555862,1.9298421873555862,0.9649210936777931,0.9649210936777931,2.8947632810333794,0.0,1.9298421873555862,0.9649210936777931,0.0,0.9649210936777931,6.754447655744552,0.011478380740846714,-0.001254450874427453,0.013326754443569889,0.01152822201221774
1999,2.898104820411238,1.9320698802741587,0.9660349401370794,2.898104820411238,0.0,0.0,2.898104820411238,5.796209640822476,2.898104820411238,1.9320698802741587,1.9320698802741587,1.9320698802741587,0.9660349401370794,2.898104820411238,0.0,1.9320698802741587,0.0,0.0,0.9660349401370794,5.796209640822476,0.014987756542034287,0.0005575744944242078,0.010359459658084656,0.008060269168377578
2000,2.9110397200302502,0.9703465733434168,0.9703465733434168,2.9110397200302502,0.0,0.9703465733434168,2.9110397200302502,5.8220794400605005,1.9406931466868336,1.9406931466868336,1.9406931466868336,1.9406931466868336,0.9703465733434168,2.9110397200302502,0.9703465733434168,1.9406931466868336,0.0,0.0,0.9703465733434168,5.8220794400605005,0.010021236344788808,-0.0023153707605491373,0.011602909350118146,0.010344651722225444
2001,2.9169421260188586,0.9723140420062861,0.9723140420062861,2.9169421260188586,0.0,0.9723140420062861,2.9169421260188586,5.833884252037717,1.9446280840125723,1.9446280840125723,1.9446280840125723,1.9446280840125723,0.9723140420062861,2.9169421260188586,0.0,1.9446280840125723,0.0,0.0,1.9446280840125723,5.833884252037717,0.009811822534468889,-0.002425913524369004,0.011547213792086335,0.008752835191527721
2002,2.931965139070831,0.9773217130236103,1.9546434260472205,1.9546434260472205,0.0,0.9773217130236103,2.931965139070831,5.863930278141662,1.9546434260472205,1.9546434260472205,1.9546434260472205,1.9546434260472205,1.9546434260472205,2.931965139070831,0.0,1.9546434260472205,0.0,0.0,1.9546434260472205,4.886608565118052,0.00914348151406967,-0.002759010767448193,0.010987524528340202,0.005306291701427941
2003,2.881640568318871,0.9605468561062903,0.9605468561062903,2.881640568318871,0.0,0.9605468561062903,2.881640568318871,5.763281136637742,2.881640568318871,1.9210937122125806,1.9210937122125806,1.9210937122125806,0.9605468561062903,1.9210937122125806,0.9605468561062903,1.9210937122125806,0.0,0.0,0.9605468561062903,5.763281136637742,0.015300620365854707,0.003307075442598647,0.011463102334311177,0.00938234575094519
2004,1.942486263253512,0.971243131626756,0.971243131626756,2.913729394880268,0.0,0.971243131626756,2.913729394880268,5.827458789760536,2.913729394880268,1.942486263253512,1.942486263253512,1.942486263253512,0.971243131626756,2.913729394880268,0.0,1.942486263253512,0.0,0.0,0.971243131626756,6.798701921387292,0.009893594454895715,-0.004614253954392009,0.012644259853711766,0.010833268019028409
2005,1.9407435164523044,0.9703717582261522,0.9703717582261522,2.9111152746784565,0.0,0.9703717582261522,2.9111152746784565,5.822230549356913,2.9111152746784565,0.9703717582261522,3.8814870329046087,1.9407435164523044,0.0,2.9111152746784565,0.0,1.9407435164523044,0.0,0.0,0.9703717582261522,6.792602307583065,0.010223781523369153,-0.004103128710046211,0.012761998688154221,0.010745590272370662
2006,1.9346359320886566,0.9673179660443283,0.9673179660443283,2.9019538981329847,0.0,0.9673179660443283,1.9346359320886566,6.771225762310298,2.9019538981329847,1.9346359320886566,1.9346359320886566,1.9346359320886566,0.9673179660443283,2.9019538981329847,0.0,1.9346359320886566,0.0,0.0,0.9673179660443283,6.771225762310298,0.009407476438067256,-0.007691339601823793,0.016305214229574882,0.014660682889853456
2007,1.9463182105338357,0.9731591052669178,0.9731591052669178,1.9463182105338357,0.0,0.9731591052669178,2.9194773158007536,6.812113736868425,2.9194773158007536,1.9463182105338357,1.9463182105338357,1.9463182105338357,0.9731591052669178,2.9194773158007536,0.0,1.9463182105338357,0.0,0.0,0.9731591052669178,6.812113736868425,0.012300467595842754,-0.0023716858938961677,0.010733870230908767,0.0061782428002268176
2008,3.8840108166020153,0.9710027041505038,0.9710027041505038,2.9130081124515113,0.0,0.9710027041505038,2.9130081124515113,5.8260162249030225,2.9130081124515113,2.9130081124515113,2.9130081124515113,1.9420054083010077,0.0,2.9130081124515113,0.0,1.9420054083010077,0.0,0.0,0.9710027041505038,5.8260162249030225,0.013117091309721825,-0.004084265787060398,0.01317301471775944,0.0067914556090753276
2009,3.8829385971302197,0.9707346492825549,0.9707346492825549,2.9122039478476647,0.0,0.9707346492825549,2.9122039478476647,5.824407895695329,2.9122039478476647,2.9122039478476647,2.9122039478476647,1.9414692985651099,0.0,2.9122039478476647,0.0,1.9414692985651099,0.0,0.0,0.9707346492825549,5.824407895695329,0.013098509885414238,-0.003931852107819187,0.013154043847195002,0.006944649092655121
2010,3.823213680068253,0.9558034200170632,0.9558034200170632,3.823213680068253,0.0,0.9558034200170632,2.8674102600511895,4.779017100085316,2.8674102600511895,2.8674102600511895,2.8674102600511895,0.9558034200170632,0.0,3.823213680068253,0.0,1.9116068400341264,0.0,0.0,0.9558034200170632,5.734820520102379,0.015309109017874852,-6.711439000611139e-06,0.01661913425766055,0.012275048146401983
2011,3.8476641954510247,0.9619160488627562,0.9619160488627562,3.8476641954510247,0.0,0.9619160488627562,2.8857481465882686,5.771496293176537,2.8857481465882686,2.8857481465882686,2.8857481465882686,0.9619160488627562,0.0,2.8857481465882686,0.0,1.9238320977255123,0.0,0.0,0.9619160488627562,5.771496293176537,0.014038721479422346,-0.0008978968706417342,0.014783493937351486,0.01015963259111174
2012,3.8480948909205286,0.9620237227301321,0.9620237227301321,2.8860711681903966,0.0,0.9620237227301321,2.8860711681903966,5.772142336380793,2.8860711681903966,2.8860711681903966,2.8860711681903966,1.9240474454602643,0.0,2.8860711681903966,0.0,1.9240474454602643,0.0,0.0,0.9620237227301321,5.772142336380793,0.014262684053393936,-0.0008979973784029688,0.014450820766338371,0.010160769828538536
2013,3.855906051684747,0.9639765129211868,0.9639765129211868,2.8919295387635606,0.0,0.9639765129211868,2.8919295387635606,5.783859077527121,2.8919295387635606,2.8919295387635606,1.9279530258423736,1.9279530258423736,0.9639765129211868,2.8919295387635606,0.0,1.9279530258423736,0.0,0.0,0.9639765129211868,5.783859077527121,0.013178908419072126,-0.0013788963607817173,0.01396850766522458,0.010254967355298199
2014,3.851854016868519,0.9629635042171297,0.9629635042171297,2.8888905126513893,0.0,0.9629635042171297,2.8888905126513893,5.777781025302779,2.8888905126513893,2.8888905126513893,2.8888905126513893,1.9259270084342595,0.0,2.8888905126513893,0.0,1.9259270084342595,0.0,0.0,0.9629635042171297,5.777781025302779,0.013801719118388081,-0.0008988746138511763,0.013962955599576237,0.010170695678757079
2015,3.8522856508922896,0.9630714127230724,0.9630714127230724,1.9261428254461448,0.0,0.9630714127230724,2.889214238169217,5.778428476338434,2.889214238169217,2.889214238169217,2.889214238169217,2.889214238169217,0.0,2.889214238169217,0.0,1.9261428254461448,0.0,0.0,0.9630714127230724,5.778428476338434,0.014025899040155589,-0.0008989753406348869,0.01362982818300093,0.010171835394405996
2016,3.8545548987141522,0.9636387246785381,0.9636387246785381,2.890916174035614,0.0,0.9636387246785381,2.890916174035614,5.781832348071228,2.890916174035614,2.890916174035614,2.890916174035614,1.9272774493570761,0.0,2.890916174035614,0.0,1.9272774493570761,0.0,0.0,0.9636387246785381,5.781832348071228,0.01366276334651422,-0.00298534237023653,0.014907391720301354,0.010776462624883026
2017,3.879409231834467,0.9698523079586168,0.9698523079586168,2.9095569238758503,0.0,0.9698523079586168,2.9095569238758503,6.788966155710317,2.9095569238758503,2.9095569238758503,2.9095569238758503,1.9397046159172335,0.0,1.9397046159172335,0.0,1.9397046159172335,0.0,0.0,0.9698523079586168,5.819113847751701,0.012371278807759937,-0.003903086838474981,0.013045569117051322,0.00863393095504689
2018,0.0,0.0,2.0504820160557453,1.0252410080278727,1.0252410080278727,3.0757230240836178,1.0252410080278727,8.201928064222981,3.0757230240836178,2.0504820160557453,3.0757230240836178,6.1514460481672355,0.0,0.0,3.0757230240836178,3.0757230240836178,1.0252410080278727,0.0,1.0252410080278727,5.126205040139363,-0.01349123772371926,-0.011064125804946905,9.45386889834872e-05,-0.0007801831881898536
2019,4.049201128804673,0.0,4.049201128804673,2.0246005644023364,0.0,0.0,2.0246005644023364,7.0861019754081775,0.0,4.049201128804673,5.061501411005841,3.0369008466035043,1.0123002822011682,3.0369008466035043,0.0,2.0246005644023364,3.0369008466035043,0.0,0.0,4.049201128804673,0.004771990022364614,-0.0002839127335056226,-0.00784545321079063,-0.008942906279236561
2020,6.088391450947867,0.0,2.0294638169826227,2.0294638169826227,0.0,3.0441957254739336,1.0147319084913113,6.088391450947867,1.0147319084913113,3.0441957254739336,5.073659542456556,2.0294638169826227,1.0147319084913113,2.0294638169826227,0.0,2.0294638169826227,3.0441957254739336,0.0,0.0,5.073659542456556,0.0026008533087108023,-0.005694516319908434,-0.003320871770437597,-0.008317373709675986
2021,0.0,0.0,0.0,0.0,0.0,40.12963209929934,0.0,0.0,0.0,0.0,0.0,3.6481483726635764,0.0,0.0,0.0,0.0,0.0,0.0,0.0,0.0,0.03894772292089095,0.008471912264554534,0.03700434060000744,0.003538931048652981
2022,4.063387947959621,3.0475409609697155,7.110928908929337,3.0475409609697155,4.063387947959621,1.0158469869899052,0.0,4.063387947959621,0.0,4.063387947959621,3.0475409609697155,2.0316939739798103,1.0158469869899052,0.0,2.0316939739798103,7.110928908929337,2.0316939739798103,2.0316939739798103,0.0,2.0316939739798103,-0.005507528100531222,0.00337581912233754,-0.00790121381668667,-0.005814064195024864
2023,10.853424372250457,1.9733498858637193,0.9866749429318596,0.0,0.0,0.0,1.9733498858637193,13.813449201046035,0.0,3.9466997717274386,0.9866749429318596,0.9866749429318596,0.0,0.9866749429318596,2.960024828795579,1.9733498858637193,0.9866749429318596,0.0,0.9866749429318596,6.906724600523018,0.0069655466657940115,-0.0019839135724114975,0.008687095472031399,-0.00034367149727350334
2024,3.0350316127236354,3.0350316127236354,5.058386021206059,4.0467088169648475,4.0467088169648475,1.0116772042412119,0.0,4.0467088169648475,0.0,5.058386021206059,4.0467088169648475,2.0233544084824238,0.0,0.0,2.0233544084824238,8.093417633929695,3.0350316127236354,2.0233544084824238,1.0116772042412119,2.0233544084824238,-0.0022631673765794455,0.0014963854089710099,-0.007057580999632058,-0.0038528412739713466
2025,6.933870432515745,0.9905529189308208,3.962211675723283,0.9905529189308208,0.0,1.9811058378616415,0.0,10.896082108239028,2.971658756792462,0.0,1.9811058378616415,3.962211675723283,5.943317513584924,0.9905529189308208,2.971658756792462,2.971658756792462,1.9811058378616415,1.9811058378616415,0.9905529189308208,1.9811058378616415,0.006909482523640945,-0.0008032435166041798,0.003624290209847149,-0.00028344814770460256
2026,6.938471212446652,0.9912101732066645,3.964840692826658,0.9912101732066645,0.0,1.982420346413329,0.0,11.894522078479975,2.9736305196199937,0.0,1.982420346413329,3.964840692826658,5.947261039239987,0.9912101732066645,2.9736305196199937,2.9736305196199937,1.982420346413329,1.982420346413329,0.9912101732066645,1.982420346413329,0.007006996274812132,-0.000777333314156454,0.0039055514678315345,-0.0013453876351518347
2027,6.923862328932573,0.9891231898475105,1.978246379695021,0.9891231898475105,0.0,2.9673695695425315,0.9891231898475105,15.825971037560167,3.956492759390042,1.978246379695021,1.978246379695021,3.956492759390042,3.956492759390042,0.9891231898475105,3.956492759390042,4.945615949237553,1.978246379695021,1.978246379695021,1.978246379695021,1.978246379695021,0.0068850874176147395,-0.001250791291163816,0.004701744129146968,0.0005407698968916853
2028,1.9434147026106867,0.0,0.0,0.0,0.0,40.81170875482442,1.9434147026106867,0.0,0.0,0.0,2.91512205391603,4.858536756526717,1.9434147026106867,1.9434147026106867,9.717073513053434,1.9434147026106867,0.9717073513053434,0.0,0.0,0.0,0.01959702922253329,0.0010423642005767892,0.013925288166969073,-0.006272032895422527
2029,9.68434574426651,0.0,1.9368691488533019,0.9684345744266509,0.0,3.8737382977066037,6.779042020986557,12.589649467546462,0.9684345744266509,0.9684345744266509,1.9368691488533019,9.68434574426651,0.0,0.9684345744266509,0.9684345744266509,1.9368691488533019,8.715911169839858,0.0,0.9684345744266509,13.558084041973114,0.012636929691143196,0.01491255953254895,0.001693176963924903,0.002322759385731961
2030,2.037648373022412,5.09412093255603,3.0564725595336175,9.169417678600853,0.0,5.09412093255603,7.131769305578441,4.075296746044824,0.0,0.0,11.207066051623265,6.112945119067235,0.0,3.0564725595336175,4.075296746044824,7.131769305578441,5.09412093255603,3.0564725595336175,2.037648373022412,7.131769305578441,-0.00161090295456361,0.0010097488056982457,-0.005585075479916189,-0.01263795688242439
